localBodyCode,localBodyName,stateCode,stateName,lb_pincodes,total_lb_pincodes,num_candidate_districts,candidate_districts,overlap_percentages,top_districtCode,top_districtName,top_overlap_%,2nd_districtCode,2nd_districtName,2nd_overlap_%,disparity_value,disparity_category,unmatched_pin_count,unmatched_pincodes
249531,Varanasi,9,Uttar Pradesh,"[221001, 221003, 221004, 221005, 221007, 221008, 221010, 221012, 221103, 221106]",10,2,187:Varanasi(90.0%) | 135:Chandauli(10.0%),"{187: 90.0, 135: 10.0}",187,Varanasi,90.0,135.0,Chandauli,10.0,80.0,HIGH DISPARITY,1,[221012]
248822,Udaipur,8,Rajasthan,"[313001, 313002, 313003, 313027, 313205, 313206, 313301, 313331, 313604]",9,5,117:Udaipur(88.89%) | 112:Rajsamand(44.44%) | 777:Salumbar(33.33%) | 109:Kota(11.11%) | 774:Beawar(11.11%),"{117: 88.89, 112: 44.44, 777: 33.33, 109: 11.11, 774: 11.11}",117,Udaipur,88.89,112.0,Rajsamand,44.44,44.45,HIGH DISPARITY,1,[313002]
253094,Pondicherry,34,Puducherry,"[605001, 605004, 605005, 605007, 605106, 605110, 607402, 607403]",8,3,600:Pondicherry(87.5%) | 570:Cuddalore(62.5%) | 596:Viluppuram(12.5%),"{600: 87.5, 570: 62.5, 596: 12.5}",600,Pondicherry,87.5,570.0,Cuddalore,62.5,25.0,MODERATE DISPARITY,1,[605005]
248736,Jaipur Heritage,8,Rajasthan,"[302001, 302002, 302003, 302004, 302005, 302006, 302033]",7,1,102:Jaipur(85.71%),{102: 85.71},102,Jaipur,85.71,,,,85.71,HIGH DISPARITY,1,[302005]
250248,Uluberia,19,West Bengal,"[711305, 711307, 711308, 711310, 711315, 711316]",6,1,313:Howrah(83.33%),{313: 83.33},313,Howrah,83.33,,,,83.33,HIGH DISPARITY,1,[711308]
248325,S.A.S.Nagar - Mohali,3,Punjab,"[140603, 160055, 160059, 160062, 160071]",5,1,608:S.A.S Nagar(80.0%),{608: 80.0},608,S.A.S Nagar,80.0,,,,80.0,HIGH DISPARITY,1,[160062]
249595,Katihar,10,Bihar,"[854103, 854105, 854106, 854107, 854109]",5,1,201:Katihar(80.0%),{201: 80.0},201,Katihar,80.0,,,,80.0,HIGH DISPARITY,1,[854109]
251725,Rajahmundry,28,Andhra Pradesh,"[533101, 533103, 533105, 533106, 533107]",5,1,505:East Godavari(80.0%),{505: 80.0},505,East Godavari,80.0,,,,80.0,HIGH DISPARITY,1,[533106]
248156,Srinagar Municipal Corporation,1,Jammu And Kashmir,"[190001, 190002, 190003, 190005, 190006, 190007, 190008, 190009, 190010, 190011, 190012, 190014, 190015, 190017, 190019, 190020, 190021, 190023, 190024, 191101, 191121, 191132]",22,1,13:Srinagar(77.27%),{13: 77.27},13,Srinagar,77.27,,,,77.27,HIGH DISPARITY,5,"[190007, 190009, 190021, 190023, 191132]"
296931,Baseri,8,Rajasthan,"[313325, 328022, 328024, 328027]",4,3,98:Dholpur(75.0%) | 112:Rajsamand(25.0%) | 117:Udaipur(25.0%),"{98: 75.0, 112: 25.0, 117: 25.0}",98,Dholpur,75.0,112.0,Rajsamand,25.0,50.0,HIGH DISPARITY,0,
248730,Chomu,8,Rajasthan,"[303602, 303701, 303702, 303704, 303706, 303803, 303804, 303806, 303807, 313325, 328024, 328027]",12,4,102:Jaipur(75.0%) | 98:Dholpur(16.67%) | 112:Rajsamand(8.33%) | 117:Udaipur(8.33%),"{102: 75.0, 98: 16.67, 112: 8.33, 117: 8.33}",102,Jaipur,75.0,98.0,Dholpur,16.67,58.33,HIGH DISPARITY,0,
251691,Warangal,36,Telangana,"[506001, 506002, 506007, 506013]",4,2,522:Warangal(75.0%) | 686:Hanumakonda(25.0%),"{522: 75.0, 686: 25.0}",522,Warangal,75.0,686.0,Hanumakonda,25.0,50.0,HIGH DISPARITY,1,[506013]
249062,Agra,9,Uttar Pradesh,"[282002, 282003, 282004, 282006, 282007, 282008, 282009, 282010]",8,1,118:Agra(75.0%),{118: 75.0},118,Agra,75.0,,,,75.0,HIGH DISPARITY,2,"[282003, 282008]"
272881,Koothattukulam,32,Kerala,"[682301, 682304, 683104, 686662]",4,1,555:Ernakulam(75.0%),{555: 75.0},555,Ernakulam,75.0,,,,75.0,HIGH DISPARITY,1,[683104]
250574,Jeypur,21,Odisha,"[764001, 764003, 764004, 764005]",4,1,363:Koraput(75.0%),{363: 75.0},363,Koraput,75.0,,,,75.0,HIGH DISPARITY,1,[764001]
252319,Tambaram,33,Tamil Nadu,"[600043, 600044, 600045, 600046]",4,2,730:Chengalpattu(75.0%) | 589:Thiruvallur(25.0%),"{730: 75.0, 589: 25.0}",730,Chengalpattu,75.0,589.0,Thiruvallur,25.0,50.0,HIGH DISPARITY,1,[600046]
296930,Sarmathura,8,Rajasthan,"[313325, 328024, 328026, 328027]",4,3,98:Dholpur(75.0%) | 112:Rajsamand(25.0%) | 117:Udaipur(25.0%),"{98: 75.0, 112: 25.0, 117: 25.0}",98,Dholpur,75.0,112.0,Rajsamand,25.0,50.0,HIGH DISPARITY,0,
272882,Piravom,32,Kerala,"[682301, 682304, 683104, 686664]",4,1,555:Ernakulam(75.0%),{555: 75.0},555,Ernakulam,75.0,,,,75.0,HIGH DISPARITY,1,[683104]
252207,Perumbavoor,32,Kerala,"[682301, 682304, 683104, 683542]",4,1,555:Ernakulam(75.0%),{555: 75.0},555,Ernakulam,75.0,,,,75.0,HIGH DISPARITY,1,[683104]
252231,Kothamangalam,32,Kerala,"[682301, 682304, 683104, 686691]",4,1,555:Ernakulam(75.0%),{555: 75.0},555,Ernakulam,75.0,,,,75.0,HIGH DISPARITY,1,[683104]
252230,Muvattupuzha,32,Kerala,"[682301, 682304, 683104, 686661]",4,1,555:Ernakulam(75.0%),{555: 75.0},555,Ernakulam,75.0,,,,75.0,HIGH DISPARITY,1,[683104]
252208,Angamaly,32,Kerala,"[682301, 682304, 683104, 683572]",4,1,555:Ernakulam(75.0%),{555: 75.0},555,Ernakulam,75.0,,,,75.0,HIGH DISPARITY,1,[683104]
248711,Bayana,8,Rajasthan,"[313325, 321401, 328024, 328027]",4,4,98:Dholpur(75.0%) | 91:Bharatpur(25.0%) | 112:Rajsamand(25.0%) | 117:Udaipur(25.0%),"{98: 75.0, 91: 25.0, 112: 25.0, 117: 25.0}",98,Dholpur,75.0,91.0,Bharatpur,25.0,50.0,HIGH DISPARITY,0,
248712,Bari,8,Rajasthan,"[313325, 328021, 328024, 328027]",4,3,98:Dholpur(75.0%) | 112:Rajsamand(25.0%) | 117:Udaipur(25.0%),"{98: 75.0, 112: 25.0, 117: 25.0}",98,Dholpur,75.0,112.0,Rajsamand,25.0,50.0,HIGH DISPARITY,0,
248714,Rajakhera,8,Rajasthan,"[313325, 328024, 328025, 328027]",4,3,98:Dholpur(75.0%) | 112:Rajsamand(25.0%) | 117:Udaipur(25.0%),"{98: 75.0, 112: 25.0, 117: 25.0}",98,Dholpur,75.0,112.0,Rajsamand,25.0,50.0,HIGH DISPARITY,0,
251709,Vizianagaram Municipal Corporation,28,Andhra Pradesh,"[535001, 535002, 535003, 535004]",4,1,521:Vizianagaram(75.0%),{521: 75.0},521,Vizianagaram,75.0,,,,75.0,HIGH DISPARITY,1,[535002]
252125,Kannur,32,Kerala,"[670001, 670002, 670003, 670004, 670006, 670012, 670594, 682001]",8,2,557:Kannur(75.0%) | 555:Ernakulam(12.5%),"{557: 75.0, 555: 12.5}",557,Kannur,75.0,555.0,Ernakulam,12.5,62.5,HIGH DISPARITY,1,[670012]
252211,Aluva,32,Kerala,"[682301, 682304, 683101, 683104]",4,1,555:Ernakulam(75.0%),{555: 75.0},555,Ernakulam,75.0,,,,75.0,HIGH DISPARITY,1,[683104]
252294,Greater Chennai Corporation,33,Tamil Nadu,"[600002, 600003, 600004, 600005, 600006, 600007, 600009, 600010, 600012, 600013, 600016, 600019, 600025, 600032, 600036, 600041, 600042, 600050, 600053, 600061, 600084, 600085, 600086, 600088, 600089, 600091, 600094, 600095, 600096, 600097, 600101, 600104, 600106, 600115, 600119]",35,3,568:Chennai(74.29%) | 589:Thiruvallur(5.71%) | 730:Chengalpattu(5.71%),"{568: 74.29, 589: 5.71, 730: 5.71}",568,Chennai,74.29,589.0,Thiruvallur,5.71,68.58,HIGH DISPARITY,9,"[600002, 600009, 600010, 600012, 600013, 600025, 600036, 600101, 600104]"
248127,Kalaburagi City Corporation,29,Karnataka,"[585101, 585102, 585103, 585104, 585105, 585106, 585107]",7,1,538:Kalaburagi(71.43%),{538: 71.43},538,Kalaburagi,71.43,,,,71.43,HIGH DISPARITY,2,"[585101, 585106]"
299536,Govindgarh,8,Rajasthan,"[301604, 303602, 303712, 303801, 303803, 303804, 313325]",7,4,102:Jaipur(71.43%) | 87:Alwar(14.29%) | 112:Rajsamand(14.29%) | 117:Udaipur(14.29%),"{102: 71.43, 87: 14.29, 112: 14.29, 117: 14.29}",102,Jaipur,71.43,87.0,Alwar,14.29,57.14,HIGH DISPARITY,0,
252367,Arakkonam,33,Tamil Nadu,"[631001, 631002, 631003, 631004, 631005, 631006, 632531]",7,1,731:Ranipet(71.43%),{731: 71.43},731,Ranipet,71.43,,,,71.43,HIGH DISPARITY,2,"[631005, 631006]"
251120,Rajkot,24,Gujarat,"[360001, 360002, 360003, 360004, 360005, 360006, 360007]",7,2,457:Rajkot(71.43%) | 673:Morbi(14.29%),"{457: 71.43, 673: 14.29}",457,Rajkot,71.43,673.0,Morbi,14.29,57.14,HIGH DISPARITY,2,"[360001, 360007]"
248788,Ajmer,8,Rajasthan,"[305001, 305002, 305003, 305004, 305005, 305006, 305007, 305009, 305012, 305024]",10,1,86:Ajmer(70.0%),{86: 70.0},86,Ajmer,70.0,,,,70.0,HIGH DISPARITY,3,"[305006, 305007, 305009]"
251471,Thane,27,Maharashtra,"[400602, 400603, 400604, 400605, 400606, 400607, 400608, 400610, 400612, 400615]",10,1,497:Thane(70.0%),{497: 70.0},497,Thane,70.0,,,,70.0,HIGH DISPARITY,3,"[400604, 400608, 400610]"
251442,Nashik,27,Maharashtra,"[422001, 422002, 422003, 422004, 422005, 422006, 422007, 422009, 422010, 422011, 422012, 422013, 422101]",13,1,487:Nashik(69.23%),{487: 69.23},487,Nashik,69.23,,,,69.23,HIGH DISPARITY,4,"[422002, 422005, 422011, 422012]"
251528,Pimpri Chinchwad,27,Maharashtra,"[411012, 411015, 411017, 411018, 411019, 411026, 411027, 411031, 411033, 411034, 411035, 411039, 411044, 411061, 411062, 411070]",16,1,490:Pune(68.75%),{490: 68.75},490,Pune,68.75,,,,68.75,HIGH DISPARITY,5,"[411012, 411018, 411034, 411035, 411039]"
276600,Bbmp,29,Karnataka,"[560001, 560002, 560003, 560004, 560009, 560010, 560011, 560012, 560013, 560015, 560018, 560020, 560021, 560022, 560023, 560026, 560027, 560029, 560030, 560034, 560035, 560040, 560041, 560050, 560053, 560054, 560055, 560056, 560057, 560058, 560059, 560060, 560061, 560062, 560068, 560070, 560072, 560073, 560076, 560078, 560079, 560085, 560086, 560091, 560095, 560096, 560097, 560098, 560100, 560102, 560104, 560109, 560110, 560111]",54,1,525:Bengaluru Urban(68.52%),{525: 68.52},525,Bengaluru Urban,68.52,,,,68.52,HIGH DISPARITY,17,"[560001, 560002, 560009, 560011, 560018, 560020, 560021, 560026, 560053, 560055, 560059, 560079, 560086, 560095, 560096, 560097, 560104]"
248818,Rajsamand,8,Rajasthan,"[305921, 313203, 313324]",3,3,112:Rajsamand(66.67%) | 117:Udaipur(66.67%) | 774:Beawar(33.33%),"{112: 66.67, 117: 66.67, 774: 33.33}",112,Rajsamand,66.67,117.0,Udaipur,66.67,0.0,LOW DISPARITY,0,
301449,Maharana Pratap Nagar Palika Sarada-Chawand,8,Rajasthan,"[313325, 328024, 328027]",3,3,98:Dholpur(66.67%) | 112:Rajsamand(33.33%) | 117:Udaipur(33.33%),"{98: 66.67, 112: 33.33, 117: 33.33}",98,Dholpur,66.67,112.0,Rajsamand,33.33,33.34,HIGH DISPARITY,0,
301453,Suket,8,Rajasthan,"[313325, 328024, 328027]",3,3,98:Dholpur(66.67%) | 112:Rajsamand(33.33%) | 117:Udaipur(33.33%),"{98: 66.67, 112: 33.33, 117: 33.33}",98,Dholpur,66.67,112.0,Rajsamand,33.33,33.34,HIGH DISPARITY,0,
248790,Beawar,8,Rajasthan,"[305901, 305921, 313203]",3,3,774:Beawar(66.67%) | 112:Rajsamand(33.33%) | 117:Udaipur(33.33%),"{774: 66.67, 112: 33.33, 117: 33.33}",774,Beawar,66.67,112.0,Rajsamand,33.33,33.34,HIGH DISPARITY,0,
250177,Rishra,19,West Bengal,"[712248, 712249, 712250]",3,1,312:Hooghly(66.67%),{312: 66.67},312,Hooghly,66.67,,,,66.67,HIGH DISPARITY,1,[712249]
250827,Bhanpura,23,Madhya Pradesh,"[455001, 455111, 458775]",3,3,402:Dewas(66.67%) | 416:Mandsaur(33.33%) | 419:Neemuch(33.33%),"{402: 66.67, 416: 33.33, 419: 33.33}",402,Dewas,66.67,416.0,Mandsaur,33.33,33.34,HIGH DISPARITY,0,
250124,Naihati,19,West Bengal,"[743135, 743165, 743166]",3,1,303:North 24 Parganas(66.67%),{303: 66.67},303,North 24 Parganas,66.67,,,,66.67,HIGH DISPARITY,1,[743165]
250131,North Barrackpore,19,West Bengal,"[700120, 743122, 743144]",3,1,303:North 24 Parganas(66.67%),{303: 66.67},303,North 24 Parganas,66.67,,,,66.67,HIGH DISPARITY,1,[700120]
250232,Kharagpur,19,West Bengal,"[721301, 721302, 721306]",3,1,318:Paschim Medinipur(66.67%),{318: 66.67},318,Paschim Medinipur,66.67,,,,66.67,HIGH DISPARITY,1,[721302]
301459,Ramdevra,8,Rajasthan,"[313325, 328024, 328027]",3,3,98:Dholpur(66.67%) | 112:Rajsamand(33.33%) | 117:Udaipur(33.33%),"{98: 66.67, 112: 33.33, 117: 33.33}",98,Dholpur,66.67,112.0,Rajsamand,33.33,33.34,HIGH DISPARITY,0,
301460,Seeswali,8,Rajasthan,"[313325, 328024, 328027]",3,3,98:Dholpur(66.67%) | 112:Rajsamand(33.33%) | 117:Udaipur(33.33%),"{98: 66.67, 112: 33.33, 117: 33.33}",98,Dholpur,66.67,112.0,Rajsamand,33.33,33.34,HIGH DISPARITY,0,
248746,Neem-Ka-Thana,8,Rajasthan,"[313325, 332402, 332713]",3,3,114:Sikar(66.67%) | 112:Rajsamand(33.33%) | 117:Udaipur(33.33%),"{114: 66.67, 112: 33.33, 117: 33.33}",114,Sikar,66.67,112.0,Rajsamand,33.33,33.34,HIGH DISPARITY,0,
299713,Alluru,28,Andhra Pradesh,"[523240, 523357, 524315]",3,3,790:Markapuram(66.67%) | 515:Sri Potti Sriramulu Nellore(33.33%) | 517:Prakasam(33.33%),"{790: 66.67, 515: 33.33, 517: 33.33}",790,Markapuram,66.67,515.0,Sri Potti Sriramulu Nellore,33.33,33.34,HIGH DISPARITY,0,
299715,Chinthalapudi,28,Andhra Pradesh,"[523240, 523357, 534460]",3,3,790:Markapuram(66.67%) | 517:Prakasam(33.33%) | 748:Eluru(33.33%),"{790: 66.67, 517: 33.33, 748: 33.33}",790,Markapuram,66.67,517.0,Prakasam,33.33,33.34,HIGH DISPARITY,0,
249600,Darbhanga,10,Bihar,"[846001, 846004, 846008]",3,1,195:Darbhanga(66.67%),{195: 66.67},195,Darbhanga,66.67,,,,66.67,HIGH DISPARITY,1,[846008]
301436,Bhim,8,Rajasthan,"[313325, 328024, 328027]",3,3,98:Dholpur(66.67%) | 112:Rajsamand(33.33%) | 117:Udaipur(33.33%),"{98: 66.67, 112: 33.33, 117: 33.33}",98,Dholpur,66.67,112.0,Rajsamand,33.33,33.34,HIGH DISPARITY,0,
251699,Amadalavalasa,28,Andhra Pradesh,"[523240, 523357, 532185]",3,3,790:Markapuram(66.67%) | 517:Prakasam(33.33%) | 519:Srikakulam(33.33%),"{790: 66.67, 517: 33.33, 519: 33.33}",790,Markapuram,66.67,517.0,Prakasam,33.33,33.34,HIGH DISPARITY,0,
251773,Gudur (Kurnool),28,Andhra Pradesh,"[518466, 523240, 523357]",3,3,790:Markapuram(66.67%) | 511:Kurnool(33.33%) | 517:Prakasam(33.33%),"{790: 66.67, 511: 33.33, 517: 33.33}",790,Markapuram,66.67,511.0,Kurnool,33.33,33.34,HIGH DISPARITY,0,
251795,Nandyal,28,Andhra Pradesh,"[518101, 518501, 518502]",3,1,755:Nandyal(66.67%),{755: 66.67},755,Nandyal,66.67,,,,66.67,HIGH DISPARITY,1,[518501]
251955,Udupi,29,Karnataka,"[576101, 576111, 576121]",3,1,549:Udupi(66.67%),{549: 66.67},549,Udupi,66.67,,,,66.67,HIGH DISPARITY,1,[576101]
252155,Kalpetta,32,Kerala,"[682301, 682304, 683104]",3,1,555:Ernakulam(66.67%),{555: 66.67},555,Ernakulam,66.67,,,,66.67,HIGH DISPARITY,1,[683104]
251695,Palasa Kasibugga,28,Andhra Pradesh,"[523240, 523357, 532221]",3,3,790:Markapuram(66.67%) | 517:Prakasam(33.33%) | 519:Srikakulam(33.33%),"{790: 66.67, 517: 33.33, 519: 33.33}",790,Markapuram,66.67,517.0,Prakasam,33.33,33.34,HIGH DISPARITY,0,
252256,Paravoor,32,Kerala,"[682301, 682304, 683104]",3,1,555:Ernakulam(66.67%),{555: 66.67},555,Ernakulam,66.67,,,,66.67,HIGH DISPARITY,1,[683104]
252173,Ponnani,32,Kerala,"[682301, 682304, 683104]",3,1,555:Ernakulam(66.67%),{555: 66.67},555,Ernakulam,66.67,,,,66.67,HIGH DISPARITY,1,[683104]
252174,Shoranur,32,Kerala,"[682301, 682304, 683104]",3,1,555:Ernakulam(66.67%),{555: 66.67},555,Ernakulam,66.67,,,,66.67,HIGH DISPARITY,1,[683104]
252178,Chittur-Thathamangalam,32,Kerala,"[682301, 682304, 683104]",3,1,555:Ernakulam(66.67%),{555: 66.67},555,Ernakulam,66.67,,,,66.67,HIGH DISPARITY,1,[683104]
252184,Guruvayoor,32,Kerala,"[682301, 682304, 683104]",3,1,555:Ernakulam(66.67%),{555: 66.67},555,Ernakulam,66.67,,,,66.67,HIGH DISPARITY,1,[683104]
252200,Kodungallur,32,Kerala,"[682301, 682304, 683104]",3,1,555:Ernakulam(66.67%),{555: 66.67},555,Ernakulam,66.67,,,,66.67,HIGH DISPARITY,1,[683104]
252218,Eloor,32,Kerala,"[682301, 682304, 683104]",3,1,555:Ernakulam(66.67%),{555: 66.67},555,Ernakulam,66.67,,,,66.67,HIGH DISPARITY,1,[683104]
252224,Kalamassery,32,Kerala,"[682301, 682304, 683104]",3,1,555:Ernakulam(66.67%),{555: 66.67},555,Ernakulam,66.67,,,,66.67,HIGH DISPARITY,1,[683104]
252226,Maradu,32,Kerala,"[682301, 682304, 683104]",3,1,555:Ernakulam(66.67%),{555: 66.67},555,Ernakulam,66.67,,,,66.67,HIGH DISPARITY,1,[683104]
252227,Thrippunithura,32,Kerala,"[682301, 682304, 683104]",3,1,555:Ernakulam(66.67%),{555: 66.67},555,Ernakulam,66.67,,,,66.67,HIGH DISPARITY,1,[683104]
252257,Varkala,32,Kerala,"[682301, 682304, 683104]",3,1,555:Ernakulam(66.67%),{555: 66.67},555,Ernakulam,66.67,,,,66.67,HIGH DISPARITY,1,[683104]
252258,Attingal,32,Kerala,"[682301, 682304, 683104]",3,1,555:Ernakulam(66.67%),{555: 66.67},555,Ernakulam,66.67,,,,66.67,HIGH DISPARITY,1,[683104]
252707,Dindigul,33,Tamil Nadu,"[624001, 624002, 624003]",3,1,572:Dindigul(66.67%),{572: 66.67},572,Dindigul,66.67,,,,66.67,HIGH DISPARITY,1,[624001]
253252,Pamidi,28,Andhra Pradesh,"[515775, 523240, 523357]",3,3,790:Markapuram(66.67%) | 502:Ananthapuramu(33.33%) | 517:Prakasam(33.33%),"{790: 66.67, 502: 33.33, 517: 33.33}",790,Markapuram,66.67,502.0,Ananthapuramu,33.33,33.34,HIGH DISPARITY,0,
296250,Penukonda,28,Andhra Pradesh,"[515110, 523240, 523357]",3,3,790:Markapuram(66.67%) | 517:Prakasam(33.33%) | 754:Sri Sathya Sai(33.33%),"{790: 66.67, 517: 33.33, 754: 33.33}",790,Markapuram,66.67,517.0,Prakasam,33.33,33.34,HIGH DISPARITY,0,
296256,Akiveedu,28,Andhra Pradesh,"[523240, 523357, 534235]",3,3,790:Markapuram(66.67%) | 517:Prakasam(33.33%) | 523:West Godavari(33.33%),"{790: 66.67, 517: 33.33, 523: 33.33}",790,Markapuram,66.67,517.0,Prakasam,33.33,33.34,HIGH DISPARITY,0,
296260,Bethamcherla,28,Andhra Pradesh,"[518599, 523240, 523357]",3,3,790:Markapuram(66.67%) | 517:Prakasam(33.33%) | 755:Nandyal(33.33%),"{790: 66.67, 517: 33.33, 755: 33.33}",790,Markapuram,66.67,517.0,Prakasam,33.33,33.34,HIGH DISPARITY,0,
296261,Dachepalli,28,Andhra Pradesh,"[522414, 523240, 523357]",3,3,790:Markapuram(66.67%) | 517:Prakasam(33.33%) | 751:Palnadu(33.33%),"{790: 66.67, 517: 33.33, 751: 33.33}",790,Markapuram,66.67,517.0,Prakasam,33.33,33.34,HIGH DISPARITY,0,
296262,Gurajala,28,Andhra Pradesh,"[522415, 523240, 523357]",3,3,790:Markapuram(66.67%) | 517:Prakasam(33.33%) | 751:Palnadu(33.33%),"{790: 66.67, 517: 33.33, 751: 33.33}",790,Markapuram,66.67,517.0,Prakasam,33.33,33.34,HIGH DISPARITY,0,
296328,Buchireddypalem,28,Andhra Pradesh,"[523240, 523357, 524305]",3,3,790:Markapuram(66.67%) | 515:Sri Potti Sriramulu Nellore(33.33%) | 517:Prakasam(33.33%),"{790: 66.67, 515: 33.33, 517: 33.33}",790,Markapuram,66.67,515.0,Sri Potti Sriramulu Nellore,33.33,33.34,HIGH DISPARITY,0,
259708,Thrikkakara,32,Kerala,"[682301, 682304, 683104]",3,1,555:Ernakulam(66.67%),{555: 66.67},555,Ernakulam,66.67,,,,66.67,HIGH DISPARITY,1,[683104]
259709,Kottakkal,32,Kerala,"[682301, 682304, 683104]",3,1,555:Ernakulam(66.67%),{555: 66.67},555,Ernakulam,66.67,,,,66.67,HIGH DISPARITY,1,[683104]
252903,Thenkarai,33,Tamil Nadu,"[625601, 641101, 641105]",3,2,569:Coimbatore(66.67%) | 588:Theni(33.33%),"{569: 66.67, 588: 33.33}",569,Coimbatore,66.67,588.0,Theni,33.33,33.34,HIGH DISPARITY,0,
248729,Shahpura,8,Rajasthan,"[303103, 303803, 313325]",3,4,102:Jaipur(66.67%) | 112:Rajsamand(33.33%) | 117:Udaipur(33.33%) | 782:Kotputli-Behror(33.33%),"{102: 66.67, 112: 33.33, 117: 33.33, 782: 33.33}",102,Jaipur,66.67,112.0,Rajsamand,33.33,33.34,HIGH DISPARITY,0,
272896,Payyoli,32,Kerala,"[682301, 682304, 683104]",3,1,555:Ernakulam(66.67%),{555: 66.67},555,Ernakulam,66.67,,,,66.67,HIGH DISPARITY,1,[683104]
253253,Madakasira,28,Andhra Pradesh,"[515301, 523240, 523357]",3,3,790:Markapuram(66.67%) | 517:Prakasam(33.33%) | 754:Sri Sathya Sai(33.33%),"{790: 66.67, 517: 33.33, 754: 33.33}",790,Markapuram,66.67,517.0,Prakasam,33.33,33.34,HIGH DISPARITY,0,
253254,Puttaparthi,28,Andhra Pradesh,"[515134, 523240, 523357]",3,3,790:Markapuram(66.67%) | 517:Prakasam(33.33%) | 754:Sri Sathya Sai(33.33%),"{790: 66.67, 517: 33.33, 754: 33.33}",790,Markapuram,66.67,517.0,Prakasam,33.33,33.34,HIGH DISPARITY,0,
253272,Allagadda,28,Andhra Pradesh,"[518543, 523240, 523357]",3,3,790:Markapuram(66.67%) | 517:Prakasam(33.33%) | 755:Nandyal(33.33%),"{790: 66.67, 517: 33.33, 755: 33.33}",790,Markapuram,66.67,517.0,Prakasam,33.33,33.34,HIGH DISPARITY,0,
253273,Nandikotkur,28,Andhra Pradesh,"[518401, 523240, 523357]",3,3,790:Markapuram(66.67%) | 517:Prakasam(33.33%) | 755:Nandyal(33.33%),"{790: 66.67, 517: 33.33, 755: 33.33}",790,Markapuram,66.67,517.0,Prakasam,33.33,33.34,HIGH DISPARITY,0,
253274,Chimakurthy,28,Andhra Pradesh,"[523226, 523240, 523357]",3,2,517:Prakasam(66.67%) | 790:Markapuram(66.67%),"{517: 66.67, 790: 66.67}",517,Prakasam,66.67,790.0,Markapuram,66.67,0.0,LOW DISPARITY,0,
254922,Nandigama,28,Andhra Pradesh,"[521185, 523240, 523357]",3,3,790:Markapuram(66.67%) | 517:Prakasam(33.33%) | 749:Ntr(33.33%),"{790: 66.67, 517: 33.33, 749: 33.33}",790,Markapuram,66.67,517.0,Prakasam,33.33,33.34,HIGH DISPARITY,0,
254923,Vuyyuru,28,Andhra Pradesh,"[521165, 523240, 523357]",3,3,790:Markapuram(66.67%) | 510:Krishna(33.33%) | 517:Prakasam(33.33%),"{790: 66.67, 510: 33.33, 517: 33.33}",790,Markapuram,66.67,510.0,Krishna,33.33,33.34,HIGH DISPARITY,0,
254924,Tiruvuru,28,Andhra Pradesh,"[521235, 523240, 523357]",3,3,790:Markapuram(66.67%) | 517:Prakasam(33.33%) | 749:Ntr(33.33%),"{790: 66.67, 517: 33.33, 749: 33.33}",790,Markapuram,66.67,517.0,Prakasam,33.33,33.34,HIGH DISPARITY,0,
257868,Addanki,28,Andhra Pradesh,"[523201, 523240, 523357]",3,2,517:Prakasam(66.67%) | 790:Markapuram(66.67%),"{517: 66.67, 790: 66.67}",517,Prakasam,66.67,790.0,Markapuram,66.67,0.0,LOW DISPARITY,0,
272906,Cherpulassery,32,Kerala,"[682301, 682304, 683104]",3,1,555:Ernakulam(66.67%),{555: 66.67},555,Ernakulam,66.67,,,,66.67,HIGH DISPARITY,1,[683104]
272907,Mannarkad,32,Kerala,"[682301, 682304, 683104]",3,1,555:Ernakulam(66.67%),{555: 66.67},555,Ernakulam,66.67,,,,66.67,HIGH DISPARITY,1,[683104]
303112,Hindoli,8,Rajasthan,"[323023, 328024, 328027]",3,2,98:Dholpur(66.67%) | 94:Bundi(33.33%),"{98: 66.67, 94: 33.33}",98,Dholpur,66.67,94.0,Bundi,33.33,33.34,HIGH DISPARITY,0,
298972,Dankuni,19,West Bengal,"[712234, 712310, 712311]",3,1,312:Hooghly(66.67%),{312: 66.67},312,Hooghly,66.67,,,,66.67,HIGH DISPARITY,1,[712310]
276571,Jalgaon,27,Maharashtra,"[425001, 425002, 425004]",3,1,478:Jalgaon(66.67%),{478: 66.67},478,Jalgaon,66.67,,,,66.67,HIGH DISPARITY,1,[425004]
301443,Kelwara,8,Rajasthan,"[313325, 328024, 328027]",3,3,98:Dholpur(66.67%) | 112:Rajsamand(33.33%) | 117:Udaipur(33.33%),"{98: 66.67, 112: 33.33, 117: 33.33}",98,Dholpur,66.67,112.0,Rajsamand,33.33,33.34,HIGH DISPARITY,0,
272902,Valanchery,32,Kerala,"[682301, 682304, 683104]",3,1,555:Ernakulam(66.67%),{555: 66.67},555,Ernakulam,66.67,,,,66.67,HIGH DISPARITY,1,[683104]
272905,Pattambi,32,Kerala,"[682301, 682304, 683104]",3,1,555:Ernakulam(66.67%),{555: 66.67},555,Ernakulam,66.67,,,,66.67,HIGH DISPARITY,1,[683104]
275691,Mahwa,8,Rajasthan,"[313325, 321608, 321609]",3,3,97:Dausa(66.67%) | 112:Rajsamand(33.33%) | 117:Udaipur(33.33%),"{97: 66.67, 112: 33.33, 117: 33.33}",97,Dausa,66.67,112.0,Rajsamand,33.33,33.34,HIGH DISPARITY,0,
302254,Sayla,8,Rajasthan,"[313325, 328024, 328027]",3,3,98:Dholpur(66.67%) | 112:Rajsamand(33.33%) | 117:Udaipur(33.33%),"{98: 66.67, 112: 33.33, 117: 33.33}",98,Dholpur,66.67,112.0,Rajsamand,33.33,33.34,HIGH DISPARITY,0,
302261,Masuda,8,Rajasthan,"[313325, 328024, 328027]",3,3,98:Dholpur(66.67%) | 112:Rajsamand(33.33%) | 117:Udaipur(33.33%),"{98: 66.67, 112: 33.33, 117: 33.33}",98,Dholpur,66.67,112.0,Rajsamand,33.33,33.34,HIGH DISPARITY,0,
302263,Gharsana,8,Rajasthan,"[313325, 328024, 328027]",3,3,98:Dholpur(66.67%) | 112:Rajsamand(33.33%) | 117:Udaipur(33.33%),"{98: 66.67, 112: 33.33, 117: 33.33}",98,Dholpur,66.67,112.0,Rajsamand,33.33,33.34,HIGH DISPARITY,0,
302801,Mandrela,8,Rajasthan,"[328024, 328027, 333025]",3,2,98:Dholpur(66.67%) | 106:Jhunjhunu(33.33%),"{98: 66.67, 106: 33.33}",98,Dholpur,66.67,106.0,Jhunjhunu,33.33,33.34,HIGH DISPARITY,0,
302802,Mathaniya,8,Rajasthan,"[328024, 328027, 342305]",3,2,98:Dholpur(66.67%) | 107:Jodhpur(33.33%),"{98: 66.67, 107: 33.33}",98,Dholpur,66.67,107.0,Jodhpur,33.33,33.34,HIGH DISPARITY,0,
250901,Indore,23,Madhya Pradesh,"[452001, 452002, 452003, 452005, 452006, 452007, 452009, 452010, 452011, 452012, 452013, 452014, 452015, 452018]",14,1,410:Indore(64.29%),{410: 64.29},410,Indore,64.29,,,,64.29,HIGH DISPARITY,5,"[452005, 452009, 452013, 452014, 452018]"
251209,Vadodara,24,Gujarat,"[390001, 390002, 390003, 390004, 390006, 390007, 390009, 390010, 390011, 390012, 390013, 390014, 390016, 390017, 390018, 390019, 390020, 390021, 390022, 390023, 390024, 390025, 391320, 391345, 391750]",25,1,461:Vadodara(64.0%),{461: 64.0},461,Vadodara,64.0,,,,64.0,HIGH DISPARITY,9,"[390002, 390006, 390007, 390016, 390017, 390018, 390021, 391345, 391750]"
249785,Agartala Municipal Corporation,16,Tripura,"[799001, 799002, 799003, 799004, 799005, 799006, 799007, 799009, 799014, 799022]",10,1,272:West Tripura(60.0%),{272: 60.0},272,West Tripura,60.0,,,,60.0,HIGH DISPARITY,4,"[799005, 799007, 799014, 799022]"
252215,Paravur,32,Kerala,"[682301, 682304, 683104, 683513, 691301]",5,2,555:Ernakulam(60.0%) | 559:Kollam(20.0%),"{555: 60.0, 559: 20.0}",555,Ernakulam,60.0,559.0,Kollam,20.0,40.0,HIGH DISPARITY,1,[683104]
251739,Eluru,28,Andhra Pradesh,"[534001, 534002, 534005, 534006, 534007]",5,1,748:Eluru(60.0%),{748: 60.0},748,Eluru,60.0,,,,60.0,HIGH DISPARITY,2,"[534001, 534006]"
251530,Pune,27,Maharashtra,"[411001, 411002, 411003, 411004, 411005, 411006, 411007, 411008, 411009, 411011, 411013, 411014, 411015, 411016, 411020, 411021, 411022, 411023, 411024, 411025, 411028, 411030, 411032, 411036, 411037, 411038, 411040, 411041, 411042, 411043, 411045, 411046, 411047, 411048, 411051, 411052, 411058, 411060, 411067, 411068, 412207, 412307, 412308]",43,1,490:Pune(58.14%),{490: 58.14},490,Pune,58.14,,,,58.14,HIGH DISPARITY,18,"[411001, 411002, 411003, 411004, 411005, 411007, 411008, 411009, 411011, 411013, 411016, 411022, 411030, 411032, 411036, 411037, 411042, 411051]"
249650,Patna,10,Bihar,"[800001, 800002, 800003, 800004, 800005, 800006, 800007, 800008, 800009, 800010, 800011, 800013, 800014, 800015, 800016, 800017, 800019, 800021, 800022, 800023, 800024, 800025, 800028, 801105, 801106, 801507]",26,1,212:Patna(57.69%),{212: 57.69},212,Patna,57.69,,,,57.69,HIGH DISPARITY,11,"[800010, 800015, 800017, 800021, 800022, 800023, 800024, 800028, 801105, 801106, 801507]"
248760,Jodhpur-South,8,Rajasthan,"[342003, 342005, 342008, 342011, 342015, 342016, 342024]",7,1,107:Jodhpur(57.14%),{107: 57.14},107,Jodhpur,57.14,,,,57.14,HIGH DISPARITY,3,"[342003, 342011, 342016]"
251328,Amravati,27,Maharashtra,"[444601, 444602, 444603, 444604, 444605, 444606, 444607]",7,1,468:Amravati(57.14%),{468: 57.14},468,Amravati,57.14,,,,57.14,HIGH DISPARITY,3,"[444601, 444603, 444607]"
251757,Guntur,28,Andhra Pradesh,"[522001, 522002, 522003, 522004, 522006, 522007, 522034]",7,1,506:Guntur(57.14%),{506: 57.14},506,Guntur,57.14,,,,57.14,HIGH DISPARITY,3,"[522002, 522004, 522006]"
250694,Gwalior,23,Madhya Pradesh,"[474001, 474002, 474003, 474004, 474005, 474006, 474007, 474008, 474009, 474010, 474011, 474012, 474015, 474020]",14,1,407:Gwalior(57.14%),{407: 57.14},407,Gwalior,57.14,,,,57.14,HIGH DISPARITY,6,"[474007, 474008, 474009, 474011, 474012, 474015]"
250946,Bhopal,23,Madhya Pradesh,"[462001, 462002, 462003, 462004, 462008, 462010, 462011, 462016, 462020, 462022, 462023, 462024, 462026, 462027, 462030, 462031, 462033, 462036, 462037, 462038, 462039, 462040, 462041, 462042, 462043, 462044, 462047, 462066, 462100, 464993]",30,2,396:Bhopal(56.67%) | 421:Raisen(3.33%),"{396: 56.67, 421: 3.33}",396,Bhopal,56.67,421.0,Raisen,3.33,53.34,HIGH DISPARITY,12,"[462002, 462003, 462004, 462008, 462011, 462020, 462024, 462027, 462031, 462033, 462066, 462100]"
252749,Tiruchirappalli,33,Tamil Nadu,"[620001, 620002, 620003, 620004, 620005, 620006, 620008, 620014, 620017, 620018, 620020, 620022, 620023, 620024, 620026, 620027]",16,1,591:Tiruchirappalli(56.25%),{591: 56.25},591,Tiruchirappalli,56.25,,,,56.25,HIGH DISPARITY,7,"[620001, 620014, 620018, 620022, 620023, 620024, 620026]"
251577,Solapur,27,Maharashtra,"[413001, 413002, 413003, 413004, 413005, 413006, 413007, 413008, 413224]",9,1,496:Solapur(55.56%),{496: 55.56},496,Solapur,55.56,,,,55.56,HIGH DISPARITY,4,"[413001, 413003, 413005, 413007]"
301433,Akola,8,Rajasthan,"[312205, 313325, 328024, 328027]",4,4,98:Dholpur(50.0%) | 95:Chittorgarh(25.0%) | 112:Rajsamand(25.0%) | 117:Udaipur(25.0%),"{98: 50.0, 95: 25.0, 112: 25.0, 117: 25.0}",98,Dholpur,50.0,95.0,Chittorgarh,25.0,25.0,MODERATE DISPARITY,0,
300350,Manoharpur,8,Rajasthan,"[303104, 313325, 328024, 328027]",4,4,98:Dholpur(50.0%) | 102:Jaipur(25.0%) | 112:Rajsamand(25.0%) | 117:Udaipur(25.0%),"{98: 50.0, 102: 25.0, 112: 25.0, 117: 25.0}",98,Dholpur,50.0,102.0,Jaipur,25.0,25.0,MODERATE DISPARITY,0,
300492,Lakhipur Tc,18,Assam,"[783129, 788103]",2,2,282:Cachar(50.0%) | 287:Goalpara(50.0%),"{282: 50.0, 287: 50.0}",282,Cachar,50.0,287.0,Goalpara,50.0,0.0,LOW DISPARITY,0,
301244,Hindalco Industries Ltd. Renukoot,9,Uttar Pradesh,"[231001, 301244]",2,1,170:Mirzapur(50.0%),{170: 50.0},170,Mirzapur,50.0,,,,50.0,HIGH DISPARITY,1,[301244]
301405,Ahore,8,Rajasthan,"[307029, 313325, 328024, 328027]",4,4,98:Dholpur(50.0%) | 104:Jalore(25.0%) | 112:Rajsamand(25.0%) | 117:Udaipur(25.0%),"{98: 50.0, 104: 25.0, 112: 25.0, 117: 25.0}",98,Dholpur,50.0,104.0,Jalore,25.0,25.0,MODERATE DISPARITY,0,
248761,Pipar City,8,Rajasthan,"[313325, 328024, 328027, 342601]",4,4,98:Dholpur(50.0%) | 107:Jodhpur(25.0%) | 112:Rajsamand(25.0%) | 117:Udaipur(25.0%),"{98: 50.0, 107: 25.0, 112: 25.0, 117: 25.0}",98,Dholpur,50.0,107.0,Jodhpur,25.0,25.0,MODERATE DISPARITY,0,
248764,Pokaran,8,Rajasthan,"[313325, 328024, 328027, 345021]",4,5,98:Dholpur(50.0%) | 103:Jaisalmer(25.0%) | 112:Rajsamand(25.0%) | 117:Udaipur(25.0%) | 772:Phalodi(25.0%),"{98: 50.0, 103: 25.0, 112: 25.0, 117: 25.0, 772: 25.0}",98,Dholpur,50.0,103.0,Jaisalmer,25.0,25.0,MODERATE DISPARITY,0,
248765,Balotra,8,Rajasthan,"[305921, 313203, 344022, 344024]",4,4,775:Balotra(50.0%) | 112:Rajsamand(25.0%) | 117:Udaipur(25.0%) | 774:Beawar(25.0%),"{775: 50.0, 112: 25.0, 117: 25.0, 774: 25.0}",775,Balotra,50.0,112.0,Rajsamand,25.0,25.0,MODERATE DISPARITY,0,
248768,Bhinmal,8,Rajasthan,"[313325, 328024, 328027, 343029]",4,4,98:Dholpur(50.0%) | 104:Jalore(25.0%) | 112:Rajsamand(25.0%) | 117:Udaipur(25.0%),"{98: 50.0, 104: 25.0, 112: 25.0, 117: 25.0}",98,Dholpur,50.0,104.0,Jalore,25.0,25.0,MODERATE DISPARITY,0,
248769,Sanchore,8,Rajasthan,"[313325, 328024, 328027, 343041]",4,4,98:Dholpur(50.0%) | 104:Jalore(25.0%) | 112:Rajsamand(25.0%) | 117:Udaipur(25.0%),"{98: 50.0, 104: 25.0, 112: 25.0, 117: 25.0}",98,Dholpur,50.0,104.0,Jalore,25.0,25.0,MODERATE DISPARITY,0,
248770,Sheoganj,8,Rajasthan,"[307027, 313325, 328024, 328027]",4,4,98:Dholpur(50.0%) | 112:Rajsamand(25.0%) | 115:Sirohi(25.0%) | 117:Udaipur(25.0%),"{98: 50.0, 112: 25.0, 115: 25.0, 117: 25.0}",98,Dholpur,50.0,112.0,Rajsamand,25.0,25.0,MODERATE DISPARITY,0,
248773,Mount Abu,8,Rajasthan,"[307501, 313325, 328024, 328027]",4,4,98:Dholpur(50.0%) | 112:Rajsamand(25.0%) | 115:Sirohi(25.0%) | 117:Udaipur(25.0%),"{98: 50.0, 112: 25.0, 115: 25.0, 117: 25.0}",98,Dholpur,50.0,112.0,Rajsamand,25.0,25.0,MODERATE DISPARITY,0,
248774,Abu Road,8,Rajasthan,"[307026, 313325, 328024, 328027]",4,4,98:Dholpur(50.0%) | 112:Rajsamand(25.0%) | 115:Sirohi(25.0%) | 117:Udaipur(25.0%),"{98: 50.0, 112: 25.0, 115: 25.0, 117: 25.0}",98,Dholpur,50.0,112.0,Rajsamand,25.0,25.0,MODERATE DISPARITY,0,
248775,Jaitaran,8,Rajasthan,"[306302, 313325, 328024, 328027]",4,4,98:Dholpur(50.0%) | 112:Rajsamand(25.0%) | 117:Udaipur(25.0%) | 774:Beawar(25.0%),"{98: 50.0, 112: 25.0, 117: 25.0, 774: 25.0}",98,Dholpur,50.0,112.0,Rajsamand,25.0,25.0,MODERATE DISPARITY,0,
248776,Sojat,8,Rajasthan,"[306104, 313325, 328024, 328027]",4,4,98:Dholpur(50.0%) | 111:Pali(25.0%) | 112:Rajsamand(25.0%) | 117:Udaipur(25.0%),"{98: 50.0, 111: 25.0, 112: 25.0, 117: 25.0}",98,Dholpur,50.0,111.0,Pali,25.0,25.0,MODERATE DISPARITY,0,
248743,Khandela,8,Rajasthan,"[313325, 332709]",2,3,112:Rajsamand(50.0%) | 114:Sikar(50.0%) | 117:Udaipur(50.0%),"{112: 50.0, 114: 50.0, 117: 50.0}",112,Rajsamand,50.0,114.0,Sikar,50.0,0.0,LOW DISPARITY,0,
248744,Sri Madhopur,8,Rajasthan,"[313325, 332715]",2,3,112:Rajsamand(50.0%) | 114:Sikar(50.0%) | 117:Udaipur(50.0%),"{112: 50.0, 114: 50.0, 117: 50.0}",112,Rajsamand,50.0,114.0,Sikar,50.0,0.0,LOW DISPARITY,0,
248791,Vijainagar,8,Rajasthan,"[305624, 313325]",2,4,86:Ajmer(50.0%) | 112:Rajsamand(50.0%) | 117:Udaipur(50.0%) | 774:Beawar(50.0%),"{86: 50.0, 112: 50.0, 117: 50.0, 774: 50.0}",86,Ajmer,50.0,112.0,Rajsamand,50.0,0.0,LOW DISPARITY,0,
248792,Sarwar,8,Rajasthan,"[305403, 313325, 328024, 328027]",4,4,98:Dholpur(50.0%) | 86:Ajmer(25.0%) | 112:Rajsamand(25.0%) | 117:Udaipur(25.0%),"{98: 50.0, 86: 25.0, 112: 25.0, 117: 25.0}",98,Dholpur,50.0,86.0,Ajmer,25.0,25.0,MODERATE DISPARITY,0,
248793,Kekri,8,Rajasthan,"[305404, 313325, 328024, 328027]",4,4,98:Dholpur(50.0%) | 86:Ajmer(25.0%) | 112:Rajsamand(25.0%) | 117:Udaipur(25.0%),"{98: 50.0, 86: 25.0, 112: 25.0, 117: 25.0}",98,Dholpur,50.0,86.0,Ajmer,25.0,25.0,MODERATE DISPARITY,0,
248794,Malpura,8,Rajasthan,"[304502, 313325]",2,3,112:Rajsamand(50.0%) | 116:Tonk(50.0%) | 117:Udaipur(50.0%),"{112: 50.0, 116: 50.0, 117: 50.0}",112,Rajsamand,50.0,116.0,Tonk,50.0,0.0,LOW DISPARITY,0,
248796,Niwai,8,Rajasthan,"[304021, 313325, 328024, 328027]",4,4,98:Dholpur(50.0%) | 112:Rajsamand(25.0%) | 116:Tonk(25.0%) | 117:Udaipur(25.0%),"{98: 50.0, 112: 25.0, 116: 25.0, 117: 25.0}",98,Dholpur,50.0,112.0,Rajsamand,25.0,25.0,MODERATE DISPARITY,0,
299941,Danta,8,Rajasthan,"[313325, 328024, 328027, 332703]",4,4,98:Dholpur(50.0%) | 112:Rajsamand(25.0%) | 114:Sikar(25.0%) | 117:Udaipur(25.0%),"{98: 50.0, 112: 25.0, 114: 25.0, 117: 25.0}",98,Dholpur,50.0,112.0,Rajsamand,25.0,25.0,MODERATE DISPARITY,0,
299942,Dhariawad,8,Rajasthan,"[312625, 313325, 328024, 328027]",4,4,98:Dholpur(50.0%) | 112:Rajsamand(25.0%) | 117:Udaipur(25.0%) | 629:Pratapgarh(25.0%),"{98: 50.0, 112: 25.0, 117: 25.0, 629: 25.0}",98,Dholpur,50.0,112.0,Rajsamand,25.0,25.0,MODERATE DISPARITY,0,
299974,Bardod,8,Rajasthan,"[301020, 313325, 328024, 328027]",4,4,98:Dholpur(50.0%) | 112:Rajsamand(25.0%) | 117:Udaipur(25.0%) | 782:Kotputli-Behror(25.0%),"{98: 50.0, 112: 25.0, 117: 25.0, 782: 25.0}",98,Dholpur,50.0,112.0,Rajsamand,25.0,25.0,MODERATE DISPARITY,0,
299976,Basni,8,Rajasthan,"[313325, 328024, 328027, 341021]",4,4,98:Dholpur(50.0%) | 110:Nagaur(25.0%) | 112:Rajsamand(25.0%) | 117:Udaipur(25.0%),"{98: 50.0, 110: 25.0, 112: 25.0, 117: 25.0}",98,Dholpur,50.0,110.0,Nagaur,25.0,25.0,MODERATE DISPARITY,0,
299977,Ajeetgarh,8,Rajasthan,"[305921, 313325, 328024, 328027]",4,4,98:Dholpur(50.0%) | 112:Rajsamand(50.0%) | 117:Udaipur(25.0%) | 774:Beawar(25.0%),"{98: 50.0, 112: 50.0, 117: 25.0, 774: 25.0}",98,Dholpur,50.0,112.0,Rajsamand,50.0,0.0,LOW DISPARITY,0,
300050,Semari,8,Rajasthan,"[313325, 313903, 328024, 328027]",4,4,98:Dholpur(50.0%) | 117:Udaipur(50.0%) | 112:Rajsamand(25.0%) | 777:Salumbar(25.0%),"{98: 50.0, 117: 50.0, 112: 25.0, 777: 25.0}",98,Dholpur,50.0,117.0,Udaipur,50.0,0.0,LOW DISPARITY,0,
300321,Narayana,8,Rajasthan,"[303348, 313325, 328024, 328027]",4,4,98:Dholpur(50.0%) | 102:Jaipur(25.0%) | 112:Rajsamand(25.0%) | 117:Udaipur(25.0%),"{98: 50.0, 102: 25.0, 112: 25.0, 117: 25.0}",98,Dholpur,50.0,102.0,Jaipur,25.0,25.0,MODERATE DISPARITY,0,
300344,Bahadurpur,8,Rajasthan,"[301028, 313325, 328024, 328027]",4,4,98:Dholpur(50.0%) | 87:Alwar(25.0%) | 112:Rajsamand(25.0%) | 117:Udaipur(25.0%),"{98: 50.0, 87: 25.0, 112: 25.0, 117: 25.0}",98,Dholpur,50.0,87.0,Alwar,25.0,25.0,MODERATE DISPARITY,0,
300347,Baroda Meo,8,Rajasthan,"[301021, 313325, 328024, 328027]",4,4,98:Dholpur(50.0%) | 87:Alwar(25.0%) | 112:Rajsamand(25.0%) | 117:Udaipur(25.0%),"{98: 50.0, 87: 25.0, 112: 25.0, 117: 25.0}",98,Dholpur,50.0,87.0,Alwar,25.0,25.0,MODERATE DISPARITY,0,
248804,Kaprain,8,Rajasthan,"[313325, 323301, 328024, 328027]",4,4,98:Dholpur(50.0%) | 94:Bundi(25.0%) | 112:Rajsamand(25.0%) | 117:Udaipur(25.0%),"{98: 50.0, 94: 25.0, 112: 25.0, 117: 25.0}",98,Dholpur,50.0,94.0,Bundi,25.0,25.0,MODERATE DISPARITY,0,
248805,Keshoraipatan,8,Rajasthan,"[313325, 323601, 328024, 328027]",4,4,98:Dholpur(50.0%) | 94:Bundi(25.0%) | 112:Rajsamand(25.0%) | 117:Udaipur(25.0%),"{98: 50.0, 94: 25.0, 112: 25.0, 117: 25.0}",98,Dholpur,50.0,94.0,Bundi,25.0,25.0,MODERATE DISPARITY,0,
248808,Asind,8,Rajasthan,"[311301, 313325, 328024, 328027]",4,5,98:Dholpur(50.0%) | 92:Bhilwara(25.0%) | 112:Rajsamand(25.0%) | 117:Udaipur(25.0%) | 774:Beawar(25.0%),"{98: 50.0, 92: 25.0, 112: 25.0, 117: 25.0, 774: 25.0}",98,Dholpur,50.0,92.0,Bhilwara,25.0,25.0,MODERATE DISPARITY,0,
248809,Gulabpura,8,Rajasthan,"[311021, 313325, 328024, 328027]",4,4,98:Dholpur(50.0%) | 92:Bhilwara(25.0%) | 112:Rajsamand(25.0%) | 117:Udaipur(25.0%),"{98: 50.0, 92: 25.0, 112: 25.0, 117: 25.0}",98,Dholpur,50.0,92.0,Bhilwara,25.0,25.0,MODERATE DISPARITY,0,
248811,Gangapur,8,Rajasthan,"[311801, 313325, 328024, 328027]",4,4,98:Dholpur(50.0%) | 92:Bhilwara(25.0%) | 112:Rajsamand(25.0%) | 117:Udaipur(25.0%),"{98: 50.0, 92: 25.0, 112: 25.0, 117: 25.0}",98,Dholpur,50.0,92.0,Bhilwara,25.0,25.0,MODERATE DISPARITY,0,
248813,Jahazpur,8,Rajasthan,"[311201, 313325, 328024, 328027]",4,4,98:Dholpur(50.0%) | 92:Bhilwara(25.0%) | 112:Rajsamand(25.0%) | 117:Udaipur(25.0%),"{98: 50.0, 92: 25.0, 112: 25.0, 117: 25.0}",98,Dholpur,50.0,92.0,Bhilwara,25.0,25.0,MODERATE DISPARITY,0,
248814,Mandalgarh,8,Rajasthan,"[311604, 313325, 328024, 328027]",4,4,98:Dholpur(50.0%) | 92:Bhilwara(25.0%) | 112:Rajsamand(25.0%) | 117:Udaipur(25.0%),"{98: 50.0, 92: 25.0, 112: 25.0, 117: 25.0}",98,Dholpur,50.0,92.0,Bhilwara,25.0,25.0,MODERATE DISPARITY,0,
248816,Deogarh,8,Rajasthan,"[313325, 313331, 328024, 328027]",4,4,98:Dholpur(50.0%) | 112:Rajsamand(50.0%) | 117:Udaipur(50.0%) | 774:Beawar(25.0%),"{98: 50.0, 112: 50.0, 117: 50.0, 774: 25.0}",98,Dholpur,50.0,112.0,Rajsamand,50.0,0.0,LOW DISPARITY,0,
248780,Rani,8,Rajasthan,"[306115, 313325, 328024, 328027]",4,4,98:Dholpur(50.0%) | 111:Pali(25.0%) | 112:Rajsamand(25.0%) | 117:Udaipur(25.0%),"{98: 50.0, 111: 25.0, 112: 25.0, 117: 25.0}",98,Dholpur,50.0,111.0,Pali,25.0,25.0,MODERATE DISPARITY,0,
248781,Sadri,8,Rajasthan,"[306702, 313325, 328024, 328027]",4,4,98:Dholpur(50.0%) | 111:Pali(25.0%) | 112:Rajsamand(25.0%) | 117:Udaipur(25.0%),"{98: 50.0, 111: 25.0, 112: 25.0, 117: 25.0}",98,Dholpur,50.0,111.0,Pali,25.0,25.0,MODERATE DISPARITY,0,
248782,Takhatgarh,8,Rajasthan,"[306912, 313325, 328024, 328027]",4,4,98:Dholpur(50.0%) | 111:Pali(25.0%) | 112:Rajsamand(25.0%) | 117:Udaipur(25.0%),"{98: 50.0, 111: 25.0, 112: 25.0, 117: 25.0}",98,Dholpur,50.0,111.0,Pali,25.0,25.0,MODERATE DISPARITY,0,
248783,Sumerpur,8,Rajasthan,"[306902, 313325]",2,3,111:Pali(50.0%) | 112:Rajsamand(50.0%) | 117:Udaipur(50.0%),"{111: 50.0, 112: 50.0, 117: 50.0}",111,Pali,50.0,112.0,Rajsamand,50.0,0.0,LOW DISPARITY,0,
248784,Falna,8,Rajasthan,"[306116, 313325, 328024, 328027]",4,4,98:Dholpur(50.0%) | 111:Pali(25.0%) | 112:Rajsamand(25.0%) | 117:Udaipur(25.0%),"{98: 50.0, 111: 25.0, 112: 25.0, 117: 25.0}",98,Dholpur,50.0,111.0,Pali,25.0,25.0,MODERATE DISPARITY,0,
248785,Bali,8,Rajasthan,"[306701, 313325, 328024, 328027]",4,4,98:Dholpur(50.0%) | 111:Pali(25.0%) | 112:Rajsamand(25.0%) | 117:Udaipur(25.0%),"{98: 50.0, 111: 25.0, 112: 25.0, 117: 25.0}",98,Dholpur,50.0,111.0,Pali,25.0,25.0,MODERATE DISPARITY,0,
248786,Kishangarh,8,Rajasthan,"[305801, 305802, 305921, 313203]",4,4,86:Ajmer(50.0%) | 112:Rajsamand(25.0%) | 117:Udaipur(25.0%) | 774:Beawar(25.0%),"{86: 50.0, 112: 25.0, 117: 25.0, 774: 25.0}",86,Ajmer,50.0,112.0,Rajsamand,25.0,25.0,MODERATE DISPARITY,0,
248787,Pushkar,8,Rajasthan,"[305022, 313325]",2,3,86:Ajmer(50.0%) | 112:Rajsamand(50.0%) | 117:Udaipur(50.0%),"{86: 50.0, 112: 50.0, 117: 50.0}",86,Ajmer,50.0,112.0,Rajsamand,50.0,0.0,LOW DISPARITY,0,
248821,Fatehnagar,8,Rajasthan,"[313205, 313325, 328024, 328027]",4,4,98:Dholpur(50.0%) | 117:Udaipur(50.0%) | 109:Kota(25.0%) | 112:Rajsamand(25.0%),"{98: 50.0, 117: 50.0, 109: 25.0, 112: 25.0}",98,Dholpur,50.0,117.0,Udaipur,50.0,0.0,LOW DISPARITY,0,
248823,Bhinder,8,Rajasthan,"[313325, 313603, 328024, 328027]",4,4,98:Dholpur(50.0%) | 117:Udaipur(50.0%) | 112:Rajsamand(25.0%) | 777:Salumbar(25.0%),"{98: 50.0, 117: 50.0, 112: 25.0, 777: 25.0}",98,Dholpur,50.0,117.0,Udaipur,50.0,0.0,LOW DISPARITY,0,
248824,Kanor,8,Rajasthan,"[313325, 313604, 328024, 328027]",4,4,98:Dholpur(50.0%) | 117:Udaipur(50.0%) | 112:Rajsamand(25.0%) | 777:Salumbar(25.0%),"{98: 50.0, 117: 50.0, 112: 25.0, 777: 25.0}",98,Dholpur,50.0,117.0,Udaipur,50.0,0.0,LOW DISPARITY,0,
248832,Sagwara,8,Rajasthan,"[313325, 314025, 328024, 328027]",4,4,98:Dholpur(50.0%) | 99:Dungarpur(25.0%) | 112:Rajsamand(25.0%) | 117:Udaipur(25.0%),"{98: 50.0, 99: 25.0, 112: 25.0, 117: 25.0}",98,Dholpur,50.0,99.0,Dungarpur,25.0,25.0,MODERATE DISPARITY,0,
248836,Kushalgarh,8,Rajasthan,"[313325, 327801, 328024, 328027]",4,4,98:Dholpur(50.0%) | 88:Banswara(25.0%) | 112:Rajsamand(25.0%) | 117:Udaipur(25.0%),"{98: 50.0, 88: 25.0, 112: 25.0, 117: 25.0}",98,Dholpur,50.0,88.0,Banswara,25.0,25.0,MODERATE DISPARITY,0,
248837,Begun,8,Rajasthan,"[312023, 313325, 328024, 328027]",4,4,98:Dholpur(50.0%) | 95:Chittorgarh(25.0%) | 112:Rajsamand(25.0%) | 117:Udaipur(25.0%),"{98: 50.0, 95: 25.0, 112: 25.0, 117: 25.0}",98,Dholpur,50.0,95.0,Chittorgarh,25.0,25.0,MODERATE DISPARITY,0,
248838,Rawatbhata,8,Rajasthan,"[313325, 323307]",2,3,95:Chittorgarh(50.0%) | 112:Rajsamand(50.0%) | 117:Udaipur(50.0%),"{95: 50.0, 112: 50.0, 117: 50.0}",95,Chittorgarh,50.0,112.0,Rajsamand,50.0,0.0,LOW DISPARITY,0,
248840,Kapasan,8,Rajasthan,"[312202, 313325, 328024, 328027]",4,4,98:Dholpur(50.0%) | 95:Chittorgarh(25.0%) | 112:Rajsamand(25.0%) | 117:Udaipur(25.0%),"{98: 50.0, 95: 25.0, 112: 25.0, 117: 25.0}",98,Dholpur,50.0,95.0,Chittorgarh,25.0,25.0,MODERATE DISPARITY,0,
248841,Nimbahera,8,Rajasthan,"[312601, 313325, 328024, 328027]",4,4,98:Dholpur(50.0%) | 95:Chittorgarh(25.0%) | 112:Rajsamand(25.0%) | 117:Udaipur(25.0%),"{98: 50.0, 95: 25.0, 112: 25.0, 117: 25.0}",98,Dholpur,50.0,95.0,Chittorgarh,25.0,25.0,MODERATE DISPARITY,0,
248798,Todaraisingh,8,Rajasthan,"[304505, 313325, 328024, 328027]",4,4,98:Dholpur(50.0%) | 112:Rajsamand(25.0%) | 116:Tonk(25.0%) | 117:Udaipur(25.0%),"{98: 50.0, 112: 25.0, 116: 25.0, 117: 25.0}",98,Dholpur,50.0,112.0,Rajsamand,25.0,25.0,MODERATE DISPARITY,0,
248799,Deoli,8,Rajasthan,"[304804, 313325]",2,3,112:Rajsamand(50.0%) | 116:Tonk(50.0%) | 117:Udaipur(50.0%),"{112: 50.0, 116: 50.0, 117: 50.0}",112,Rajsamand,50.0,116.0,Tonk,50.0,0.0,LOW DISPARITY,0,
248800,Uniara,8,Rajasthan,"[304024, 313325, 328024, 328027]",4,5,98:Dholpur(50.0%) | 94:Bundi(25.0%) | 112:Rajsamand(25.0%) | 116:Tonk(25.0%) | 117:Udaipur(25.0%),"{98: 50.0, 94: 25.0, 112: 25.0, 116: 25.0, 117: 25.0}",98,Dholpur,50.0,94.0,Bundi,25.0,25.0,MODERATE DISPARITY,0,
248801,Nainwa,8,Rajasthan,"[313325, 323801, 328024, 328027]",4,4,98:Dholpur(50.0%) | 94:Bundi(25.0%) | 112:Rajsamand(25.0%) | 117:Udaipur(25.0%),"{98: 50.0, 94: 25.0, 112: 25.0, 117: 25.0}",98,Dholpur,50.0,94.0,Bundi,25.0,25.0,MODERATE DISPARITY,0,
248802,Indragarh,8,Rajasthan,"[313325, 323613, 328024, 328027]",4,4,98:Dholpur(50.0%) | 94:Bundi(25.0%) | 112:Rajsamand(25.0%) | 117:Udaipur(25.0%),"{98: 50.0, 94: 25.0, 112: 25.0, 117: 25.0}",98,Dholpur,50.0,94.0,Bundi,25.0,25.0,MODERATE DISPARITY,0,
248803,Lakheri,8,Rajasthan,"[313325, 323603, 328024, 328027]",4,4,98:Dholpur(50.0%) | 94:Bundi(25.0%) | 112:Rajsamand(25.0%) | 117:Udaipur(25.0%),"{98: 50.0, 94: 25.0, 112: 25.0, 117: 25.0}",98,Dholpur,50.0,94.0,Bundi,25.0,25.0,MODERATE DISPARITY,0,
248842,Chhoti Sadri,8,Rajasthan,"[312604, 313325, 328024, 328027]",4,4,98:Dholpur(50.0%) | 112:Rajsamand(25.0%) | 117:Udaipur(25.0%) | 629:Pratapgarh(25.0%),"{98: 50.0, 112: 25.0, 117: 25.0, 629: 25.0}",98,Dholpur,50.0,112.0,Rajsamand,25.0,25.0,MODERATE DISPARITY,0,
248843,Bari Sadri,8,Rajasthan,"[312403, 313325, 328024, 328027]",4,5,98:Dholpur(50.0%) | 95:Chittorgarh(25.0%) | 112:Rajsamand(25.0%) | 117:Udaipur(25.0%) | 629:Pratapgarh(25.0%),"{98: 50.0, 95: 25.0, 112: 25.0, 117: 25.0, 629: 25.0}",98,Dholpur,50.0,95.0,Chittorgarh,25.0,25.0,MODERATE DISPARITY,0,
248847,Kaithoon,8,Rajasthan,"[313325, 325001, 328024, 328027]",4,4,98:Dholpur(50.0%) | 109:Kota(25.0%) | 112:Rajsamand(25.0%) | 117:Udaipur(25.0%),"{98: 50.0, 109: 25.0, 112: 25.0, 117: 25.0}",98,Dholpur,50.0,109.0,Kota,25.0,25.0,MODERATE DISPARITY,0,
248851,Ramganj Mandi,8,Rajasthan,"[313325, 326519, 328024, 328027]",4,4,98:Dholpur(50.0%) | 109:Kota(25.0%) | 112:Rajsamand(25.0%) | 117:Udaipur(25.0%),"{98: 50.0, 109: 25.0, 112: 25.0, 117: 25.0}",98,Dholpur,50.0,109.0,Kota,25.0,25.0,MODERATE DISPARITY,0,
248855,Sangod,8,Rajasthan,"[313325, 325601, 328024, 328027]",4,4,98:Dholpur(50.0%) | 109:Kota(25.0%) | 112:Rajsamand(25.0%) | 117:Udaipur(25.0%),"{98: 50.0, 109: 25.0, 112: 25.0, 117: 25.0}",98,Dholpur,50.0,109.0,Kota,25.0,25.0,MODERATE DISPARITY,0,
248856,Mangrol,8,Rajasthan,"[313325, 325215, 328024, 328027]",4,4,98:Dholpur(50.0%) | 89:Baran(25.0%) | 112:Rajsamand(25.0%) | 117:Udaipur(25.0%),"{98: 50.0, 89: 25.0, 112: 25.0, 117: 25.0}",98,Dholpur,50.0,89.0,Baran,25.0,25.0,MODERATE DISPARITY,0,
248857,Anta,8,Rajasthan,"[313325, 325202, 328024, 328027]",4,5,98:Dholpur(50.0%) | 89:Baran(25.0%) | 109:Kota(25.0%) | 112:Rajsamand(25.0%) | 117:Udaipur(25.0%),"{98: 50.0, 89: 25.0, 109: 25.0, 112: 25.0, 117: 25.0}",98,Dholpur,50.0,89.0,Baran,25.0,25.0,MODERATE DISPARITY,0,
248860,Chhabra,8,Rajasthan,"[313325, 325220, 328024, 328027]",4,4,98:Dholpur(50.0%) | 89:Baran(25.0%) | 112:Rajsamand(25.0%) | 117:Udaipur(25.0%),"{98: 50.0, 89: 25.0, 112: 25.0, 117: 25.0}",98,Dholpur,50.0,89.0,Baran,25.0,25.0,MODERATE DISPARITY,0,
248863,Jhalrapatan,8,Rajasthan,"[313325, 326023]",2,3,105:Jhalawar(50.0%) | 112:Rajsamand(50.0%) | 117:Udaipur(50.0%),"{105: 50.0, 112: 50.0, 117: 50.0}",105,Jhalawar,50.0,112.0,Rajsamand,50.0,0.0,LOW DISPARITY,0,
248865,Aklera,8,Rajasthan,"[313325, 326033, 328024, 328027]",4,4,98:Dholpur(50.0%) | 105:Jhalawar(25.0%) | 112:Rajsamand(25.0%) | 117:Udaipur(25.0%),"{98: 50.0, 105: 25.0, 112: 25.0, 117: 25.0}",98,Dholpur,50.0,105.0,Jhalawar,25.0,25.0,MODERATE DISPARITY,0,
248867,Bhawani Mandi,8,Rajasthan,"[313325, 326502, 328024, 328027]",4,4,98:Dholpur(50.0%) | 105:Jhalawar(25.0%) | 112:Rajsamand(25.0%) | 117:Udaipur(25.0%),"{98: 50.0, 105: 25.0, 112: 25.0, 117: 25.0}",98,Dholpur,50.0,105.0,Jhalawar,25.0,25.0,MODERATE DISPARITY,0,
248868,Pirawa,8,Rajasthan,"[313325, 326034, 328024, 328027]",4,4,98:Dholpur(50.0%) | 105:Jhalawar(25.0%) | 112:Rajsamand(25.0%) | 117:Udaipur(25.0%),"{98: 50.0, 105: 25.0, 112: 25.0, 117: 25.0}",98,Dholpur,50.0,105.0,Jhalawar,25.0,25.0,MODERATE DISPARITY,0,
248817,Amet,8,Rajasthan,"[313325, 313332, 328024, 328027]",4,3,98:Dholpur(50.0%) | 112:Rajsamand(50.0%) | 117:Udaipur(25.0%),"{98: 50.0, 112: 50.0, 117: 25.0}",98,Dholpur,50.0,112.0,Rajsamand,50.0,0.0,LOW DISPARITY,0,
248820,Nathdwara,8,Rajasthan,"[313202, 313325, 328024, 328027]",4,3,98:Dholpur(50.0%) | 112:Rajsamand(50.0%) | 117:Udaipur(50.0%),"{98: 50.0, 112: 50.0, 117: 50.0}",98,Dholpur,50.0,112.0,Rajsamand,50.0,0.0,LOW DISPARITY,0,
299937,Tibbi,8,Rajasthan,"[313325, 328024, 328027, 335526]",4,5,98:Dholpur(50.0%) | 100:Ganganagar(25.0%) | 101:Hanumangarh(25.0%) | 112:Rajsamand(25.0%) | 117:Udaipur(25.0%),"{98: 50.0, 100: 25.0, 101: 25.0, 112: 25.0, 117: 25.0}",98,Dholpur,50.0,100.0,Ganganagar,25.0,25.0,MODERATE DISPARITY,0,
299939,Gudhagorji,8,Rajasthan,"[313325, 328024, 328027, 333022]",4,4,98:Dholpur(50.0%) | 106:Jhunjhunu(25.0%) | 112:Rajsamand(25.0%) | 117:Udaipur(25.0%),"{98: 50.0, 106: 25.0, 112: 25.0, 117: 25.0}",98,Dholpur,50.0,106.0,Jhunjhunu,25.0,25.0,MODERATE DISPARITY,0,
299940,Raniwada,8,Rajasthan,"[313325, 328024, 328027, 343040]",4,4,98:Dholpur(50.0%) | 104:Jalore(25.0%) | 112:Rajsamand(25.0%) | 117:Udaipur(25.0%),"{98: 50.0, 104: 25.0, 112: 25.0, 117: 25.0}",98,Dholpur,50.0,104.0,Jalore,25.0,25.0,MODERATE DISPARITY,0,
249109,Bewar,9,Uttar Pradesh,"[205301, 210501]",2,3,149:Hamirpur(50.0%) | 165:Mahoba(50.0%) | 166:Mainpuri(50.0%),"{149: 50.0, 165: 50.0, 166: 50.0}",149,Hamirpur,50.0,165.0,Mahoba,50.0,0.0,LOW DISPARITY,0,
249168,Khudaganj,9,Uttar Pradesh,"[209724, 242305]",2,3,141:Farrukhabad(50.0%) | 155:Kannauj(50.0%) | 180:Shahjahanpur(50.0%),"{141: 50.0, 155: 50.0, 180: 50.0}",141,Farrukhabad,50.0,155.0,Kannauj,50.0,0.0,LOW DISPARITY,0,
249174,Jalalabad,9,Uttar Pradesh,"[209733, 242221]",2,2,155:Kannauj(50.0%) | 180:Shahjahanpur(50.0%),"{155: 50.0, 180: 50.0}",155,Kannauj,50.0,180.0,Shahjahanpur,50.0,0.0,LOW DISPARITY,0,
249204,Madhoganj,9,Uttar Pradesh,"[230403, 241302]",2,2,150:Hardoi(50.0%) | 174:Pratapgarh(50.0%),"{150: 50.0, 174: 50.0}",150,Hardoi,50.0,174.0,Pratapgarh,50.0,0.0,LOW DISPARITY,0,
249369,Prayagraj,9,Uttar Pradesh,"[211001, 211002, 211003, 211004, 211011, 211015, 211016, 211017, 212208, 212212]",10,2,120:Prayagraj(50.0%) | 158:Kaushambi(10.0%),"{120: 50.0, 158: 10.0}",120,Prayagraj,50.0,158.0,Kaushambi,10.0,40.0,HIGH DISPARITY,5,"[211001, 211002, 211004, 211016, 211017]"
249380,Banki,9,Uttar Pradesh,"[225001, 231312]",2,2,129:Bara Banki(50.0%) | 170:Mirzapur(50.0%),"{129: 50.0, 170: 50.0}",129,Bara Banki,50.0,170.0,Mirzapur,50.0,0.0,LOW DISPARITY,0,
249707,Pasighat,12,Arunachal Pradesh,"[791102, 791103]",2,2,232:East Siang(50.0%) | 679:Siang(50.0%),"{232: 50.0, 679: 50.0}",232,East Siang,50.0,679.0,Siang,50.0,0.0,LOW DISPARITY,0,
249774,Khawhai,15,Mizoram,"[796310, 796321]",2,2,262:Champhai(50.0%) | 728:Khawzawl(50.0%),"{262: 50.0, 728: 50.0}",262,Champhai,50.0,728.0,Khawzawl,50.0,0.0,LOW DISPARITY,0,
249783,Khowai Municipal Council,16,Tripura,"[799201, 799202]",2,1,652:Khowai(50.0%),{652: 50.0},652,Khowai,50.0,,,,50.0,HIGH DISPARITY,1,[799202]
250104,Kalyani,19,West Bengal,"[741235, 741251]",2,1,320:Nadia(50.0%),{320: 50.0},320,Nadia,50.0,,,,50.0,HIGH DISPARITY,1,[741235]
250105,Gayeshpur,19,West Bengal,"[741234, 741250]",2,1,320:Nadia(50.0%),{320: 50.0},320,Nadia,50.0,,,,50.0,HIGH DISPARITY,1,[741234]
299535,Kotkasim,8,Rajasthan,"[301702, 313325, 328024, 328027]",4,4,98:Dholpur(50.0%) | 112:Rajsamand(25.0%) | 117:Udaipur(25.0%) | 770:Khairthal-Tijara(25.0%),"{98: 50.0, 112: 25.0, 117: 25.0, 770: 25.0}",98,Dholpur,50.0,112.0,Rajsamand,25.0,25.0,MODERATE DISPARITY,0,
299753,Khajuwala,8,Rajasthan,"[313325, 328024, 328027, 334023]",4,5,98:Dholpur(50.0%) | 93:Bikaner(25.0%) | 100:Ganganagar(25.0%) | 112:Rajsamand(25.0%) | 117:Udaipur(25.0%),"{98: 50.0, 93: 25.0, 100: 25.0, 112: 25.0, 117: 25.0}",98,Dholpur,50.0,93.0,Bikaner,25.0,25.0,MODERATE DISPARITY,0,
299757,Siwana,8,Rajasthan,"[313325, 328024, 328027, 344044]",4,4,98:Dholpur(50.0%) | 112:Rajsamand(25.0%) | 117:Udaipur(25.0%) | 775:Balotra(25.0%),"{98: 50.0, 112: 25.0, 117: 25.0, 775: 25.0}",98,Dholpur,50.0,112.0,Rajsamand,25.0,25.0,MODERATE DISPARITY,0,
299764,Jayal,8,Rajasthan,"[313325, 328024, 328027, 341023]",4,5,98:Dholpur(50.0%) | 110:Nagaur(25.0%) | 112:Rajsamand(25.0%) | 117:Udaipur(25.0%) | 768:Didwana-Kuchaman(25.0%),"{98: 50.0, 110: 25.0, 112: 25.0, 117: 25.0, 768: 25.0}",98,Dholpur,50.0,110.0,Nagaur,25.0,25.0,MODERATE DISPARITY,0,
299784,Balesar Satta,8,Rajasthan,"[313325, 328024, 328027, 342023]",4,5,98:Dholpur(50.0%) | 107:Jodhpur(25.0%) | 112:Rajsamand(25.0%) | 117:Udaipur(25.0%) | 772:Phalodi(25.0%),"{98: 50.0, 107: 25.0, 112: 25.0, 117: 25.0, 772: 25.0}",98,Dholpur,50.0,107.0,Jodhpur,25.0,25.0,MODERATE DISPARITY,0,
299825,Bonli,8,Rajasthan,"[313325, 322023, 328024, 328027]",4,4,98:Dholpur(50.0%) | 112:Rajsamand(25.0%) | 113:Sawai Madhopur(25.0%) | 117:Udaipur(25.0%),"{98: 50.0, 112: 25.0, 113: 25.0, 117: 25.0}",98,Dholpur,50.0,112.0,Rajsamand,25.0,25.0,MODERATE DISPARITY,0,
299934,Tapukara,8,Rajasthan,"[301707, 313325, 328024, 328027]",4,4,98:Dholpur(50.0%) | 112:Rajsamand(25.0%) | 117:Udaipur(25.0%) | 770:Khairthal-Tijara(25.0%),"{98: 50.0, 112: 25.0, 117: 25.0, 770: 25.0}",98,Dholpur,50.0,112.0,Rajsamand,25.0,25.0,MODERATE DISPARITY,0,
299935,Neemrana,8,Rajasthan,"[301705, 313325]",2,3,112:Rajsamand(50.0%) | 117:Udaipur(50.0%) | 782:Kotputli-Behror(50.0%),"{112: 50.0, 117: 50.0, 782: 50.0}",112,Rajsamand,50.0,117.0,Udaipur,50.0,0.0,LOW DISPARITY,0,
299936,Hameergarh,8,Rajasthan,"[311025, 313325, 328024, 328027]",4,4,98:Dholpur(50.0%) | 92:Bhilwara(25.0%) | 112:Rajsamand(25.0%) | 117:Udaipur(25.0%),"{98: 50.0, 92: 25.0, 112: 25.0, 117: 25.0}",98,Dholpur,50.0,92.0,Bhilwara,25.0,25.0,MODERATE DISPARITY,0,
299271,Mirganj,10,Bihar,"[841226, 842002]",2,2,208:Muzaffarpur(50.0%) | 222:Siwan(50.0%),"{208: 50.0, 222: 50.0}",208,Muzaffarpur,50.0,222.0,Siwan,50.0,0.0,LOW DISPARITY,0,
299534,Borawar,8,Rajasthan,"[313325, 328024, 328027, 341502]",4,4,98:Dholpur(50.0%) | 112:Rajsamand(25.0%) | 117:Udaipur(25.0%) | 768:Didwana-Kuchaman(25.0%),"{98: 50.0, 112: 25.0, 117: 25.0, 768: 25.0}",98,Dholpur,50.0,112.0,Rajsamand,25.0,25.0,MODERATE DISPARITY,0,
250174,Champdany,19,West Bengal,"[712221, 712222]",2,1,312:Hooghly(50.0%),{312: 50.0},312,Hooghly,50.0,,,,50.0,HIGH DISPARITY,1,[712221]
250209,Bankura,19,West Bengal,"[722101, 722102]",2,1,305:Bankura(50.0%),{305: 50.0},305,Bankura,50.0,,,,50.0,HIGH DISPARITY,1,[722101]
250246,Bally,19,West Bengal,"[711201, 711202, 711203, 711204, 711205, 711227]",6,1,313:Howrah(50.0%),{313: 50.0},313,Howrah,50.0,,,,50.0,HIGH DISPARITY,3,"[711202, 711203, 711227]"
250303,Rajpur Sonarpur,19,West Bengal,"[700150, 743613]",2,1,304:South 24 Parganas(50.0%),{304: 50.0},304,South 24 Parganas,50.0,,,,50.0,HIGH DISPARITY,1,[743613]
250323,Hussainabad,20,Jharkhand,"[814112, 822116]",2,2,324:Deoghar(50.0%) | 338:Palamu(50.0%),"{324: 50.0, 338: 50.0}",324,Deoghar,50.0,338.0,Palamu,50.0,0.0,LOW DISPARITY,0,
250352,Basukinath,20,Jharkhand,"[814112, 814118]",2,1,324:Deoghar(50.0%),{324: 50.0},324,Deoghar,50.0,,,,50.0,HIGH DISPARITY,1,[814118]
249826,Gauripur,18,Assam,"[783131, 783331]",2,2,285:Dhubri(50.0%) | 707:South Salmara Mancachar(50.0%),"{285: 50.0, 707: 50.0}",285,Dhubri,50.0,707.0,South Salmara Mancachar,50.0,0.0,LOW DISPARITY,0,
249859,Tangla,18,Assam,"[784501, 784521]",2,3,283:Darrang(50.0%) | 301:Sonitpur(50.0%) | 617:Udalguri(50.0%),"{283: 50.0, 301: 50.0, 617: 50.0}",283,Darrang,50.0,301.0,Sonitpur,50.0,0.0,LOW DISPARITY,0,
249904,Namrup,18,Assam,"[786621, 786623]",2,1,286:Dibrugarh(50.0%),{286: 50.0},286,Dibrugarh,50.0,,,,50.0,HIGH DISPARITY,1,[786623]
249999,Berhampore,19,West Bengal,"[742101, 742103]",2,1,319:Murshidabad(50.0%),{319: 50.0},319,Murshidabad,50.0,,,,50.0,HIGH DISPARITY,1,[742103]
250826,Manasa,23,Madhya Pradesh,"[458110, 466331]",2,3,396:Bhopal(50.0%) | 419:Neemuch(50.0%) | 427:Sehore(50.0%),"{396: 50.0, 419: 50.0, 427: 50.0}",396,Bhopal,50.0,419.0,Neemuch,50.0,0.0,LOW DISPARITY,0,
296932,Sapotra,8,Rajasthan,"[313325, 322218]",2,3,108:Karauli(50.0%) | 112:Rajsamand(50.0%) | 117:Udaipur(50.0%),"{108: 50.0, 112: 50.0, 117: 50.0}",108,Karauli,50.0,112.0,Rajsamand,50.0,0.0,LOW DISPARITY,0,
296933,Sultanpur,8,Rajasthan,"[313325, 325204, 328024, 328027]",4,4,98:Dholpur(50.0%) | 109:Kota(25.0%) | 112:Rajsamand(25.0%) | 117:Udaipur(25.0%),"{98: 50.0, 109: 25.0, 112: 25.0, 117: 25.0}",98,Dholpur,50.0,109.0,Kota,25.0,25.0,MODERATE DISPARITY,0,
296934,Atru,8,Rajasthan,"[313325, 325218, 328024, 328027]",4,4,98:Dholpur(50.0%) | 89:Baran(25.0%) | 112:Rajsamand(25.0%) | 117:Udaipur(25.0%),"{98: 50.0, 89: 25.0, 112: 25.0, 117: 25.0}",98,Dholpur,50.0,89.0,Baran,25.0,25.0,MODERATE DISPARITY,0,
296936,Bamanwas,8,Rajasthan,"[313325, 322211, 328024, 328027]",4,4,98:Dholpur(50.0%) | 112:Rajsamand(25.0%) | 113:Sawai Madhopur(25.0%) | 117:Udaipur(25.0%),"{98: 50.0, 112: 25.0, 113: 25.0, 117: 25.0}",98,Dholpur,50.0,112.0,Rajsamand,25.0,25.0,MODERATE DISPARITY,0,
297024,Kushinagar,9,Uttar Pradesh,"[274301, 274403]",2,1,160:Kushinagar(50.0%),{160: 50.0},160,Kushinagar,50.0,,,,50.0,HIGH DISPARITY,1,[274403]
297045,Pisawa,9,Uttar Pradesh,"[202155, 261151]",2,2,119:Aligarh(50.0%) | 183:Sitapur(50.0%),"{119: 50.0, 183: 50.0}",119,Aligarh,50.0,183.0,Sitapur,50.0,0.0,LOW DISPARITY,0,
297057,Banda,9,Uttar Pradesh,"[210001, 242042]",2,3,128:Banda(50.0%) | 165:Mahoba(50.0%) | 180:Shahjahanpur(50.0%),"{128: 50.0, 165: 50.0, 180: 50.0}",128,Banda,50.0,165.0,Mahoba,50.0,0.0,LOW DISPARITY,0,
297075,Boodhanpur,9,Uttar Pradesh,"[246746, 276142]",2,2,123:Azamgarh(50.0%) | 132:Bijnor(50.0%),"{123: 50.0, 132: 50.0}",123,Azamgarh,50.0,132.0,Bijnor,50.0,0.0,LOW DISPARITY,0,
298994,Uchchain,8,Rajasthan,"[313325, 321302, 328024, 328027]",4,4,98:Dholpur(50.0%) | 91:Bharatpur(25.0%) | 112:Rajsamand(25.0%) | 117:Udaipur(25.0%),"{98: 50.0, 91: 25.0, 112: 25.0, 117: 25.0}",98,Dholpur,50.0,91.0,Bharatpur,25.0,25.0,MODERATE DISPARITY,0,
298995,Sikri,8,Rajasthan,"[313325, 321024, 328024, 328027]",4,4,98:Dholpur(50.0%) | 112:Rajsamand(25.0%) | 117:Udaipur(25.0%) | 767:Deeg(25.0%),"{98: 50.0, 112: 25.0, 117: 25.0, 767: 25.0}",98,Dholpur,50.0,112.0,Rajsamand,25.0,25.0,MODERATE DISPARITY,0,
299018,Barauli,9,Uttar Pradesh,"[203412, 281301]",2,2,134:Bulandshahr(50.0%) | 167:Mathura(50.0%),"{134: 50.0, 167: 50.0}",134,Bulandshahr,50.0,167.0,Mathura,50.0,0.0,LOW DISPARITY,0,
299129,Pipra,10,Bihar,"[845416, 852218]",2,2,213:Purbi Champaran(50.0%) | 223:Supaul(50.0%),"{213: 50.0, 223: 50.0}",213,Purbi Champaran,50.0,223.0,Supaul,50.0,0.0,LOW DISPARITY,0,
299237,Bhawanipur,10,Bihar,"[845452, 854204]",2,2,211:Pashchim Champaran(50.0%) | 214:Purnia(50.0%),"{211: 50.0, 214: 50.0}",211,Pashchim Champaran,50.0,214.0,Purnia,50.0,0.0,LOW DISPARITY,0,
250904,Rau,23,Madhya Pradesh,"[453331, 455111]",2,2,402:Dewas(50.0%) | 410:Indore(50.0%),"{402: 50.0, 410: 50.0}",402,Dewas,50.0,410.0,Indore,50.0,0.0,LOW DISPARITY,0,
250906,Manpur,23,Madhya Pradesh,"[453661, 455111]",2,2,402:Dewas(50.0%) | 410:Indore(50.0%),"{402: 50.0, 410: 50.0}",402,Dewas,50.0,410.0,Indore,50.0,0.0,LOW DISPARITY,0,
250928,Machalpur,23,Madhya Pradesh,"[451225, 465691]",2,4,393:Barwani(50.0%) | 396:Bhopal(50.0%) | 414:Khargone (West Nimar)(50.0%) | 422:Rajgarh(50.0%),"{393: 50.0, 396: 50.0, 414: 50.0, 422: 50.0}",393,Barwani,50.0,396.0,Bhopal,50.0,0.0,LOW DISPARITY,0,
250948,Jawar,23,Madhya Pradesh,"[450991, 466221]",2,2,405:Khandwa (East Nimar)(50.0%) | 427:Sehore(50.0%),"{405: 50.0, 427: 50.0}",405,Khandwa (East Nimar),50.0,427.0,Sehore,50.0,0.0,LOW DISPARITY,0,
250970,Itarsi,23,Madhya Pradesh,"[461111, 461114]",2,1,409:Narmadapuram(50.0%),{409: 50.0},409,Narmadapuram,50.0,,,,50.0,HIGH DISPARITY,1,[461114]
250978,Barhi,23,Madhya Pradesh,"[477566, 483770]",2,1,413:Katni(50.0%),{413: 50.0},413,Katni,50.0,,,,50.0,HIGH DISPARITY,1,[477566]
250983,Sihora,23,Madhya Pradesh,"[483225, 487441]",2,3,411:Jabalpur(50.0%) | 413:Katni(50.0%) | 418:Narsimhapur(50.0%),"{411: 50.0, 413: 50.0, 418: 50.0}",411,Jabalpur,50.0,413.0,Katni,50.0,0.0,LOW DISPARITY,0,
250415,Bundu,20,Jharkhand,"[829201, 834001]",2,3,323:Chatra(50.0%) | 332:Hazaribagh(50.0%) | 339:Ranchi(50.0%),"{323: 50.0, 332: 50.0, 339: 50.0}",323,Chatra,50.0,332.0,Hazaribagh,50.0,0.0,LOW DISPARITY,0,
250452,Jharsuguda,21,Odisha,"[768201, 768203]",2,1,357:Jharsuguda(50.0%),{357: 50.0},357,Jharsuguda,50.0,,,,50.0,HIGH DISPARITY,1,[768203]
250501,Cuttack,21,Odisha,"[752120, 753001]",2,1,350:Cuttack(50.0%),{350: 50.0},350,Cuttack,50.0,,,,50.0,HIGH DISPARITY,1,[753001]
250537,Chhatrapur,21,Odisha,"[761020, 761025]",2,1,354:Ganjam(50.0%),{354: 50.0},354,Ganjam,50.0,,,,50.0,HIGH DISPARITY,1,[761025]
250555,Balangir,21,Odisha,"[767001, 767002]",2,1,345:Balangir(50.0%),{345: 50.0},345,Balangir,50.0,,,,50.0,HIGH DISPARITY,1,[767001]
248686,Vidyavihar,8,Rajasthan,"[313001, 313325, 328024, 328027]",4,4,98:Dholpur(50.0%) | 112:Rajsamand(50.0%) | 117:Udaipur(50.0%) | 777:Salumbar(25.0%),"{98: 50.0, 112: 50.0, 117: 50.0, 777: 25.0}",98,Dholpur,50.0,112.0,Rajsamand,50.0,0.0,LOW DISPARITY,0,
250640,Durg,22,Chhattisgarh,"[490022, 491001]",2,2,378:Durg(50.0%) | 388:Rajnandgaon(50.0%),"{378: 50.0, 388: 50.0}",378,Durg,50.0,388.0,Rajnandgaon,50.0,0.0,LOW DISPARITY,1,[490022]
302223,Sayla,8,Rajasthan,"[305921, 313203]",2,3,112:Rajsamand(50.0%) | 117:Udaipur(50.0%) | 774:Beawar(50.0%),"{112: 50.0, 117: 50.0, 774: 50.0}",112,Rajsamand,50.0,117.0,Udaipur,50.0,0.0,LOW DISPARITY,0,
251423,Jalna,27,Maharashtra,"[431002, 431203]",2,1,469:Chhatrapati Sambhajinagar(50.0%),{469: 50.0},469,Chhatrapati Sambhajinagar,50.0,,,,50.0,HIGH DISPARITY,1,[431203]
251424,Ambad,27,Maharashtra,"[431002, 431204]",2,2,469:Chhatrapati Sambhajinagar(50.0%) | 479:Jalna(50.0%),"{469: 50.0, 479: 50.0}",469,Chhatrapati Sambhajinagar,50.0,479.0,Jalna,50.0,0.0,LOW DISPARITY,0,
302249,Sojat Road,8,Rajasthan,"[305921, 313203]",2,3,112:Rajsamand(50.0%) | 117:Udaipur(50.0%) | 774:Beawar(50.0%),"{112: 50.0, 117: 50.0, 774: 50.0}",112,Rajsamand,50.0,117.0,Udaipur,50.0,0.0,LOW DISPARITY,0,
301901,Tantoti,8,Rajasthan,"[305921, 313203]",2,3,112:Rajsamand(50.0%) | 117:Udaipur(50.0%) | 774:Beawar(50.0%),"{112: 50.0, 117: 50.0, 774: 50.0}",112,Rajsamand,50.0,117.0,Udaipur,50.0,0.0,LOW DISPARITY,0,
251510,Goregaon,27,Maharashtra,"[402103, 441801]",2,3,471:Bhandara(50.0%) | 476:Gondia(50.0%) | 491:Raigad(50.0%),"{471: 50.0, 476: 50.0, 491: 50.0}",471,Bhandara,50.0,476.0,Gondia,50.0,0.0,LOW DISPARITY,0,
248115,Dharmavaram,28,Andhra Pradesh,"[515671, 515672]",2,1,754:Sri Sathya Sai(50.0%),{754: 50.0},754,Sri Sathya Sai,50.0,,,,50.0,HIGH DISPARITY,1,[515671]
301906,Mertaroad,8,Rajasthan,"[313325, 328024, 328027, 341511]",4,4,98:Dholpur(50.0%) | 110:Nagaur(25.0%) | 112:Rajsamand(25.0%) | 117:Udaipur(25.0%),"{98: 50.0, 110: 25.0, 112: 25.0, 117: 25.0}",98,Dholpur,50.0,110.0,Nagaur,25.0,25.0,MODERATE DISPARITY,0,
248128,Garhwa,20,Jharkhand,"[814101, 822114]",2,2,326:Dumka(50.0%) | 328:Garhwa(50.0%),"{326: 50.0, 328: 50.0}",326,Dumka,50.0,328.0,Garhwa,50.0,0.0,LOW DISPARITY,0,
250884,Badnawar,23,Madhya Pradesh,"[454660, 455111]",2,2,402:Dewas(50.0%) | 403:Dhar(50.0%),"{402: 50.0, 403: 50.0}",402,Dewas,50.0,403.0,Dhar,50.0,0.0,LOW DISPARITY,0,
250889,Mandav,23,Madhya Pradesh,"[454010, 455111]",2,2,402:Dewas(50.0%) | 403:Dhar(50.0%),"{402: 50.0, 403: 50.0}",402,Dewas,50.0,403.0,Dhar,50.0,0.0,LOW DISPARITY,0,
250891,Kukshi,23,Madhya Pradesh,"[454331, 455111]",2,2,402:Dewas(50.0%) | 403:Dhar(50.0%),"{402: 50.0, 403: 50.0}",402,Dewas,50.0,403.0,Dhar,50.0,0.0,LOW DISPARITY,0,
250896,Depalpur,23,Madhya Pradesh,"[453115, 455111]",2,2,402:Dewas(50.0%) | 410:Indore(50.0%),"{402: 50.0, 410: 50.0}",402,Dewas,50.0,410.0,Indore,50.0,0.0,LOW DISPARITY,0,
250897,Betma,23,Madhya Pradesh,"[453001, 455111]",2,2,402:Dewas(50.0%) | 410:Indore(50.0%),"{402: 50.0, 410: 50.0}",402,Dewas,50.0,410.0,Indore,50.0,0.0,LOW DISPARITY,0,
250898,Sawer,23,Madhya Pradesh,"[453551, 455111]",2,2,402:Dewas(50.0%) | 410:Indore(50.0%),"{402: 50.0, 410: 50.0}",402,Dewas,50.0,410.0,Indore,50.0,0.0,LOW DISPARITY,0,
250900,Hatod,23,Madhya Pradesh,"[453111, 455111]",2,2,402:Dewas(50.0%) | 410:Indore(50.0%),"{402: 50.0, 410: 50.0}",402,Dewas,50.0,410.0,Indore,50.0,0.0,LOW DISPARITY,0,
248129,Chatra,20,Jharkhand,"[814101, 825401]",2,2,323:Chatra(50.0%) | 326:Dumka(50.0%),"{323: 50.0, 326: 50.0}",323,Chatra,50.0,326.0,Dumka,50.0,0.0,LOW DISPARITY,0,
251711,Nellimarla,28,Andhra Pradesh,"[523240, 523357, 535217, 535218]",4,3,521:Vizianagaram(50.0%) | 790:Markapuram(50.0%) | 517:Prakasam(25.0%),"{521: 50.0, 790: 50.0, 517: 25.0}",521,Vizianagaram,50.0,790.0,Markapuram,50.0,0.0,LOW DISPARITY,0,
248132,Jhumri Telaiya,20,Jharkhand,"[814101, 825409]",2,2,326:Dumka(50.0%) | 334:Koderma(50.0%),"{326: 50.0, 334: 50.0}",326,Dumka,50.0,334.0,Koderma,50.0,0.0,LOW DISPARITY,0,
251733,Ramachandrapuram,28,Andhra Pradesh,"[533255, 533256]",2,2,505:East Godavari(50.0%) | 747:Dr. B.R. Ambedkar Konaseema(50.0%),"{505: 50.0, 747: 50.0}",505,East Godavari,50.0,747.0,Dr. B.R. Ambedkar Konaseema,50.0,0.0,LOW DISPARITY,1,[533255]
248133,Pakur,20,Jharkhand,"[814101, 816107]",2,2,326:Dumka(50.0%) | 337:Pakur(50.0%),"{326: 50.0, 337: 50.0}",326,Dumka,50.0,337.0,Pakur,50.0,0.0,LOW DISPARITY,0,
248171,Municipal Council Anantnag,1,Jammu And Kashmir,"[192101, 192210]",2,1,1:Anantnag(50.0%),{1: 50.0},1,Anantnag,50.0,,,,50.0,HIGH DISPARITY,1,[192210]
251766,Ongole,28,Andhra Pradesh,"[523001, 523002]",2,1,517:Prakasam(50.0%),{517: 50.0},517,Prakasam,50.0,,,,50.0,HIGH DISPARITY,1,[523002]
248194,Jammu Municipal Corporation,1,Jammu And Kashmir,"[180001, 180002, 180004, 180005, 180006, 180007, 180013, 181121, 181123, 181124]",10,1,5:Jammu(50.0%),{5: 50.0},5,Jammu,50.0,,,,50.0,HIGH DISPARITY,5,"[180004, 180005, 180007, 180013, 181124]"
248427,Vikasnagar,5,Uttarakhand,"[248001, 248198]",2,1,49:Dehradun(50.0%),{49: 50.0},49,Dehradun,50.0,,,,50.0,HIGH DISPARITY,1,[248198]
251816,Konnur,29,Karnataka,"[587121, 591231]",2,2,524:Bagalkote(50.0%) | 527:Belagavi(50.0%),"{524: 50.0, 527: 50.0}",524,Bagalkote,50.0,527.0,Belagavi,50.0,0.0,LOW DISPARITY,0,
251863,Yadgir,29,Karnataka,"[585201, 585202]",2,1,635:Yadgir(50.0%),{635: 50.0},635,Yadgir,50.0,,,,50.0,HIGH DISPARITY,1,[585201]
248428,Herbertpur,5,Uttarakhand,"[248001, 248142]",2,1,49:Dehradun(50.0%),{49: 50.0},49,Dehradun,50.0,,,,50.0,HIGH DISPARITY,1,[248142]
248545,Barwala,6,Haryana,"[125121, 134118]",2,3,63:Hisar(50.0%) | 70:Panchkula(50.0%) | 792:Hansi(50.0%),"{63: 50.0, 70: 50.0, 792: 50.0}",63,Hisar,50.0,70.0,Panchkula,50.0,0.0,LOW DISPARITY,0,
248649,Kesrisinghpur,8,Rajasthan,"[313325, 328024, 328027, 335027]",4,4,98:Dholpur(50.0%) | 100:Ganganagar(25.0%) | 112:Rajsamand(25.0%) | 117:Udaipur(25.0%),"{98: 50.0, 100: 25.0, 112: 25.0, 117: 25.0}",98,Dholpur,50.0,100.0,Ganganagar,25.0,25.0,MODERATE DISPARITY,0,
251293,Dharangaon,27,Maharashtra,"[423601, 425105]",2,2,466:Ahilyanagar(50.0%) | 478:Jalgaon(50.0%),"{466: 50.0, 478: 50.0}",466,Ahilyanagar,50.0,478.0,Jalgaon,50.0,0.0,LOW DISPARITY,0,
248650,Srikaranpur,8,Rajasthan,"[313325, 328024, 328027, 335073]",4,5,98:Dholpur(50.0%) | 100:Ganganagar(25.0%) | 101:Hanumangarh(25.0%) | 112:Rajsamand(25.0%) | 117:Udaipur(25.0%),"{98: 50.0, 100: 25.0, 101: 25.0, 112: 25.0, 117: 25.0}",98,Dholpur,50.0,100.0,Ganganagar,25.0,25.0,MODERATE DISPARITY,0,
251362,Nagpur,27,Maharashtra,"[440001, 440029]",2,1,484:Nagpur(50.0%),{484: 50.0},484,Nagpur,50.0,,,,50.0,HIGH DISPARITY,1,[440029]
252110,Kanhangad,32,Kerala,"[671315, 682301, 682304, 683104]",4,2,555:Ernakulam(50.0%) | 558:Kasaragod(25.0%),"{555: 50.0, 558: 25.0}",555,Ernakulam,50.0,558.0,Kasaragod,25.0,25.0,MODERATE DISPARITY,1,[683104]
252111,Payyannur,32,Kerala,"[670307, 682301, 682304, 683104]",4,2,555:Ernakulam(50.0%) | 557:Kannur(25.0%),"{555: 50.0, 557: 25.0}",555,Ernakulam,50.0,557.0,Kannur,25.0,25.0,MODERATE DISPARITY,1,[683104]
248051,Godda,20,Jharkhand,"[814101, 814133]",2,2,326:Dumka(50.0%) | 330:Godda(50.0%),"{326: 50.0, 330: 50.0}",326,Dumka,50.0,330.0,Godda,50.0,0.0,LOW DISPARITY,0,
252139,Mattannur,32,Kerala,"[670702, 682301, 682304, 683104]",4,2,555:Ernakulam(50.0%) | 557:Kannur(25.0%),"{555: 50.0, 557: 25.0}",555,Ernakulam,50.0,557.0,Kannur,25.0,25.0,MODERATE DISPARITY,1,[683104]
252144,Koothuparamba,32,Kerala,"[670643, 682301, 682304, 683104]",4,2,555:Ernakulam(50.0%) | 557:Kannur(25.0%),"{555: 50.0, 557: 25.0}",555,Ernakulam,50.0,557.0,Kannur,25.0,25.0,MODERATE DISPARITY,1,[683104]
252149,Thalassery,32,Kerala,"[670101, 682301, 682304, 683104]",4,1,555:Ernakulam(50.0%),{555: 50.0},555,Ernakulam,50.0,,,,50.0,HIGH DISPARITY,2,"[670101, 683104]"
301461,Mundawar,8,Rajasthan,"[301407, 313325, 328024, 328027]",4,4,98:Dholpur(50.0%) | 112:Rajsamand(25.0%) | 117:Udaipur(25.0%) | 770:Khairthal-Tijara(25.0%),"{98: 50.0, 112: 25.0, 117: 25.0, 770: 25.0}",98,Dholpur,50.0,112.0,Rajsamand,25.0,25.0,MODERATE DISPARITY,0,
252157,Vatakara,32,Kerala,"[673101, 682301, 682304, 683104]",4,2,555:Ernakulam(50.0%) | 561:Kozhikode(25.0%),"{555: 50.0, 561: 25.0}",555,Ernakulam,50.0,561.0,Kozhikode,25.0,25.0,MODERATE DISPARITY,1,[683104]
252159,Koyilandy,32,Kerala,"[673305, 682301, 682304, 683104]",4,2,555:Ernakulam(50.0%) | 561:Kozhikode(25.0%),"{555: 50.0, 561: 25.0}",555,Ernakulam,50.0,561.0,Kozhikode,25.0,25.0,MODERATE DISPARITY,1,[683104]
252160,Kozhikode,32,Kerala,"[673001, 682001]",2,2,555:Ernakulam(50.0%) | 561:Kozhikode(50.0%),"{555: 50.0, 561: 50.0}",555,Ernakulam,50.0,561.0,Kozhikode,50.0,0.0,LOW DISPARITY,0,
252169,Manjeri,32,Kerala,"[676121, 682301, 682304, 683104]",4,2,555:Ernakulam(50.0%) | 562:Malappuram(25.0%),"{555: 50.0, 562: 25.0}",555,Ernakulam,50.0,562.0,Malappuram,25.0,25.0,MODERATE DISPARITY,1,[683104]
252170,Malappuram,32,Kerala,"[676505, 682301, 682304, 683104]",4,2,555:Ernakulam(50.0%) | 562:Malappuram(25.0%),"{555: 50.0, 562: 25.0}",555,Ernakulam,50.0,562.0,Malappuram,25.0,25.0,MODERATE DISPARITY,1,[683104]
301462,Ponkh,8,Rajasthan,"[313325, 328024, 328027, 333053]",4,4,98:Dholpur(50.0%) | 106:Jhunjhunu(25.0%) | 112:Rajsamand(25.0%) | 117:Udaipur(25.0%),"{98: 50.0, 106: 25.0, 112: 25.0, 117: 25.0}",98,Dholpur,50.0,106.0,Jhunjhunu,25.0,25.0,MODERATE DISPARITY,0,
248671,Rajgarh (Alwar),8,Rajasthan,"[301408, 313325]",2,3,87:Alwar(50.0%) | 112:Rajsamand(50.0%) | 117:Udaipur(50.0%),"{87: 50.0, 112: 50.0, 117: 50.0}",87,Alwar,50.0,112.0,Rajsamand,50.0,0.0,LOW DISPARITY,0,
248672,Sardarshahar,8,Rajasthan,"[313325, 328024, 328027, 331403]",4,4,98:Dholpur(50.0%) | 96:Churu(25.0%) | 112:Rajsamand(25.0%) | 117:Udaipur(25.0%),"{98: 50.0, 96: 25.0, 112: 25.0, 117: 25.0}",98,Dholpur,50.0,96.0,Churu,25.0,25.0,MODERATE DISPARITY,0,
248674,Ratannagar,8,Rajasthan,"[313325, 328024, 328027, 331021]",4,4,98:Dholpur(50.0%) | 96:Churu(25.0%) | 112:Rajsamand(25.0%) | 117:Udaipur(25.0%),"{98: 50.0, 96: 25.0, 112: 25.0, 117: 25.0}",98,Dholpur,50.0,96.0,Churu,25.0,25.0,MODERATE DISPARITY,0,
248675,Sri Dungargarh,8,Rajasthan,"[313325, 328024, 328027, 331803]",4,4,98:Dholpur(50.0%) | 93:Bikaner(25.0%) | 112:Rajsamand(25.0%) | 117:Udaipur(25.0%),"{98: 50.0, 93: 25.0, 112: 25.0, 117: 25.0}",98,Dholpur,50.0,93.0,Bikaner,25.0,25.0,MODERATE DISPARITY,0,
248676,Ratangarh,8,Rajasthan,"[313325, 331022]",2,3,96:Churu(50.0%) | 112:Rajsamand(50.0%) | 117:Udaipur(50.0%),"{96: 50.0, 112: 50.0, 117: 50.0}",96,Churu,50.0,112.0,Rajsamand,50.0,0.0,LOW DISPARITY,0,
252175,Ottappalam,32,Kerala,"[679104, 682301, 682304, 683104]",4,2,555:Ernakulam(50.0%) | 563:Palakkad(25.0%),"{555: 50.0, 563: 25.0}",555,Ernakulam,50.0,563.0,Palakkad,25.0,25.0,MODERATE DISPARITY,1,[683104]
252176,Palakkad,32,Kerala,"[678001, 682301, 682304, 683104]",4,2,555:Ernakulam(50.0%) | 563:Palakkad(25.0%),"{555: 50.0, 563: 25.0}",555,Ernakulam,50.0,563.0,Palakkad,25.0,25.0,MODERATE DISPARITY,1,[683104]
248677,Rajaldesar,8,Rajasthan,"[313325, 328024, 328027, 331802]",4,4,98:Dholpur(50.0%) | 96:Churu(25.0%) | 112:Rajsamand(25.0%) | 117:Udaipur(25.0%),"{98: 50.0, 96: 25.0, 112: 25.0, 117: 25.0}",98,Dholpur,50.0,96.0,Churu,25.0,25.0,MODERATE DISPARITY,0,
252180,Kunnamkulam,32,Kerala,"[680503, 682301, 682304, 683104]",4,2,555:Ernakulam(50.0%) | 566:Thrissur(25.0%),"{555: 50.0, 566: 25.0}",555,Ernakulam,50.0,566.0,Thrissur,25.0,25.0,MODERATE DISPARITY,1,[683104]
252181,Chavakkad,32,Kerala,"[680518, 682301, 682304, 683104]",4,2,555:Ernakulam(50.0%) | 566:Thrissur(25.0%),"{555: 50.0, 566: 25.0}",555,Ernakulam,50.0,566.0,Thrissur,25.0,25.0,MODERATE DISPARITY,1,[683104]
248678,Bidasar,8,Rajasthan,"[313325, 331501]",2,3,96:Churu(50.0%) | 112:Rajsamand(50.0%) | 117:Udaipur(50.0%),"{96: 50.0, 112: 50.0, 117: 50.0}",96,Churu,50.0,112.0,Rajsamand,50.0,0.0,LOW DISPARITY,0,
252194,Thrissur,32,Kerala,"[680021, 682001]",2,1,555:Ernakulam(50.0%),{555: 50.0},555,Ernakulam,50.0,,,,50.0,HIGH DISPARITY,1,[680021]
248679,Chhapar,8,Rajasthan,"[313325, 328024, 328027, 331502]",4,4,98:Dholpur(50.0%) | 96:Churu(25.0%) | 112:Rajsamand(25.0%) | 117:Udaipur(25.0%),"{98: 50.0, 96: 25.0, 112: 25.0, 117: 25.0}",98,Dholpur,50.0,96.0,Churu,25.0,25.0,MODERATE DISPARITY,0,
252204,Irinjalakuda,32,Kerala,"[680121, 682301, 682304, 683104]",4,2,555:Ernakulam(50.0%) | 566:Thrissur(25.0%),"{555: 50.0, 566: 25.0}",555,Ernakulam,50.0,566.0,Thrissur,25.0,25.0,MODERATE DISPARITY,1,[683104]
252205,Chalakudy,32,Kerala,"[680307, 682301, 682304, 683104]",4,1,555:Ernakulam(50.0%),{555: 50.0},555,Ernakulam,50.0,,,,50.0,HIGH DISPARITY,2,"[680307, 683104]"
248681,Bissau,8,Rajasthan,"[313325, 328024, 328027, 331027]",4,4,98:Dholpur(50.0%) | 106:Jhunjhunu(25.0%) | 112:Rajsamand(25.0%) | 117:Udaipur(25.0%),"{98: 50.0, 106: 25.0, 112: 25.0, 117: 25.0}",98,Dholpur,50.0,106.0,Jhunjhunu,25.0,25.0,MODERATE DISPARITY,0,
248682,Mandawa,8,Rajasthan,"[313325, 328024, 328027, 333704]",4,4,98:Dholpur(50.0%) | 106:Jhunjhunu(25.0%) | 112:Rajsamand(25.0%) | 117:Udaipur(25.0%),"{98: 50.0, 106: 25.0, 112: 25.0, 117: 25.0}",98,Dholpur,50.0,106.0,Jhunjhunu,25.0,25.0,MODERATE DISPARITY,0,
252071,City Corporation Panaji,30,Goa,"[403001, 403004]",2,1,551:North Goa(50.0%),{551: 50.0},551,North Goa,50.0,,,,50.0,HIGH DISPARITY,1,[403004]
252108,Kasaragod,32,Kerala,"[671121, 682301, 682304, 683104]",4,2,555:Ernakulam(50.0%) | 558:Kasaragod(25.0%),"{555: 50.0, 558: 25.0}",555,Ernakulam,50.0,558.0,Kasaragod,25.0,25.0,MODERATE DISPARITY,1,[683104]
248684,Baggar,8,Rajasthan,"[313325, 328024, 328027, 333028]",4,4,98:Dholpur(50.0%) | 106:Jhunjhunu(25.0%) | 112:Rajsamand(25.0%) | 117:Udaipur(25.0%),"{98: 50.0, 106: 25.0, 112: 25.0, 117: 25.0}",98,Dholpur,50.0,106.0,Jhunjhunu,25.0,25.0,MODERATE DISPARITY,0,
248685,Pilani,8,Rajasthan,"[313325, 328024, 328027, 333031]",4,4,98:Dholpur(50.0%) | 106:Jhunjhunu(25.0%) | 112:Rajsamand(25.0%) | 117:Udaipur(25.0%),"{98: 50.0, 106: 25.0, 112: 25.0, 117: 25.0}",98,Dholpur,50.0,106.0,Jhunjhunu,25.0,25.0,MODERATE DISPARITY,0,
248694,Behror,8,Rajasthan,"[301701, 313325, 328024, 328027]",4,4,98:Dholpur(50.0%) | 112:Rajsamand(25.0%) | 117:Udaipur(25.0%) | 782:Kotputli-Behror(25.0%),"{98: 50.0, 112: 25.0, 117: 25.0, 782: 25.0}",98,Dholpur,50.0,112.0,Rajsamand,25.0,25.0,MODERATE DISPARITY,0,
248696,Tijara,8,Rajasthan,"[301411, 313325, 328024, 328027]",4,4,98:Dholpur(50.0%) | 112:Rajsamand(25.0%) | 117:Udaipur(25.0%) | 770:Khairthal-Tijara(25.0%),"{98: 50.0, 112: 25.0, 117: 25.0, 770: 25.0}",98,Dholpur,50.0,112.0,Rajsamand,25.0,25.0,MODERATE DISPARITY,0,
248698,Khairthal-Tijara,8,Rajasthan,"[301404, 313325]",2,3,112:Rajsamand(50.0%) | 117:Udaipur(50.0%) | 770:Khairthal-Tijara(50.0%),"{112: 50.0, 117: 50.0, 770: 50.0}",112,Rajsamand,50.0,117.0,Udaipur,50.0,0.0,LOW DISPARITY,0,
248700,Rajgarh(Churu),8,Rajasthan,"[313325, 328024, 328027, 331023]",4,4,98:Dholpur(50.0%) | 96:Churu(25.0%) | 112:Rajsamand(25.0%) | 117:Udaipur(25.0%),"{98: 50.0, 96: 25.0, 112: 25.0, 117: 25.0}",98,Dholpur,50.0,96.0,Churu,25.0,25.0,MODERATE DISPARITY,0,
252233,Thodupuzha,32,Kerala,"[682301, 682304, 683104, 685584]",4,1,555:Ernakulam(50.0%),{555: 50.0},555,Ernakulam,50.0,,,,50.0,HIGH DISPARITY,2,"[683104, 685584]"
252234,Palai,32,Kerala,"[682301, 682304, 683104, 686575]",4,1,555:Ernakulam(50.0%),{555: 50.0},555,Ernakulam,50.0,,,,50.0,HIGH DISPARITY,2,"[683104, 686575]"
252236,Vaikom,32,Kerala,"[682301, 682304, 683104, 686141]",4,1,555:Ernakulam(50.0%),{555: 50.0},555,Ernakulam,50.0,,,,50.0,HIGH DISPARITY,2,"[683104, 686141]"
252238,Kottayam,32,Kerala,"[682301, 682304, 683104, 686001]",4,1,555:Ernakulam(50.0%),{555: 50.0},555,Ernakulam,50.0,,,,50.0,HIGH DISPARITY,2,"[683104, 686001]"
252239,Changanassery,32,Kerala,"[682301, 682304, 683104, 686101]",4,1,555:Ernakulam(50.0%),{555: 50.0},555,Ernakulam,50.0,,,,50.0,HIGH DISPARITY,2,"[683104, 686101]"
252242,Cherthala,32,Kerala,"[682301, 682304, 683104, 688524]",4,2,555:Ernakulam(50.0%) | 554:Alappuzha(25.0%),"{555: 50.0, 554: 25.0}",555,Ernakulam,50.0,554.0,Alappuzha,25.0,25.0,MODERATE DISPARITY,1,[683104]
252247,Alappuzha,32,Kerala,"[682301, 682304, 683104, 688001]",4,2,555:Ernakulam(50.0%) | 554:Alappuzha(25.0%),"{555: 50.0, 554: 25.0}",555,Ernakulam,50.0,554.0,Alappuzha,25.0,25.0,MODERATE DISPARITY,1,[683104]
252248,Kayamkulam,32,Kerala,"[682301, 682304, 683104, 690502]",4,2,555:Ernakulam(50.0%) | 554:Alappuzha(25.0%),"{555: 50.0, 554: 25.0}",555,Ernakulam,50.0,554.0,Alappuzha,25.0,25.0,MODERATE DISPARITY,1,[683104]
252171,Perinthalmanna,32,Kerala,"[679322, 682301, 682304, 683104]",4,2,555:Ernakulam(50.0%) | 562:Malappuram(25.0%),"{555: 50.0, 562: 25.0}",555,Ernakulam,50.0,562.0,Malappuram,25.0,25.0,MODERATE DISPARITY,1,[683104]
252172,Tirur,32,Kerala,"[676101, 682301, 682304, 683104]",4,2,555:Ernakulam(50.0%) | 562:Malappuram(25.0%),"{555: 50.0, 562: 25.0}",555,Ernakulam,50.0,562.0,Malappuram,25.0,25.0,MODERATE DISPARITY,1,[683104]
252249,Chengannur,32,Kerala,"[682301, 682304, 683104, 689121]",4,2,555:Ernakulam(50.0%) | 554:Alappuzha(25.0%),"{555: 50.0, 554: 25.0}",555,Ernakulam,50.0,554.0,Alappuzha,25.0,25.0,MODERATE DISPARITY,1,[683104]
252250,Mavelikkara,32,Kerala,"[682301, 682304, 683104, 690101]",4,2,555:Ernakulam(50.0%) | 554:Alappuzha(25.0%),"{555: 50.0, 554: 25.0}",555,Ernakulam,50.0,554.0,Alappuzha,25.0,25.0,MODERATE DISPARITY,1,[683104]
252251,Thiruvalla,32,Kerala,"[682301, 682304, 683104, 689101]",4,1,555:Ernakulam(50.0%),{555: 50.0},555,Ernakulam,50.0,,,,50.0,HIGH DISPARITY,2,"[683104, 689101]"
252253,Adoor,32,Kerala,"[682301, 682304, 683104, 691523]",4,1,555:Ernakulam(50.0%),{555: 50.0},555,Ernakulam,50.0,,,,50.0,HIGH DISPARITY,2,"[683104, 691523]"
252254,Punalur,32,Kerala,"[682301, 682304, 683104, 691305]",4,1,555:Ernakulam(50.0%),{555: 50.0},555,Ernakulam,50.0,,,,50.0,HIGH DISPARITY,2,"[683104, 691305]"
252255,Kollam,32,Kerala,"[682001, 691001, 691002, 691003, 691004, 691005, 691010, 691012, 691013, 691015, 691021, 691601]",12,2,559:Kollam(50.0%) | 555:Ernakulam(8.33%),"{559: 50.0, 555: 8.33}",559,Kollam,50.0,555.0,Ernakulam,8.33,41.67,HIGH DISPARITY,5,"[691002, 691003, 691012, 691013, 691021]"
248702,Kherli,8,Rajasthan,"[313325, 321606]",2,3,87:Alwar(50.0%) | 112:Rajsamand(50.0%) | 117:Udaipur(50.0%),"{87: 50.0, 112: 50.0, 117: 50.0}",87,Alwar,50.0,112.0,Rajsamand,50.0,0.0,LOW DISPARITY,0,
248703,Kaman,8,Rajasthan,"[313325, 321022, 328024, 328027]",4,4,98:Dholpur(50.0%) | 112:Rajsamand(25.0%) | 117:Udaipur(25.0%) | 767:Deeg(25.0%),"{98: 50.0, 112: 25.0, 117: 25.0, 767: 25.0}",98,Dholpur,50.0,112.0,Rajsamand,25.0,25.0,MODERATE DISPARITY,0,
248704,Nagar,8,Rajasthan,"[313325, 321205, 328024, 328027]",4,4,98:Dholpur(50.0%) | 112:Rajsamand(25.0%) | 117:Udaipur(25.0%) | 767:Deeg(25.0%),"{98: 50.0, 112: 25.0, 117: 25.0, 767: 25.0}",98,Dholpur,50.0,112.0,Rajsamand,25.0,25.0,MODERATE DISPARITY,0,
252259,Nedumangad,32,Kerala,"[682301, 682304, 683104, 695541]",4,2,555:Ernakulam(50.0%) | 565:Thiruvananthapuram(25.0%),"{555: 50.0, 565: 25.0}",555,Ernakulam,50.0,565.0,Thiruvananthapuram,25.0,25.0,MODERATE DISPARITY,1,[683104]
252261,Neyyattinkara,32,Kerala,"[682301, 682304, 683104, 695121]",4,2,555:Ernakulam(50.0%) | 565:Thiruvananthapuram(25.0%),"{555: 50.0, 565: 25.0}",555,Ernakulam,50.0,565.0,Thiruvananthapuram,25.0,25.0,MODERATE DISPARITY,1,[683104]
301442,Goluwala,8,Rajasthan,"[313325, 328024, 328027, 335805]",4,5,98:Dholpur(50.0%) | 100:Ganganagar(25.0%) | 101:Hanumangarh(25.0%) | 112:Rajsamand(25.0%) | 117:Udaipur(25.0%),"{98: 50.0, 100: 25.0, 101: 25.0, 112: 25.0, 117: 25.0}",98,Dholpur,50.0,100.0,Ganganagar,25.0,25.0,MODERATE DISPARITY,0,
301445,Mawali,8,Rajasthan,"[305921, 313203]",2,3,112:Rajsamand(50.0%) | 117:Udaipur(50.0%) | 774:Beawar(50.0%),"{112: 50.0, 117: 50.0, 774: 50.0}",112,Rajsamand,50.0,117.0,Udaipur,50.0,0.0,LOW DISPARITY,0,
301446,Nauganwa,8,Rajasthan,"[313325, 321023, 328024, 328027]",4,4,98:Dholpur(50.0%) | 112:Rajsamand(25.0%) | 117:Udaipur(25.0%) | 767:Deeg(25.0%),"{98: 50.0, 112: 25.0, 117: 25.0, 767: 25.0}",98,Dholpur,50.0,112.0,Rajsamand,25.0,25.0,MODERATE DISPARITY,0,
301454,Vajirpur,8,Rajasthan,"[313325, 322219, 328024, 328027]",4,5,98:Dholpur(50.0%) | 108:Karauli(25.0%) | 112:Rajsamand(25.0%) | 113:Sawai Madhopur(25.0%) | 117:Udaipur(25.0%),"{98: 50.0, 108: 25.0, 112: 25.0, 113: 25.0, 117: 25.0}",98,Dholpur,50.0,108.0,Karauli,25.0,25.0,MODERATE DISPARITY,0,
301455,Vatika,8,Rajasthan,"[303905, 313325]",2,3,102:Jaipur(50.0%) | 112:Rajsamand(50.0%) | 117:Udaipur(50.0%),"{102: 50.0, 112: 50.0, 117: 50.0}",102,Jaipur,50.0,112.0,Rajsamand,50.0,0.0,LOW DISPARITY,0,
296926,Mandawari,8,Rajasthan,"[303504, 313325, 328024, 328027]",4,3,98:Dholpur(50.0%) | 112:Rajsamand(25.0%) | 117:Udaipur(25.0%),"{98: 50.0, 112: 25.0, 117: 25.0}",98,Dholpur,50.0,112.0,Rajsamand,25.0,25.0,MODERATE DISPARITY,1,[303504]
301458,Mubarikpur,8,Rajasthan,"[301025, 313325, 328024, 328027]",4,4,98:Dholpur(50.0%) | 87:Alwar(25.0%) | 112:Rajsamand(25.0%) | 117:Udaipur(25.0%),"{98: 50.0, 87: 25.0, 112: 25.0, 117: 25.0}",98,Dholpur,50.0,87.0,Alwar,25.0,25.0,MODERATE DISPARITY,0,
248706,Nadbai,8,Rajasthan,"[313325, 321602]",2,4,91:Bharatpur(50.0%) | 112:Rajsamand(50.0%) | 117:Udaipur(50.0%) | 767:Deeg(50.0%),"{91: 50.0, 112: 50.0, 117: 50.0, 767: 50.0}",91,Bharatpur,50.0,112.0,Rajsamand,50.0,0.0,LOW DISPARITY,0,
252372,Panapakkam,33,Tamil Nadu,"[631052, 631152]",2,1,731:Ranipet(50.0%),{731: 50.0},731,Ranipet,50.0,,,,50.0,HIGH DISPARITY,1,[631152]
252589,Kannivadi,33,Tamil Nadu,"[638106, 639202]",2,2,576:Karur(50.0%) | 634:Tiruppur(50.0%),"{576: 50.0, 634: 50.0}",576,Karur,50.0,634.0,Tiruppur,50.0,0.0,LOW DISPARITY,0,
252596,Gudalur,33,Tamil Nadu,"[625518, 643205]",2,2,587:The Nilgiris(50.0%) | 588:Theni(50.0%),"{587: 50.0, 588: 50.0}",587,The Nilgiris,50.0,588.0,Theni,50.0,0.0,LOW DISPARITY,0,
252612,Mettupalayam,33,Tamil Nadu,"[638401, 641301]",2,2,569:Coimbatore(50.0%) | 573:Erode(50.0%),"{569: 50.0, 573: 50.0}",569,Coimbatore,50.0,573.0,Erode,50.0,0.0,LOW DISPARITY,1,[641301]
252639,Gudalur,33,Tamil Nadu,"[625518, 643205]",2,2,587:The Nilgiris(50.0%) | 588:Theni(50.0%),"{587: 50.0, 588: 50.0}",587,The Nilgiris,50.0,588.0,Theni,50.0,0.0,LOW DISPARITY,0,
252681,Kottur,33,Tamil Nadu,"[625534, 642114]",2,2,569:Coimbatore(50.0%) | 588:Theni(50.0%),"{569: 50.0, 588: 50.0}",569,Coimbatore,50.0,588.0,Theni,50.0,0.0,LOW DISPARITY,0,
248707,Kumher,8,Rajasthan,"[313325, 321201, 328024, 328027]",4,4,98:Dholpur(50.0%) | 112:Rajsamand(25.0%) | 117:Udaipur(25.0%) | 767:Deeg(25.0%),"{98: 50.0, 112: 25.0, 117: 25.0, 767: 25.0}",98,Dholpur,50.0,112.0,Rajsamand,25.0,25.0,MODERATE DISPARITY,0,
252720,Pallapatti,33,Tamil Nadu,"[625534, 639205]",2,2,576:Karur(50.0%) | 588:Theni(50.0%),"{576: 50.0, 588: 50.0}",576,Karur,50.0,588.0,Theni,50.0,0.0,LOW DISPARITY,0,
248709,Bhusawar,8,Rajasthan,"[313325, 321406, 328024, 328027]",4,4,98:Dholpur(50.0%) | 91:Bharatpur(25.0%) | 112:Rajsamand(25.0%) | 117:Udaipur(25.0%),"{98: 50.0, 91: 25.0, 112: 25.0, 117: 25.0}",98,Dholpur,50.0,91.0,Bharatpur,25.0,25.0,MODERATE DISPARITY,0,
252819,Cholapuram,33,Tamil Nadu,"[612503, 639102]",2,2,576:Karur(50.0%) | 586:Thanjavur(50.0%),"{576: 50.0, 586: 50.0}",576,Karur,50.0,586.0,Thanjavur,50.0,0.0,LOW DISPARITY,0,
252843,Iluppur,33,Tamil Nadu,"[622102, 639119]",2,2,576:Karur(50.0%) | 582:Pudukkottai(50.0%),"{576: 50.0, 582: 50.0}",576,Karur,50.0,582.0,Pudukkottai,50.0,0.0,LOW DISPARITY,0,
252848,Pudukkottai,33,Tamil Nadu,"[622001, 622005]",2,1,582:Pudukkottai(50.0%),{582: 50.0},582,Pudukkottai,50.0,,,,50.0,HIGH DISPARITY,1,[622005]
252852,Alangudi,33,Tamil Nadu,"[612801, 622301]",2,3,582:Pudukkottai(50.0%) | 586:Thanjavur(50.0%) | 590:Thiruvarur(50.0%),"{582: 50.0, 586: 50.0, 590: 50.0}",582,Pudukkottai,50.0,586.0,Thanjavur,50.0,0.0,LOW DISPARITY,0,
253147,Babra,24,Gujarat,"[365421, 387335]",2,2,439:Amreli(50.0%) | 450:Kheda(50.0%),"{439: 50.0, 450: 50.0}",439,Amreli,50.0,450.0,Kheda,50.0,0.0,LOW DISPARITY,0,
253219,Sahebganj,10,Bihar,"[841301, 843125]",2,2,208:Muzaffarpur(50.0%) | 218:Saran(50.0%),"{208: 50.0, 218: 50.0}",208,Muzaffarpur,50.0,218.0,Saran,50.0,0.0,LOW DISPARITY,0,
253231,Bishrampur,20,Jharkhand,"[814101, 822132]",2,2,326:Dumka(50.0%) | 338:Palamu(50.0%),"{326: 50.0, 338: 50.0}",326,Dumka,50.0,338.0,Palamu,50.0,0.0,LOW DISPARITY,0,
248710,Weir,8,Rajasthan,"[313325, 321408, 328024, 328027]",4,4,98:Dholpur(50.0%) | 91:Bharatpur(25.0%) | 112:Rajsamand(25.0%) | 117:Udaipur(25.0%),"{98: 50.0, 91: 25.0, 112: 25.0, 117: 25.0}",98,Dholpur,50.0,91.0,Bharatpur,25.0,25.0,MODERATE DISPARITY,0,
293843,Jodhpur-North,8,Rajasthan,"[342001, 342006, 342007, 342026, 342027, 342304]",6,1,107:Jodhpur(50.0%),{107: 50.0},107,Jodhpur,50.0,,,,50.0,HIGH DISPARITY,3,"[342006, 342007, 342026]"
248715,Todabhim,8,Rajasthan,"[313325, 321611]",2,3,108:Karauli(50.0%) | 112:Rajsamand(50.0%) | 117:Udaipur(50.0%),"{108: 50.0, 112: 50.0, 117: 50.0}",108,Karauli,50.0,112.0,Rajsamand,50.0,0.0,LOW DISPARITY,0,
248722,Bandikui,8,Rajasthan,"[303315, 313325]",2,3,97:Dausa(50.0%) | 112:Rajsamand(50.0%) | 117:Udaipur(50.0%),"{97: 50.0, 112: 50.0, 117: 50.0}",97,Dausa,50.0,112.0,Rajsamand,50.0,0.0,LOW DISPARITY,0,
248726,Lalsot,8,Rajasthan,"[303505, 313325]",2,3,97:Dausa(50.0%) | 112:Rajsamand(50.0%) | 117:Udaipur(50.0%),"{97: 50.0, 112: 50.0, 117: 50.0}",97,Dausa,50.0,112.0,Rajsamand,50.0,0.0,LOW DISPARITY,0,
248687,Chirawa,8,Rajasthan,"[313325, 328024, 328027, 333026]",4,4,98:Dholpur(50.0%) | 106:Jhunjhunu(25.0%) | 112:Rajsamand(25.0%) | 117:Udaipur(25.0%),"{98: 50.0, 106: 25.0, 112: 25.0, 117: 25.0}",98,Dholpur,50.0,106.0,Jhunjhunu,25.0,25.0,MODERATE DISPARITY,0,
248688,Surajgarh,8,Rajasthan,"[313325, 328024, 328027, 333029]",4,4,98:Dholpur(50.0%) | 106:Jhunjhunu(25.0%) | 112:Rajsamand(25.0%) | 117:Udaipur(25.0%),"{98: 50.0, 106: 25.0, 112: 25.0, 117: 25.0}",98,Dholpur,50.0,106.0,Jhunjhunu,25.0,25.0,MODERATE DISPARITY,0,
248690,Khetri,8,Rajasthan,"[313325, 333503]",2,3,106:Jhunjhunu(50.0%) | 112:Rajsamand(50.0%) | 117:Udaipur(50.0%),"{106: 50.0, 112: 50.0, 117: 50.0}",106,Jhunjhunu,50.0,112.0,Rajsamand,50.0,0.0,LOW DISPARITY,0,
296915,Laxmangarh (Alwar),8,Rajasthan,"[313325, 321607, 328024, 328027]",4,4,98:Dholpur(50.0%) | 87:Alwar(25.0%) | 112:Rajsamand(25.0%) | 117:Udaipur(25.0%),"{98: 50.0, 87: 25.0, 112: 25.0, 117: 25.0}",98,Dholpur,50.0,87.0,Alwar,25.0,25.0,MODERATE DISPARITY,0,
296916,Ramgarh (Alwar),8,Rajasthan,"[301026, 313325, 328024, 328027]",4,4,98:Dholpur(50.0%) | 87:Alwar(25.0%) | 112:Rajsamand(25.0%) | 117:Udaipur(25.0%),"{98: 50.0, 87: 25.0, 112: 25.0, 117: 25.0}",98,Dholpur,50.0,87.0,Alwar,25.0,25.0,MODERATE DISPARITY,0,
296923,Bansur,8,Rajasthan,"[301402, 313325, 328024, 328027]",4,4,98:Dholpur(50.0%) | 112:Rajsamand(25.0%) | 117:Udaipur(25.0%) | 782:Kotputli-Behror(25.0%),"{98: 50.0, 112: 25.0, 117: 25.0, 782: 25.0}",98,Dholpur,50.0,112.0,Rajsamand,25.0,25.0,MODERATE DISPARITY,0,
296924,Bhopalgarh,8,Rajasthan,"[313325, 328024, 328027, 342603]",4,4,98:Dholpur(50.0%) | 107:Jodhpur(25.0%) | 112:Rajsamand(25.0%) | 117:Udaipur(25.0%),"{98: 50.0, 107: 25.0, 112: 25.0, 117: 25.0}",98,Dholpur,50.0,107.0,Jodhpur,25.0,25.0,MODERATE DISPARITY,0,
296925,Bassi,8,Rajasthan,"[303012, 303301, 303302, 313325, 328024, 328027]",6,5,102:Jaipur(50.0%) | 98:Dholpur(33.33%) | 97:Dausa(16.67%) | 112:Rajsamand(16.67%) | 117:Udaipur(16.67%),"{102: 50.0, 98: 33.33, 97: 16.67, 112: 16.67, 117: 16.67}",102,Jaipur,50.0,98.0,Dholpur,33.33,16.67,MODERATE DISPARITY,0,
248691,Mukandgarh,8,Rajasthan,"[313325, 328024, 328027, 333705]",4,4,98:Dholpur(50.0%) | 106:Jhunjhunu(25.0%) | 112:Rajsamand(25.0%) | 117:Udaipur(25.0%),"{98: 50.0, 106: 25.0, 112: 25.0, 117: 25.0}",98,Dholpur,50.0,106.0,Jhunjhunu,25.0,25.0,MODERATE DISPARITY,0,
248692,Nawalgarh,8,Rajasthan,"[313325, 328024, 328027, 333042]",4,4,98:Dholpur(50.0%) | 106:Jhunjhunu(25.0%) | 112:Rajsamand(25.0%) | 117:Udaipur(25.0%),"{98: 50.0, 106: 25.0, 112: 25.0, 117: 25.0}",98,Dholpur,50.0,106.0,Jhunjhunu,25.0,25.0,MODERATE DISPARITY,0,
259710,Nilambur,32,Kerala,"[679329, 682301, 682304, 683104]",4,2,555:Ernakulam(50.0%) | 562:Malappuram(25.0%),"{555: 50.0, 562: 25.0}",555,Ernakulam,50.0,562.0,Malappuram,25.0,25.0,MODERATE DISPARITY,1,[683104]
259711,Nileshwar,32,Kerala,"[671314, 682301, 682304, 683104]",4,2,555:Ernakulam(50.0%) | 558:Kasaragod(25.0%),"{555: 50.0, 558: 25.0}",555,Ernakulam,50.0,558.0,Kasaragod,25.0,25.0,MODERATE DISPARITY,1,[683104]
262858,Shivalik Nagar,5,Uttarakhand,"[249401, 249403]",2,1,50:Haridwar(50.0%),{50: 50.0},50,Haridwar,50.0,,,,50.0,HIGH DISPARITY,1,[249403]
252887,T.Kallupatti,33,Tamil Nadu,"[625605, 625702]",2,2,578:Madurai(50.0%) | 588:Theni(50.0%),"{578: 50.0, 588: 50.0}",578,Madurai,50.0,588.0,Theni,50.0,0.0,LOW DISPARITY,0,
248693,Udaipurwati,8,Rajasthan,"[313325, 328024, 328027, 333307]",4,4,98:Dholpur(50.0%) | 106:Jhunjhunu(25.0%) | 112:Rajsamand(25.0%) | 117:Udaipur(25.0%),"{98: 50.0, 106: 25.0, 112: 25.0, 117: 25.0}",98,Dholpur,50.0,106.0,Jhunjhunu,25.0,25.0,MODERATE DISPARITY,0,
252962,Kovilpatti,33,Tamil Nadu,"[621305, 628501]",2,2,582:Pudukkottai(50.0%) | 591:Tiruchirappalli(50.0%),"{582: 50.0, 591: 50.0}",582,Pudukkottai,50.0,591.0,Tiruchirappalli,50.0,0.0,LOW DISPARITY,1,[628501]
252974,Perungulam,33,Tamil Nadu,"[623536, 628752]",2,2,583:Ramanathapuram(50.0%) | 594:Thoothukkudi(50.0%),"{583: 50.0, 594: 50.0}",583,Ramanathapuram,50.0,594.0,Thoothukkudi,50.0,0.0,LOW DISPARITY,0,
252987,Sivagiri,33,Tamil Nadu,"[627757, 638109]",2,2,573:Erode(50.0%) | 733:Tenkasi(50.0%),"{573: 50.0, 733: 50.0}",573,Erode,50.0,733.0,Tenkasi,50.0,0.0,LOW DISPARITY,0,
253073,Azhagiapandipuram,33,Tamil Nadu,"[627201, 629851]",2,2,575:Kanniyakumari(50.0%) | 592:Tirunelveli(50.0%),"{575: 50.0, 592: 50.0}",575,Kanniyakumari,50.0,592.0,Tirunelveli,50.0,0.0,LOW DISPARITY,0,
301435,Bhandarej,8,Rajasthan,"[303501, 313325, 328024, 328027]",4,4,98:Dholpur(50.0%) | 97:Dausa(25.0%) | 112:Rajsamand(25.0%) | 117:Udaipur(25.0%),"{98: 50.0, 97: 25.0, 112: 25.0, 117: 25.0}",98,Dholpur,50.0,97.0,Dausa,25.0,25.0,MODERATE DISPARITY,0,
253098,Port Blair,35,Andaman And Nicobar Islands,"[744101, 744102]",2,1,602:South Andamans(50.0%),{602: 50.0},602,South Andamans,50.0,,,,50.0,HIGH DISPARITY,1,[744102]
253114,Bhatgaon,22,Chhattisgarh,"[491001, 497235]",2,3,378:Durg(50.0%) | 388:Rajnandgaon(50.0%) | 648:Surajpur(50.0%),"{378: 50.0, 388: 50.0, 648: 50.0}",378,Durg,50.0,388.0,Rajnandgaon,50.0,0.0,LOW DISPARITY,0,
253118,Kusmi,22,Chhattisgarh,"[491335, 497224]",2,2,649:Balrampur-Ramanujganj(50.0%) | 650:Bemetara(50.0%),"{649: 50.0, 650: 50.0}",649,Balrampur-Ramanujganj,50.0,650.0,Bemetara,50.0,0.0,LOW DISPARITY,0,
253125,Silwani,23,Madhya Pradesh,"[461111, 464886]",2,2,409:Narmadapuram(50.0%) | 421:Raisen(50.0%),"{409: 50.0, 421: 50.0}",409,Narmadapuram,50.0,421.0,Raisen,50.0,0.0,LOW DISPARITY,0,
272885,Panoor,32,Kerala,"[670692, 682301, 682304, 683104]",4,2,555:Ernakulam(50.0%) | 557:Kannur(25.0%),"{555: 50.0, 557: 25.0}",555,Ernakulam,50.0,557.0,Kannur,25.0,25.0,MODERATE DISPARITY,1,[683104]
272890,Iritty,32,Kerala,"[670703, 682301, 682304, 683104]",4,2,555:Ernakulam(50.0%) | 557:Kannur(25.0%),"{555: 50.0, 557: 25.0}",555,Ernakulam,50.0,557.0,Kannur,25.0,25.0,MODERATE DISPARITY,1,[683104]
272891,Ettumanoor,32,Kerala,"[682301, 682304, 683104, 686631]",4,2,555:Ernakulam(50.0%) | 560:Kottayam(25.0%),"{555: 50.0, 560: 25.0}",555,Ernakulam,50.0,560.0,Kottayam,25.0,25.0,MODERATE DISPARITY,1,[683104]
272892,Erattupetta,32,Kerala,"[682301, 682304, 683104, 686121]",4,1,555:Ernakulam(50.0%),{555: 50.0},555,Ernakulam,50.0,,,,50.0,HIGH DISPARITY,2,"[683104, 686121]"
301439,Dooni,8,Rajasthan,"[304802, 313325, 328024, 328027]",4,4,98:Dholpur(50.0%) | 112:Rajsamand(25.0%) | 116:Tonk(25.0%) | 117:Udaipur(25.0%),"{98: 50.0, 112: 25.0, 116: 25.0, 117: 25.0}",98,Dholpur,50.0,112.0,Rajsamand,25.0,25.0,MODERATE DISPARITY,0,
272897,Koduvally,32,Kerala,"[673572, 682301, 682304, 683104]",4,2,555:Ernakulam(50.0%) | 561:Kozhikode(25.0%),"{555: 50.0, 561: 25.0}",555,Ernakulam,50.0,561.0,Kozhikode,25.0,25.0,MODERATE DISPARITY,1,[683104]
301440,Fhagi,8,Rajasthan,"[303005, 313325, 328024, 328027]",4,4,98:Dholpur(50.0%) | 102:Jaipur(25.0%) | 112:Rajsamand(25.0%) | 117:Udaipur(25.0%),"{98: 50.0, 102: 25.0, 112: 25.0, 117: 25.0}",98,Dholpur,50.0,102.0,Jaipur,25.0,25.0,MODERATE DISPARITY,0,
248728,Viratnagar,8,Rajasthan,"[303102, 313325, 328024, 328027]",4,4,98:Dholpur(50.0%) | 112:Rajsamand(25.0%) | 117:Udaipur(25.0%) | 782:Kotputli-Behror(25.0%),"{98: 50.0, 112: 25.0, 117: 25.0, 782: 25.0}",98,Dholpur,50.0,112.0,Rajsamand,25.0,25.0,MODERATE DISPARITY,0,
248732,Jobner,8,Rajasthan,"[303328, 313325, 328024, 328027]",4,4,98:Dholpur(50.0%) | 102:Jaipur(25.0%) | 112:Rajsamand(25.0%) | 117:Udaipur(25.0%),"{98: 50.0, 102: 25.0, 112: 25.0, 117: 25.0}",98,Dholpur,50.0,102.0,Jaipur,25.0,25.0,MODERATE DISPARITY,0,
248734,Phulera,8,Rajasthan,"[303338, 313325, 328024, 328027]",4,4,98:Dholpur(50.0%) | 102:Jaipur(25.0%) | 112:Rajsamand(25.0%) | 117:Udaipur(25.0%),"{98: 50.0, 102: 25.0, 112: 25.0, 117: 25.0}",98,Dholpur,50.0,102.0,Jaipur,25.0,25.0,MODERATE DISPARITY,0,
248735,Bagru,8,Rajasthan,"[303007, 313325, 328024, 328027]",4,4,98:Dholpur(50.0%) | 102:Jaipur(25.0%) | 112:Rajsamand(25.0%) | 117:Udaipur(25.0%),"{98: 50.0, 102: 25.0, 112: 25.0, 117: 25.0}",98,Dholpur,50.0,102.0,Jaipur,25.0,25.0,MODERATE DISPARITY,0,
248737,Chaksu,8,Rajasthan,"[303901, 313325, 328024, 328027]",4,4,98:Dholpur(50.0%) | 102:Jaipur(25.0%) | 112:Rajsamand(25.0%) | 117:Udaipur(25.0%),"{98: 50.0, 102: 25.0, 112: 25.0, 117: 25.0}",98,Dholpur,50.0,102.0,Jaipur,25.0,25.0,MODERATE DISPARITY,0,
248738,Ramgarh,8,Rajasthan,"[313325, 328024, 328027, 331024]",4,4,98:Dholpur(50.0%) | 112:Rajsamand(25.0%) | 114:Sikar(25.0%) | 117:Udaipur(25.0%),"{98: 50.0, 112: 25.0, 114: 25.0, 117: 25.0}",98,Dholpur,50.0,112.0,Rajsamand,25.0,25.0,MODERATE DISPARITY,0,
248739,Fatehpur,8,Rajasthan,"[313325, 328024, 328027, 332301]",4,4,98:Dholpur(50.0%) | 112:Rajsamand(25.0%) | 114:Sikar(25.0%) | 117:Udaipur(25.0%),"{98: 50.0, 112: 25.0, 114: 25.0, 117: 25.0}",98,Dholpur,50.0,112.0,Rajsamand,25.0,25.0,MODERATE DISPARITY,0,
248740,Lachhmangarh,8,Rajasthan,"[313325, 332311]",2,3,112:Rajsamand(50.0%) | 114:Sikar(50.0%) | 117:Udaipur(50.0%),"{112: 50.0, 114: 50.0, 117: 50.0}",112,Rajsamand,50.0,114.0,Sikar,50.0,0.0,LOW DISPARITY,0,
258033,Atmakur,28,Andhra Pradesh,"[518442, 524322]",2,2,515:Sri Potti Sriramulu Nellore(50.0%) | 755:Nandyal(50.0%),"{515: 50.0, 755: 50.0}",515,Sri Potti Sriramulu Nellore,50.0,755.0,Nandyal,50.0,0.0,LOW DISPARITY,0,
248742,Losal,8,Rajasthan,"[313325, 332025]",2,3,112:Rajsamand(50.0%) | 114:Sikar(50.0%) | 117:Udaipur(50.0%),"{112: 50.0, 114: 50.0, 117: 50.0}",112,Rajsamand,50.0,114.0,Sikar,50.0,0.0,LOW DISPARITY,0,
248745,Reengus,8,Rajasthan,"[313325, 328024, 328027, 332404]",4,4,98:Dholpur(50.0%) | 112:Rajsamand(25.0%) | 114:Sikar(25.0%) | 117:Udaipur(25.0%),"{98: 50.0, 112: 25.0, 114: 25.0, 117: 25.0}",98,Dholpur,50.0,112.0,Rajsamand,25.0,25.0,MODERATE DISPARITY,0,
272909,Wadakkanchery,32,Kerala,"[680581, 682301, 682304, 683104]",4,2,555:Ernakulam(50.0%) | 566:Thrissur(25.0%),"{555: 50.0, 566: 25.0}",555,Ernakulam,50.0,566.0,Thrissur,25.0,25.0,MODERATE DISPARITY,1,[683104]
272910,Mananthavady,32,Kerala,"[670645, 682301, 682304, 683104]",4,2,555:Ernakulam(50.0%) | 567:Wayanad(25.0%),"{555: 50.0, 567: 25.0}",555,Ernakulam,50.0,567.0,Wayanad,25.0,25.0,MODERATE DISPARITY,1,[683104]
272911,Sulthanbathery,32,Kerala,"[673592, 682301, 682304, 683104]",4,2,555:Ernakulam(50.0%) | 567:Wayanad(25.0%),"{555: 50.0, 567: 25.0}",555,Ernakulam,50.0,567.0,Wayanad,25.0,25.0,MODERATE DISPARITY,1,[683104]
272912,Parappanangadi,32,Kerala,"[676303, 682301, 682304, 683104]",4,2,555:Ernakulam(50.0%) | 562:Malappuram(25.0%),"{555: 50.0, 562: 25.0}",555,Ernakulam,50.0,562.0,Malappuram,25.0,25.0,MODERATE DISPARITY,1,[683104]
272915,Anthur,32,Kerala,"[670563, 682301, 682304, 683104]",4,2,555:Ernakulam(50.0%) | 557:Kannur(25.0%),"{555: 50.0, 557: 25.0}",555,Ernakulam,50.0,557.0,Kannur,25.0,25.0,MODERATE DISPARITY,1,[683104]
263007,Itawa,8,Rajasthan,"[313325, 325204, 328024, 328027]",4,4,98:Dholpur(50.0%) | 109:Kota(25.0%) | 112:Rajsamand(25.0%) | 117:Udaipur(25.0%),"{98: 50.0, 109: 25.0, 112: 25.0, 117: 25.0}",98,Dholpur,50.0,109.0,Kota,25.0,25.0,MODERATE DISPARITY,0,
263008,Roopbas,8,Rajasthan,"[313325, 321404, 328024, 328027]",4,4,98:Dholpur(50.0%) | 91:Bharatpur(25.0%) | 112:Rajsamand(25.0%) | 117:Udaipur(25.0%),"{98: 50.0, 91: 25.0, 112: 25.0, 117: 25.0}",98,Dholpur,50.0,91.0,Bharatpur,25.0,25.0,MODERATE DISPARITY,0,
265437,Parsa Bazar,10,Bihar,"[804453, 841219]",2,2,212:Patna(50.0%) | 218:Saran(50.0%),"{212: 50.0, 218: 50.0}",212,Patna,50.0,218.0,Saran,50.0,0.0,LOW DISPARITY,0,
266073,Kalamb Nagar Panchayat,27,Maharashtra,"[413507, 445401]",2,2,488:Dharashiv(50.0%) | 500:Yavatmal(50.0%),"{488: 50.0, 500: 50.0}",488,Dharashiv,50.0,500.0,Yavatmal,50.0,0.0,LOW DISPARITY,0,
272880,Harippad,32,Kerala,"[682301, 682304, 683104, 690514]",4,2,555:Ernakulam(50.0%) | 554:Alappuzha(25.0%),"{555: 50.0, 554: 25.0}",555,Ernakulam,50.0,554.0,Alappuzha,25.0,25.0,MODERATE DISPARITY,1,[683104]
248747,Ladnu,8,Rajasthan,"[313325, 328024, 328027, 341306]",4,4,98:Dholpur(50.0%) | 112:Rajsamand(25.0%) | 117:Udaipur(25.0%) | 768:Didwana-Kuchaman(25.0%),"{98: 50.0, 112: 25.0, 117: 25.0, 768: 25.0}",98,Dholpur,50.0,112.0,Rajsamand,25.0,25.0,MODERATE DISPARITY,0,
248751,Mundwa,8,Rajasthan,"[313325, 328024, 328027, 341026]",4,4,98:Dholpur(50.0%) | 110:Nagaur(25.0%) | 112:Rajsamand(25.0%) | 117:Udaipur(25.0%),"{98: 50.0, 110: 25.0, 112: 25.0, 117: 25.0}",98,Dholpur,50.0,110.0,Nagaur,25.0,25.0,MODERATE DISPARITY,0,
272883,Kattappana,32,Kerala,"[682301, 682304, 683104, 685508]",4,1,555:Ernakulam(50.0%),{555: 50.0},555,Ernakulam,50.0,,,,50.0,HIGH DISPARITY,2,"[683104, 685508]"
272884,Sreekandapuram,32,Kerala,"[670631, 682301, 682304, 683104]",4,2,555:Ernakulam(50.0%) | 557:Kannur(25.0%),"{555: 50.0, 557: 25.0}",555,Ernakulam,50.0,557.0,Kannur,25.0,25.0,MODERATE DISPARITY,1,[683104]
276313,Lohara (Bk),27,Maharashtra,"[413608, 445002]",2,2,488:Dharashiv(50.0%) | 500:Yavatmal(50.0%),"{488: 50.0, 500: 50.0}",488,Dharashiv,50.0,500.0,Yavatmal,50.0,0.0,LOW DISPARITY,0,
276348,Khanapur,27,Maharashtra,"[411025, 415307]",2,2,490:Pune(50.0%) | 493:Sangli(50.0%),"{490: 50.0, 493: 50.0}",490,Pune,50.0,493.0,Sangli,50.0,0.0,LOW DISPARITY,0,
276352,Kapali,20,Jharkhand,"[814101, 831012]",2,1,326:Dumka(50.0%),{326: 50.0},326,Dumka,50.0,,,,50.0,HIGH DISPARITY,1,[831012]
276400,East Delhi Municipal Corporation,7,Delhi,"[110031, 110032, 110051, 110053, 110090, 110093, 110094, 110095, 110096, 110151]",10,3,81:North East(50.0%) | 78:East(30.0%) | 80:North(10.0%),"{81: 50.0, 78: 30.0, 80: 10.0}",81,North East,50.0,78.0,East,30.0,20.0,MODERATE DISPARITY,3,"[110051, 110095, 110151]"
248752,Kuchera,8,Rajasthan,"[313325, 328024, 328027, 341024]",4,4,98:Dholpur(50.0%) | 110:Nagaur(25.0%) | 112:Rajsamand(25.0%) | 117:Udaipur(25.0%),"{98: 50.0, 110: 25.0, 112: 25.0, 117: 25.0}",98,Dholpur,50.0,110.0,Nagaur,25.0,25.0,MODERATE DISPARITY,0,
248753,Merta City,8,Rajasthan,"[313325, 328024, 328027, 341510]",4,4,98:Dholpur(50.0%) | 110:Nagaur(25.0%) | 112:Rajsamand(25.0%) | 117:Udaipur(25.0%),"{98: 50.0, 110: 25.0, 112: 25.0, 117: 25.0}",98,Dholpur,50.0,110.0,Nagaur,25.0,25.0,MODERATE DISPARITY,0,
277169,Mandvi Kachchh,24,Gujarat,"[370465, 387130]",2,2,449:Kachchh(50.0%) | 450:Kheda(50.0%),"{449: 50.0, 450: 50.0}",449,Kachchh,50.0,450.0,Kheda,50.0,0.0,LOW DISPARITY,0,
277186,Belhara,9,Uttar Pradesh,"[225305, 231312]",2,2,129:Bara Banki(50.0%) | 170:Mirzapur(50.0%),"{129: 50.0, 170: 50.0}",129,Bara Banki,50.0,170.0,Mirzapur,50.0,0.0,LOW DISPARITY,0,
272898,Mukkom,32,Kerala,"[673602, 682301, 682304, 683104]",4,2,555:Ernakulam(50.0%) | 561:Kozhikode(25.0%),"{555: 50.0, 561: 25.0}",555,Ernakulam,50.0,561.0,Kozhikode,25.0,25.0,MODERATE DISPARITY,1,[683104]
272899,Ramanattukara,32,Kerala,"[673633, 682301, 682304, 683104]",4,3,555:Ernakulam(50.0%) | 561:Kozhikode(25.0%) | 562:Malappuram(25.0%),"{555: 50.0, 561: 25.0, 562: 25.0}",555,Ernakulam,50.0,561.0,Kozhikode,25.0,25.0,MODERATE DISPARITY,1,[683104]
272900,Feroke,32,Kerala,"[673631, 682301, 682304, 683104]",4,2,555:Ernakulam(50.0%) | 561:Kozhikode(25.0%),"{555: 50.0, 561: 25.0}",555,Ernakulam,50.0,561.0,Kozhikode,25.0,25.0,MODERATE DISPARITY,1,[683104]
272901,Kondotty,32,Kerala,"[673638, 682301, 682304, 683104]",4,2,555:Ernakulam(50.0%) | 562:Malappuram(25.0%),"{555: 50.0, 562: 25.0}",555,Ernakulam,50.0,562.0,Malappuram,25.0,25.0,MODERATE DISPARITY,1,[683104]
248755,Parbatsar,8,Rajasthan,"[313325, 328024, 328027, 341512]",4,5,98:Dholpur(50.0%) | 110:Nagaur(25.0%) | 112:Rajsamand(25.0%) | 117:Udaipur(25.0%) | 768:Didwana-Kuchaman(25.0%),"{98: 50.0, 110: 25.0, 112: 25.0, 117: 25.0, 768: 25.0}",98,Dholpur,50.0,110.0,Nagaur,25.0,25.0,MODERATE DISPARITY,0,
272903,Tirurangadi,32,Kerala,"[676306, 682301, 682304, 683104]",4,2,555:Ernakulam(50.0%) | 562:Malappuram(25.0%),"{555: 50.0, 562: 25.0}",555,Ernakulam,50.0,562.0,Malappuram,25.0,25.0,MODERATE DISPARITY,1,[683104]
272904,Tanur,32,Kerala,"[676302, 682301, 682304, 683104]",4,2,555:Ernakulam(50.0%) | 562:Malappuram(25.0%),"{555: 50.0, 562: 25.0}",555,Ernakulam,50.0,562.0,Malappuram,25.0,25.0,MODERATE DISPARITY,1,[683104]
248757,Kuchaman City,8,Rajasthan,"[313325, 328024, 328027, 341508]",4,4,98:Dholpur(50.0%) | 112:Rajsamand(25.0%) | 117:Udaipur(25.0%) | 768:Didwana-Kuchaman(25.0%),"{98: 50.0, 112: 25.0, 117: 25.0, 768: 25.0}",98,Dholpur,50.0,112.0,Rajsamand,25.0,25.0,MODERATE DISPARITY,0,
277234,Pindwara,8,Rajasthan,"[307022, 313325, 328024, 328027]",4,4,98:Dholpur(50.0%) | 112:Rajsamand(25.0%) | 115:Sirohi(25.0%) | 117:Udaipur(25.0%),"{98: 50.0, 112: 25.0, 115: 25.0, 117: 25.0}",98,Dholpur,50.0,112.0,Rajsamand,25.0,25.0,MODERATE DISPARITY,0,
277235,Shahpura..(Bhilwara),8,Rajasthan,"[311404, 313325, 328024, 328027]",4,4,98:Dholpur(50.0%) | 92:Bhilwara(25.0%) | 112:Rajsamand(25.0%) | 117:Udaipur(25.0%),"{98: 50.0, 92: 25.0, 112: 25.0, 117: 25.0}",98,Dholpur,50.0,92.0,Bhilwara,25.0,25.0,MODERATE DISPARITY,0,
277531,Laalganj,9,Uttar Pradesh,"[230132, 231312]",2,2,170:Mirzapur(50.0%) | 174:Pratapgarh(50.0%),"{170: 50.0, 174: 50.0}",170,Mirzapur,50.0,174.0,Pratapgarh,50.0,0.0,LOW DISPARITY,0,
277601,Khatushyamji,8,Rajasthan,"[313325, 328024, 328027, 332602]",4,4,98:Dholpur(50.0%) | 112:Rajsamand(25.0%) | 114:Sikar(25.0%) | 117:Udaipur(25.0%),"{98: 50.0, 112: 25.0, 114: 25.0, 117: 25.0}",98,Dholpur,50.0,112.0,Rajsamand,25.0,25.0,MODERATE DISPARITY,0,
277602,Partapur -Garhi,8,Rajasthan,"[313325, 327024, 328024, 328027]",4,4,98:Dholpur(50.0%) | 88:Banswara(25.0%) | 112:Rajsamand(25.0%) | 117:Udaipur(25.0%),"{98: 50.0, 88: 25.0, 112: 25.0, 117: 25.0}",98,Dholpur,50.0,88.0,Banswara,25.0,25.0,MODERATE DISPARITY,0,
290149,Shamshabad,36,Telangana,"[500108, 501218]",2,1,518:Ranga Reddy(50.0%),{518: 50.0},518,Ranga Reddy,50.0,,,,50.0,HIGH DISPARITY,1,[500108]
290151,Bollaram,36,Telangana,"[500010, 502325]",2,3,507:Hyderabad(50.0%) | 691:Sangareddy(50.0%) | 700:Medchal Malkajgiri(50.0%),"{507: 50.0, 691: 50.0, 700: 50.0}",507,Hyderabad,50.0,691.0,Sangareddy,50.0,0.0,LOW DISPARITY,0,
290251,Dhakia,9,Uttar Pradesh,"[244401, 246762]",2,2,132:Bijnor(50.0%) | 171:Moradabad(50.0%),"{132: 50.0, 171: 50.0}",132,Bijnor,50.0,171.0,Moradabad,50.0,0.0,LOW DISPARITY,0,
290358,Kadegaon.,27,Maharashtra,"[415304, 441101]",2,2,484:Nagpur(50.0%) | 493:Sangli(50.0%),"{484: 50.0, 493: 50.0}",484,Nagpur,50.0,493.0,Sangli,50.0,0.0,LOW DISPARITY,0,
290382,Niwari,23,Madhya Pradesh,"[472442, 481776]",2,3,415:Mandla(50.0%) | 434:Tikamgarh(50.0%) | 722:Niwari(50.0%),"{415: 50.0, 434: 50.0, 722: 50.0}",415,Mandla,50.0,434.0,Tikamgarh,50.0,0.0,LOW DISPARITY,0,
290432,Thanagaji,8,Rajasthan,"[301022, 313325, 328024, 328027]",4,5,98:Dholpur(50.0%) | 87:Alwar(25.0%) | 112:Rajsamand(25.0%) | 117:Udaipur(25.0%) | 782:Kotputli-Behror(25.0%),"{98: 50.0, 87: 25.0, 112: 25.0, 117: 25.0, 782: 25.0}",98,Dholpur,50.0,87.0,Alwar,25.0,25.0,MODERATE DISPARITY,0,
290460,Rangpo (Np),11,Sikkim,"[737132, 737136]",2,1,741:Pakyong(50.0%),{741: 50.0},741,Pakyong,50.0,,,,50.0,HIGH DISPARITY,1,[737136]
273006,Haringhata,19,West Bengal,"[741246, 741252]",2,1,320:Nadia(50.0%),{320: 50.0},320,Nadia,50.0,,,,50.0,HIGH DISPARITY,1,[741252]
248758,Nawa,8,Rajasthan,"[313325, 328024, 328027, 341509]",4,4,98:Dholpur(50.0%) | 112:Rajsamand(25.0%) | 117:Udaipur(25.0%) | 768:Didwana-Kuchaman(25.0%),"{98: 50.0, 112: 25.0, 117: 25.0, 768: 25.0}",98,Dholpur,50.0,112.0,Rajsamand,25.0,25.0,MODERATE DISPARITY,0,
275729,Karjat,27,Maharashtra,"[410201, 414402]",2,2,466:Ahilyanagar(50.0%) | 491:Raigad(50.0%),"{466: 50.0, 491: 50.0}",466,Ahilyanagar,50.0,491.0,Raigad,50.0,0.0,LOW DISPARITY,0,
276293,Malegaon,27,Maharashtra,"[413115, 444503]",2,3,467:Akola(50.0%) | 490:Pune(50.0%) | 499:Washim(50.0%),"{467: 50.0, 490: 50.0, 499: 50.0}",467,Akola,50.0,490.0,Pune,50.0,0.0,LOW DISPARITY,0,
248050,Madhupur,20,Jharkhand,"[814101, 814112]",2,2,324:Deoghar(50.0%) | 326:Dumka(50.0%),"{324: 50.0, 326: 50.0}",324,Deoghar,50.0,326.0,Dumka,50.0,0.0,LOW DISPARITY,0,
248652,Sadulshahar,8,Rajasthan,"[313325, 328024, 328027, 335062]",4,5,98:Dholpur(50.0%) | 100:Ganganagar(25.0%) | 101:Hanumangarh(25.0%) | 112:Rajsamand(25.0%) | 117:Udaipur(25.0%),"{98: 50.0, 100: 25.0, 101: 25.0, 112: 25.0, 117: 25.0}",98,Dholpur,50.0,100.0,Ganganagar,25.0,25.0,MODERATE DISPARITY,0,
248653,Padampur,8,Rajasthan,"[313325, 328024, 328027, 335041]",4,4,98:Dholpur(50.0%) | 100:Ganganagar(25.0%) | 112:Rajsamand(25.0%) | 117:Udaipur(25.0%),"{98: 50.0, 100: 25.0, 112: 25.0, 117: 25.0}",98,Dholpur,50.0,100.0,Ganganagar,25.0,25.0,MODERATE DISPARITY,0,
248654,Gajsinghpur,8,Rajasthan,"[313325, 328024, 328027, 335024]",4,4,98:Dholpur(50.0%) | 100:Ganganagar(25.0%) | 112:Rajsamand(25.0%) | 117:Udaipur(25.0%),"{98: 50.0, 100: 25.0, 112: 25.0, 117: 25.0}",98,Dholpur,50.0,100.0,Ganganagar,25.0,25.0,MODERATE DISPARITY,0,
248655,Raisinghnagar,8,Rajasthan,"[313325, 328024, 328027, 335051]",4,5,98:Dholpur(50.0%) | 100:Ganganagar(25.0%) | 101:Hanumangarh(25.0%) | 112:Rajsamand(25.0%) | 117:Udaipur(25.0%),"{98: 50.0, 100: 25.0, 101: 25.0, 112: 25.0, 117: 25.0}",98,Dholpur,50.0,100.0,Ganganagar,25.0,25.0,MODERATE DISPARITY,0,
248656,Anupgarh,8,Rajasthan,"[313325, 328024, 328027, 335701]",4,4,98:Dholpur(50.0%) | 100:Ganganagar(25.0%) | 112:Rajsamand(25.0%) | 117:Udaipur(25.0%),"{98: 50.0, 100: 25.0, 112: 25.0, 117: 25.0}",98,Dholpur,50.0,100.0,Ganganagar,25.0,25.0,MODERATE DISPARITY,0,
248658,Srivijainagar,8,Rajasthan,"[313325, 328024, 328027, 335704]",4,5,98:Dholpur(50.0%) | 100:Ganganagar(25.0%) | 101:Hanumangarh(25.0%) | 112:Rajsamand(25.0%) | 117:Udaipur(25.0%),"{98: 50.0, 100: 25.0, 101: 25.0, 112: 25.0, 117: 25.0}",98,Dholpur,50.0,100.0,Ganganagar,25.0,25.0,MODERATE DISPARITY,0,
248660,Suratgarh,8,Rajasthan,"[313325, 328024, 328027, 335804]",4,5,98:Dholpur(50.0%) | 100:Ganganagar(25.0%) | 101:Hanumangarh(25.0%) | 112:Rajsamand(25.0%) | 117:Udaipur(25.0%),"{98: 50.0, 100: 25.0, 101: 25.0, 112: 25.0, 117: 25.0}",98,Dholpur,50.0,100.0,Ganganagar,25.0,25.0,MODERATE DISPARITY,0,
248663,Pilibanga,8,Rajasthan,"[313325, 328024, 328027, 335803]",4,5,98:Dholpur(50.0%) | 100:Ganganagar(25.0%) | 101:Hanumangarh(25.0%) | 112:Rajsamand(25.0%) | 117:Udaipur(25.0%),"{98: 50.0, 100: 25.0, 101: 25.0, 112: 25.0, 117: 25.0}",98,Dholpur,50.0,100.0,Ganganagar,25.0,25.0,MODERATE DISPARITY,0,
248664,Rawatsar,8,Rajasthan,"[313325, 335524]",2,4,100:Ganganagar(50.0%) | 101:Hanumangarh(50.0%) | 112:Rajsamand(50.0%) | 117:Udaipur(50.0%),"{100: 50.0, 101: 50.0, 112: 50.0, 117: 50.0}",100,Ganganagar,50.0,101.0,Hanumangarh,50.0,0.0,LOW DISPARITY,0,
248665,Nohar,8,Rajasthan,"[313325, 335523]",2,4,100:Ganganagar(50.0%) | 101:Hanumangarh(50.0%) | 112:Rajsamand(50.0%) | 117:Udaipur(50.0%),"{100: 50.0, 101: 50.0, 112: 50.0, 117: 50.0}",100,Ganganagar,50.0,101.0,Hanumangarh,50.0,0.0,LOW DISPARITY,0,
248666,Bhadra,8,Rajasthan,"[313325, 335501]",2,3,101:Hanumangarh(50.0%) | 112:Rajsamand(50.0%) | 117:Udaipur(50.0%),"{101: 50.0, 112: 50.0, 117: 50.0}",101,Hanumangarh,50.0,112.0,Rajsamand,50.0,0.0,LOW DISPARITY,0,
248668,Deshnoke,8,Rajasthan,"[313325, 328024, 328027, 334801]",4,4,98:Dholpur(50.0%) | 93:Bikaner(25.0%) | 112:Rajsamand(25.0%) | 117:Udaipur(25.0%),"{98: 50.0, 93: 25.0, 112: 25.0, 117: 25.0}",98,Dholpur,50.0,93.0,Bikaner,25.0,25.0,MODERATE DISPARITY,0,
248669,Nokha,8,Rajasthan,"[313325, 328024, 328027, 334803]",4,4,98:Dholpur(50.0%) | 93:Bikaner(25.0%) | 112:Rajsamand(25.0%) | 117:Udaipur(25.0%),"{98: 50.0, 93: 25.0, 112: 25.0, 117: 25.0}",98,Dholpur,50.0,93.0,Bikaner,25.0,25.0,MODERATE DISPARITY,0,
248670,Taranagar,8,Rajasthan,"[313325, 328024, 328027, 331304]",4,4,98:Dholpur(50.0%) | 96:Churu(25.0%) | 112:Rajsamand(25.0%) | 117:Udaipur(25.0%),"{98: 50.0, 96: 25.0, 112: 25.0, 117: 25.0}",98,Dholpur,50.0,96.0,Churu,25.0,25.0,MODERATE DISPARITY,0,
301911,Jamwa Ramgarh,8,Rajasthan,"[303109, 313325]",2,3,102:Jaipur(50.0%) | 112:Rajsamand(50.0%) | 117:Udaipur(50.0%),"{102: 50.0, 112: 50.0, 117: 50.0}",102,Jaipur,50.0,112.0,Rajsamand,50.0,0.0,LOW DISPARITY,0,
248052,Sahibganj,20,Jharkhand,"[814101, 816109]",2,2,326:Dumka(50.0%) | 340:Sahebganj(50.0%),"{326: 50.0, 340: 50.0}",326,Dumka,50.0,340.0,Sahebganj,50.0,0.0,LOW DISPARITY,0,
302253,Tinwari,8,Rajasthan,"[313325, 328024, 328027, 342306]",4,4,98:Dholpur(50.0%) | 107:Jodhpur(25.0%) | 112:Rajsamand(25.0%) | 117:Udaipur(25.0%),"{98: 50.0, 107: 25.0, 112: 25.0, 117: 25.0}",98,Dholpur,50.0,107.0,Jodhpur,25.0,25.0,MODERATE DISPARITY,0,
248759,Phalodi,8,Rajasthan,"[313325, 328024, 328027, 342301]",4,5,98:Dholpur(50.0%) | 103:Jaisalmer(25.0%) | 112:Rajsamand(25.0%) | 117:Udaipur(25.0%) | 772:Phalodi(25.0%),"{98: 50.0, 103: 25.0, 112: 25.0, 117: 25.0, 772: 25.0}",98,Dholpur,50.0,103.0,Jaisalmer,25.0,25.0,MODERATE DISPARITY,0,
302255,Dhod,8,Rajasthan,"[313325, 328024, 328027, 332002]",4,4,98:Dholpur(50.0%) | 112:Rajsamand(25.0%) | 114:Sikar(25.0%) | 117:Udaipur(25.0%),"{98: 50.0, 112: 25.0, 114: 25.0, 117: 25.0}",98,Dholpur,50.0,112.0,Rajsamand,25.0,25.0,MODERATE DISPARITY,0,
302257,Dhorimanna,8,Rajasthan,"[313325, 328024, 328027, 344704]",4,5,98:Dholpur(50.0%) | 90:Barmer(25.0%) | 112:Rajsamand(25.0%) | 117:Udaipur(25.0%) | 775:Balotra(25.0%),"{98: 50.0, 90: 25.0, 112: 25.0, 117: 25.0, 775: 25.0}",98,Dholpur,50.0,90.0,Barmer,25.0,25.0,MODERATE DISPARITY,0,
302258,Sultana,8,Rajasthan,"[313325, 328024, 328027, 333028]",4,4,98:Dholpur(50.0%) | 106:Jhunjhunu(25.0%) | 112:Rajsamand(25.0%) | 117:Udaipur(25.0%),"{98: 50.0, 106: 25.0, 112: 25.0, 117: 25.0}",98,Dholpur,50.0,106.0,Jhunjhunu,25.0,25.0,MODERATE DISPARITY,0,
302259,Peeplu,8,Rajasthan,"[304801, 313325, 328024, 328027]",4,4,98:Dholpur(50.0%) | 112:Rajsamand(25.0%) | 116:Tonk(25.0%) | 117:Udaipur(25.0%),"{98: 50.0, 112: 25.0, 116: 25.0, 117: 25.0}",98,Dholpur,50.0,112.0,Rajsamand,25.0,25.0,MODERATE DISPARITY,0,
301411,Baswa,8,Rajasthan,"[303327, 313325, 328024, 328027]",4,4,98:Dholpur(50.0%) | 97:Dausa(25.0%) | 112:Rajsamand(25.0%) | 117:Udaipur(25.0%),"{98: 50.0, 97: 25.0, 112: 25.0, 117: 25.0}",98,Dholpur,50.0,97.0,Dausa,25.0,25.0,MODERATE DISPARITY,0,
302262,Khandar,8,Rajasthan,"[313325, 322025, 328024, 328027]",4,4,98:Dholpur(50.0%) | 112:Rajsamand(25.0%) | 113:Sawai Madhopur(25.0%) | 117:Udaipur(25.0%),"{98: 50.0, 112: 25.0, 113: 25.0, 117: 25.0}",98,Dholpur,50.0,112.0,Rajsamand,25.0,25.0,MODERATE DISPARITY,0,
301412,Bap,8,Rajasthan,"[313325, 328024, 328027, 334305]",4,4,98:Dholpur(50.0%) | 93:Bikaner(25.0%) | 112:Rajsamand(25.0%) | 117:Udaipur(25.0%),"{98: 50.0, 93: 25.0, 112: 25.0, 117: 25.0}",98,Dholpur,50.0,93.0,Bikaner,25.0,25.0,MODERATE DISPARITY,0,
301414,Dei,8,Rajasthan,"[313325, 323802, 328024, 328027]",4,4,98:Dholpur(50.0%) | 94:Bundi(25.0%) | 112:Rajsamand(25.0%) | 117:Udaipur(25.0%),"{98: 50.0, 94: 25.0, 112: 25.0, 117: 25.0}",98,Dholpur,50.0,94.0,Bundi,25.0,25.0,MODERATE DISPARITY,0,
301417,Sawar,8,Rajasthan,"[305921, 313203]",2,3,112:Rajsamand(50.0%) | 117:Udaipur(50.0%) | 774:Beawar(50.0%),"{112: 50.0, 117: 50.0, 774: 50.0}",112,Rajsamand,50.0,117.0,Udaipur,50.0,0.0,LOW DISPARITY,0,
302860,Raipur,8,Rajasthan,"[306304, 326036]",2,3,105:Jhalawar(50.0%) | 111:Pali(50.0%) | 774:Beawar(50.0%),"{105: 50.0, 111: 50.0, 774: 50.0}",105,Jhalawar,50.0,111.0,Pali,50.0,0.0,LOW DISPARITY,0,
277231,Degana,8,Rajasthan,"[313325, 328024, 328027, 341503]",4,5,98:Dholpur(50.0%) | 110:Nagaur(25.0%) | 112:Rajsamand(25.0%) | 117:Udaipur(25.0%) | 768:Didwana-Kuchaman(25.0%),"{98: 50.0, 110: 25.0, 112: 25.0, 117: 25.0, 768: 25.0}",98,Dholpur,50.0,110.0,Nagaur,25.0,25.0,MODERATE DISPARITY,0,
277232,Nasirabad,8,Rajasthan,"[305601, 313325]",2,3,86:Ajmer(50.0%) | 112:Rajsamand(50.0%) | 117:Udaipur(50.0%),"{86: 50.0, 112: 50.0, 117: 50.0}",86,Ajmer,50.0,112.0,Rajsamand,50.0,0.0,LOW DISPARITY,0,
277233,Kishangarhbas,8,Rajasthan,"[301405, 313325, 328024, 328027]",4,4,98:Dholpur(50.0%) | 112:Rajsamand(25.0%) | 117:Udaipur(25.0%) | 770:Khairthal-Tijara(25.0%),"{98: 50.0, 112: 25.0, 117: 25.0, 770: 25.0}",98,Dholpur,50.0,112.0,Rajsamand,25.0,25.0,MODERATE DISPARITY,0,
250639,Bhilai,22,Chhattisgarh,"[490001, 490009, 490011, 490020, 490022, 490023, 490026]",7,1,378:Durg(42.86%),{378: 42.86},378,Durg,42.86,,,,42.86,HIGH DISPARITY,4,"[490001, 490009, 490022, 490026]"
251664,Hyderabad,36,Telangana,"[500001, 500002, 500003, 500004, 500005, 500006, 500008, 500009, 500010, 500011, 500012, 500013, 500015, 500018, 500019, 500023, 500024, 500026, 500027, 500028, 500029, 500030, 500031, 500032, 500033, 500034, 500035, 500036, 500038, 500039, 500041, 500044, 500045, 500046, 500048, 500051, 500052, 500053, 500057, 500058, 500059, 500060, 500063, 500064, 500065, 500066, 500068, 500069, 500070, 500073, 500074, 500076, 500077, 500079, 500081, 500082, 500084, 500086, 500096, 500098, 500102, 500110, 500111, 500114, 500115, 501505]",66,3,507:Hyderabad(42.42%) | 518:Ranga Reddy(13.64%) | 700:Medchal Malkajgiri(13.64%),"{507: 42.42, 518: 13.64, 700: 13.64}",507,Hyderabad,42.42,518.0,Ranga Reddy,13.64,28.78,MODERATE DISPARITY,26,"[500019, 500023, 500024, 500027, 500032, 500033, 500034, 500035, 500041, 500046, 500051, 500057, 500063, 500065, 500066, 500069, 500074, 500077, 500079, 500081, 500084, 500096, 500110, 500111, 500114, 500115]"
259707,Karunagappally,32,Kerala,"[682301, 682304, 683104, 690518, 690573]",5,2,555:Ernakulam(40.0%) | 559:Kollam(40.0%),"{555: 40.0, 559: 40.0}",555,Ernakulam,40.0,559.0,Kollam,40.0,0.0,LOW DISPARITY,1,[683104]
252112,Taliparamba,32,Kerala,"[670141, 670142, 682301, 682304, 683104]",5,2,555:Ernakulam(40.0%) | 557:Kannur(40.0%),"{555: 40.0, 557: 40.0}",555,Ernakulam,40.0,557.0,Kannur,40.0,0.0,LOW DISPARITY,1,[683104]
251731,Kakinada,28,Andhra Pradesh,"[533001, 533002, 533003, 533004, 533007]",5,1,746:Kakinada(40.0%),{746: 40.0},746,Kakinada,40.0,,,,40.0,HIGH DISPARITY,3,"[533001, 533003, 533007]"
272889,Kottarakkara,32,Kerala,"[682301, 682304, 683104, 691506, 691531]",5,2,555:Ernakulam(40.0%) | 559:Kollam(20.0%),"{555: 40.0, 559: 20.0}",555,Ernakulam,40.0,559.0,Kollam,20.0,20.0,MODERATE DISPARITY,2,"[683104, 691531]"
272908,Pandalam,32,Kerala,"[682301, 682304, 683104, 689501, 689503]",5,2,555:Ernakulam(40.0%) | 564:Pathanamthitta(40.0%),"{555: 40.0, 564: 40.0}",555,Ernakulam,40.0,564.0,Pathanamthitta,40.0,0.0,LOW DISPARITY,1,[683104]
250176,Serampore,19,West Bengal,"[712201, 712202, 712203, 712204, 712249]",5,1,312:Hooghly(40.0%),{312: 40.0},312,Hooghly,40.0,,,,40.0,HIGH DISPARITY,3,"[712201, 712202, 712249]"
299765,Mandawar,8,Rajasthan,"[301407, 313325, 325204, 328024, 328027]",5,5,98:Dholpur(40.0%) | 109:Kota(20.0%) | 112:Rajsamand(20.0%) | 117:Udaipur(20.0%) | 770:Khairthal-Tijara(20.0%),"{98: 40.0, 109: 20.0, 112: 20.0, 117: 20.0, 770: 20.0}",98,Dholpur,40.0,109.0,Kota,20.0,20.0,MODERATE DISPARITY,0,
302204,Gudhamalani,8,Rajasthan,"[305921, 313203, 328024, 328027, 344031]",5,6,98:Dholpur(40.0%) | 90:Barmer(20.0%) | 112:Rajsamand(20.0%) | 117:Udaipur(20.0%) | 774:Beawar(20.0%) | 775:Balotra(20.0%),"{98: 40.0, 90: 20.0, 112: 20.0, 117: 20.0, 774: 20.0, 775: 20.0}",98,Dholpur,40.0,90.0,Barmer,20.0,20.0,MODERATE DISPARITY,0,
248733,Sambhar,8,Rajasthan,"[303603, 303604, 313325, 328024, 328027]",5,4,98:Dholpur(40.0%) | 102:Jaipur(40.0%) | 112:Rajsamand(20.0%) | 117:Udaipur(20.0%),"{98: 40.0, 102: 40.0, 112: 20.0, 117: 20.0}",98,Dholpur,40.0,102.0,Jaipur,40.0,0.0,LOW DISPARITY,0,
248748,Didwana,8,Rajasthan,"[303511, 313325, 328024, 328027, 341303]",5,5,98:Dholpur(40.0%) | 97:Dausa(20.0%) | 112:Rajsamand(20.0%) | 117:Udaipur(20.0%) | 768:Didwana-Kuchaman(20.0%),"{98: 40.0, 97: 20.0, 112: 20.0, 117: 20.0, 768: 20.0}",98,Dholpur,40.0,97.0,Dausa,20.0,20.0,MODERATE DISPARITY,0,
248731,Kishangarh Renwal,8,Rajasthan,"[303602, 303603, 313325, 328024, 328027]",5,4,98:Dholpur(40.0%) | 102:Jaipur(40.0%) | 112:Rajsamand(20.0%) | 117:Udaipur(20.0%),"{98: 40.0, 102: 40.0, 112: 20.0, 117: 20.0}",98,Dholpur,40.0,102.0,Jaipur,40.0,0.0,LOW DISPARITY,0,
300322,Marwar Junction,8,Rajasthan,"[306001, 306301, 313325, 328024, 328027]",5,5,98:Dholpur(40.0%) | 774:Beawar(40.0%) | 111:Pali(20.0%) | 112:Rajsamand(20.0%) | 117:Udaipur(20.0%),"{98: 40.0, 774: 40.0, 111: 20.0, 112: 20.0, 117: 20.0}",98,Dholpur,40.0,774.0,Beawar,40.0,0.0,LOW DISPARITY,0,
248762,Bilara,8,Rajasthan,"[313325, 328024, 328027, 342602, 342605]",5,4,98:Dholpur(40.0%) | 107:Jodhpur(40.0%) | 112:Rajsamand(20.0%) | 117:Udaipur(20.0%),"{98: 40.0, 107: 40.0, 112: 20.0, 117: 20.0}",98,Dholpur,40.0,107.0,Jodhpur,40.0,0.0,LOW DISPARITY,0,
248661,Sangaria,8,Rajasthan,"[313325, 328024, 328027, 335063, 342013]",5,6,98:Dholpur(40.0%) | 100:Ganganagar(20.0%) | 101:Hanumangarh(20.0%) | 107:Jodhpur(20.0%) | 112:Rajsamand(20.0%) | 117:Udaipur(20.0%),"{98: 40.0, 100: 20.0, 101: 20.0, 107: 20.0, 112: 20.0, 117: 20.0}",98,Dholpur,40.0,100.0,Ganganagar,20.0,20.0,MODERATE DISPARITY,0,
250123,Halisahar,19,West Bengal,"[743134, 743135, 743136]",3,1,303:North 24 Parganas(33.33%),{303: 33.33},303,North 24 Parganas,33.33,,,,33.33,HIGH DISPARITY,2,"[743134, 743136]"
249234,Lucknow,9,Uttar Pradesh,"[226001, 226005, 226012, 226014, 226023, 226025]",6,1,162:Lucknow(33.33%),{162: 33.33},162,Lucknow,33.33,,,,33.33,HIGH DISPARITY,4,"[226001, 226014, 226023, 226025]"
249957,Siliguri,19,West Bengal,"[734001, 734002, 734004]",3,1,309:Darjeeling(33.33%),{309: 33.33},309,Darjeeling,33.33,,,,33.33,HIGH DISPARITY,2,"[734001, 734004]"
250172,Chandannagar,19,West Bengal,"[712136, 712137, 712138]",3,1,312:Hooghly(33.33%),{312: 33.33},312,Hooghly,33.33,,,,33.33,HIGH DISPARITY,2,"[712136, 712137]"
250173,Bhadreswar,19,West Bengal,"[712124, 712125, 712139]",3,1,312:Hooghly(33.33%),{312: 33.33},312,Hooghly,33.33,,,,33.33,HIGH DISPARITY,2,"[712125, 712139]"
250435,Jugsalai,20,Jharkhand,"[814101, 831002, 831003]",3,2,326:Dumka(33.33%) | 327:East Singhbum(33.33%),"{326: 33.33, 327: 33.33}",326,Dumka,33.33,327.0,East Singhbum,33.33,0.0,LOW DISPARITY,1,[831003]
250524,Puri,21,Odisha,"[752001, 752002, 752003]",3,1,369:Puri(33.33%),{369: 33.33},369,Puri,33.33,,,,33.33,HIGH DISPARITY,2,"[752001, 752003]"
252845,Keeranur,33,Tamil Nadu,"[622502, 638701, 639119]",3,3,576:Karur(33.33%) | 582:Pudukkottai(33.33%) | 634:Tiruppur(33.33%),"{576: 33.33, 582: 33.33, 634: 33.33}",576,Karur,33.33,582.0,Pudukkottai,33.33,0.0,LOW DISPARITY,0,
250132,Barrackpur,19,West Bengal,"[700120, 700122, 700123]",3,1,303:North 24 Parganas(33.33%),{303: 33.33},303,North 24 Parganas,33.33,,,,33.33,HIGH DISPARITY,2,"[700120, 700123]"
248756,Makrana,8,Rajasthan,"[305921, 313203, 341505]",3,4,112:Rajsamand(33.33%) | 117:Udaipur(33.33%) | 768:Didwana-Kuchaman(33.33%) | 774:Beawar(33.33%),"{112: 33.33, 117: 33.33, 768: 33.33, 774: 33.33}",112,Rajsamand,33.33,117.0,Udaipur,33.33,0.0,LOW DISPARITY,0,
248749,Nagaur,8,Rajasthan,"[305921, 313203, 341001]",3,5,110:Nagaur(33.33%) | 112:Rajsamand(33.33%) | 117:Udaipur(33.33%) | 768:Didwana-Kuchaman(33.33%) | 774:Beawar(33.33%),"{110: 33.33, 112: 33.33, 117: 33.33, 768: 33.33, 774: 33.33}",110,Nagaur,33.33,112.0,Rajsamand,33.33,0.0,LOW DISPARITY,0,
248767,Jalore,8,Rajasthan,"[305921, 313203, 343001]",3,4,104:Jalore(33.33%) | 112:Rajsamand(33.33%) | 117:Udaipur(33.33%) | 774:Beawar(33.33%),"{104: 33.33, 112: 33.33, 117: 33.33, 774: 33.33}",104,Jalore,33.33,112.0,Rajsamand,33.33,0.0,LOW DISPARITY,0,
248763,Jaisalmer,8,Rajasthan,"[305921, 313203, 345001]",3,5,103:Jaisalmer(33.33%) | 112:Rajsamand(33.33%) | 117:Udaipur(33.33%) | 772:Phalodi(33.33%) | 774:Beawar(33.33%),"{103: 33.33, 112: 33.33, 117: 33.33, 772: 33.33, 774: 33.33}",103,Jaisalmer,33.33,112.0,Rajsamand,33.33,0.0,LOW DISPARITY,0,
301408,Vallabhnagar,8,Rajasthan,"[301408, 305921, 313203]",3,4,87:Alwar(33.33%) | 112:Rajsamand(33.33%) | 117:Udaipur(33.33%) | 774:Beawar(33.33%),"{87: 33.33, 112: 33.33, 117: 33.33, 774: 33.33}",87,Alwar,33.33,112.0,Rajsamand,33.33,0.0,LOW DISPARITY,0,
301416,Raipur,8,Rajasthan,"[305921, 311803, 313203]",3,4,92:Bhilwara(33.33%) | 112:Rajsamand(33.33%) | 117:Udaipur(33.33%) | 774:Beawar(33.33%),"{92: 33.33, 112: 33.33, 117: 33.33, 774: 33.33}",92,Bhilwara,33.33,112.0,Rajsamand,33.33,0.0,LOW DISPARITY,0,
248858,Baran,8,Rajasthan,"[305921, 313203, 325205]",3,5,89:Baran(33.33%) | 109:Kota(33.33%) | 112:Rajsamand(33.33%) | 117:Udaipur(33.33%) | 774:Beawar(33.33%),"{89: 33.33, 109: 33.33, 112: 33.33, 117: 33.33, 774: 33.33}",89,Baran,33.33,109.0,Kota,33.33,0.0,LOW DISPARITY,0,
249662,Jagdishpur,10,Bihar,"[802158, 813105, 845459]",3,4,190:Banka(33.33%) | 192:Bhagalpur(33.33%) | 193:Bhojpur(33.33%) | 211:Pashchim Champaran(33.33%),"{190: 33.33, 192: 33.33, 193: 33.33, 211: 33.33}",190,Banka,33.33,192.0,Bhagalpur,33.33,0.0,LOW DISPARITY,0,
248835,Banswara,8,Rajasthan,"[305921, 313203, 327001]",3,4,88:Banswara(33.33%) | 112:Rajsamand(33.33%) | 117:Udaipur(33.33%) | 774:Beawar(33.33%),"{88: 33.33, 112: 33.33, 117: 33.33, 774: 33.33}",88,Banswara,33.33,112.0,Rajsamand,33.33,0.0,LOW DISPARITY,0,
248766,Barmer,8,Rajasthan,"[305921, 313203, 344001]",3,4,90:Barmer(33.33%) | 112:Rajsamand(33.33%) | 117:Udaipur(33.33%) | 774:Beawar(33.33%),"{90: 33.33, 112: 33.33, 117: 33.33, 774: 33.33}",90,Barmer,33.33,112.0,Rajsamand,33.33,0.0,LOW DISPARITY,0,
248812,Bhilwara,8,Rajasthan,"[305921, 311001, 313203]",3,4,92:Bhilwara(33.33%) | 112:Rajsamand(33.33%) | 117:Udaipur(33.33%) | 774:Beawar(33.33%),"{92: 33.33, 112: 33.33, 117: 33.33, 774: 33.33}",92,Bhilwara,33.33,112.0,Rajsamand,33.33,0.0,LOW DISPARITY,0,
248797,Tonk,8,Rajasthan,"[304001, 305921, 313203]",3,4,112:Rajsamand(33.33%) | 116:Tonk(33.33%) | 117:Udaipur(33.33%) | 774:Beawar(33.33%),"{112: 33.33, 116: 33.33, 117: 33.33, 774: 33.33}",112,Rajsamand,33.33,116.0,Tonk,33.33,0.0,LOW DISPARITY,0,
248806,Bundi,8,Rajasthan,"[305921, 313203, 323001]",3,4,94:Bundi(33.33%) | 112:Rajsamand(33.33%) | 117:Udaipur(33.33%) | 774:Beawar(33.33%),"{94: 33.33, 112: 33.33, 117: 33.33, 774: 33.33}",94,Bundi,33.33,112.0,Rajsamand,33.33,0.0,LOW DISPARITY,0,
301406,Lawan,8,Rajasthan,"[303004, 305921, 313203]",3,5,97:Dausa(33.33%) | 102:Jaipur(33.33%) | 112:Rajsamand(33.33%) | 117:Udaipur(33.33%) | 774:Beawar(33.33%),"{97: 33.33, 102: 33.33, 112: 33.33, 117: 33.33, 774: 33.33}",97,Dausa,33.33,102.0,Jaipur,33.33,0.0,LOW DISPARITY,0,
248839,Chittorgarh,8,Rajasthan,"[305921, 312001, 313203]",3,4,95:Chittorgarh(33.33%) | 112:Rajsamand(33.33%) | 117:Udaipur(33.33%) | 774:Beawar(33.33%),"{95: 33.33, 112: 33.33, 117: 33.33, 774: 33.33}",95,Chittorgarh,33.33,112.0,Rajsamand,33.33,0.0,LOW DISPARITY,0,
250133,Titagarh,19,West Bengal,"[700117, 700119, 700123]",3,1,303:North 24 Parganas(33.33%),{303: 33.33},303,North 24 Parganas,33.33,,,,33.33,HIGH DISPARITY,2,"[700117, 700123]"
274814,Ramgarh Nagar Parishad,20,Jharkhand,"[814101, 829122, 829130]",3,2,326:Dumka(33.33%) | 607:Ramgarh(33.33%),"{326: 33.33, 607: 33.33}",326,Dumka,33.33,607.0,Ramgarh,33.33,0.0,LOW DISPARITY,1,[829130]
296922,Paota-Pragpura,8,Rajasthan,"[303104, 303106, 313325]",3,4,102:Jaipur(33.33%) | 112:Rajsamand(33.33%) | 117:Udaipur(33.33%) | 782:Kotputli-Behror(33.33%),"{102: 33.33, 112: 33.33, 117: 33.33, 782: 33.33}",102,Jaipur,33.33,112.0,Rajsamand,33.33,0.0,LOW DISPARITY,0,
277318,Aizawl Municipal Co-Operation,15,Mizoram,"[796001, 796004, 796005, 796007, 796008, 796009, 796012, 796014, 796017]",9,2,261:Aizawl(33.33%) | 727:Saitual(11.11%),"{261: 33.33, 727: 11.11}",261,Aizawl,33.33,727.0,Saitual,11.11,22.22,MODERATE DISPARITY,6,"[796004, 796007, 796008, 796009, 796012, 796014]"
248651,Sri Ganganagar,8,Rajasthan,"[305921, 313203, 335001]",3,4,100:Ganganagar(33.33%) | 112:Rajsamand(33.33%) | 117:Udaipur(33.33%) | 774:Beawar(33.33%),"{100: 33.33, 112: 33.33, 117: 33.33, 774: 33.33}",100,Ganganagar,33.33,112.0,Rajsamand,33.33,0.0,LOW DISPARITY,0,
302222,Mandhan,8,Rajasthan,"[301704, 305921, 313203]",3,4,112:Rajsamand(33.33%) | 117:Udaipur(33.33%) | 774:Beawar(33.33%) | 782:Kotputli-Behror(33.33%),"{112: 33.33, 117: 33.33, 774: 33.33, 782: 33.33}",112,Rajsamand,33.33,117.0,Udaipur,33.33,0.0,LOW DISPARITY,0,
302612,Malsisar,8,Rajasthan,"[305921, 313203, 331028]",3,4,106:Jhunjhunu(33.33%) | 112:Rajsamand(33.33%) | 117:Udaipur(33.33%) | 774:Beawar(33.33%),"{106: 33.33, 112: 33.33, 117: 33.33, 774: 33.33}",106,Jhunjhunu,33.33,112.0,Rajsamand,33.33,0.0,LOW DISPARITY,0,
248683,Jhunjhunun,8,Rajasthan,"[305921, 313203, 333001]",3,4,106:Jhunjhunu(33.33%) | 112:Rajsamand(33.33%) | 117:Udaipur(33.33%) | 774:Beawar(33.33%),"{106: 33.33, 112: 33.33, 117: 33.33, 774: 33.33}",106,Jhunjhunu,33.33,112.0,Rajsamand,33.33,0.0,LOW DISPARITY,0,
248680,Sujangarh,8,Rajasthan,"[305921, 313203, 331507]",3,4,96:Churu(33.33%) | 112:Rajsamand(33.33%) | 117:Udaipur(33.33%) | 774:Beawar(33.33%),"{96: 33.33, 112: 33.33, 117: 33.33, 774: 33.33}",96,Churu,33.33,112.0,Rajsamand,33.33,0.0,LOW DISPARITY,0,
301905,Narayanpur,8,Rajasthan,"[301024, 305921, 313203]",3,4,112:Rajsamand(33.33%) | 117:Udaipur(33.33%) | 774:Beawar(33.33%) | 782:Kotputli-Behror(33.33%),"{112: 33.33, 117: 33.33, 774: 33.33, 782: 33.33}",112,Rajsamand,33.33,117.0,Udaipur,33.33,0.0,LOW DISPARITY,0,
248713,Dhaulpur,8,Rajasthan,"[305921, 313203, 328001]",3,4,98:Dholpur(33.33%) | 112:Rajsamand(33.33%) | 117:Udaipur(33.33%) | 774:Beawar(33.33%),"{98: 33.33, 112: 33.33, 117: 33.33, 774: 33.33}",98,Dholpur,33.33,112.0,Rajsamand,33.33,0.0,LOW DISPARITY,0,
248718,Gangapur City,8,Rajasthan,"[305921, 313203, 322201]",3,4,112:Rajsamand(33.33%) | 113:Sawai Madhopur(33.33%) | 117:Udaipur(33.33%) | 774:Beawar(33.33%),"{112: 33.33, 113: 33.33, 117: 33.33, 774: 33.33}",112,Rajsamand,33.33,113.0,Sawai Madhopur,33.33,0.0,LOW DISPARITY,0,
248720,Sawai Madhopur,8,Rajasthan,"[305921, 313203, 322001]",3,4,112:Rajsamand(33.33%) | 113:Sawai Madhopur(33.33%) | 117:Udaipur(33.33%) | 774:Beawar(33.33%),"{112: 33.33, 113: 33.33, 117: 33.33, 774: 33.33}",112,Rajsamand,33.33,113.0,Sawai Madhopur,33.33,0.0,LOW DISPARITY,0,
248716,Hindaun City,8,Rajasthan,"[305921, 313203, 322230]",3,4,108:Karauli(33.33%) | 112:Rajsamand(33.33%) | 117:Udaipur(33.33%) | 774:Beawar(33.33%),"{108: 33.33, 112: 33.33, 117: 33.33, 774: 33.33}",108,Karauli,33.33,112.0,Rajsamand,33.33,0.0,LOW DISPARITY,0,
248717,Karauli,8,Rajasthan,"[305921, 313203, 322241]",3,4,108:Karauli(33.33%) | 112:Rajsamand(33.33%) | 117:Udaipur(33.33%) | 774:Beawar(33.33%),"{108: 33.33, 112: 33.33, 117: 33.33, 774: 33.33}",108,Karauli,33.33,112.0,Rajsamand,33.33,0.0,LOW DISPARITY,0,
248699,Alwar,8,Rajasthan,"[301001, 305921, 313203]",3,5,87:Alwar(33.33%) | 112:Rajsamand(33.33%) | 117:Udaipur(33.33%) | 774:Beawar(33.33%) | 782:Kotputli-Behror(33.33%),"{87: 33.33, 112: 33.33, 117: 33.33, 774: 33.33, 782: 33.33}",87,Alwar,33.33,112.0,Rajsamand,33.33,0.0,LOW DISPARITY,0,
248705,Deeg,8,Rajasthan,"[305921, 313203, 321203]",3,5,91:Bharatpur(33.33%) | 112:Rajsamand(33.33%) | 117:Udaipur(33.33%) | 767:Deeg(33.33%) | 774:Beawar(33.33%),"{91: 33.33, 112: 33.33, 117: 33.33, 767: 33.33, 774: 33.33}",91,Bharatpur,33.33,112.0,Rajsamand,33.33,0.0,LOW DISPARITY,0,
301451,Sikaray,8,Rajasthan,"[303508, 305921, 313203]",3,4,97:Dausa(33.33%) | 112:Rajsamand(33.33%) | 117:Udaipur(33.33%) | 774:Beawar(33.33%),"{97: 33.33, 112: 33.33, 117: 33.33, 774: 33.33}",97,Dausa,33.33,112.0,Rajsamand,33.33,0.0,LOW DISPARITY,0,
301457,Hindoli,8,Rajasthan,"[305921, 313203, 323023]",3,4,94:Bundi(33.33%) | 112:Rajsamand(33.33%) | 117:Udaipur(33.33%) | 774:Beawar(33.33%),"{94: 33.33, 112: 33.33, 117: 33.33, 774: 33.33}",94,Bundi,33.33,112.0,Rajsamand,33.33,0.0,LOW DISPARITY,0,
301900,Tinwari,8,Rajasthan,"[305921, 313203, 342306]",3,4,107:Jodhpur(33.33%) | 112:Rajsamand(33.33%) | 117:Udaipur(33.33%) | 774:Beawar(33.33%),"{107: 33.33, 112: 33.33, 117: 33.33, 774: 33.33}",107,Jodhpur,33.33,112.0,Rajsamand,33.33,0.0,LOW DISPARITY,0,
248673,Churu,8,Rajasthan,"[305921, 313203, 331001]",3,4,96:Churu(33.33%) | 112:Rajsamand(33.33%) | 117:Udaipur(33.33%) | 774:Beawar(33.33%),"{96: 33.33, 112: 33.33, 117: 33.33, 774: 33.33}",96,Churu,33.33,112.0,Rajsamand,33.33,0.0,LOW DISPARITY,0,
248725,Dausa,8,Rajasthan,"[303303, 305921, 313203]",3,5,97:Dausa(33.33%) | 102:Jaipur(33.33%) | 112:Rajsamand(33.33%) | 117:Udaipur(33.33%) | 774:Beawar(33.33%),"{97: 33.33, 102: 33.33, 112: 33.33, 117: 33.33, 774: 33.33}",97,Dausa,33.33,102.0,Jaipur,33.33,0.0,LOW DISPARITY,0,
248695,Bhiwadi,8,Rajasthan,"[301019, 305921, 313203]",3,4,112:Rajsamand(33.33%) | 117:Udaipur(33.33%) | 770:Khairthal-Tijara(33.33%) | 774:Beawar(33.33%),"{112: 33.33, 117: 33.33, 770: 33.33, 774: 33.33}",112,Rajsamand,33.33,117.0,Udaipur,33.33,0.0,LOW DISPARITY,0,
301914,Diggi,8,Rajasthan,"[304504, 305921, 313203]",3,4,112:Rajsamand(33.33%) | 116:Tonk(33.33%) | 117:Udaipur(33.33%) | 774:Beawar(33.33%),"{112: 33.33, 116: 33.33, 117: 33.33, 774: 33.33}",112,Rajsamand,33.33,116.0,Tonk,33.33,0.0,LOW DISPARITY,0,
301915,Bijoliya,8,Rajasthan,"[305921, 311602, 313203]",3,4,92:Bhilwara(33.33%) | 112:Rajsamand(33.33%) | 117:Udaipur(33.33%) | 774:Beawar(33.33%),"{92: 33.33, 112: 33.33, 117: 33.33, 774: 33.33}",92,Bhilwara,33.33,112.0,Rajsamand,33.33,0.0,LOW DISPARITY,0,
302181,Chohtan,8,Rajasthan,"[305921, 313203, 344702]",3,4,90:Barmer(33.33%) | 112:Rajsamand(33.33%) | 117:Udaipur(33.33%) | 774:Beawar(33.33%),"{90: 33.33, 112: 33.33, 117: 33.33, 774: 33.33}",90,Barmer,33.33,112.0,Rajsamand,33.33,0.0,LOW DISPARITY,0,
248662,Hanumangarh,8,Rajasthan,"[305921, 313203, 335512]",3,5,100:Ganganagar(33.33%) | 101:Hanumangarh(33.33%) | 112:Rajsamand(33.33%) | 117:Udaipur(33.33%) | 774:Beawar(33.33%),"{100: 33.33, 101: 33.33, 112: 33.33, 117: 33.33, 774: 33.33}",100,Ganganagar,33.33,101.0,Hanumangarh,33.33,0.0,LOW DISPARITY,0,
301910,Kuri Bhagtasani,8,Rajasthan,"[305921, 313203, 342005]",3,4,107:Jodhpur(33.33%) | 112:Rajsamand(33.33%) | 117:Udaipur(33.33%) | 774:Beawar(33.33%),"{107: 33.33, 112: 33.33, 117: 33.33, 774: 33.33}",107,Jodhpur,33.33,112.0,Rajsamand,33.33,0.0,LOW DISPARITY,0,
301912,Jakhal,8,Rajasthan,"[305921, 313203, 333305]",3,4,106:Jhunjhunu(33.33%) | 112:Rajsamand(33.33%) | 117:Udaipur(33.33%) | 774:Beawar(33.33%),"{106: 33.33, 112: 33.33, 117: 33.33, 774: 33.33}",106,Jhunjhunu,33.33,112.0,Rajsamand,33.33,0.0,LOW DISPARITY,0,
248771,Sirohi,8,Rajasthan,"[305921, 307001, 313203]",3,4,112:Rajsamand(33.33%) | 115:Sirohi(33.33%) | 117:Udaipur(33.33%) | 774:Beawar(33.33%),"{112: 33.33, 115: 33.33, 117: 33.33, 774: 33.33}",112,Rajsamand,33.33,115.0,Sirohi,33.33,0.0,LOW DISPARITY,0,
248778,Pali,8,Rajasthan,"[305921, 306401, 313203]",3,4,111:Pali(33.33%) | 112:Rajsamand(33.33%) | 117:Udaipur(33.33%) | 774:Beawar(33.33%),"{111: 33.33, 112: 33.33, 117: 33.33, 774: 33.33}",111,Pali,33.33,112.0,Rajsamand,33.33,0.0,LOW DISPARITY,0,
248727,Kotputli,8,Rajasthan,"[303108, 305921, 313203]",3,4,112:Rajsamand(33.33%) | 117:Udaipur(33.33%) | 774:Beawar(33.33%) | 782:Kotputli-Behror(33.33%),"{112: 33.33, 117: 33.33, 774: 33.33, 782: 33.33}",112,Rajsamand,33.33,117.0,Udaipur,33.33,0.0,LOW DISPARITY,0,
301415,Kathumar,8,Rajasthan,"[301415, 305921, 313203]",3,4,87:Alwar(33.33%) | 112:Rajsamand(33.33%) | 117:Udaipur(33.33%) | 774:Beawar(33.33%),"{87: 33.33, 112: 33.33, 117: 33.33, 774: 33.33}",87,Alwar,33.33,112.0,Rajsamand,33.33,0.0,LOW DISPARITY,0,
301410,Ramgarh Pachwara,8,Rajasthan,"[303510, 305921, 313203]",3,4,97:Dausa(33.33%) | 112:Rajsamand(33.33%) | 117:Udaipur(33.33%) | 774:Beawar(33.33%),"{97: 33.33, 112: 33.33, 117: 33.33, 774: 33.33}",97,Dausa,33.33,112.0,Rajsamand,33.33,0.0,LOW DISPARITY,0,
301413,Mandrayal,8,Rajasthan,"[305921, 313203, 322251]",3,4,108:Karauli(33.33%) | 112:Rajsamand(33.33%) | 117:Udaipur(33.33%) | 774:Beawar(33.33%),"{108: 33.33, 112: 33.33, 117: 33.33, 774: 33.33}",108,Karauli,33.33,112.0,Rajsamand,33.33,0.0,LOW DISPARITY,0,
301438,Dudu,8,Rajasthan,"[303008, 305921, 313203]",3,4,102:Jaipur(33.33%) | 112:Rajsamand(33.33%) | 117:Udaipur(33.33%) | 774:Beawar(33.33%),"{102: 33.33, 112: 33.33, 117: 33.33, 774: 33.33}",102,Jaipur,33.33,112.0,Rajsamand,33.33,0.0,LOW DISPARITY,0,
248741,Sikar,8,Rajasthan,"[305921, 313203, 332001]",3,4,112:Rajsamand(33.33%) | 114:Sikar(33.33%) | 117:Udaipur(33.33%) | 774:Beawar(33.33%),"{112: 33.33, 114: 33.33, 117: 33.33, 774: 33.33}",112,Rajsamand,33.33,114.0,Sikar,33.33,0.0,LOW DISPARITY,0,
248862,Jhalawar,8,Rajasthan,"[305921, 313203, 326001]",3,4,105:Jhalawar(33.33%) | 112:Rajsamand(33.33%) | 117:Udaipur(33.33%) | 774:Beawar(33.33%),"{105: 33.33, 112: 33.33, 117: 33.33, 774: 33.33}",105,Jhalawar,33.33,112.0,Rajsamand,33.33,0.0,LOW DISPARITY,0,
248831,Dungarpur,8,Rajasthan,"[305921, 313203, 314001]",3,4,99:Dungarpur(33.33%) | 112:Rajsamand(33.33%) | 117:Udaipur(33.33%) | 774:Beawar(33.33%),"{99: 33.33, 112: 33.33, 117: 33.33, 774: 33.33}",99,Dungarpur,33.33,112.0,Rajsamand,33.33,0.0,LOW DISPARITY,0,
302182,Lunkaransar,8,Rajasthan,"[305921, 313203, 334603]",3,4,93:Bikaner(33.33%) | 112:Rajsamand(33.33%) | 117:Udaipur(33.33%) | 774:Beawar(33.33%),"{93: 33.33, 112: 33.33, 117: 33.33, 774: 33.33}",93,Bikaner,33.33,112.0,Rajsamand,33.33,0.0,LOW DISPARITY,0,
302205,Khandar,8,Rajasthan,"[305921, 313203, 322025]",3,4,112:Rajsamand(33.33%) | 113:Sawai Madhopur(33.33%) | 117:Udaipur(33.33%) | 774:Beawar(33.33%),"{112: 33.33, 113: 33.33, 117: 33.33, 774: 33.33}",112,Rajsamand,33.33,113.0,Sawai Madhopur,33.33,0.0,LOW DISPARITY,0,
302206,Pahari ,8,Rajasthan,"[305921, 313203, 321024]",3,4,112:Rajsamand(33.33%) | 117:Udaipur(33.33%) | 767:Deeg(33.33%) | 774:Beawar(33.33%),"{112: 33.33, 117: 33.33, 767: 33.33, 774: 33.33}",112,Rajsamand,33.33,117.0,Udaipur,33.33,0.0,LOW DISPARITY,0,
302180,Napasar,8,Rajasthan,"[305921, 313203, 334201]",3,4,93:Bikaner(33.33%) | 112:Rajsamand(33.33%) | 117:Udaipur(33.33%) | 774:Beawar(33.33%),"{93: 33.33, 112: 33.33, 117: 33.33, 774: 33.33}",93,Bikaner,33.33,112.0,Rajsamand,33.33,0.0,LOW DISPARITY,0,
248056,Chas,20,Jharkhand,"[827001, 827012, 827013]",3,1,322:Bokaro(33.33%),{322: 33.33},322,Bokaro,33.33,,,,33.33,HIGH DISPARITY,2,"[827001, 827012]"
301909,Lambaharising,8,Rajasthan,"[304503, 305921, 313203]",3,4,112:Rajsamand(33.33%) | 116:Tonk(33.33%) | 117:Udaipur(33.33%) | 774:Beawar(33.33%),"{112: 33.33, 116: 33.33, 117: 33.33, 774: 33.33}",112,Rajsamand,33.33,116.0,Tonk,33.33,0.0,LOW DISPARITY,0,
301913,Dundlod,8,Rajasthan,"[305921, 313203, 333702]",3,4,106:Jhunjhunu(33.33%) | 112:Rajsamand(33.33%) | 117:Udaipur(33.33%) | 774:Beawar(33.33%),"{106: 33.33, 112: 33.33, 117: 33.33, 774: 33.33}",106,Jhunjhunu,33.33,112.0,Rajsamand,33.33,0.0,LOW DISPARITY,0,
252045,Mysuru,29,Karnataka,"[570001, 570002, 570003, 570004, 570005, 570006, 570007, 570008, 570009, 570010, 570011, 570012, 570015, 570016, 570017, 570018, 570019, 570020, 570022, 570023, 570025, 570026, 570027, 570028, 570029, 570030, 570031, 570032, 570033, 570034]",30,1,545:Mysuru(30.0%),{545: 30.0},545,Mysuru,30.0,,,,30.0,MODERATE DISPARITY,21,"[570001, 570002, 570004, 570005, 570006, 570007, 570009, 570011, 570012, 570015, 570016, 570017, 570020, 570022, 570023, 570025, 570027, 570029, 570031, 570032, 570034]"
250543,Berhampur,21,Odisha,"[760001, 760002, 760003, 760004, 760005, 760006, 760008, 760009, 760010, 760011]",10,1,354:Ganjam(30.0%),{354: 30.0},354,Ganjam,30.0,,,,30.0,MODERATE DISPARITY,7,"[760001, 760004, 760005, 760006, 760008, 760009, 760011]"
250520,Bhubaneswar,21,Odisha,"[751001, 751002, 751003, 751004, 751005, 751006, 751007, 751008, 751009, 751010, 751011, 751012, 751013, 751014, 751015, 751016, 751017, 751018, 751019, 751020, 751021, 751022, 751023, 751024, 751025, 751028, 751029, 751030, 751031, 751032]",30,2,362:Khordha(30.0%) | 369:Puri(3.33%),"{362: 30.0, 369: 3.33}",362,Khordha,30.0,369.0,Puri,3.33,26.67,MODERATE DISPARITY,21,"[751001, 751003, 751004, 751005, 751006, 751007, 751008, 751009, 751010, 751011, 751012, 751013, 751014, 751015, 751016, 751018, 751020, 751022, 751023, 751025, 751032]"
252252,Pathanamthitta,32,Kerala,"[682301, 682304, 683104, 689645, 689653, 689668, 689698]",7,2,555:Ernakulam(28.57%) | 564:Pathanamthitta(14.29%),"{555: 28.57, 564: 14.29}",555,Ernakulam,28.57,564.0,Pathanamthitta,14.29,14.28,MODERATE DISPARITY,4,"[683104, 689645, 689653, 689698]"
250247,Howrah,19,West Bengal,"[711101, 711102, 711103, 711104, 711105, 711106, 711107, 711108, 711109, 711110, 711111, 711112, 711113, 711114, 711302]",15,1,313:Howrah(26.67%),{313: 26.67},313,Howrah,26.67,,,,26.67,MODERATE DISPARITY,11,"[711101, 711102, 711103, 711105, 711106, 711107, 711108, 711110, 711111, 711112, 711113]"
252833,Thanjavur,33,Tamil Nadu,"[613001, 613007, 613008, 613009]",4,1,586:Thanjavur(25.0%),{586: 25.0},586,Thanjavur,25.0,,,,25.0,MODERATE DISPARITY,3,"[613007, 613008, 613009]"
250138,Panihati,19,West Bengal,"[700109, 700110, 700111, 700112, 700113, 700114, 700115, 700118]",8,1,303:North 24 Parganas(25.0%),{303: 25.0},303,North 24 Parganas,25.0,,,,25.0,MODERATE DISPARITY,6,"[700109, 700111, 700112, 700114, 700115, 700118]"
249242,Lalganj,9,Uttar Pradesh,"[229206, 231211, 272171, 276202]",4,5,123:Azamgarh(25.0%) | 131:Basti(25.0%) | 170:Mirzapur(25.0%) | 175:Rae Bareli(25.0%) | 178:Sant Kabir Nagar(25.0%),"{123: 25.0, 131: 25.0, 170: 25.0, 175: 25.0, 178: 25.0}",123,Azamgarh,25.0,131.0,Basti,25.0,0.0,LOW DISPARITY,0,
250125,Bhatpara,19,West Bengal,"[743123, 743124, 743125, 743126, 743127, 743128, 743129, 743194]",8,1,303:North 24 Parganas(25.0%),{303: 25.0},303,North 24 Parganas,25.0,,,,25.0,MODERATE DISPARITY,6,"[743123, 743124, 743125, 743128, 743129, 743194]"
250179,Uttarpara Kotrung,19,West Bengal,"[712232, 712233, 712245, 712258]",4,1,312:Hooghly(25.0%),{312: 25.0},312,Hooghly,25.0,,,,25.0,MODERATE DISPARITY,3,"[712232, 712233, 712258]"
301409,Singhana,8,Rajasthan,"[301409, 305921, 313203, 333516]",4,5,87:Alwar(25.0%) | 106:Jhunjhunu(25.0%) | 112:Rajsamand(25.0%) | 117:Udaipur(25.0%) | 774:Beawar(25.0%),"{87: 25.0, 106: 25.0, 112: 25.0, 117: 25.0, 774: 25.0}",87,Alwar,25.0,106.0,Jhunjhunu,25.0,0.0,LOW DISPARITY,0,
248844,Pratapgarh,8,Rajasthan,"[301027, 305921, 312605, 313203]",4,5,87:Alwar(25.0%) | 112:Rajsamand(25.0%) | 117:Udaipur(25.0%) | 629:Pratapgarh(25.0%) | 774:Beawar(25.0%),"{87: 25.0, 112: 25.0, 117: 25.0, 629: 25.0, 774: 25.0}",87,Alwar,25.0,112.0,Rajsamand,25.0,0.0,LOW DISPARITY,0,
252633,Pallapalayam,33,Tamil Nadu,"[638116, 639002, 641402, 641663]",4,4,569:Coimbatore(25.0%) | 573:Erode(25.0%) | 576:Karur(25.0%) | 634:Tiruppur(25.0%),"{569: 25.0, 573: 25.0, 576: 25.0, 634: 25.0}",569,Coimbatore,25.0,573.0,Erode,25.0,0.0,LOW DISPARITY,0,
301407,Malakheda,8,Rajasthan,"[301406, 301407, 305921, 313203]",4,5,87:Alwar(25.0%) | 112:Rajsamand(25.0%) | 117:Udaipur(25.0%) | 770:Khairthal-Tijara(25.0%) | 774:Beawar(25.0%),"{87: 25.0, 112: 25.0, 117: 25.0, 770: 25.0, 774: 25.0}",87,Alwar,25.0,112.0,Rajsamand,25.0,0.0,LOW DISPARITY,0,
250467,Raurkela,21,Odisha,"[769001, 769002, 769005, 769008, 769010, 769011, 769012, 769013, 769014, 769016]",10,1,373:Sundargarh(20.0%),{373: 20.0},373,Sundargarh,20.0,,,,20.0,MODERATE DISPARITY,8,"[769001, 769002, 769005, 769008, 769010, 769011, 769013, 769014]"
251484,Ulhasnagar,27,Maharashtra,"[421001, 421002, 421003, 421004, 421005]",5,1,497:Thane(20.0%),{497: 20.0},497,Thane,20.0,,,,20.0,MODERATE DISPARITY,4,"[421001, 421003, 421004, 421005]"
251625,Kolhapur,27,Maharashtra,"[416001, 416003, 416006, 416007, 416012]",5,1,480:Kolhapur(20.0%),{480: 20.0},480,Kolhapur,20.0,,,,20.0,MODERATE DISPARITY,4,"[416003, 416006, 416007, 416012]"
250137,Khardah,19,West Bengal,"[700112, 700115, 700116, 700117, 700118, 700119]",6,1,303:North 24 Parganas(16.67%),{303: 16.67},303,North 24 Parganas,16.67,,,,16.67,MODERATE DISPARITY,5,"[700112, 700115, 700116, 700117, 700118]"
276402,South Delhi Municipal Corporation,7,Delhi,"[110013, 110014, 110016, 110017, 110018, 110019, 110020, 110022, 110024, 110025, 110026, 110027, 110029, 110030, 110037, 110038, 110043, 110044, 110045, 110046, 110047, 110048, 110049, 110057, 110058, 110059, 110061, 110062, 110064, 110065, 110066, 110067, 110068, 110070, 110071, 110072, 110073, 110074, 110075, 110076, 110077, 110078, 110080, 110097]",44,4,83:South(15.91%) | 84:South West(15.91%) | 670:South East(9.09%) | 85:West(4.55%),"{83: 15.91, 84: 15.91, 670: 9.09, 85: 4.55}",83,South,15.91,84.0,South West,15.91,0.0,LOW DISPARITY,25,"[110013, 110014, 110016, 110017, 110018, 110019, 110020, 110022, 110026, 110027, 110029, 110045, 110046, 110048, 110049, 110058, 110062, 110064, 110065, 110066, 110067, 110070, 110075, 110077, 110078]"
276401,North Delhi Municipal Corporation,7,Delhi,"[110006, 110015, 110023, 110026, 110041, 110063, 110087]",7,4,82:North West(14.29%) | 84:South West(14.29%) | 85:West(14.29%) | 794:Outer North(14.29%),"{82: 14.29, 84: 14.29, 85: 14.29, 794: 14.29}",82,North West,14.29,84.0,South West,14.29,0.0,LOW DISPARITY,6,"[110006, 110015, 110023, 110026, 110063, 110087]"
250145,Bidhannagar,19,West Bengal,"[700048, 700052, 700055, 700059, 700064, 700089, 700091, 700097, 700100, 700101, 700102, 700106, 700157, 700159, 700162]",15,1,303:North 24 Parganas(13.33%),{303: 13.33},303,North 24 Parganas,13.33,,,,13.33,MODERATE DISPARITY,13,"[700048, 700052, 700055, 700059, 700064, 700089, 700091, 700097, 700100, 700101, 700106, 700157, 700159]"
253100,Sambalpur,21,Odisha,"[768001, 768002, 768003, 768004, 768017, 768018, 768019, 768020]",8,1,371:Sambalpur(12.5%),{371: 12.5},371,Sambalpur,12.5,,,,12.5,MODERATE DISPARITY,7,"[768001, 768002, 768003, 768004, 768018, 768019, 768020]"
252260,Thiruvananthapuram,32,Kerala,"[682001, 695001, 695004, 695006, 695007, 695008, 695009, 695010, 695011, 695015, 695016, 695017, 695020, 695021, 695022, 695023, 695024, 695025, 695029, 695030, 695033, 695034, 695035, 695036, 695038, 695040, 695043, 695099, 695521, 695581, 695583, 695585]",32,2,565:Thiruvananthapuram(12.5%) | 555:Ernakulam(3.12%),"{565: 12.5, 555: 3.12}",565,Thiruvananthapuram,12.5,555.0,Ernakulam,3.12,9.38,LOW DISPARITY,27,"[695001, 695006, 695007, 695008, 695009, 695010, 695011, 695015, 695016, 695017, 695020, 695021, 695022, 695023, 695025, 695029, 695030, 695033, 695034, 695035, 695036, 695038, 695040, 695099, 695581, 695583, 695585]"
250378,Dhanbad,20,Jharkhand,"[826001, 826003, 826004, 826005, 826007, 828106, 828107, 828108, 828110, 828111, 828112, 828115, 828117, 828119, 828120, 828122, 828123, 828126, 828127, 828130, 828131, 828132, 828133, 828135, 828301, 828302, 828309]",27,1,325:Dhanbad(7.41%),{325: 7.41},325,Dhanbad,7.41,,,,7.41,LOW DISPARITY,25,"[826003, 826005, 826007, 828106, 828107, 828108, 828110, 828111, 828112, 828115, 828117, 828119, 828120, 828122, 828123, 828126, 828127, 828130, 828131, 828132, 828133, 828135, 828301, 828302, 828309]"
276386,Chandigarh,4,Chandigarh,"[160002, 160003, 160009, 160011, 160012, 160014, 160015, 160017, 160018, 160019, 160020, 160022, 160023, 160025, 160030, 160036, 160043, 160047, 160101, 160102]",20,1,608:S.A.S Nagar(5.0%),{608: 5.0},608,S.A.S Nagar,5.0,,,,5.0,LOW DISPARITY,19,"[160002, 160003, 160009, 160011, 160012, 160015, 160017, 160018, 160019, 160020, 160022, 160023, 160025, 160030, 160036, 160043, 160047, 160101, 160102]"
