stateCode,stateName,localBodyCode,localBodyName,localBodyType,districtCode,districtName,status
1,Jammu And Kashmir,248168,Municipal Committee Pahalgam,Municipality,1.0,Anantnag,FULL MATCH
1,Jammu And Kashmir,248169,Municipal Committee Bijbehara,Municipality,1.0,Anantnag,FULL MATCH
1,Jammu And Kashmir,248170,Municipal Committee Mattan,Municipality,1.0,Anantnag,FULL MATCH
1,Jammu And Kashmir,248171,Municipal Council Anantnag,Notified Area Council,1.0,Anantnag,AMBIGUOUS MATCH
1,Jammu And Kashmir,248172,Municipal Committee Achabal,Municipality,1.0,Anantnag,FULL MATCH
1,Jammu And Kashmir,248173,Municipal Committee Kokernag,Municipality,1.0,Anantnag,FULL MATCH
1,Jammu And Kashmir,248175,Municipal Committee Qazigund,Municipality,1.0,Anantnag,FULL MATCH
1,Jammu And Kashmir,248176,Municipal Committee Dooru Verinag,Municipality,1.0,Anantnag,FULL MATCH
1,Jammu And Kashmir,296990,Municipal Committee Ashmuqam,Municipality,1.0,Anantnag,FULL MATCH
1,Jammu And Kashmir,296991,Municipal Committee Seer Hamdan,Municipality,1.0,Anantnag,FULL MATCH
1,Jammu And Kashmir,248157,Municipal Committee Magam,Municipality,2.0,Budgam,FULL MATCH
1,Jammu And Kashmir,248158,Municipal Committee Beerwah,Municipality,2.0,Budgam,FULL MATCH
1,Jammu And Kashmir,248159,Municipal Council Budgam,Notified Area Council,2.0,Budgam,FULL MATCH
1,Jammu And Kashmir,248160,Municipal Committee Khansahib,Municipality,2.0,Budgam,FULL MATCH
1,Jammu And Kashmir,248161,Municipal Committee Chrari Sharief,Municipality,2.0,Budgam,FULL MATCH
1,Jammu And Kashmir,253136,Municipal Committee Chadoora,Municipality,2.0,Budgam,FULL MATCH
1,Jammu And Kashmir,248146,Municipal Council Bandipora,Notified Area Council,3.0,Baramulla,FULL MATCH
1,Jammu And Kashmir,248147,Municipal Committee Hajin,Municipality,3.0,Baramulla,FULL MATCH
1,Jammu And Kashmir,248148,Municipal Committee Sumbal,Municipality,3.0,Baramulla,FULL MATCH
1,Jammu And Kashmir,248149,Municipal Council Sopore,Notified Area Council,3.0,Baramulla,FULL MATCH
1,Jammu And Kashmir,248150,Municipal Committee Pattan,Municipality,3.0,Baramulla,FULL MATCH
1,Jammu And Kashmir,248151,Municipal Council Baramulla,Notified Area Council,3.0,Baramulla,FULL MATCH
1,Jammu And Kashmir,248152,Municipal Committee Uri,Municipality,3.0,Baramulla,FULL MATCH
1,Jammu And Kashmir,248153,Municipal Committee Kunzer,Municipality,3.0,Baramulla,FULL MATCH
1,Jammu And Kashmir,248154,Municipal Committee Gulmarg Tangmarg,Municipality,3.0,Baramulla,FULL MATCH
1,Jammu And Kashmir,248157,Municipal Committee Magam,Municipality,3.0,Baramulla,FULL MATCH
1,Jammu And Kashmir,296985,Municipal Committee Watergam,Municipality,3.0,Baramulla,FULL MATCH
1,Jammu And Kashmir,248038,Municipal Council Doda,Notified Area Council,4.0,Doda,FULL MATCH
1,Jammu And Kashmir,248039,Municipal Committee Batote,Municipality,4.0,Doda,FULL MATCH
1,Jammu And Kashmir,248040,Municipal Committee Bhaderwah,Municipality,4.0,Doda,FULL MATCH
1,Jammu And Kashmir,254926,Municipal Committee Thathri,Municipality,4.0,Doda,FULL MATCH
1,Jammu And Kashmir,248191,Municipal Committee Jourian,Municipality,5.0,Jammu,FULL MATCH
1,Jammu And Kashmir,248192,Municipal Committee Akhnoor,Municipality,5.0,Jammu,FULL MATCH
1,Jammu And Kashmir,248193,Municipal Committee Khour,Municipality,5.0,Jammu,FULL MATCH
1,Jammu And Kashmir,248194,Jammu Municipal Corporation,Municipal Corporations,5.0,Jammu,AMBIGUOUS MATCH
1,Jammu And Kashmir,248195,Municipal Committee Ghou-Manhasan,Municipality,5.0,Jammu,FULL MATCH
1,Jammu And Kashmir,248196,Municipal Committee R S Pura,Municipality,5.0,Jammu,FULL MATCH
1,Jammu And Kashmir,248197,Municipal Committee Bishnah,Municipality,5.0,Jammu,FULL MATCH
1,Jammu And Kashmir,248198,Municipal Committee Arnia,Municipality,5.0,Jammu,FULL MATCH
1,Jammu And Kashmir,248204,Municipal Committee Billawar,Municipality,7.0,Kathua,FULL MATCH
1,Jammu And Kashmir,276584,Municipal Committee Lakhanpur,Municipality,7.0,Kathua,FULL MATCH
1,Jammu And Kashmir,276585,Municipal Committee Basohli,Municipality,7.0,Kathua,FULL MATCH
1,Jammu And Kashmir,276586,Municipal Committee Parole,Municipality,7.0,Kathua,FULL MATCH
1,Jammu And Kashmir,276594,Municipal Committee Hiranagar,Municipality,7.0,Kathua,FULL MATCH
1,Jammu And Kashmir,248034,Municipal Council Kupwara,Notified Area Council,8.0,Kupwara,FULL MATCH
1,Jammu And Kashmir,248035,Municipal Committee Handwara,Municipality,8.0,Kupwara,FULL MATCH
1,Jammu And Kashmir,248139,Municipal Committee Langate,Municipality,8.0,Kupwara,FULL MATCH
1,Jammu And Kashmir,248147,Municipal Committee Hajin,Municipality,8.0,Kupwara,FULL MATCH
1,Jammu And Kashmir,248148,Municipal Committee Sumbal,Municipality,8.0,Kupwara,FULL MATCH
1,Jammu And Kashmir,248151,Municipal Council Baramulla,Notified Area Council,8.0,Kupwara,FULL MATCH
1,Jammu And Kashmir,296985,Municipal Committee Watergam,Municipality,8.0,Kupwara,FULL MATCH
1,Jammu And Kashmir,248042,Municipal Council Poonch,Notified Area Council,10.0,Poonch,FULL MATCH
1,Jammu And Kashmir,253142,Municipal Committee Surankote,Municipality,10.0,Poonch,FULL MATCH
1,Jammu And Kashmir,248162,Municipal Committee Pampore,Municipality,11.0,Pulwama,FULL MATCH
1,Jammu And Kashmir,248163,Municipal Committee Khrew,Municipality,11.0,Pulwama,FULL MATCH
1,Jammu And Kashmir,248164,Municipal Committee Tral,Municipality,11.0,Pulwama,FULL MATCH
1,Jammu And Kashmir,248165,Municipal Committee Awantipora,Municipality,11.0,Pulwama,FULL MATCH
1,Jammu And Kashmir,248166,Municipal Council Pulwama,Notified Area Council,11.0,Pulwama,FULL MATCH
1,Jammu And Kashmir,248187,Municipal Committee Thanamandi,Municipality,12.0,Rajouri,FULL MATCH
1,Jammu And Kashmir,248190,Municipal Committee Sunderbani,Municipality,12.0,Rajouri,FULL MATCH
1,Jammu And Kashmir,276592,Municipal Council Rajouri,Notified Area Council,12.0,Rajouri,FULL MATCH
1,Jammu And Kashmir,276593,Municipal Committee Nowshera,Municipality,12.0,Rajouri,FULL MATCH
1,Jammu And Kashmir,296984,Municipal Committee Kalakote,Municipality,12.0,Rajouri,FULL MATCH
1,Jammu And Kashmir,248156,Srinagar Municipal Corporation,Municipal Corporations,13.0,Srinagar,AMBIGUOUS MATCH
1,Jammu And Kashmir,248159,Municipal Council Budgam,Notified Area Council,13.0,Srinagar,FULL MATCH
1,Jammu And Kashmir,248162,Municipal Committee Pampore,Municipality,13.0,Srinagar,FULL MATCH
1,Jammu And Kashmir,248202,Municipal Council Samba,Notified Area Council,14.0,Udhampur,FULL MATCH
1,Jammu And Kashmir,276587,Municipal Council Udhampur,Notified Area Council,14.0,Udhampur,FULL MATCH
1,Jammu And Kashmir,276588,Municipal Committee Chenani,Municipality,14.0,Udhampur,FULL MATCH
1,Jammu And Kashmir,276589,Municipal Committee Ramnagar,Municipality,14.0,Udhampur,FULL MATCH
1,Jammu And Kashmir,248041,Municipal Council Kishtwar,Notified Area Council,620.0,Kishtwar,FULL MATCH
1,Jammu And Kashmir,254926,Municipal Committee Thathri,Municipality,620.0,Kishtwar,FULL MATCH
1,Jammu And Kashmir,248036,Municipal Committee Banihal,Municipality,621.0,Ramban,FULL MATCH
1,Jammu And Kashmir,248037,Municipal Council Ramban,Notified Area Council,621.0,Ramban,FULL MATCH
1,Jammu And Kashmir,248039,Municipal Committee Batote,Municipality,621.0,Ramban,FULL MATCH
1,Jammu And Kashmir,248174,Municipal Council Kulgam,Notified Area Council,622.0,Kulgam,FULL MATCH
1,Jammu And Kashmir,296987,Municipal Committee Devsar,Municipality,622.0,Kulgam,FULL MATCH
1,Jammu And Kashmir,296988,Municipal Committee Yaripora,Municipality,622.0,Kulgam,FULL MATCH
1,Jammu And Kashmir,296989,Municipal Committee Frisal,Municipality,622.0,Kulgam,FULL MATCH
1,Jammu And Kashmir,248146,Municipal Council Bandipora,Notified Area Council,623.0,Bandipora,FULL MATCH
1,Jammu And Kashmir,248147,Municipal Committee Hajin,Municipality,623.0,Bandipora,FULL MATCH
1,Jammu And Kashmir,248148,Municipal Committee Sumbal,Municipality,623.0,Bandipora,FULL MATCH
1,Jammu And Kashmir,248150,Municipal Committee Pattan,Municipality,623.0,Bandipora,FULL MATCH
1,Jammu And Kashmir,248199,Municipal Committee Bari Brahmana,Municipality,624.0,Samba,FULL MATCH
1,Jammu And Kashmir,248201,Municipal Committee Vijaypur,Municipality,624.0,Samba,FULL MATCH
1,Jammu And Kashmir,248202,Municipal Council Samba,Notified Area Council,624.0,Samba,FULL MATCH
1,Jammu And Kashmir,248203,Municipal Committee Ramgarh,Municipality,624.0,Samba,FULL MATCH
1,Jammu And Kashmir,248167,Municipal Council Shopian,Notified Area Council,625.0,Shopian,FULL MATCH
1,Jammu And Kashmir,248155,Municipal Council Ganderbal,Notified Area Council,626.0,Ganderbal,FULL MATCH
1,Jammu And Kashmir,276590,Municipal Council Reasi,Notified Area Council,627.0,Reasi,FULL MATCH
1,Jammu And Kashmir,276591,Municipal Committee Katra,Municipality,627.0,Reasi,FULL MATCH
1,Jammu And Kashmir,276581,Municipal Council Kathua,Notified Area Council,,,NO MATCH
2,Himachal Pradesh,248236,Ghumarwin,Municipality,15.0,Bilaspur,FULL MATCH
2,Himachal Pradesh,248237,Talai,Town Panchayat,15.0,Bilaspur,FULL MATCH
2,Himachal Pradesh,248238,Naina Devi,Municipality,15.0,Bilaspur,FULL MATCH
2,Himachal Pradesh,248239,Bilaspur,Municipality,15.0,Bilaspur,FULL MATCH
2,Himachal Pradesh,248044,Dalhousie,Municipality,16.0,Chamba,FULL MATCH
2,Himachal Pradesh,248046,Chamba,Municipality,16.0,Chamba,FULL MATCH
2,Himachal Pradesh,276627,Chowari,Town Panchayat,16.0,Chamba,FULL MATCH
2,Himachal Pradesh,248227,Tira Sujanpur,Municipality,17.0,Hamirpur,FULL MATCH
2,Himachal Pradesh,248228,Nadaun,Town Panchayat,17.0,Hamirpur,FULL MATCH
2,Himachal Pradesh,248229,Hamirpur,Municipality,17.0,Hamirpur,FULL MATCH
2,Himachal Pradesh,248230,Bhota,Town Panchayat,17.0,Hamirpur,FULL MATCH
2,Himachal Pradesh,248210,Nurpur,Municipality,18.0,Kangra,FULL MATCH
2,Himachal Pradesh,248211,Dharamshala,Municipal Corporations,18.0,Kangra,FULL MATCH
2,Himachal Pradesh,248213,Kangra,Municipality,18.0,Kangra,FULL MATCH
2,Himachal Pradesh,248214,Nagrota Bagwan,Municipality,18.0,Kangra,FULL MATCH
2,Himachal Pradesh,248216,Jawalamukhi,Municipality,18.0,Kangra,FULL MATCH
2,Himachal Pradesh,248217,Palampur,Municipal Corporations,18.0,Kangra,FULL MATCH
2,Himachal Pradesh,274797,Baijnath-Paprola,Town Panchayat,18.0,Kangra,FULL MATCH
2,Himachal Pradesh,275535,Jawali,Town Panchayat,18.0,Kangra,FULL MATCH
2,Himachal Pradesh,276626,Dehra,Municipality,18.0,Kangra,FULL MATCH
2,Himachal Pradesh,297015,Shahpur,Town Panchayat,18.0,Kangra,FULL MATCH
2,Himachal Pradesh,248218,Manali,Municipality,20.0,Kullu,FULL MATCH
2,Himachal Pradesh,248219,Kullu,Municipality,20.0,Kullu,FULL MATCH
2,Himachal Pradesh,248220,Bhuntar,Town Panchayat,20.0,Kullu,FULL MATCH
2,Himachal Pradesh,248221,Banjar,Town Panchayat,20.0,Kullu,FULL MATCH
2,Himachal Pradesh,248225,Mandi,Municipal Corporations,20.0,Kullu,FULL MATCH
2,Himachal Pradesh,248245,Rampur,Municipality,20.0,Kullu,FULL MATCH
2,Himachal Pradesh,297011,Nirmand,Town Panchayat,20.0,Kullu,FULL MATCH
2,Himachal Pradesh,297012,Anni,Town Panchayat,20.0,Kullu,FULL MATCH
2,Himachal Pradesh,248220,Bhuntar,Town Panchayat,22.0,Mandi,FULL MATCH
2,Himachal Pradesh,248221,Banjar,Town Panchayat,22.0,Mandi,FULL MATCH
2,Himachal Pradesh,248222,Jogindarnagar,Municipality,22.0,Mandi,FULL MATCH
2,Himachal Pradesh,248223,Sarkaghat,Municipality,22.0,Mandi,FULL MATCH
2,Himachal Pradesh,248224,Sundernagar,Municipality,22.0,Mandi,FULL MATCH
2,Himachal Pradesh,248225,Mandi,Municipal Corporations,22.0,Mandi,FULL MATCH
2,Himachal Pradesh,248226,Rawalsar,Town Panchayat,22.0,Mandi,FULL MATCH
2,Himachal Pradesh,274794,Nerchowk,Municipality,22.0,Mandi,FULL MATCH
2,Himachal Pradesh,276625,Karsog,Town Panchayat,22.0,Mandi,FULL MATCH
2,Himachal Pradesh,248245,Rampur,Municipality,23.0,Shimla,FULL MATCH
2,Himachal Pradesh,248246,Narkanda,Town Panchayat,23.0,Shimla,FULL MATCH
2,Himachal Pradesh,248247,Suni,Town Panchayat,23.0,Shimla,FULL MATCH
2,Himachal Pradesh,248248,Shimla,Municipal Corporations,23.0,Shimla,FULL MATCH
2,Himachal Pradesh,248249,Theog,Municipality,23.0,Shimla,FULL MATCH
2,Himachal Pradesh,248250,Chopal,Town Panchayat,23.0,Shimla,FULL MATCH
2,Himachal Pradesh,248251,Jubbal,Town Panchayat,23.0,Shimla,FULL MATCH
2,Himachal Pradesh,248252,Kotkhai,Town Panchayat,23.0,Shimla,FULL MATCH
2,Himachal Pradesh,248253,Rohru,Municipality,23.0,Shimla,FULL MATCH
2,Himachal Pradesh,297013,Chirgaon,Town Panchayat,23.0,Shimla,FULL MATCH
2,Himachal Pradesh,297014,Nerwa,Town Panchayat,23.0,Shimla,FULL MATCH
2,Himachal Pradesh,248043,Nahan,Municipality,24.0,Sirmaur,FULL MATCH
2,Himachal Pradesh,248045,Paonta Sahib,Municipality,24.0,Sirmaur,FULL MATCH
2,Himachal Pradesh,248047,Rajgarh,Town Panchayat,24.0,Sirmaur,FULL MATCH
2,Himachal Pradesh,248240,Arki,Town Panchayat,24.0,Sirmaur,FULL MATCH
2,Himachal Pradesh,248241,Nalagarh,Municipality,24.0,Sirmaur,FULL MATCH
2,Himachal Pradesh,248242,Baddi,Municipality,24.0,Sirmaur,FULL MATCH
2,Himachal Pradesh,248243,Parwanoo,Municipality,24.0,Sirmaur,FULL MATCH
2,Himachal Pradesh,248244,Solan,Municipal Corporations,24.0,Sirmaur,FULL MATCH
2,Himachal Pradesh,248043,Nahan,Municipality,25.0,Solan,FULL MATCH
2,Himachal Pradesh,248045,Paonta Sahib,Municipality,25.0,Solan,FULL MATCH
2,Himachal Pradesh,248240,Arki,Town Panchayat,25.0,Solan,FULL MATCH
2,Himachal Pradesh,248241,Nalagarh,Municipality,25.0,Solan,FULL MATCH
2,Himachal Pradesh,248242,Baddi,Municipality,25.0,Solan,FULL MATCH
2,Himachal Pradesh,248243,Parwanoo,Municipality,25.0,Solan,FULL MATCH
2,Himachal Pradesh,248244,Solan,Municipal Corporations,25.0,Solan,FULL MATCH
2,Himachal Pradesh,297010,Kandaghat,Town Panchayat,25.0,Solan,FULL MATCH
2,Himachal Pradesh,248231,Daulatpur,Town Panchayat,26.0,Una,FULL MATCH
2,Himachal Pradesh,248232,Gagret,Town Panchayat,26.0,Una,FULL MATCH
2,Himachal Pradesh,248233,Una,Municipality,26.0,Una,FULL MATCH
2,Himachal Pradesh,248234,Mehatpur Basdehra,Municipality,26.0,Una,FULL MATCH
2,Himachal Pradesh,248235,Santokhgarh,Municipality,26.0,Una,FULL MATCH
2,Himachal Pradesh,276639,Tahliwal,Town Panchayat,26.0,Una,FULL MATCH
2,Himachal Pradesh,297009,Amb,Town Panchayat,26.0,Una,FULL MATCH
3,Punjab,248268,Ramdas,Town Panchayat,27.0,Amritsar,FULL MATCH
3,Punjab,248269,Ajnala,Municipality,27.0,Amritsar,FULL MATCH
3,Punjab,248270,Raja Sansi,Town Panchayat,27.0,Amritsar,FULL MATCH
3,Punjab,248271,Majitha,Town Panchayat,27.0,Amritsar,FULL MATCH
3,Punjab,248272,Jandiala Guru,Municipality,27.0,Amritsar,FULL MATCH
3,Punjab,248273,Amritsar,Municipal Corporations,27.0,Amritsar,FULL MATCH
3,Punjab,248274,Tarn-Taran,Municipality,27.0,Amritsar,FULL MATCH
3,Punjab,248276,Khemkaran,Town Panchayat,27.0,Amritsar,FULL MATCH
3,Punjab,299457,Baba Bakala,Town Panchayat,27.0,Amritsar,FULL MATCH
3,Punjab,248363,Rampura Phul,Municipality,28.0,Bathinda,FULL MATCH
3,Punjab,248364,Goniana,Municipality,28.0,Bathinda,FULL MATCH
3,Punjab,248366,Bhucho Mandi,Municipality,28.0,Bathinda,FULL MATCH
3,Punjab,248367,Bathinda,Municipal Corporations,28.0,Bathinda,FULL MATCH
3,Punjab,248368,Sangat,Municipality,28.0,Bathinda,FULL MATCH
3,Punjab,248369,Kot Fatta,Municipality,28.0,Bathinda,FULL MATCH
3,Punjab,248370,Raman,Municipality,28.0,Bathinda,FULL MATCH
3,Punjab,248371,Maur,Municipality,28.0,Bathinda,FULL MATCH
3,Punjab,248375,Bhikhi,Town Panchayat,28.0,Bathinda,FULL MATCH
3,Punjab,248376,Mansa,Municipality,28.0,Bathinda,FULL MATCH
3,Punjab,253124,Talwandi Sabo,Town Panchayat,28.0,Bathinda,FULL MATCH
3,Punjab,260770,Bhai Rupa,Town Panchayat,28.0,Bathinda,FULL MATCH
3,Punjab,260771,Mehraj,Town Panchayat,28.0,Bathinda,FULL MATCH
3,Punjab,260778,Lehra Mohabat,Town Panchayat,28.0,Bathinda,FULL MATCH
3,Punjab,260779,Nathana,Town Panchayat,28.0,Bathinda,FULL MATCH
3,Punjab,260780,Kotha Guru,Town Panchayat,28.0,Bathinda,FULL MATCH
3,Punjab,260781,Maluka,Town Panchayat,28.0,Bathinda,FULL MATCH
3,Punjab,260782,Kot Shamir,Town Panchayat,28.0,Bathinda,FULL MATCH
3,Punjab,262906,Joga,Town Panchayat,28.0,Bathinda,FULL MATCH
3,Punjab,276562,Bhagta Bhai Ka Nagar Panchayat,Town Panchayat,28.0,Bathinda,FULL MATCH
3,Punjab,248358,Bariwala,Town Panchayat,29.0,Faridkot,FULL MATCH
3,Punjab,248360,Faridkot,Municipality,29.0,Faridkot,FULL MATCH
3,Punjab,248361,Kot Kapura,Municipality,29.0,Faridkot,FULL MATCH
3,Punjab,248362,Jaitu,Municipality,29.0,Faridkot,FULL MATCH
3,Punjab,248327,Bassi Pathana,Municipality,30.0,Fatehgarh Sahib,FULL MATCH
3,Punjab,248328,Sirhind Fatehgarh Sahib,Municipality,30.0,Fatehgarh Sahib,FULL MATCH
3,Punjab,248329,Gobindgarh,Municipality,30.0,Fatehgarh Sahib,FULL MATCH
3,Punjab,248330,Amloh,Municipality,30.0,Fatehgarh Sahib,FULL MATCH
3,Punjab,248331,Khamanon,Town Panchayat,30.0,Fatehgarh Sahib,FULL MATCH
3,Punjab,248402,Ghanaur,Town Panchayat,30.0,Fatehgarh Sahib,FULL MATCH
3,Punjab,261762,Bhadson,Town Panchayat,30.0,Fatehgarh Sahib,FULL MATCH
3,Punjab,248346,Dharamkot,Municipality,31.0,Ferozepur,FULL MATCH
3,Punjab,248348,Makhu,Town Panchayat,31.0,Ferozepur,FULL MATCH
3,Punjab,248349,Zira,Municipality,31.0,Ferozepur,FULL MATCH
3,Punjab,248350,Talwandi Bhai,Municipality,31.0,Ferozepur,FULL MATCH
3,Punjab,248351,Firozpur,Municipality,31.0,Ferozepur,FULL MATCH
3,Punjab,248352,Guru Har Sahai,Municipality,31.0,Ferozepur,FULL MATCH
3,Punjab,248353,Jalalabad,Municipality,31.0,Ferozepur,FULL MATCH
3,Punjab,253122,Mudki,Town Panchayat,31.0,Ferozepur,FULL MATCH
3,Punjab,253222,Mallanwala,Town Panchayat,31.0,Ferozepur,FULL MATCH
3,Punjab,262989,Kot Ise Khan,Town Panchayat,31.0,Ferozepur,FULL MATCH
3,Punjab,276647,Fatehgarh Panjtoor,Town Panchayat,31.0,Ferozepur,FULL MATCH
3,Punjab,277197,Mamdot,Town Panchayat,31.0,Ferozepur,FULL MATCH
3,Punjab,248254,Sujanpur,Municipality,32.0,Gurdaspur,FULL MATCH
3,Punjab,248256,Pathankot,Municipal Corporations,32.0,Gurdaspur,FULL MATCH
3,Punjab,248259,Dinanagar,Municipality,32.0,Gurdaspur,FULL MATCH
3,Punjab,248260,Gurdaspur,Municipality,32.0,Gurdaspur,FULL MATCH
3,Punjab,248262,Dhariwal,Municipality,32.0,Gurdaspur,FULL MATCH
3,Punjab,248263,Fatehgarh Churian,Municipality,32.0,Gurdaspur,FULL MATCH
3,Punjab,248264,Batala,Municipal Corporations,32.0,Gurdaspur,FULL MATCH
3,Punjab,248265,Sri Hargobindpur,Municipality,32.0,Gurdaspur,FULL MATCH
3,Punjab,248266,Qadian,Municipality,32.0,Gurdaspur,FULL MATCH
3,Punjab,248267,Dera Baba Nanak,Municipality,32.0,Gurdaspur,FULL MATCH
3,Punjab,277202,Norat Jamal Singh,Town Panchayat,32.0,Gurdaspur,FULL MATCH
3,Punjab,248281,Bhulath,Town Panchayat,34.0,Jalandhar,FULL MATCH
3,Punjab,248285,Sultanpur Lodhi,Municipality,34.0,Jalandhar,FULL MATCH
3,Punjab,248286,Phagwara,Municipal Corporations,34.0,Jalandhar,FULL MATCH
3,Punjab,248287,Lohian Khas,Town Panchayat,34.0,Jalandhar,FULL MATCH
3,Punjab,248288,Shahkot,Town Panchayat,34.0,Jalandhar,FULL MATCH
3,Punjab,248289,Nakodar,Municipality,34.0,Jalandhar,FULL MATCH
3,Punjab,248291,Nurmahal,Municipality,34.0,Jalandhar,FULL MATCH
3,Punjab,248292,Goraya,Municipality,34.0,Jalandhar,FULL MATCH
3,Punjab,248293,Phillaur,Municipality,34.0,Jalandhar,FULL MATCH
3,Punjab,248294,Adampur,Municipality,34.0,Jalandhar,FULL MATCH
3,Punjab,248295,Alawalpur,Municipality,34.0,Jalandhar,FULL MATCH
3,Punjab,248296,Jalandhar,Municipal Corporations,34.0,Jalandhar,FULL MATCH
3,Punjab,248298,Bhogpur,Municipality,34.0,Jalandhar,FULL MATCH
3,Punjab,248299,Kartarpur,Municipality,34.0,Jalandhar,FULL MATCH
3,Punjab,274218,Nadala,Town Panchayat,34.0,Jalandhar,FULL MATCH
3,Punjab,277200,Bilga,Town Panchayat,34.0,Jalandhar,FULL MATCH
3,Punjab,277201,Mehatpur,Town Panchayat,34.0,Jalandhar,FULL MATCH
3,Punjab,248280,Begowal,Town Panchayat,35.0,Kapurthala,FULL MATCH
3,Punjab,248281,Bhulath,Town Panchayat,35.0,Kapurthala,FULL MATCH
3,Punjab,248282,Dhilwan,Town Panchayat,35.0,Kapurthala,FULL MATCH
3,Punjab,248283,Kapurthala,Municipal Corporations,35.0,Kapurthala,FULL MATCH
3,Punjab,248285,Sultanpur Lodhi,Municipality,35.0,Kapurthala,FULL MATCH
3,Punjab,248286,Phagwara,Municipal Corporations,35.0,Kapurthala,FULL MATCH
3,Punjab,248287,Lohian Khas,Town Panchayat,35.0,Kapurthala,FULL MATCH
3,Punjab,248288,Shahkot,Town Panchayat,35.0,Kapurthala,FULL MATCH
3,Punjab,248289,Nakodar,Municipality,35.0,Kapurthala,FULL MATCH
3,Punjab,248291,Nurmahal,Municipality,35.0,Kapurthala,FULL MATCH
3,Punjab,248299,Kartarpur,Municipality,35.0,Kapurthala,FULL MATCH
3,Punjab,274218,Nadala,Town Panchayat,35.0,Kapurthala,FULL MATCH
3,Punjab,277201,Mehatpur,Town Panchayat,35.0,Kapurthala,FULL MATCH
3,Punjab,248332,Samrala,Municipality,36.0,Ludhiana,FULL MATCH
3,Punjab,248333,Machhiwara,Municipality,36.0,Ludhiana,FULL MATCH
3,Punjab,248334,Khanna,Municipality,36.0,Ludhiana,FULL MATCH
3,Punjab,248335,Maloud,Town Panchayat,36.0,Ludhiana,FULL MATCH
3,Punjab,248336,Payal,Municipality,36.0,Ludhiana,FULL MATCH
3,Punjab,248337,Doraha,Municipality,36.0,Ludhiana,FULL MATCH
3,Punjab,248338,Ludhiana,Municipal Corporations,36.0,Ludhiana,FULL MATCH
3,Punjab,248339,Sahnewal,Municipality,36.0,Ludhiana,FULL MATCH
3,Punjab,248340,Mullanpur Dakha,Municipality,36.0,Ludhiana,FULL MATCH
3,Punjab,248342,Raikot,Municipality,36.0,Ludhiana,FULL MATCH
3,Punjab,248343,Jagraon,Municipality,36.0,Ludhiana,FULL MATCH
3,Punjab,248363,Rampura Phul,Municipality,37.0,Mansa,FULL MATCH
3,Punjab,248370,Raman,Municipality,37.0,Mansa,FULL MATCH
3,Punjab,248371,Maur,Municipality,37.0,Mansa,FULL MATCH
3,Punjab,248372,Sardulgarh,Town Panchayat,37.0,Mansa,FULL MATCH
3,Punjab,248373,Budhlada,Municipality,37.0,Mansa,FULL MATCH
3,Punjab,248374,Bareta,Municipality,37.0,Mansa,FULL MATCH
3,Punjab,248375,Bhikhi,Town Panchayat,37.0,Mansa,FULL MATCH
3,Punjab,248376,Mansa,Municipality,37.0,Mansa,FULL MATCH
3,Punjab,253124,Talwandi Sabo,Town Panchayat,37.0,Mansa,FULL MATCH
3,Punjab,262906,Joga,Town Panchayat,37.0,Mansa,FULL MATCH
3,Punjab,277199,Boha,Town Panchayat,37.0,Mansa,FULL MATCH
3,Punjab,248344,Badhni Kalan,Town Panchayat,38.0,Moga,FULL MATCH
3,Punjab,248345,Bhagha Purana,Municipality,38.0,Moga,FULL MATCH
3,Punjab,248346,Dharamkot,Municipality,38.0,Moga,FULL MATCH
3,Punjab,248347,Moga,Municipal Corporations,38.0,Moga,FULL MATCH
3,Punjab,248348,Makhu,Town Panchayat,38.0,Moga,FULL MATCH
3,Punjab,248349,Zira,Municipality,38.0,Moga,FULL MATCH
3,Punjab,262988,Nihal Singh Wala,Town Panchayat,38.0,Moga,FULL MATCH
3,Punjab,262989,Kot Ise Khan,Town Panchayat,38.0,Moga,FULL MATCH
3,Punjab,276647,Fatehgarh Panjtoor,Town Panchayat,38.0,Moga,FULL MATCH
3,Punjab,248356,Malout,Municipality,39.0,Sri Muktsar Sahib,FULL MATCH
3,Punjab,248357,Giddarbaha,Municipality,39.0,Sri Muktsar Sahib,FULL MATCH
3,Punjab,248358,Bariwala,Town Panchayat,39.0,Sri Muktsar Sahib,FULL MATCH
3,Punjab,248359,Muktsar,Municipality,39.0,Sri Muktsar Sahib,FULL MATCH
3,Punjab,248362,Jaitu,Municipality,39.0,Sri Muktsar Sahib,FULL MATCH
3,Punjab,248312,Banga,Municipality,40.0,Shahid Bhagat Singh Nagar,FULL MATCH
3,Punjab,248313,Nawanshahr,Municipality,40.0,Shahid Bhagat Singh Nagar,FULL MATCH
3,Punjab,248314,Rahon,Municipality,40.0,Shahid Bhagat Singh Nagar,FULL MATCH
3,Punjab,248327,Bassi Pathana,Municipality,41.0,Patiala,FULL MATCH
3,Punjab,248330,Amloh,Municipality,41.0,Patiala,FULL MATCH
3,Punjab,248394,Ghagga,Town Panchayat,41.0,Patiala,FULL MATCH
3,Punjab,248395,Patran,Municipality,41.0,Patiala,FULL MATCH
3,Punjab,248396,Samana,Municipality,41.0,Patiala,FULL MATCH
3,Punjab,248397,Nabha,Municipality,41.0,Patiala,FULL MATCH
3,Punjab,248398,Sanaur,Municipality,41.0,Patiala,FULL MATCH
3,Punjab,248399,Patiala,Municipal Corporations,41.0,Patiala,FULL MATCH
3,Punjab,248402,Ghanaur,Town Panchayat,41.0,Patiala,FULL MATCH
3,Punjab,248403,Rajpura,Municipality,41.0,Patiala,FULL MATCH
3,Punjab,248404,Banur,Municipality,41.0,Patiala,FULL MATCH
3,Punjab,261762,Bhadson,Town Panchayat,41.0,Patiala,FULL MATCH
3,Punjab,299458,Adda Devigarh,Town Panchayat,41.0,Patiala,FULL MATCH
3,Punjab,248317,Anandpur Sahib,Municipality,42.0,Rupnagar,FULL MATCH
3,Punjab,248319,Rupnagar,Municipality,42.0,Rupnagar,FULL MATCH
3,Punjab,248320,Morinda,Municipality,42.0,Rupnagar,FULL MATCH
3,Punjab,248321,Kurali,Municipality,42.0,Rupnagar,FULL MATCH
3,Punjab,261446,Kiratpur Sahib,Town Panchayat,42.0,Rupnagar,FULL MATCH
3,Punjab,261450,Chamkaur Sahib,Town Panchayat,42.0,Rupnagar,FULL MATCH
3,Punjab,277196,Nangal,Municipality,42.0,Rupnagar,FULL MATCH
3,Punjab,248383,Malerkotla,Municipality,43.0,Sangrur,FULL MATCH
3,Punjab,248384,Dhuri,Municipality,43.0,Sangrur,FULL MATCH
3,Punjab,248385,Longowal,Municipality,43.0,Sangrur,FULL MATCH
3,Punjab,248386,Sangrur,Municipality,43.0,Sangrur,FULL MATCH
3,Punjab,248387,Bhawanigarh,Municipality,43.0,Sangrur,FULL MATCH
3,Punjab,248388,Cheema,Town Panchayat,43.0,Sangrur,FULL MATCH
3,Punjab,248389,Dirba,Town Panchayat,43.0,Sangrur,FULL MATCH
3,Punjab,248390,Sunam,Municipality,43.0,Sangrur,FULL MATCH
3,Punjab,248391,Lehragaga,Municipality,43.0,Sangrur,FULL MATCH
3,Punjab,248392,Moonak,Town Panchayat,43.0,Sangrur,FULL MATCH
3,Punjab,248393,Khanauri,Town Panchayat,43.0,Sangrur,FULL MATCH
3,Punjab,273471,Amargarh,Town Panchayat,43.0,Sangrur,FULL MATCH
3,Punjab,248377,Bhadaur,Municipality,605.0,Barnala,FULL MATCH
3,Punjab,248378,Barnala,Municipality,605.0,Barnala,FULL MATCH
3,Punjab,248379,Handiaya,Town Panchayat,605.0,Barnala,FULL MATCH
3,Punjab,248380,Tapa,Municipality,605.0,Barnala,FULL MATCH
3,Punjab,248381,Dhanaula,Municipality,605.0,Barnala,FULL MATCH
3,Punjab,248384,Dhuri,Municipality,605.0,Barnala,FULL MATCH
3,Punjab,248385,Longowal,Municipality,605.0,Barnala,FULL MATCH
3,Punjab,248320,Morinda,Municipality,608.0,S.A.S Nagar,FULL MATCH
3,Punjab,248321,Kurali,Municipality,608.0,S.A.S Nagar,FULL MATCH
3,Punjab,248324,Kharar,Municipality,608.0,S.A.S Nagar,FULL MATCH
3,Punjab,248325,S.A.S.Nagar - Mohali,Municipal Corporations,608.0,S.A.S Nagar,AMBIGUOUS MATCH
3,Punjab,248402,Ghanaur,Town Panchayat,608.0,S.A.S Nagar,FULL MATCH
3,Punjab,248403,Rajpura,Municipality,608.0,S.A.S Nagar,FULL MATCH
3,Punjab,248404,Banur,Municipality,608.0,S.A.S Nagar,FULL MATCH
3,Punjab,248405,Dera Bassi,Municipality,608.0,S.A.S Nagar,FULL MATCH
3,Punjab,248407,Zirakpur,Municipality,608.0,S.A.S Nagar,FULL MATCH
3,Punjab,277203,Lalru,Municipality,608.0,S.A.S Nagar,FULL MATCH
3,Punjab,299456,Gharuan,Town Panchayat,608.0,S.A.S Nagar,FULL MATCH
3,Punjab,248271,Majitha,Town Panchayat,609.0,Tarn Taran,FULL MATCH
3,Punjab,248272,Jandiala Guru,Municipality,609.0,Tarn Taran,FULL MATCH
3,Punjab,248274,Tarn-Taran,Municipality,609.0,Tarn Taran,FULL MATCH
3,Punjab,248275,Bhikhiwind,Town Panchayat,609.0,Tarn Taran,FULL MATCH
3,Punjab,248276,Khemkaran,Town Panchayat,609.0,Tarn Taran,FULL MATCH
3,Punjab,248277,Patti,Municipality,609.0,Tarn Taran,FULL MATCH
3,Punjab,248278,Rayya,Municipality,609.0,Tarn Taran,FULL MATCH
3,Punjab,299457,Baba Bakala,Town Panchayat,609.0,Tarn Taran,FULL MATCH
3,Punjab,248352,Guru Har Sahai,Municipality,651.0,Fazilka,FULL MATCH
3,Punjab,248353,Jalalabad,Municipality,651.0,Fazilka,FULL MATCH
3,Punjab,248354,Fazilka,Municipality,651.0,Fazilka,FULL MATCH
3,Punjab,248355,Abohar,Municipal Corporations,651.0,Fazilka,FULL MATCH
3,Punjab,277198,Arniwala Shekh Suban,Town Panchayat,651.0,Fazilka,FULL MATCH
3,Punjab,248254,Sujanpur,Municipality,662.0,Pathankot,FULL MATCH
3,Punjab,248259,Dinanagar,Municipality,662.0,Pathankot,FULL MATCH
3,Punjab,277202,Norat Jamal Singh,Town Panchayat,662.0,Pathankot,FULL MATCH
3,Punjab,248382,Ahmedgarh,Municipality,737.0,Malerkotla,FULL MATCH
3,Punjab,248383,Malerkotla,Municipality,737.0,Malerkotla,FULL MATCH
3,Punjab,273471,Amargarh,Town Panchayat,737.0,Malerkotla,FULL MATCH
3,Punjab,248300,Dasua,Municipality,,,NO MATCH
3,Punjab,248301,Gardhiwala,Municipality,,,NO MATCH
3,Punjab,248302,Urmar Tanda,Municipality,,,NO MATCH
3,Punjab,248303,Mukerian,Municipality,,,NO MATCH
3,Punjab,248305,Talwara,Town Panchayat,,,NO MATCH
3,Punjab,248306,Hariana,Municipality,,,NO MATCH
3,Punjab,248308,Hoshiarpur,Municipal Corporations,,,NO MATCH
3,Punjab,248309,Sham Chaurasi,Municipality,,,NO MATCH
3,Punjab,248310,Mahilpur,Town Panchayat,,,NO MATCH
3,Punjab,248311,Garhshankar,Municipality,,,NO MATCH
3,Punjab,248315,Balachaur,Municipality,,,NO MATCH
3,Punjab,277194,Nayan Gaon,Municipality,,,NO MATCH
4,Chandigarh,276386,Chandigarh,Municipal Corporations,608.0,S.A.S Nagar,AMBIGUOUS MATCH
5,Uttarakhand,248448,Dwarahat,Town Panchayat,45.0,Almora,FULL MATCH
5,Uttarakhand,248449,Almora,Municipal Corporations,45.0,Almora,FULL MATCH
5,Uttarakhand,248457,Ramnagar,Municipality,45.0,Almora,FULL MATCH
5,Uttarakhand,274457,Bhikiyasain,Town Panchayat,45.0,Almora,FULL MATCH
5,Uttarakhand,277190,Ranikhet Chiliyanaula,Municipality,45.0,Almora,FULL MATCH
5,Uttarakhand,297128,Chaukhutiya,Town Panchayat,45.0,Almora,FULL MATCH
5,Uttarakhand,248447,Bageshwar,Municipality,46.0,Bageshwar,FULL MATCH
5,Uttarakhand,248449,Almora,Municipal Corporations,46.0,Bageshwar,FULL MATCH
5,Uttarakhand,259921,Kapkot,Town Panchayat,46.0,Bageshwar,FULL MATCH
5,Uttarakhand,299525,Garud,Town Panchayat,46.0,Bageshwar,FULL MATCH
5,Uttarakhand,248412,Badrinathpuri,Town Panchayat,47.0,Chamoli,FULL MATCH
5,Uttarakhand,248413,Joshimath,Municipality,47.0,Chamoli,FULL MATCH
5,Uttarakhand,248414,Chamoli Gopeshwar,Municipality,47.0,Chamoli,FULL MATCH
5,Uttarakhand,248415,Nandprayag,Town Panchayat,47.0,Chamoli,FULL MATCH
5,Uttarakhand,248416,Gochar,Municipality,47.0,Chamoli,FULL MATCH
5,Uttarakhand,248417,Karnaprayag,Municipality,47.0,Chamoli,FULL MATCH
5,Uttarakhand,248419,Rudraprayag,Municipality,47.0,Chamoli,FULL MATCH
5,Uttarakhand,259820,Pokhari,Town Panchayat,47.0,Chamoli,FULL MATCH
5,Uttarakhand,260112,Gairsain,Town Panchayat,47.0,Chamoli,FULL MATCH
5,Uttarakhand,275665,Tharali,Town Panchayat,47.0,Chamoli,FULL MATCH
5,Uttarakhand,276459,Pipalkoti,Town Panchayat,47.0,Chamoli,FULL MATCH
5,Uttarakhand,301882,Nandanagar,Town Panchayat,47.0,Chamoli,FULL MATCH
5,Uttarakhand,248450,Lohaghat,Municipality,48.0,Champawat,FULL MATCH
5,Uttarakhand,248451,Champawat,Municipality,48.0,Champawat,FULL MATCH
5,Uttarakhand,248452,Tanakpur,Municipality,48.0,Champawat,FULL MATCH
5,Uttarakhand,262922,Banbasa,Town Panchayat,48.0,Champawat,FULL MATCH
5,Uttarakhand,301877,Pati,Town Panchayat,48.0,Champawat,FULL MATCH
5,Uttarakhand,248427,Vikasnagar,Municipality,49.0,Dehradun,AMBIGUOUS MATCH
5,Uttarakhand,248428,Herbertpur,Municipality,49.0,Dehradun,AMBIGUOUS MATCH
5,Uttarakhand,248429,Mussoorie,Municipality,49.0,Dehradun,FULL MATCH
5,Uttarakhand,248430,Dehradun,Municipal Corporations,49.0,Dehradun,FULL MATCH
5,Uttarakhand,248433,Doiwala,Municipality,49.0,Dehradun,FULL MATCH
5,Uttarakhand,299529,Rampur,Town Panchayat,49.0,Dehradun,FULL MATCH
5,Uttarakhand,299531,Tapovan,Town Panchayat,49.0,Dehradun,FULL MATCH
5,Uttarakhand,248478,Roorkee,Municipal Corporations,50.0,Haridwar,FULL MATCH
5,Uttarakhand,248481,Jhabrera,Town Panchayat,50.0,Haridwar,FULL MATCH
5,Uttarakhand,248482,Manglaur,Municipality,50.0,Haridwar,FULL MATCH
5,Uttarakhand,248485,Haridwar,Municipal Corporations,50.0,Haridwar,FULL MATCH
5,Uttarakhand,248486,Laksar,Municipality,50.0,Haridwar,FULL MATCH
5,Uttarakhand,262847,Bhagwanpur,Town Panchayat,50.0,Haridwar,FULL MATCH
5,Uttarakhand,262858,Shivalik Nagar,Municipality,50.0,Haridwar,AMBIGUOUS MATCH
5,Uttarakhand,275670,Piran Kaliyar,Town Panchayat,50.0,Haridwar,FULL MATCH
5,Uttarakhand,299524,Dhandera,Town Panchayat,50.0,Haridwar,FULL MATCH
5,Uttarakhand,299526,Imlikheda,Town Panchayat,50.0,Haridwar,FULL MATCH
5,Uttarakhand,299749,Padali Gurjar,Town Panchayat,50.0,Haridwar,FULL MATCH
5,Uttarakhand,300431,Imlikhera,Town Panchayat,50.0,Haridwar,FULL MATCH
5,Uttarakhand,300592,Sultanpur-Adampur,Town Panchayat,50.0,Haridwar,FULL MATCH
5,Uttarakhand,248452,Tanakpur,Municipality,51.0,Nainital,FULL MATCH
5,Uttarakhand,248454,Nainital,Municipality,51.0,Nainital,FULL MATCH
5,Uttarakhand,248455,Bhowali,Municipality,51.0,Nainital,FULL MATCH
5,Uttarakhand,248456,Bhimtal,Municipality,51.0,Nainital,FULL MATCH
5,Uttarakhand,248457,Ramnagar,Municipality,51.0,Nainital,FULL MATCH
5,Uttarakhand,248458,Kaladhungi,Municipality,51.0,Nainital,FULL MATCH
5,Uttarakhand,248459,Haldwani-Cumkathgodam,Municipal Corporations,51.0,Nainital,FULL MATCH
5,Uttarakhand,248460,Lalkuan,Town Panchayat,51.0,Nainital,FULL MATCH
5,Uttarakhand,248467,Bajpur,Municipality,51.0,Nainital,FULL MATCH
5,Uttarakhand,277162,Gularbhoj,Town Panchayat,51.0,Nainital,FULL MATCH
5,Uttarakhand,248421,Devprayag,Municipality,52.0,Pauri Garhwal,FULL MATCH
5,Uttarakhand,248437,Srinagar,Municipal Corporations,52.0,Pauri Garhwal,FULL MATCH
5,Uttarakhand,248438,Pauri,Municipality,52.0,Pauri Garhwal,FULL MATCH
5,Uttarakhand,248440,Dogadda,Municipality,52.0,Pauri Garhwal,FULL MATCH
5,Uttarakhand,248441,Kanvnagri Kotdwar,Municipal Corporations,52.0,Pauri Garhwal,FULL MATCH
5,Uttarakhand,262843,Swargashram Jonk,Town Panchayat,52.0,Pauri Garhwal,FULL MATCH
5,Uttarakhand,262882,Satpuli,Town Panchayat,52.0,Pauri Garhwal,FULL MATCH
5,Uttarakhand,299532,Thalisain,Town Panchayat,52.0,Pauri Garhwal,FULL MATCH
5,Uttarakhand,248422,Tehri,Municipality,53.0,Pithoragarh,FULL MATCH
5,Uttarakhand,248444,Dharchula,Municipality,53.0,Pithoragarh,FULL MATCH
5,Uttarakhand,248445,Didihat,Municipality,53.0,Pithoragarh,FULL MATCH
5,Uttarakhand,248446,Pithoragarh,Municipal Corporations,53.0,Pithoragarh,FULL MATCH
5,Uttarakhand,248451,Champawat,Municipality,53.0,Pithoragarh,FULL MATCH
5,Uttarakhand,259826,Berinag,Municipality,53.0,Pithoragarh,FULL MATCH
5,Uttarakhand,262883,Gangolihat,Municipality,53.0,Pithoragarh,FULL MATCH
5,Uttarakhand,301879,Munsyari,Town Panchayat,53.0,Pithoragarh,FULL MATCH
5,Uttarakhand,248416,Gochar,Municipality,54.0,Rudraprayag,FULL MATCH
5,Uttarakhand,248418,Kedarnath,Town Panchayat,54.0,Rudraprayag,FULL MATCH
5,Uttarakhand,248419,Rudraprayag,Municipality,54.0,Rudraprayag,FULL MATCH
5,Uttarakhand,262901,Ukhimath,Town Panchayat,54.0,Rudraprayag,FULL MATCH
5,Uttarakhand,262902,Augustmuni,Town Panchayat,54.0,Rudraprayag,FULL MATCH
5,Uttarakhand,276616,Tilwara,Town Panchayat,54.0,Rudraprayag,FULL MATCH
5,Uttarakhand,301881,Guptkashi,Town Panchayat,54.0,Rudraprayag,FULL MATCH
5,Uttarakhand,248420,Kirtinagar,Town Panchayat,55.0,Tehri Garhwal,FULL MATCH
5,Uttarakhand,248421,Devprayag,Municipality,55.0,Tehri Garhwal,FULL MATCH
5,Uttarakhand,248422,Tehri,Municipality,55.0,Tehri Garhwal,FULL MATCH
5,Uttarakhand,248423,Chamba,Municipality,55.0,Tehri Garhwal,FULL MATCH
5,Uttarakhand,248424,Narendranagar,Municipality,55.0,Tehri Garhwal,FULL MATCH
5,Uttarakhand,248426,Munikireti-Dhalwala,Municipality,55.0,Tehri Garhwal,FULL MATCH
5,Uttarakhand,262832,Ghansali,Town Panchayat,55.0,Tehri Garhwal,FULL MATCH
5,Uttarakhand,262842,Chiniyalisaur,Municipality,55.0,Tehri Garhwal,FULL MATCH
5,Uttarakhand,277163,Chamiyala,Town Panchayat,55.0,Tehri Garhwal,FULL MATCH
5,Uttarakhand,277164,Gaja,Town Panchayat,55.0,Tehri Garhwal,FULL MATCH
5,Uttarakhand,277183,Lambgaon,Town Panchayat,55.0,Tehri Garhwal,FULL MATCH
5,Uttarakhand,248457,Ramnagar,Municipality,56.0,Udham Singh Nagar,FULL MATCH
5,Uttarakhand,248461,Mahua Dabra Haripura,Town Panchayat,56.0,Udham Singh Nagar,FULL MATCH
5,Uttarakhand,248462,Jaspur,Municipality,56.0,Udham Singh Nagar,FULL MATCH
5,Uttarakhand,248463,Kashipur,Municipal Corporations,56.0,Udham Singh Nagar,FULL MATCH
5,Uttarakhand,248465,Mahua Kheraganj,Municipality,56.0,Udham Singh Nagar,FULL MATCH
5,Uttarakhand,248466,Sultanpur,Town Panchayat,56.0,Udham Singh Nagar,FULL MATCH
5,Uttarakhand,248467,Bajpur,Municipality,56.0,Udham Singh Nagar,FULL MATCH
5,Uttarakhand,248468,Kela Khera,Town Panchayat,56.0,Udham Singh Nagar,FULL MATCH
5,Uttarakhand,248469,Gadarpur,Municipality,56.0,Udham Singh Nagar,FULL MATCH
5,Uttarakhand,248470,Dineshpur,Town Panchayat,56.0,Udham Singh Nagar,FULL MATCH
5,Uttarakhand,248471,Rudrapur,Municipal Corporations,56.0,Udham Singh Nagar,FULL MATCH
5,Uttarakhand,248474,Kichha,Municipality,56.0,Udham Singh Nagar,FULL MATCH
5,Uttarakhand,248475,Shaktigarh,Town Panchayat,56.0,Udham Singh Nagar,FULL MATCH
5,Uttarakhand,248476,Sitarganj,Municipality,56.0,Udham Singh Nagar,FULL MATCH
5,Uttarakhand,248477,Khatima,Municipality,56.0,Udham Singh Nagar,FULL MATCH
5,Uttarakhand,262922,Banbasa,Town Panchayat,56.0,Udham Singh Nagar,FULL MATCH
5,Uttarakhand,275661,Nanakmatta,Town Panchayat,56.0,Udham Singh Nagar,FULL MATCH
5,Uttarakhand,277162,Gularbhoj,Town Panchayat,56.0,Udham Singh Nagar,FULL MATCH
5,Uttarakhand,299527,Lalpur,Town Panchayat,56.0,Udham Singh Nagar,FULL MATCH
5,Uttarakhand,299528,Nagla,Municipality,56.0,Udham Singh Nagar,FULL MATCH
5,Uttarakhand,301880,Garhinegi,Town Panchayat,56.0,Udham Singh Nagar,FULL MATCH
5,Uttarakhand,248409,Barkot,Municipality,57.0,Uttarkashi,FULL MATCH
5,Uttarakhand,248410,Barahat-Uttarkashi,Municipality,57.0,Uttarkashi,FULL MATCH
5,Uttarakhand,248411,Gangotri,Town Panchayat,57.0,Uttarkashi,FULL MATCH
5,Uttarakhand,262841,Purola,Municipality,57.0,Uttarkashi,FULL MATCH
5,Uttarakhand,262842,Chiniyalisaur,Municipality,57.0,Uttarkashi,FULL MATCH
5,Uttarakhand,274461,Naugaon,Town Panchayat,57.0,Uttarkashi,FULL MATCH
5,Uttarakhand,277183,Lambgaon,Town Panchayat,57.0,Uttarkashi,FULL MATCH
5,Uttarakhand,248434,Rishikesh,Municipal Corporations,,,NO MATCH
5,Uttarakhand,248483,Landhaura,Town Panchayat,,,NO MATCH
5,Uttarakhand,275633,Selaqui(Central Hope Town),Town Panchayat,,,NO MATCH
6,Haryana,248490,Naraingarh,Municipality,58.0,Ambala,FULL MATCH
6,Haryana,248491,Ambala,Municipal Corporations,58.0,Ambala,FULL MATCH
6,Haryana,272866,Barara,Municipality,58.0,Ambala,FULL MATCH
6,Haryana,274458,Radaur,Municipality,58.0,Ambala,FULL MATCH
6,Haryana,290431,Ambala Sadar,Notified Area Council,58.0,Ambala,FULL MATCH
6,Haryana,248549,Bawani Khera,Municipality,59.0,Bhiwani,FULL MATCH
6,Haryana,248550,Bhiwani,Notified Area Council,59.0,Bhiwani,FULL MATCH
6,Haryana,248552,Siwani,Municipality,59.0,Bhiwani,FULL MATCH
6,Haryana,248553,Loharu,Municipality,59.0,Bhiwani,FULL MATCH
6,Haryana,248554,Charkhi Dadri,Notified Area Council,59.0,Bhiwani,FULL MATCH
6,Haryana,248585,Faridabad,Municipal Corporations,60.0,Faridabad,FULL MATCH
6,Haryana,248586,Palwal,Notified Area Council,60.0,Faridabad,FULL MATCH
6,Haryana,248536,Ratia,Municipality,61.0,Fatehabad,FULL MATCH
6,Haryana,248537,Tohana,Notified Area Council,61.0,Fatehabad,FULL MATCH
6,Haryana,248538,Fatehabad,Notified Area Council,61.0,Fatehabad,FULL MATCH
6,Haryana,248544,Uklanamandi,Municipality,61.0,Fatehabad,FULL MATCH
6,Haryana,262120,Bhuna,Municipality,61.0,Fatehabad,FULL MATCH
6,Haryana,276399,Jakhal Mandi,Municipality,61.0,Fatehabad,FULL MATCH
6,Haryana,299096,Adampur,Municipality,61.0,Fatehabad,FULL MATCH
6,Haryana,248573,Pataudi Jatauli Mandi,Notified Area Council,62.0,Gurugram,FULL MATCH
6,Haryana,248574,Farrukhnagar,Municipality,62.0,Gurugram,FULL MATCH
6,Haryana,248576,Gurugram,Municipal Corporations,62.0,Gurugram,FULL MATCH
6,Haryana,248579,Sohna,Notified Area Council,62.0,Gurugram,FULL MATCH
6,Haryana,248580,Taoru,Municipality,62.0,Gurugram,FULL MATCH
6,Haryana,297117,Manesar,Municipal Corporations,62.0,Gurugram,FULL MATCH
6,Haryana,248538,Fatehabad,Notified Area Council,63.0,Hisar,FULL MATCH
6,Haryana,248544,Uklanamandi,Municipality,63.0,Hisar,FULL MATCH
6,Haryana,248545,Barwala,Municipality,63.0,Hisar,AMBIGUOUS MATCH
6,Haryana,248546,Hisar,Municipal Corporations,63.0,Hisar,FULL MATCH
6,Haryana,248547,Narnaund,Municipality,63.0,Hisar,FULL MATCH
6,Haryana,248548,Hansi,Notified Area Council,63.0,Hisar,FULL MATCH
6,Haryana,299096,Adampur,Municipality,63.0,Hisar,FULL MATCH
6,Haryana,248558,Beri,Municipality,64.0,Jhajjar,FULL MATCH
6,Haryana,248560,Bahadurgarh,Notified Area Council,64.0,Jhajjar,FULL MATCH
6,Haryana,248562,Jhajjar,Notified Area Council,64.0,Jhajjar,FULL MATCH
6,Haryana,248531,Narwana,Notified Area Council,65.0,Jind,FULL MATCH
6,Haryana,248532,Uchana,Municipality,65.0,Jind,FULL MATCH
6,Haryana,248533,Jind,Notified Area Council,65.0,Jind,FULL MATCH
6,Haryana,248534,Julana,Municipality,65.0,Jind,FULL MATCH
6,Haryana,248535,Safidon,Municipality,65.0,Jind,FULL MATCH
6,Haryana,248510,Cheeka,Municipality,66.0,Kaithal,FULL MATCH
6,Haryana,248511,Kaithal,Notified Area Council,66.0,Kaithal,FULL MATCH
6,Haryana,248512,Kalayat,Municipality,66.0,Kaithal,FULL MATCH
6,Haryana,248513,Pundri,Municipality,66.0,Kaithal,FULL MATCH
6,Haryana,262119,Rajound,Municipality,66.0,Kaithal,FULL MATCH
6,Haryana,299095,Siwan,Municipality,66.0,Kaithal,FULL MATCH
6,Haryana,248514,Nilokheri,Municipality,67.0,Karnal,FULL MATCH
6,Haryana,248515,Taraori,Municipality,67.0,Karnal,FULL MATCH
6,Haryana,248516,Indri,Municipality,67.0,Karnal,FULL MATCH
6,Haryana,248517,Karnal,Municipal Corporations,67.0,Karnal,FULL MATCH
6,Haryana,248519,Assandh,Municipality,67.0,Karnal,FULL MATCH
6,Haryana,248520,Gharaunda,Municipality,67.0,Karnal,FULL MATCH
6,Haryana,253296,Nissing,Municipality,67.0,Karnal,FULL MATCH
6,Haryana,248506,Shahbad,Municipality,68.0,Kurukshetra,FULL MATCH
6,Haryana,248507,Pehowa,Municipality,68.0,Kurukshetra,FULL MATCH
6,Haryana,248508,Thanesar,Notified Area Council,68.0,Kurukshetra,FULL MATCH
6,Haryana,248509,Ladwa,Municipality,68.0,Kurukshetra,FULL MATCH
6,Haryana,289253,Ismailabad,Municipality,68.0,Kurukshetra,FULL MATCH
6,Haryana,248563,Kanina,Municipality,69.0,Mahendragarh,FULL MATCH
6,Haryana,248564,Mahendragarh,Municipality,69.0,Mahendragarh,FULL MATCH
6,Haryana,248565,Ateli,Municipality,69.0,Mahendragarh,FULL MATCH
6,Haryana,248566,Narnaul,Notified Area Council,69.0,Mahendragarh,FULL MATCH
6,Haryana,259688,Nangal Chaudhary,Municipality,69.0,Mahendragarh,FULL MATCH
6,Haryana,248487,Kalka,Notified Area Council,70.0,Panchkula,FULL MATCH
6,Haryana,248489,Panchkula,Municipal Corporations,70.0,Panchkula,FULL MATCH
6,Haryana,248545,Barwala,Municipality,70.0,Panchkula,AMBIGUOUS MATCH
6,Haryana,248526,Samalkha,Notified Area Council,71.0,Panipat,FULL MATCH
6,Haryana,248568,Dharuhera,Municipality,72.0,Rewari,FULL MATCH
6,Haryana,248569,Rewari,Notified Area Council,72.0,Rewari,FULL MATCH
6,Haryana,248571,Bawal,Municipality,72.0,Rewari,FULL MATCH
6,Haryana,248580,Taoru,Municipality,72.0,Rewari,FULL MATCH
6,Haryana,248555,Meham,Municipality,73.0,Rohtak,FULL MATCH
6,Haryana,248556,Kalanaur,Municipality,73.0,Rohtak,FULL MATCH
6,Haryana,248557,Rohtak,Municipal Corporations,73.0,Rohtak,FULL MATCH
6,Haryana,248558,Beri,Municipality,73.0,Rohtak,FULL MATCH
6,Haryana,253298,Sampla,Municipality,73.0,Rohtak,FULL MATCH
6,Haryana,248538,Fatehabad,Notified Area Council,74.0,Sirsa,FULL MATCH
6,Haryana,248539,Mandi Dabwali,Notified Area Council,74.0,Sirsa,FULL MATCH
6,Haryana,248540,Kalanwali,Municipality,74.0,Sirsa,FULL MATCH
6,Haryana,248541,Sirsa,Notified Area Council,74.0,Sirsa,FULL MATCH
6,Haryana,248542,Rania,Municipality,74.0,Sirsa,FULL MATCH
6,Haryana,248543,Ellenabad,Municipality,74.0,Sirsa,FULL MATCH
6,Haryana,248527,Gohana,Notified Area Council,75.0,Sonipat,FULL MATCH
6,Haryana,248528,Ganaur,Municipality,75.0,Sonipat,FULL MATCH
6,Haryana,248529,Sonipat,Municipal Corporations,75.0,Sonipat,FULL MATCH
6,Haryana,248530,Kharkhoda,Municipality,75.0,Sonipat,FULL MATCH
6,Haryana,289251,Kundli,Municipality,75.0,Sonipat,FULL MATCH
6,Haryana,248500,Yamunanagar,Municipal Corporations,76.0,Yamunanagar,FULL MATCH
6,Haryana,274458,Radaur,Municipality,76.0,Yamunanagar,FULL MATCH
6,Haryana,289254,Sadhaura,Municipality,76.0,Yamunanagar,FULL MATCH
6,Haryana,248579,Sohna,Notified Area Council,604.0,Nuh,FULL MATCH
6,Haryana,248580,Taoru,Municipality,604.0,Nuh,FULL MATCH
6,Haryana,248581,Nuh,Notified Area Council,604.0,Nuh,FULL MATCH
6,Haryana,248582,Ferozepur Jhirka,Municipality,604.0,Nuh,FULL MATCH
6,Haryana,248583,Punahana,Municipality,604.0,Nuh,FULL MATCH
6,Haryana,248586,Palwal,Notified Area Council,619.0,Palwal,FULL MATCH
6,Haryana,248587,Hathin,Municipality,619.0,Palwal,FULL MATCH
6,Haryana,248589,Hodal,Notified Area Council,619.0,Palwal,FULL MATCH
6,Haryana,248553,Loharu,Municipality,701.0,Charkhi Dadri,FULL MATCH
6,Haryana,248545,Barwala,Municipality,792.0,Hansi,AMBIGUOUS MATCH
6,Haryana,248547,Narnaund,Municipality,792.0,Hansi,FULL MATCH
6,Haryana,248548,Hansi,Notified Area Council,792.0,Hansi,FULL MATCH
6,Haryana,248521,Panipat,Municipal Corporations,,,NO MATCH
7,Delhi,276400,East Delhi Municipal Corporation,Municipal Corporations,78.0,East,AMBIGUOUS MATCH
7,Delhi,276400,East Delhi Municipal Corporation,Municipal Corporations,80.0,North,AMBIGUOUS MATCH
7,Delhi,276400,East Delhi Municipal Corporation,Municipal Corporations,81.0,North East,AMBIGUOUS MATCH
7,Delhi,276401,North Delhi Municipal Corporation,Municipal Corporations,82.0,North West,AMBIGUOUS MATCH
7,Delhi,276402,South Delhi Municipal Corporation,Municipal Corporations,83.0,South,AMBIGUOUS MATCH
7,Delhi,276401,North Delhi Municipal Corporation,Municipal Corporations,84.0,South West,AMBIGUOUS MATCH
7,Delhi,276402,South Delhi Municipal Corporation,Municipal Corporations,84.0,South West,AMBIGUOUS MATCH
7,Delhi,276401,North Delhi Municipal Corporation,Municipal Corporations,85.0,West,AMBIGUOUS MATCH
7,Delhi,276402,South Delhi Municipal Corporation,Municipal Corporations,85.0,West,AMBIGUOUS MATCH
7,Delhi,276402,South Delhi Municipal Corporation,Municipal Corporations,670.0,South East,AMBIGUOUS MATCH
7,Delhi,276401,North Delhi Municipal Corporation,Municipal Corporations,794.0,Outer North,AMBIGUOUS MATCH
7,Delhi,276447,New Delhi Municipal Council,NCT Municipal Council,,,NO MATCH
8,Rajasthan,248786,Kishangarh,Municipality,86.0,Ajmer,AMBIGUOUS MATCH
8,Rajasthan,248787,Pushkar,Municipality,86.0,Ajmer,AMBIGUOUS MATCH
8,Rajasthan,248788,Ajmer,Municipal Corporations,86.0,Ajmer,AMBIGUOUS MATCH
8,Rajasthan,248791,Vijainagar,Municipality,86.0,Ajmer,AMBIGUOUS MATCH
8,Rajasthan,248792,Sarwar,Town Panchayat,86.0,Ajmer,AMBIGUOUS MATCH
8,Rajasthan,248793,Kekri,Town Panchayat,86.0,Ajmer,AMBIGUOUS MATCH
8,Rajasthan,277232,Nasirabad,Municipality,86.0,Ajmer,AMBIGUOUS MATCH
8,Rajasthan,248671,Rajgarh (Alwar),Municipality,87.0,Alwar,AMBIGUOUS MATCH
8,Rajasthan,248699,Alwar,Municipal Corporations,87.0,Alwar,AMBIGUOUS MATCH
8,Rajasthan,248702,Kherli,Municipality,87.0,Alwar,AMBIGUOUS MATCH
8,Rajasthan,248844,Pratapgarh,Municipality,87.0,Alwar,AMBIGUOUS MATCH
8,Rajasthan,290432,Thanagaji,Town Panchayat,87.0,Alwar,AMBIGUOUS MATCH
8,Rajasthan,296915,Laxmangarh (Alwar),Town Panchayat,87.0,Alwar,AMBIGUOUS MATCH
8,Rajasthan,296916,Ramgarh (Alwar),Town Panchayat,87.0,Alwar,AMBIGUOUS MATCH
8,Rajasthan,299536,Govindgarh,Municipality,87.0,Alwar,AMBIGUOUS MATCH
8,Rajasthan,300344,Bahadurpur,Town Panchayat,87.0,Alwar,AMBIGUOUS MATCH
8,Rajasthan,300347,Baroda Meo,Town Panchayat,87.0,Alwar,AMBIGUOUS MATCH
8,Rajasthan,301407,Malakheda,Municipality,87.0,Alwar,AMBIGUOUS MATCH
8,Rajasthan,301408,Vallabhnagar,Municipality,87.0,Alwar,AMBIGUOUS MATCH
8,Rajasthan,301409,Singhana,Municipality,87.0,Alwar,AMBIGUOUS MATCH
8,Rajasthan,301415,Kathumar,Municipality,87.0,Alwar,AMBIGUOUS MATCH
8,Rajasthan,301458,Mubarikpur,Town Panchayat,87.0,Alwar,AMBIGUOUS MATCH
8,Rajasthan,248835,Banswara,Municipality,88.0,Banswara,AMBIGUOUS MATCH
8,Rajasthan,248836,Kushalgarh,Town Panchayat,88.0,Banswara,AMBIGUOUS MATCH
8,Rajasthan,277602,Partapur -Garhi,Town Panchayat,88.0,Banswara,AMBIGUOUS MATCH
8,Rajasthan,248856,Mangrol,Town Panchayat,89.0,Baran,AMBIGUOUS MATCH
8,Rajasthan,248857,Anta,Town Panchayat,89.0,Baran,AMBIGUOUS MATCH
8,Rajasthan,248858,Baran,Municipality,89.0,Baran,AMBIGUOUS MATCH
8,Rajasthan,248860,Chhabra,Town Panchayat,89.0,Baran,AMBIGUOUS MATCH
8,Rajasthan,296934,Atru,Town Panchayat,89.0,Baran,AMBIGUOUS MATCH
8,Rajasthan,248766,Barmer,Municipality,90.0,Barmer,AMBIGUOUS MATCH
8,Rajasthan,302181,Chohtan,Municipality,90.0,Barmer,AMBIGUOUS MATCH
8,Rajasthan,302204,Gudhamalani,Town Panchayat,90.0,Barmer,AMBIGUOUS MATCH
8,Rajasthan,302257,Dhorimanna,Town Panchayat,90.0,Barmer,AMBIGUOUS MATCH
8,Rajasthan,248705,Deeg,Municipality,91.0,Bharatpur,AMBIGUOUS MATCH
8,Rajasthan,248706,Nadbai,Municipality,91.0,Bharatpur,AMBIGUOUS MATCH
8,Rajasthan,248708,Bharatpur,Municipal Corporations,91.0,Bharatpur,FULL MATCH
8,Rajasthan,248709,Bhusawar,Town Panchayat,91.0,Bharatpur,AMBIGUOUS MATCH
8,Rajasthan,248710,Weir,Town Panchayat,91.0,Bharatpur,AMBIGUOUS MATCH
8,Rajasthan,248711,Bayana,Town Panchayat,91.0,Bharatpur,AMBIGUOUS MATCH
8,Rajasthan,263008,Roopbas,Town Panchayat,91.0,Bharatpur,AMBIGUOUS MATCH
8,Rajasthan,298994,Uchchain,Town Panchayat,91.0,Bharatpur,AMBIGUOUS MATCH
8,Rajasthan,248808,Asind,Town Panchayat,92.0,Bhilwara,AMBIGUOUS MATCH
8,Rajasthan,248809,Gulabpura,Town Panchayat,92.0,Bhilwara,AMBIGUOUS MATCH
8,Rajasthan,248811,Gangapur,Town Panchayat,92.0,Bhilwara,AMBIGUOUS MATCH
8,Rajasthan,248812,Bhilwara,Municipal Corporations,92.0,Bhilwara,AMBIGUOUS MATCH
8,Rajasthan,248813,Jahazpur,Town Panchayat,92.0,Bhilwara,AMBIGUOUS MATCH
8,Rajasthan,248814,Mandalgarh,Town Panchayat,92.0,Bhilwara,AMBIGUOUS MATCH
8,Rajasthan,277235,Shahpura..(Bhilwara),Town Panchayat,92.0,Bhilwara,AMBIGUOUS MATCH
8,Rajasthan,299936,Hameergarh,Town Panchayat,92.0,Bhilwara,AMBIGUOUS MATCH
8,Rajasthan,301416,Raipur,Municipality,92.0,Bhilwara,AMBIGUOUS MATCH
8,Rajasthan,301915,Bijoliya,Municipality,92.0,Bhilwara,AMBIGUOUS MATCH
8,Rajasthan,302924,Banera,Municipality,92.0,Bhilwara,FULL MATCH
8,Rajasthan,302998,Bigod,Municipality,92.0,Bhilwara,FULL MATCH
8,Rajasthan,248667,Bikaner,Municipal Corporations,93.0,Bikaner,FULL MATCH
8,Rajasthan,248668,Deshnoke,Town Panchayat,93.0,Bikaner,AMBIGUOUS MATCH
8,Rajasthan,248669,Nokha,Town Panchayat,93.0,Bikaner,AMBIGUOUS MATCH
8,Rajasthan,248675,Sri Dungargarh,Town Panchayat,93.0,Bikaner,AMBIGUOUS MATCH
8,Rajasthan,299753,Khajuwala,Town Panchayat,93.0,Bikaner,AMBIGUOUS MATCH
8,Rajasthan,301412,Bap,Town Panchayat,93.0,Bikaner,AMBIGUOUS MATCH
8,Rajasthan,302180,Napasar,Municipality,93.0,Bikaner,AMBIGUOUS MATCH
8,Rajasthan,302182,Lunkaransar,Municipality,93.0,Bikaner,AMBIGUOUS MATCH
8,Rajasthan,248800,Uniara,Town Panchayat,94.0,Bundi,AMBIGUOUS MATCH
8,Rajasthan,248801,Nainwa,Town Panchayat,94.0,Bundi,AMBIGUOUS MATCH
8,Rajasthan,248802,Indragarh,Town Panchayat,94.0,Bundi,AMBIGUOUS MATCH
8,Rajasthan,248803,Lakheri,Town Panchayat,94.0,Bundi,AMBIGUOUS MATCH
8,Rajasthan,248804,Kaprain,Town Panchayat,94.0,Bundi,AMBIGUOUS MATCH
8,Rajasthan,248805,Keshoraipatan,Town Panchayat,94.0,Bundi,AMBIGUOUS MATCH
8,Rajasthan,248806,Bundi,Municipality,94.0,Bundi,AMBIGUOUS MATCH
8,Rajasthan,301414,Dei,Town Panchayat,94.0,Bundi,AMBIGUOUS MATCH
8,Rajasthan,301457,Hindoli,Municipality,94.0,Bundi,AMBIGUOUS MATCH
8,Rajasthan,303112,Hindoli,Town Panchayat,94.0,Bundi,AMBIGUOUS MATCH
8,Rajasthan,248837,Begun,Town Panchayat,95.0,Chittorgarh,AMBIGUOUS MATCH
8,Rajasthan,248838,Rawatbhata,Municipality,95.0,Chittorgarh,AMBIGUOUS MATCH
8,Rajasthan,248839,Chittorgarh,Municipality,95.0,Chittorgarh,AMBIGUOUS MATCH
8,Rajasthan,248840,Kapasan,Town Panchayat,95.0,Chittorgarh,AMBIGUOUS MATCH
8,Rajasthan,248841,Nimbahera,Town Panchayat,95.0,Chittorgarh,AMBIGUOUS MATCH
8,Rajasthan,248843,Bari Sadri,Town Panchayat,95.0,Chittorgarh,AMBIGUOUS MATCH
8,Rajasthan,301433,Akola,Town Panchayat,95.0,Chittorgarh,AMBIGUOUS MATCH
8,Rajasthan,248670,Taranagar,Town Panchayat,96.0,Churu,AMBIGUOUS MATCH
8,Rajasthan,248672,Sardarshahar,Town Panchayat,96.0,Churu,AMBIGUOUS MATCH
8,Rajasthan,248673,Churu,Municipality,96.0,Churu,AMBIGUOUS MATCH
8,Rajasthan,248674,Ratannagar,Town Panchayat,96.0,Churu,AMBIGUOUS MATCH
8,Rajasthan,248676,Ratangarh,Municipality,96.0,Churu,AMBIGUOUS MATCH
8,Rajasthan,248677,Rajaldesar,Town Panchayat,96.0,Churu,AMBIGUOUS MATCH
8,Rajasthan,248678,Bidasar,Municipality,96.0,Churu,AMBIGUOUS MATCH
8,Rajasthan,248679,Chhapar,Town Panchayat,96.0,Churu,AMBIGUOUS MATCH
8,Rajasthan,248680,Sujangarh,Municipality,96.0,Churu,AMBIGUOUS MATCH
8,Rajasthan,248700,Rajgarh(Churu),Town Panchayat,96.0,Churu,AMBIGUOUS MATCH
8,Rajasthan,302861,Sahwa,Municipality,96.0,Churu,FULL MATCH
8,Rajasthan,248722,Bandikui,Municipality,97.0,Dausa,AMBIGUOUS MATCH
8,Rajasthan,248725,Dausa,Municipality,97.0,Dausa,AMBIGUOUS MATCH
8,Rajasthan,248726,Lalsot,Municipality,97.0,Dausa,AMBIGUOUS MATCH
8,Rajasthan,248748,Didwana,Town Panchayat,97.0,Dausa,AMBIGUOUS MATCH
8,Rajasthan,275691,Mahwa,Municipality,97.0,Dausa,AMBIGUOUS MATCH
8,Rajasthan,296925,Bassi,Town Panchayat,97.0,Dausa,AMBIGUOUS MATCH
8,Rajasthan,301406,Lawan,Municipality,97.0,Dausa,AMBIGUOUS MATCH
8,Rajasthan,301410,Ramgarh Pachwara,Municipality,97.0,Dausa,AMBIGUOUS MATCH
8,Rajasthan,301411,Baswa,Town Panchayat,97.0,Dausa,AMBIGUOUS MATCH
8,Rajasthan,301435,Bhandarej,Town Panchayat,97.0,Dausa,AMBIGUOUS MATCH
8,Rajasthan,301451,Sikaray,Municipality,97.0,Dausa,AMBIGUOUS MATCH
8,Rajasthan,248649,Kesrisinghpur,Town Panchayat,98.0,Dholpur,AMBIGUOUS MATCH
8,Rajasthan,248650,Srikaranpur,Town Panchayat,98.0,Dholpur,AMBIGUOUS MATCH
8,Rajasthan,248652,Sadulshahar,Town Panchayat,98.0,Dholpur,AMBIGUOUS MATCH
8,Rajasthan,248653,Padampur,Town Panchayat,98.0,Dholpur,AMBIGUOUS MATCH
8,Rajasthan,248654,Gajsinghpur,Town Panchayat,98.0,Dholpur,AMBIGUOUS MATCH
8,Rajasthan,248655,Raisinghnagar,Town Panchayat,98.0,Dholpur,AMBIGUOUS MATCH
8,Rajasthan,248656,Anupgarh,Town Panchayat,98.0,Dholpur,AMBIGUOUS MATCH
8,Rajasthan,248658,Srivijainagar,Town Panchayat,98.0,Dholpur,AMBIGUOUS MATCH
8,Rajasthan,248660,Suratgarh,Town Panchayat,98.0,Dholpur,AMBIGUOUS MATCH
8,Rajasthan,248661,Sangaria,Town Panchayat,98.0,Dholpur,AMBIGUOUS MATCH
8,Rajasthan,248663,Pilibanga,Town Panchayat,98.0,Dholpur,AMBIGUOUS MATCH
8,Rajasthan,248668,Deshnoke,Town Panchayat,98.0,Dholpur,AMBIGUOUS MATCH
8,Rajasthan,248669,Nokha,Town Panchayat,98.0,Dholpur,AMBIGUOUS MATCH
8,Rajasthan,248670,Taranagar,Town Panchayat,98.0,Dholpur,AMBIGUOUS MATCH
8,Rajasthan,248672,Sardarshahar,Town Panchayat,98.0,Dholpur,AMBIGUOUS MATCH
8,Rajasthan,248674,Ratannagar,Town Panchayat,98.0,Dholpur,AMBIGUOUS MATCH
8,Rajasthan,248675,Sri Dungargarh,Town Panchayat,98.0,Dholpur,AMBIGUOUS MATCH
8,Rajasthan,248677,Rajaldesar,Town Panchayat,98.0,Dholpur,AMBIGUOUS MATCH
8,Rajasthan,248679,Chhapar,Town Panchayat,98.0,Dholpur,AMBIGUOUS MATCH
8,Rajasthan,248681,Bissau,Town Panchayat,98.0,Dholpur,AMBIGUOUS MATCH
8,Rajasthan,248682,Mandawa,Town Panchayat,98.0,Dholpur,AMBIGUOUS MATCH
8,Rajasthan,248684,Baggar,Town Panchayat,98.0,Dholpur,AMBIGUOUS MATCH
8,Rajasthan,248685,Pilani,Town Panchayat,98.0,Dholpur,AMBIGUOUS MATCH
8,Rajasthan,248686,Vidyavihar,Town Panchayat,98.0,Dholpur,AMBIGUOUS MATCH
8,Rajasthan,248687,Chirawa,Town Panchayat,98.0,Dholpur,AMBIGUOUS MATCH
8,Rajasthan,248688,Surajgarh,Town Panchayat,98.0,Dholpur,AMBIGUOUS MATCH
8,Rajasthan,248691,Mukandgarh,Town Panchayat,98.0,Dholpur,AMBIGUOUS MATCH
8,Rajasthan,248692,Nawalgarh,Town Panchayat,98.0,Dholpur,AMBIGUOUS MATCH
8,Rajasthan,248693,Udaipurwati,Town Panchayat,98.0,Dholpur,AMBIGUOUS MATCH
8,Rajasthan,248694,Behror,Town Panchayat,98.0,Dholpur,AMBIGUOUS MATCH
8,Rajasthan,248696,Tijara,Town Panchayat,98.0,Dholpur,AMBIGUOUS MATCH
8,Rajasthan,248700,Rajgarh(Churu),Town Panchayat,98.0,Dholpur,AMBIGUOUS MATCH
8,Rajasthan,248703,Kaman,Town Panchayat,98.0,Dholpur,AMBIGUOUS MATCH
8,Rajasthan,248704,Nagar,Town Panchayat,98.0,Dholpur,AMBIGUOUS MATCH
8,Rajasthan,248707,Kumher,Town Panchayat,98.0,Dholpur,AMBIGUOUS MATCH
8,Rajasthan,248709,Bhusawar,Town Panchayat,98.0,Dholpur,AMBIGUOUS MATCH
8,Rajasthan,248710,Weir,Town Panchayat,98.0,Dholpur,AMBIGUOUS MATCH
8,Rajasthan,248711,Bayana,Town Panchayat,98.0,Dholpur,AMBIGUOUS MATCH
8,Rajasthan,248712,Bari,Town Panchayat,98.0,Dholpur,AMBIGUOUS MATCH
8,Rajasthan,248713,Dhaulpur,Municipality,98.0,Dholpur,AMBIGUOUS MATCH
8,Rajasthan,248714,Rajakhera,Town Panchayat,98.0,Dholpur,AMBIGUOUS MATCH
8,Rajasthan,248728,Viratnagar,Town Panchayat,98.0,Dholpur,AMBIGUOUS MATCH
8,Rajasthan,248730,Chomu,Town Panchayat,98.0,Dholpur,AMBIGUOUS MATCH
8,Rajasthan,248731,Kishangarh Renwal,Town Panchayat,98.0,Dholpur,AMBIGUOUS MATCH
8,Rajasthan,248732,Jobner,Town Panchayat,98.0,Dholpur,AMBIGUOUS MATCH
8,Rajasthan,248733,Sambhar,Town Panchayat,98.0,Dholpur,AMBIGUOUS MATCH
8,Rajasthan,248734,Phulera,Town Panchayat,98.0,Dholpur,AMBIGUOUS MATCH
8,Rajasthan,248735,Bagru,Town Panchayat,98.0,Dholpur,AMBIGUOUS MATCH
8,Rajasthan,248737,Chaksu,Town Panchayat,98.0,Dholpur,AMBIGUOUS MATCH
8,Rajasthan,248738,Ramgarh,Town Panchayat,98.0,Dholpur,AMBIGUOUS MATCH
8,Rajasthan,248739,Fatehpur,Town Panchayat,98.0,Dholpur,AMBIGUOUS MATCH
8,Rajasthan,248745,Reengus,Town Panchayat,98.0,Dholpur,AMBIGUOUS MATCH
8,Rajasthan,248747,Ladnu,Town Panchayat,98.0,Dholpur,AMBIGUOUS MATCH
8,Rajasthan,248748,Didwana,Town Panchayat,98.0,Dholpur,AMBIGUOUS MATCH
8,Rajasthan,248751,Mundwa,Town Panchayat,98.0,Dholpur,AMBIGUOUS MATCH
8,Rajasthan,248752,Kuchera,Town Panchayat,98.0,Dholpur,AMBIGUOUS MATCH
8,Rajasthan,248753,Merta City,Town Panchayat,98.0,Dholpur,AMBIGUOUS MATCH
8,Rajasthan,248755,Parbatsar,Town Panchayat,98.0,Dholpur,AMBIGUOUS MATCH
8,Rajasthan,248757,Kuchaman City,Town Panchayat,98.0,Dholpur,AMBIGUOUS MATCH
8,Rajasthan,248758,Nawa,Town Panchayat,98.0,Dholpur,AMBIGUOUS MATCH
8,Rajasthan,248759,Phalodi,Town Panchayat,98.0,Dholpur,AMBIGUOUS MATCH
8,Rajasthan,248761,Pipar City,Town Panchayat,98.0,Dholpur,AMBIGUOUS MATCH
8,Rajasthan,248762,Bilara,Town Panchayat,98.0,Dholpur,AMBIGUOUS MATCH
8,Rajasthan,248764,Pokaran,Town Panchayat,98.0,Dholpur,AMBIGUOUS MATCH
8,Rajasthan,248768,Bhinmal,Town Panchayat,98.0,Dholpur,AMBIGUOUS MATCH
8,Rajasthan,248769,Sanchore,Town Panchayat,98.0,Dholpur,AMBIGUOUS MATCH
8,Rajasthan,248770,Sheoganj,Town Panchayat,98.0,Dholpur,AMBIGUOUS MATCH
8,Rajasthan,248773,Mount Abu,Town Panchayat,98.0,Dholpur,AMBIGUOUS MATCH
8,Rajasthan,248774,Abu Road,Town Panchayat,98.0,Dholpur,AMBIGUOUS MATCH
8,Rajasthan,248775,Jaitaran,Town Panchayat,98.0,Dholpur,AMBIGUOUS MATCH
8,Rajasthan,248776,Sojat,Town Panchayat,98.0,Dholpur,AMBIGUOUS MATCH
8,Rajasthan,248780,Rani,Town Panchayat,98.0,Dholpur,AMBIGUOUS MATCH
8,Rajasthan,248781,Sadri,Town Panchayat,98.0,Dholpur,AMBIGUOUS MATCH
8,Rajasthan,248782,Takhatgarh,Town Panchayat,98.0,Dholpur,AMBIGUOUS MATCH
8,Rajasthan,248784,Falna,Town Panchayat,98.0,Dholpur,AMBIGUOUS MATCH
8,Rajasthan,248785,Bali,Town Panchayat,98.0,Dholpur,AMBIGUOUS MATCH
8,Rajasthan,248792,Sarwar,Town Panchayat,98.0,Dholpur,AMBIGUOUS MATCH
8,Rajasthan,248793,Kekri,Town Panchayat,98.0,Dholpur,AMBIGUOUS MATCH
8,Rajasthan,248796,Niwai,Town Panchayat,98.0,Dholpur,AMBIGUOUS MATCH
8,Rajasthan,248798,Todaraisingh,Town Panchayat,98.0,Dholpur,AMBIGUOUS MATCH
8,Rajasthan,248800,Uniara,Town Panchayat,98.0,Dholpur,AMBIGUOUS MATCH
8,Rajasthan,248801,Nainwa,Town Panchayat,98.0,Dholpur,AMBIGUOUS MATCH
8,Rajasthan,248802,Indragarh,Town Panchayat,98.0,Dholpur,AMBIGUOUS MATCH
8,Rajasthan,248803,Lakheri,Town Panchayat,98.0,Dholpur,AMBIGUOUS MATCH
8,Rajasthan,248804,Kaprain,Town Panchayat,98.0,Dholpur,AMBIGUOUS MATCH
8,Rajasthan,248805,Keshoraipatan,Town Panchayat,98.0,Dholpur,AMBIGUOUS MATCH
8,Rajasthan,248808,Asind,Town Panchayat,98.0,Dholpur,AMBIGUOUS MATCH
8,Rajasthan,248809,Gulabpura,Town Panchayat,98.0,Dholpur,AMBIGUOUS MATCH
8,Rajasthan,248811,Gangapur,Town Panchayat,98.0,Dholpur,AMBIGUOUS MATCH
8,Rajasthan,248813,Jahazpur,Town Panchayat,98.0,Dholpur,AMBIGUOUS MATCH
8,Rajasthan,248814,Mandalgarh,Town Panchayat,98.0,Dholpur,AMBIGUOUS MATCH
8,Rajasthan,248816,Deogarh,Town Panchayat,98.0,Dholpur,AMBIGUOUS MATCH
8,Rajasthan,248817,Amet,Town Panchayat,98.0,Dholpur,AMBIGUOUS MATCH
8,Rajasthan,248820,Nathdwara,Town Panchayat,98.0,Dholpur,AMBIGUOUS MATCH
8,Rajasthan,248821,Fatehnagar,Town Panchayat,98.0,Dholpur,AMBIGUOUS MATCH
8,Rajasthan,248823,Bhinder,Town Panchayat,98.0,Dholpur,AMBIGUOUS MATCH
8,Rajasthan,248824,Kanor,Town Panchayat,98.0,Dholpur,AMBIGUOUS MATCH
8,Rajasthan,248832,Sagwara,Town Panchayat,98.0,Dholpur,AMBIGUOUS MATCH
8,Rajasthan,248836,Kushalgarh,Town Panchayat,98.0,Dholpur,AMBIGUOUS MATCH
8,Rajasthan,248837,Begun,Town Panchayat,98.0,Dholpur,AMBIGUOUS MATCH
8,Rajasthan,248840,Kapasan,Town Panchayat,98.0,Dholpur,AMBIGUOUS MATCH
8,Rajasthan,248841,Nimbahera,Town Panchayat,98.0,Dholpur,AMBIGUOUS MATCH
8,Rajasthan,248842,Chhoti Sadri,Town Panchayat,98.0,Dholpur,AMBIGUOUS MATCH
8,Rajasthan,248843,Bari Sadri,Town Panchayat,98.0,Dholpur,AMBIGUOUS MATCH
8,Rajasthan,248847,Kaithoon,Town Panchayat,98.0,Dholpur,AMBIGUOUS MATCH
8,Rajasthan,248851,Ramganj Mandi,Town Panchayat,98.0,Dholpur,AMBIGUOUS MATCH
8,Rajasthan,248855,Sangod,Town Panchayat,98.0,Dholpur,AMBIGUOUS MATCH
8,Rajasthan,248856,Mangrol,Town Panchayat,98.0,Dholpur,AMBIGUOUS MATCH
8,Rajasthan,248857,Anta,Town Panchayat,98.0,Dholpur,AMBIGUOUS MATCH
8,Rajasthan,248860,Chhabra,Town Panchayat,98.0,Dholpur,AMBIGUOUS MATCH
8,Rajasthan,248865,Aklera,Town Panchayat,98.0,Dholpur,AMBIGUOUS MATCH
8,Rajasthan,248867,Bhawani Mandi,Town Panchayat,98.0,Dholpur,AMBIGUOUS MATCH
8,Rajasthan,248868,Pirawa,Town Panchayat,98.0,Dholpur,AMBIGUOUS MATCH
8,Rajasthan,263007,Itawa,Town Panchayat,98.0,Dholpur,AMBIGUOUS MATCH
8,Rajasthan,263008,Roopbas,Town Panchayat,98.0,Dholpur,AMBIGUOUS MATCH
8,Rajasthan,277231,Degana,Town Panchayat,98.0,Dholpur,AMBIGUOUS MATCH
8,Rajasthan,277233,Kishangarhbas,Town Panchayat,98.0,Dholpur,AMBIGUOUS MATCH
8,Rajasthan,277234,Pindwara,Town Panchayat,98.0,Dholpur,AMBIGUOUS MATCH
8,Rajasthan,277235,Shahpura..(Bhilwara),Town Panchayat,98.0,Dholpur,AMBIGUOUS MATCH
8,Rajasthan,277601,Khatushyamji,Town Panchayat,98.0,Dholpur,AMBIGUOUS MATCH
8,Rajasthan,277602,Partapur -Garhi,Town Panchayat,98.0,Dholpur,AMBIGUOUS MATCH
8,Rajasthan,290432,Thanagaji,Town Panchayat,98.0,Dholpur,AMBIGUOUS MATCH
8,Rajasthan,296915,Laxmangarh (Alwar),Town Panchayat,98.0,Dholpur,AMBIGUOUS MATCH
8,Rajasthan,296916,Ramgarh (Alwar),Town Panchayat,98.0,Dholpur,AMBIGUOUS MATCH
8,Rajasthan,296923,Bansur,Town Panchayat,98.0,Dholpur,AMBIGUOUS MATCH
8,Rajasthan,296924,Bhopalgarh,Town Panchayat,98.0,Dholpur,AMBIGUOUS MATCH
8,Rajasthan,296925,Bassi,Town Panchayat,98.0,Dholpur,AMBIGUOUS MATCH
8,Rajasthan,296926,Mandawari,Town Panchayat,98.0,Dholpur,AMBIGUOUS MATCH
8,Rajasthan,296930,Sarmathura,Town Panchayat,98.0,Dholpur,AMBIGUOUS MATCH
8,Rajasthan,296931,Baseri,Town Panchayat,98.0,Dholpur,AMBIGUOUS MATCH
8,Rajasthan,296933,Sultanpur,Town Panchayat,98.0,Dholpur,AMBIGUOUS MATCH
8,Rajasthan,296934,Atru,Town Panchayat,98.0,Dholpur,AMBIGUOUS MATCH
8,Rajasthan,296936,Bamanwas,Town Panchayat,98.0,Dholpur,AMBIGUOUS MATCH
8,Rajasthan,298994,Uchchain,Town Panchayat,98.0,Dholpur,AMBIGUOUS MATCH
8,Rajasthan,298995,Sikri,Town Panchayat,98.0,Dholpur,AMBIGUOUS MATCH
8,Rajasthan,299534,Borawar,Town Panchayat,98.0,Dholpur,AMBIGUOUS MATCH
8,Rajasthan,299535,Kotkasim,Town Panchayat,98.0,Dholpur,AMBIGUOUS MATCH
8,Rajasthan,299753,Khajuwala,Town Panchayat,98.0,Dholpur,AMBIGUOUS MATCH
8,Rajasthan,299757,Siwana,Town Panchayat,98.0,Dholpur,AMBIGUOUS MATCH
8,Rajasthan,299764,Jayal,Town Panchayat,98.0,Dholpur,AMBIGUOUS MATCH
8,Rajasthan,299765,Mandawar,Town Panchayat,98.0,Dholpur,AMBIGUOUS MATCH
8,Rajasthan,299784,Balesar Satta,Town Panchayat,98.0,Dholpur,AMBIGUOUS MATCH
8,Rajasthan,299825,Bonli,Town Panchayat,98.0,Dholpur,AMBIGUOUS MATCH
8,Rajasthan,299934,Tapukara,Town Panchayat,98.0,Dholpur,AMBIGUOUS MATCH
8,Rajasthan,299936,Hameergarh,Town Panchayat,98.0,Dholpur,AMBIGUOUS MATCH
8,Rajasthan,299937,Tibbi,Town Panchayat,98.0,Dholpur,AMBIGUOUS MATCH
8,Rajasthan,299939,Gudhagorji,Town Panchayat,98.0,Dholpur,AMBIGUOUS MATCH
8,Rajasthan,299940,Raniwada,Town Panchayat,98.0,Dholpur,AMBIGUOUS MATCH
8,Rajasthan,299941,Danta,Town Panchayat,98.0,Dholpur,AMBIGUOUS MATCH
8,Rajasthan,299942,Dhariawad,Town Panchayat,98.0,Dholpur,AMBIGUOUS MATCH
8,Rajasthan,299974,Bardod,Town Panchayat,98.0,Dholpur,AMBIGUOUS MATCH
8,Rajasthan,299976,Basni,Town Panchayat,98.0,Dholpur,AMBIGUOUS MATCH
8,Rajasthan,299977,Ajeetgarh,Town Panchayat,98.0,Dholpur,AMBIGUOUS MATCH
8,Rajasthan,300050,Semari,Town Panchayat,98.0,Dholpur,AMBIGUOUS MATCH
8,Rajasthan,300321,Narayana,Town Panchayat,98.0,Dholpur,AMBIGUOUS MATCH
8,Rajasthan,300322,Marwar Junction,Town Panchayat,98.0,Dholpur,AMBIGUOUS MATCH
8,Rajasthan,300344,Bahadurpur,Town Panchayat,98.0,Dholpur,AMBIGUOUS MATCH
8,Rajasthan,300347,Baroda Meo,Town Panchayat,98.0,Dholpur,AMBIGUOUS MATCH
8,Rajasthan,300350,Manoharpur,Town Panchayat,98.0,Dholpur,AMBIGUOUS MATCH
8,Rajasthan,301405,Ahore,Town Panchayat,98.0,Dholpur,AMBIGUOUS MATCH
8,Rajasthan,301411,Baswa,Town Panchayat,98.0,Dholpur,AMBIGUOUS MATCH
8,Rajasthan,301412,Bap,Town Panchayat,98.0,Dholpur,AMBIGUOUS MATCH
8,Rajasthan,301414,Dei,Town Panchayat,98.0,Dholpur,AMBIGUOUS MATCH
8,Rajasthan,301433,Akola,Town Panchayat,98.0,Dholpur,AMBIGUOUS MATCH
8,Rajasthan,301435,Bhandarej,Town Panchayat,98.0,Dholpur,AMBIGUOUS MATCH
8,Rajasthan,301436,Bhim,Town Panchayat,98.0,Dholpur,AMBIGUOUS MATCH
8,Rajasthan,301439,Dooni,Town Panchayat,98.0,Dholpur,AMBIGUOUS MATCH
8,Rajasthan,301440,Fhagi,Town Panchayat,98.0,Dholpur,AMBIGUOUS MATCH
8,Rajasthan,301442,Goluwala,Town Panchayat,98.0,Dholpur,AMBIGUOUS MATCH
8,Rajasthan,301443,Kelwara,Town Panchayat,98.0,Dholpur,AMBIGUOUS MATCH
8,Rajasthan,301446,Nauganwa,Town Panchayat,98.0,Dholpur,AMBIGUOUS MATCH
8,Rajasthan,301449,Maharana Pratap Nagar Palika Sarada-Chawand,Town Panchayat,98.0,Dholpur,AMBIGUOUS MATCH
8,Rajasthan,301453,Suket,Town Panchayat,98.0,Dholpur,AMBIGUOUS MATCH
8,Rajasthan,301454,Vajirpur,Town Panchayat,98.0,Dholpur,AMBIGUOUS MATCH
8,Rajasthan,301458,Mubarikpur,Town Panchayat,98.0,Dholpur,AMBIGUOUS MATCH
8,Rajasthan,301459,Ramdevra,Town Panchayat,98.0,Dholpur,AMBIGUOUS MATCH
8,Rajasthan,301460,Seeswali,Town Panchayat,98.0,Dholpur,AMBIGUOUS MATCH
8,Rajasthan,301461,Mundawar,Town Panchayat,98.0,Dholpur,AMBIGUOUS MATCH
8,Rajasthan,301462,Ponkh,Town Panchayat,98.0,Dholpur,AMBIGUOUS MATCH
8,Rajasthan,301906,Mertaroad,Town Panchayat,98.0,Dholpur,AMBIGUOUS MATCH
8,Rajasthan,302204,Gudhamalani,Town Panchayat,98.0,Dholpur,AMBIGUOUS MATCH
8,Rajasthan,302253,Tinwari,Town Panchayat,98.0,Dholpur,AMBIGUOUS MATCH
8,Rajasthan,302254,Sayla,Town Panchayat,98.0,Dholpur,AMBIGUOUS MATCH
8,Rajasthan,302255,Dhod,Town Panchayat,98.0,Dholpur,AMBIGUOUS MATCH
8,Rajasthan,302257,Dhorimanna,Town Panchayat,98.0,Dholpur,AMBIGUOUS MATCH
8,Rajasthan,302258,Sultana,Town Panchayat,98.0,Dholpur,AMBIGUOUS MATCH
8,Rajasthan,302259,Peeplu,Town Panchayat,98.0,Dholpur,AMBIGUOUS MATCH
8,Rajasthan,302261,Masuda,Town Panchayat,98.0,Dholpur,AMBIGUOUS MATCH
8,Rajasthan,302262,Khandar,Town Panchayat,98.0,Dholpur,AMBIGUOUS MATCH
8,Rajasthan,302263,Gharsana,Town Panchayat,98.0,Dholpur,AMBIGUOUS MATCH
8,Rajasthan,302801,Mandrela,Town Panchayat,98.0,Dholpur,AMBIGUOUS MATCH
8,Rajasthan,302802,Mathaniya,Town Panchayat,98.0,Dholpur,AMBIGUOUS MATCH
8,Rajasthan,303111,Sindhari,Town Panchayat,98.0,Dholpur,FULL MATCH
8,Rajasthan,303112,Hindoli,Town Panchayat,98.0,Dholpur,AMBIGUOUS MATCH
8,Rajasthan,248831,Dungarpur,Municipality,99.0,Dungarpur,AMBIGUOUS MATCH
8,Rajasthan,248832,Sagwara,Town Panchayat,99.0,Dungarpur,AMBIGUOUS MATCH
8,Rajasthan,248649,Kesrisinghpur,Town Panchayat,100.0,Ganganagar,AMBIGUOUS MATCH
8,Rajasthan,248650,Srikaranpur,Town Panchayat,100.0,Ganganagar,AMBIGUOUS MATCH
8,Rajasthan,248651,Sri Ganganagar,Municipality,100.0,Ganganagar,AMBIGUOUS MATCH
8,Rajasthan,248652,Sadulshahar,Town Panchayat,100.0,Ganganagar,AMBIGUOUS MATCH
8,Rajasthan,248653,Padampur,Town Panchayat,100.0,Ganganagar,AMBIGUOUS MATCH
8,Rajasthan,248654,Gajsinghpur,Town Panchayat,100.0,Ganganagar,AMBIGUOUS MATCH
8,Rajasthan,248655,Raisinghnagar,Town Panchayat,100.0,Ganganagar,AMBIGUOUS MATCH
8,Rajasthan,248656,Anupgarh,Town Panchayat,100.0,Ganganagar,AMBIGUOUS MATCH
8,Rajasthan,248658,Srivijainagar,Town Panchayat,100.0,Ganganagar,AMBIGUOUS MATCH
8,Rajasthan,248660,Suratgarh,Town Panchayat,100.0,Ganganagar,AMBIGUOUS MATCH
8,Rajasthan,248661,Sangaria,Town Panchayat,100.0,Ganganagar,AMBIGUOUS MATCH
8,Rajasthan,248662,Hanumangarh,Municipality,100.0,Ganganagar,AMBIGUOUS MATCH
8,Rajasthan,248663,Pilibanga,Town Panchayat,100.0,Ganganagar,AMBIGUOUS MATCH
8,Rajasthan,248664,Rawatsar,Municipality,100.0,Ganganagar,AMBIGUOUS MATCH
8,Rajasthan,248665,Nohar,Municipality,100.0,Ganganagar,AMBIGUOUS MATCH
8,Rajasthan,296935,Lalgarh-Jattan,Town Panchayat,100.0,Ganganagar,FULL MATCH
8,Rajasthan,299753,Khajuwala,Town Panchayat,100.0,Ganganagar,AMBIGUOUS MATCH
8,Rajasthan,299937,Tibbi,Town Panchayat,100.0,Ganganagar,AMBIGUOUS MATCH
8,Rajasthan,301442,Goluwala,Town Panchayat,100.0,Ganganagar,AMBIGUOUS MATCH
8,Rajasthan,248650,Srikaranpur,Town Panchayat,101.0,Hanumangarh,AMBIGUOUS MATCH
8,Rajasthan,248652,Sadulshahar,Town Panchayat,101.0,Hanumangarh,AMBIGUOUS MATCH
8,Rajasthan,248655,Raisinghnagar,Town Panchayat,101.0,Hanumangarh,AMBIGUOUS MATCH
8,Rajasthan,248658,Srivijainagar,Town Panchayat,101.0,Hanumangarh,AMBIGUOUS MATCH
8,Rajasthan,248660,Suratgarh,Town Panchayat,101.0,Hanumangarh,AMBIGUOUS MATCH
8,Rajasthan,248661,Sangaria,Town Panchayat,101.0,Hanumangarh,AMBIGUOUS MATCH
8,Rajasthan,248662,Hanumangarh,Municipality,101.0,Hanumangarh,AMBIGUOUS MATCH
8,Rajasthan,248663,Pilibanga,Town Panchayat,101.0,Hanumangarh,AMBIGUOUS MATCH
8,Rajasthan,248664,Rawatsar,Municipality,101.0,Hanumangarh,AMBIGUOUS MATCH
8,Rajasthan,248665,Nohar,Municipality,101.0,Hanumangarh,AMBIGUOUS MATCH
8,Rajasthan,248666,Bhadra,Municipality,101.0,Hanumangarh,AMBIGUOUS MATCH
8,Rajasthan,296935,Lalgarh-Jattan,Town Panchayat,101.0,Hanumangarh,FULL MATCH
8,Rajasthan,299937,Tibbi,Town Panchayat,101.0,Hanumangarh,AMBIGUOUS MATCH
8,Rajasthan,301442,Goluwala,Town Panchayat,101.0,Hanumangarh,AMBIGUOUS MATCH
8,Rajasthan,248725,Dausa,Municipality,102.0,Jaipur,AMBIGUOUS MATCH
8,Rajasthan,248729,Shahpura,Municipality,102.0,Jaipur,AMBIGUOUS MATCH
8,Rajasthan,248730,Chomu,Town Panchayat,102.0,Jaipur,AMBIGUOUS MATCH
8,Rajasthan,248731,Kishangarh Renwal,Town Panchayat,102.0,Jaipur,AMBIGUOUS MATCH
8,Rajasthan,248732,Jobner,Town Panchayat,102.0,Jaipur,AMBIGUOUS MATCH
8,Rajasthan,248733,Sambhar,Town Panchayat,102.0,Jaipur,AMBIGUOUS MATCH
8,Rajasthan,248734,Phulera,Town Panchayat,102.0,Jaipur,AMBIGUOUS MATCH
8,Rajasthan,248735,Bagru,Town Panchayat,102.0,Jaipur,AMBIGUOUS MATCH
8,Rajasthan,248736,Jaipur Heritage,Municipal Corporations,102.0,Jaipur,AMBIGUOUS MATCH
8,Rajasthan,248737,Chaksu,Town Panchayat,102.0,Jaipur,AMBIGUOUS MATCH
8,Rajasthan,293844,Greater Jaipur,Municipal Corporations,102.0,Jaipur,FULL MATCH
8,Rajasthan,296922,Paota-Pragpura,Municipality,102.0,Jaipur,AMBIGUOUS MATCH
8,Rajasthan,296925,Bassi,Town Panchayat,102.0,Jaipur,AMBIGUOUS MATCH
8,Rajasthan,299536,Govindgarh,Municipality,102.0,Jaipur,AMBIGUOUS MATCH
8,Rajasthan,300321,Narayana,Town Panchayat,102.0,Jaipur,AMBIGUOUS MATCH
8,Rajasthan,300350,Manoharpur,Town Panchayat,102.0,Jaipur,AMBIGUOUS MATCH
8,Rajasthan,301406,Lawan,Municipality,102.0,Jaipur,AMBIGUOUS MATCH
8,Rajasthan,301438,Dudu,Municipality,102.0,Jaipur,AMBIGUOUS MATCH
8,Rajasthan,301440,Fhagi,Town Panchayat,102.0,Jaipur,AMBIGUOUS MATCH
8,Rajasthan,301455,Vatika,Municipality,102.0,Jaipur,AMBIGUOUS MATCH
8,Rajasthan,301911,Jamwa Ramgarh,Municipality,102.0,Jaipur,AMBIGUOUS MATCH
8,Rajasthan,302800,Kaladera,Municipality,102.0,Jaipur,FULL MATCH
8,Rajasthan,302813,Khejroli,Municipality,102.0,Jaipur,FULL MATCH
8,Rajasthan,302921,Kanota,Municipality,102.0,Jaipur,FULL MATCH
8,Rajasthan,303088,Jaipur,Municipal Corporations,102.0,Jaipur,FULL MATCH
8,Rajasthan,248759,Phalodi,Town Panchayat,103.0,Jaisalmer,AMBIGUOUS MATCH
8,Rajasthan,248763,Jaisalmer,Municipality,103.0,Jaisalmer,AMBIGUOUS MATCH
8,Rajasthan,248764,Pokaran,Town Panchayat,103.0,Jaisalmer,AMBIGUOUS MATCH
8,Rajasthan,248767,Jalore,Municipality,104.0,Jalore,AMBIGUOUS MATCH
8,Rajasthan,248768,Bhinmal,Town Panchayat,104.0,Jalore,AMBIGUOUS MATCH
8,Rajasthan,248769,Sanchore,Town Panchayat,104.0,Jalore,AMBIGUOUS MATCH
8,Rajasthan,299940,Raniwada,Town Panchayat,104.0,Jalore,AMBIGUOUS MATCH
8,Rajasthan,301405,Ahore,Town Panchayat,104.0,Jalore,AMBIGUOUS MATCH
8,Rajasthan,248862,Jhalawar,Municipality,105.0,Jhalawar,AMBIGUOUS MATCH
8,Rajasthan,248863,Jhalrapatan,Municipality,105.0,Jhalawar,AMBIGUOUS MATCH
8,Rajasthan,248865,Aklera,Town Panchayat,105.0,Jhalawar,AMBIGUOUS MATCH
8,Rajasthan,248867,Bhawani Mandi,Town Panchayat,105.0,Jhalawar,AMBIGUOUS MATCH
8,Rajasthan,248868,Pirawa,Town Panchayat,105.0,Jhalawar,AMBIGUOUS MATCH
8,Rajasthan,302855,Dag,Municipality,105.0,Jhalawar,FULL MATCH
8,Rajasthan,302856,Khanpur,Municipality,105.0,Jhalawar,FULL MATCH
8,Rajasthan,302858,Manoharthana,Municipality,105.0,Jhalawar,FULL MATCH
8,Rajasthan,302860,Raipur,Municipality,105.0,Jhalawar,AMBIGUOUS MATCH
8,Rajasthan,248681,Bissau,Town Panchayat,106.0,Jhunjhunu,AMBIGUOUS MATCH
8,Rajasthan,248682,Mandawa,Town Panchayat,106.0,Jhunjhunu,AMBIGUOUS MATCH
8,Rajasthan,248683,Jhunjhunun,Municipality,106.0,Jhunjhunu,AMBIGUOUS MATCH
8,Rajasthan,248684,Baggar,Town Panchayat,106.0,Jhunjhunu,AMBIGUOUS MATCH
8,Rajasthan,248685,Pilani,Town Panchayat,106.0,Jhunjhunu,AMBIGUOUS MATCH
8,Rajasthan,248687,Chirawa,Town Panchayat,106.0,Jhunjhunu,AMBIGUOUS MATCH
8,Rajasthan,248688,Surajgarh,Town Panchayat,106.0,Jhunjhunu,AMBIGUOUS MATCH
8,Rajasthan,248690,Khetri,Municipality,106.0,Jhunjhunu,AMBIGUOUS MATCH
8,Rajasthan,248691,Mukandgarh,Town Panchayat,106.0,Jhunjhunu,AMBIGUOUS MATCH
8,Rajasthan,248692,Nawalgarh,Town Panchayat,106.0,Jhunjhunu,AMBIGUOUS MATCH
8,Rajasthan,248693,Udaipurwati,Town Panchayat,106.0,Jhunjhunu,AMBIGUOUS MATCH
8,Rajasthan,299939,Gudhagorji,Town Panchayat,106.0,Jhunjhunu,AMBIGUOUS MATCH
8,Rajasthan,301409,Singhana,Municipality,106.0,Jhunjhunu,AMBIGUOUS MATCH
8,Rajasthan,301462,Ponkh,Town Panchayat,106.0,Jhunjhunu,AMBIGUOUS MATCH
8,Rajasthan,301912,Jakhal,Municipality,106.0,Jhunjhunu,AMBIGUOUS MATCH
8,Rajasthan,301913,Dundlod,Municipality,106.0,Jhunjhunu,AMBIGUOUS MATCH
8,Rajasthan,302258,Sultana,Town Panchayat,106.0,Jhunjhunu,AMBIGUOUS MATCH
8,Rajasthan,302612,Malsisar,Municipality,106.0,Jhunjhunu,AMBIGUOUS MATCH
8,Rajasthan,302801,Mandrela,Town Panchayat,106.0,Jhunjhunu,AMBIGUOUS MATCH
8,Rajasthan,302876,Buhana,Municipality,106.0,Jhunjhunu,FULL MATCH
8,Rajasthan,248661,Sangaria,Town Panchayat,107.0,Jodhpur,AMBIGUOUS MATCH
8,Rajasthan,248760,Jodhpur-South,Municipal Corporations,107.0,Jodhpur,AMBIGUOUS MATCH
8,Rajasthan,248761,Pipar City,Town Panchayat,107.0,Jodhpur,AMBIGUOUS MATCH
8,Rajasthan,248762,Bilara,Town Panchayat,107.0,Jodhpur,AMBIGUOUS MATCH
8,Rajasthan,293843,Jodhpur-North,Municipal Corporations,107.0,Jodhpur,AMBIGUOUS MATCH
8,Rajasthan,296924,Bhopalgarh,Town Panchayat,107.0,Jodhpur,AMBIGUOUS MATCH
8,Rajasthan,299784,Balesar Satta,Town Panchayat,107.0,Jodhpur,AMBIGUOUS MATCH
8,Rajasthan,301900,Tinwari,Municipality,107.0,Jodhpur,AMBIGUOUS MATCH
8,Rajasthan,301910,Kuri Bhagtasani,Municipality,107.0,Jodhpur,AMBIGUOUS MATCH
8,Rajasthan,302253,Tinwari,Town Panchayat,107.0,Jodhpur,AMBIGUOUS MATCH
8,Rajasthan,302802,Mathaniya,Town Panchayat,107.0,Jodhpur,AMBIGUOUS MATCH
8,Rajasthan,248715,Todabhim,Municipality,108.0,Karauli,AMBIGUOUS MATCH
8,Rajasthan,248716,Hindaun City,Municipality,108.0,Karauli,AMBIGUOUS MATCH
8,Rajasthan,248717,Karauli,Municipality,108.0,Karauli,AMBIGUOUS MATCH
8,Rajasthan,296932,Sapotra,Municipality,108.0,Karauli,AMBIGUOUS MATCH
8,Rajasthan,301413,Mandrayal,Municipality,108.0,Karauli,AMBIGUOUS MATCH
8,Rajasthan,301454,Vajirpur,Town Panchayat,108.0,Karauli,AMBIGUOUS MATCH
8,Rajasthan,302962,Suroth,Municipality,108.0,Karauli,FULL MATCH
8,Rajasthan,248821,Fatehnagar,Town Panchayat,109.0,Kota,AMBIGUOUS MATCH
8,Rajasthan,248822,Udaipur,Municipal Corporations,109.0,Kota,AMBIGUOUS MATCH
8,Rajasthan,248845,Kota-South,Municipal Corporations,109.0,Kota,FULL MATCH
8,Rajasthan,248847,Kaithoon,Town Panchayat,109.0,Kota,AMBIGUOUS MATCH
8,Rajasthan,248851,Ramganj Mandi,Town Panchayat,109.0,Kota,AMBIGUOUS MATCH
8,Rajasthan,248855,Sangod,Town Panchayat,109.0,Kota,AMBIGUOUS MATCH
8,Rajasthan,248857,Anta,Town Panchayat,109.0,Kota,AMBIGUOUS MATCH
8,Rajasthan,248858,Baran,Municipality,109.0,Kota,AMBIGUOUS MATCH
8,Rajasthan,263007,Itawa,Town Panchayat,109.0,Kota,AMBIGUOUS MATCH
8,Rajasthan,293842,Kota-North,Municipal Corporations,109.0,Kota,FULL MATCH
8,Rajasthan,296933,Sultanpur,Town Panchayat,109.0,Kota,AMBIGUOUS MATCH
8,Rajasthan,299765,Mandawar,Town Panchayat,109.0,Kota,AMBIGUOUS MATCH
8,Rajasthan,303090,Kota,Municipal Corporations,109.0,Kota,FULL MATCH
8,Rajasthan,248749,Nagaur,Municipality,110.0,Nagaur,AMBIGUOUS MATCH
8,Rajasthan,248751,Mundwa,Town Panchayat,110.0,Nagaur,AMBIGUOUS MATCH
8,Rajasthan,248752,Kuchera,Town Panchayat,110.0,Nagaur,AMBIGUOUS MATCH
8,Rajasthan,248753,Merta City,Town Panchayat,110.0,Nagaur,AMBIGUOUS MATCH
8,Rajasthan,248755,Parbatsar,Town Panchayat,110.0,Nagaur,AMBIGUOUS MATCH
8,Rajasthan,277231,Degana,Town Panchayat,110.0,Nagaur,AMBIGUOUS MATCH
8,Rajasthan,299764,Jayal,Town Panchayat,110.0,Nagaur,AMBIGUOUS MATCH
8,Rajasthan,299976,Basni,Town Panchayat,110.0,Nagaur,AMBIGUOUS MATCH
8,Rajasthan,301906,Mertaroad,Town Panchayat,110.0,Nagaur,AMBIGUOUS MATCH
8,Rajasthan,302942,Riyan Bari,Municipality,110.0,Nagaur,FULL MATCH
8,Rajasthan,248776,Sojat,Town Panchayat,111.0,Pali,AMBIGUOUS MATCH
8,Rajasthan,248778,Pali,Municipal Corporations,111.0,Pali,AMBIGUOUS MATCH
8,Rajasthan,248780,Rani,Town Panchayat,111.0,Pali,AMBIGUOUS MATCH
8,Rajasthan,248781,Sadri,Town Panchayat,111.0,Pali,AMBIGUOUS MATCH
8,Rajasthan,248782,Takhatgarh,Town Panchayat,111.0,Pali,AMBIGUOUS MATCH
8,Rajasthan,248783,Sumerpur,Municipality,111.0,Pali,AMBIGUOUS MATCH
8,Rajasthan,248784,Falna,Town Panchayat,111.0,Pali,AMBIGUOUS MATCH
8,Rajasthan,248785,Bali,Town Panchayat,111.0,Pali,AMBIGUOUS MATCH
8,Rajasthan,300322,Marwar Junction,Town Panchayat,111.0,Pali,AMBIGUOUS MATCH
8,Rajasthan,302860,Raipur,Municipality,111.0,Pali,AMBIGUOUS MATCH
8,Rajasthan,248649,Kesrisinghpur,Town Panchayat,112.0,Rajsamand,AMBIGUOUS MATCH
8,Rajasthan,248650,Srikaranpur,Town Panchayat,112.0,Rajsamand,AMBIGUOUS MATCH
8,Rajasthan,248651,Sri Ganganagar,Municipality,112.0,Rajsamand,AMBIGUOUS MATCH
8,Rajasthan,248652,Sadulshahar,Town Panchayat,112.0,Rajsamand,AMBIGUOUS MATCH
8,Rajasthan,248653,Padampur,Town Panchayat,112.0,Rajsamand,AMBIGUOUS MATCH
8,Rajasthan,248654,Gajsinghpur,Town Panchayat,112.0,Rajsamand,AMBIGUOUS MATCH
8,Rajasthan,248655,Raisinghnagar,Town Panchayat,112.0,Rajsamand,AMBIGUOUS MATCH
8,Rajasthan,248656,Anupgarh,Town Panchayat,112.0,Rajsamand,AMBIGUOUS MATCH
8,Rajasthan,248658,Srivijainagar,Town Panchayat,112.0,Rajsamand,AMBIGUOUS MATCH
8,Rajasthan,248660,Suratgarh,Town Panchayat,112.0,Rajsamand,AMBIGUOUS MATCH
8,Rajasthan,248661,Sangaria,Town Panchayat,112.0,Rajsamand,AMBIGUOUS MATCH
8,Rajasthan,248662,Hanumangarh,Municipality,112.0,Rajsamand,AMBIGUOUS MATCH
8,Rajasthan,248663,Pilibanga,Town Panchayat,112.0,Rajsamand,AMBIGUOUS MATCH
8,Rajasthan,248664,Rawatsar,Municipality,112.0,Rajsamand,AMBIGUOUS MATCH
8,Rajasthan,248665,Nohar,Municipality,112.0,Rajsamand,AMBIGUOUS MATCH
8,Rajasthan,248666,Bhadra,Municipality,112.0,Rajsamand,AMBIGUOUS MATCH
8,Rajasthan,248668,Deshnoke,Town Panchayat,112.0,Rajsamand,AMBIGUOUS MATCH
8,Rajasthan,248669,Nokha,Town Panchayat,112.0,Rajsamand,AMBIGUOUS MATCH
8,Rajasthan,248670,Taranagar,Town Panchayat,112.0,Rajsamand,AMBIGUOUS MATCH
8,Rajasthan,248671,Rajgarh (Alwar),Municipality,112.0,Rajsamand,AMBIGUOUS MATCH
8,Rajasthan,248672,Sardarshahar,Town Panchayat,112.0,Rajsamand,AMBIGUOUS MATCH
8,Rajasthan,248673,Churu,Municipality,112.0,Rajsamand,AMBIGUOUS MATCH
8,Rajasthan,248674,Ratannagar,Town Panchayat,112.0,Rajsamand,AMBIGUOUS MATCH
8,Rajasthan,248675,Sri Dungargarh,Town Panchayat,112.0,Rajsamand,AMBIGUOUS MATCH
8,Rajasthan,248676,Ratangarh,Municipality,112.0,Rajsamand,AMBIGUOUS MATCH
8,Rajasthan,248677,Rajaldesar,Town Panchayat,112.0,Rajsamand,AMBIGUOUS MATCH
8,Rajasthan,248678,Bidasar,Municipality,112.0,Rajsamand,AMBIGUOUS MATCH
8,Rajasthan,248679,Chhapar,Town Panchayat,112.0,Rajsamand,AMBIGUOUS MATCH
8,Rajasthan,248680,Sujangarh,Municipality,112.0,Rajsamand,AMBIGUOUS MATCH
8,Rajasthan,248681,Bissau,Town Panchayat,112.0,Rajsamand,AMBIGUOUS MATCH
8,Rajasthan,248682,Mandawa,Town Panchayat,112.0,Rajsamand,AMBIGUOUS MATCH
8,Rajasthan,248683,Jhunjhunun,Municipality,112.0,Rajsamand,AMBIGUOUS MATCH
8,Rajasthan,248684,Baggar,Town Panchayat,112.0,Rajsamand,AMBIGUOUS MATCH
8,Rajasthan,248685,Pilani,Town Panchayat,112.0,Rajsamand,AMBIGUOUS MATCH
8,Rajasthan,248686,Vidyavihar,Town Panchayat,112.0,Rajsamand,AMBIGUOUS MATCH
8,Rajasthan,248687,Chirawa,Town Panchayat,112.0,Rajsamand,AMBIGUOUS MATCH
8,Rajasthan,248688,Surajgarh,Town Panchayat,112.0,Rajsamand,AMBIGUOUS MATCH
8,Rajasthan,248690,Khetri,Municipality,112.0,Rajsamand,AMBIGUOUS MATCH
8,Rajasthan,248691,Mukandgarh,Town Panchayat,112.0,Rajsamand,AMBIGUOUS MATCH
8,Rajasthan,248692,Nawalgarh,Town Panchayat,112.0,Rajsamand,AMBIGUOUS MATCH
8,Rajasthan,248693,Udaipurwati,Town Panchayat,112.0,Rajsamand,AMBIGUOUS MATCH
8,Rajasthan,248694,Behror,Town Panchayat,112.0,Rajsamand,AMBIGUOUS MATCH
8,Rajasthan,248695,Bhiwadi,Municipality,112.0,Rajsamand,AMBIGUOUS MATCH
8,Rajasthan,248696,Tijara,Town Panchayat,112.0,Rajsamand,AMBIGUOUS MATCH
8,Rajasthan,248698,Khairthal-Tijara,Municipality,112.0,Rajsamand,AMBIGUOUS MATCH
8,Rajasthan,248699,Alwar,Municipal Corporations,112.0,Rajsamand,AMBIGUOUS MATCH
8,Rajasthan,248700,Rajgarh(Churu),Town Panchayat,112.0,Rajsamand,AMBIGUOUS MATCH
8,Rajasthan,248702,Kherli,Municipality,112.0,Rajsamand,AMBIGUOUS MATCH
8,Rajasthan,248703,Kaman,Town Panchayat,112.0,Rajsamand,AMBIGUOUS MATCH
8,Rajasthan,248704,Nagar,Town Panchayat,112.0,Rajsamand,AMBIGUOUS MATCH
8,Rajasthan,248705,Deeg,Municipality,112.0,Rajsamand,AMBIGUOUS MATCH
8,Rajasthan,248706,Nadbai,Municipality,112.0,Rajsamand,AMBIGUOUS MATCH
8,Rajasthan,248707,Kumher,Town Panchayat,112.0,Rajsamand,AMBIGUOUS MATCH
8,Rajasthan,248709,Bhusawar,Town Panchayat,112.0,Rajsamand,AMBIGUOUS MATCH
8,Rajasthan,248710,Weir,Town Panchayat,112.0,Rajsamand,AMBIGUOUS MATCH
8,Rajasthan,248711,Bayana,Town Panchayat,112.0,Rajsamand,AMBIGUOUS MATCH
8,Rajasthan,248712,Bari,Town Panchayat,112.0,Rajsamand,AMBIGUOUS MATCH
8,Rajasthan,248713,Dhaulpur,Municipality,112.0,Rajsamand,AMBIGUOUS MATCH
8,Rajasthan,248714,Rajakhera,Town Panchayat,112.0,Rajsamand,AMBIGUOUS MATCH
8,Rajasthan,248715,Todabhim,Municipality,112.0,Rajsamand,AMBIGUOUS MATCH
8,Rajasthan,248716,Hindaun City,Municipality,112.0,Rajsamand,AMBIGUOUS MATCH
8,Rajasthan,248717,Karauli,Municipality,112.0,Rajsamand,AMBIGUOUS MATCH
8,Rajasthan,248718,Gangapur City,Municipality,112.0,Rajsamand,AMBIGUOUS MATCH
8,Rajasthan,248720,Sawai Madhopur,Municipality,112.0,Rajsamand,AMBIGUOUS MATCH
8,Rajasthan,248722,Bandikui,Municipality,112.0,Rajsamand,AMBIGUOUS MATCH
8,Rajasthan,248725,Dausa,Municipality,112.0,Rajsamand,AMBIGUOUS MATCH
8,Rajasthan,248726,Lalsot,Municipality,112.0,Rajsamand,AMBIGUOUS MATCH
8,Rajasthan,248727,Kotputli,Municipality,112.0,Rajsamand,AMBIGUOUS MATCH
8,Rajasthan,248728,Viratnagar,Town Panchayat,112.0,Rajsamand,AMBIGUOUS MATCH
8,Rajasthan,248729,Shahpura,Municipality,112.0,Rajsamand,AMBIGUOUS MATCH
8,Rajasthan,248730,Chomu,Town Panchayat,112.0,Rajsamand,AMBIGUOUS MATCH
8,Rajasthan,248731,Kishangarh Renwal,Town Panchayat,112.0,Rajsamand,AMBIGUOUS MATCH
8,Rajasthan,248732,Jobner,Town Panchayat,112.0,Rajsamand,AMBIGUOUS MATCH
8,Rajasthan,248733,Sambhar,Town Panchayat,112.0,Rajsamand,AMBIGUOUS MATCH
8,Rajasthan,248734,Phulera,Town Panchayat,112.0,Rajsamand,AMBIGUOUS MATCH
8,Rajasthan,248735,Bagru,Town Panchayat,112.0,Rajsamand,AMBIGUOUS MATCH
8,Rajasthan,248737,Chaksu,Town Panchayat,112.0,Rajsamand,AMBIGUOUS MATCH
8,Rajasthan,248738,Ramgarh,Town Panchayat,112.0,Rajsamand,AMBIGUOUS MATCH
8,Rajasthan,248739,Fatehpur,Town Panchayat,112.0,Rajsamand,AMBIGUOUS MATCH
8,Rajasthan,248740,Lachhmangarh,Municipality,112.0,Rajsamand,AMBIGUOUS MATCH
8,Rajasthan,248741,Sikar,Municipality,112.0,Rajsamand,AMBIGUOUS MATCH
8,Rajasthan,248742,Losal,Municipality,112.0,Rajsamand,AMBIGUOUS MATCH
8,Rajasthan,248743,Khandela,Municipality,112.0,Rajsamand,AMBIGUOUS MATCH
8,Rajasthan,248744,Sri Madhopur,Municipality,112.0,Rajsamand,AMBIGUOUS MATCH
8,Rajasthan,248745,Reengus,Town Panchayat,112.0,Rajsamand,AMBIGUOUS MATCH
8,Rajasthan,248746,Neem-Ka-Thana,Municipality,112.0,Rajsamand,AMBIGUOUS MATCH
8,Rajasthan,248747,Ladnu,Town Panchayat,112.0,Rajsamand,AMBIGUOUS MATCH
8,Rajasthan,248748,Didwana,Town Panchayat,112.0,Rajsamand,AMBIGUOUS MATCH
8,Rajasthan,248749,Nagaur,Municipality,112.0,Rajsamand,AMBIGUOUS MATCH
8,Rajasthan,248751,Mundwa,Town Panchayat,112.0,Rajsamand,AMBIGUOUS MATCH
8,Rajasthan,248752,Kuchera,Town Panchayat,112.0,Rajsamand,AMBIGUOUS MATCH
8,Rajasthan,248753,Merta City,Town Panchayat,112.0,Rajsamand,AMBIGUOUS MATCH
8,Rajasthan,248755,Parbatsar,Town Panchayat,112.0,Rajsamand,AMBIGUOUS MATCH
8,Rajasthan,248756,Makrana,Municipality,112.0,Rajsamand,AMBIGUOUS MATCH
8,Rajasthan,248757,Kuchaman City,Town Panchayat,112.0,Rajsamand,AMBIGUOUS MATCH
8,Rajasthan,248758,Nawa,Town Panchayat,112.0,Rajsamand,AMBIGUOUS MATCH
8,Rajasthan,248759,Phalodi,Town Panchayat,112.0,Rajsamand,AMBIGUOUS MATCH
8,Rajasthan,248761,Pipar City,Town Panchayat,112.0,Rajsamand,AMBIGUOUS MATCH
8,Rajasthan,248762,Bilara,Town Panchayat,112.0,Rajsamand,AMBIGUOUS MATCH
8,Rajasthan,248763,Jaisalmer,Municipality,112.0,Rajsamand,AMBIGUOUS MATCH
8,Rajasthan,248764,Pokaran,Town Panchayat,112.0,Rajsamand,AMBIGUOUS MATCH
8,Rajasthan,248765,Balotra,Municipality,112.0,Rajsamand,AMBIGUOUS MATCH
8,Rajasthan,248766,Barmer,Municipality,112.0,Rajsamand,AMBIGUOUS MATCH
8,Rajasthan,248767,Jalore,Municipality,112.0,Rajsamand,AMBIGUOUS MATCH
8,Rajasthan,248768,Bhinmal,Town Panchayat,112.0,Rajsamand,AMBIGUOUS MATCH
8,Rajasthan,248769,Sanchore,Town Panchayat,112.0,Rajsamand,AMBIGUOUS MATCH
8,Rajasthan,248770,Sheoganj,Town Panchayat,112.0,Rajsamand,AMBIGUOUS MATCH
8,Rajasthan,248771,Sirohi,Municipality,112.0,Rajsamand,AMBIGUOUS MATCH
8,Rajasthan,248773,Mount Abu,Town Panchayat,112.0,Rajsamand,AMBIGUOUS MATCH
8,Rajasthan,248774,Abu Road,Town Panchayat,112.0,Rajsamand,AMBIGUOUS MATCH
8,Rajasthan,248775,Jaitaran,Town Panchayat,112.0,Rajsamand,AMBIGUOUS MATCH
8,Rajasthan,248776,Sojat,Town Panchayat,112.0,Rajsamand,AMBIGUOUS MATCH
8,Rajasthan,248778,Pali,Municipal Corporations,112.0,Rajsamand,AMBIGUOUS MATCH
8,Rajasthan,248780,Rani,Town Panchayat,112.0,Rajsamand,AMBIGUOUS MATCH
8,Rajasthan,248781,Sadri,Town Panchayat,112.0,Rajsamand,AMBIGUOUS MATCH
8,Rajasthan,248782,Takhatgarh,Town Panchayat,112.0,Rajsamand,AMBIGUOUS MATCH
8,Rajasthan,248783,Sumerpur,Municipality,112.0,Rajsamand,AMBIGUOUS MATCH
8,Rajasthan,248784,Falna,Town Panchayat,112.0,Rajsamand,AMBIGUOUS MATCH
8,Rajasthan,248785,Bali,Town Panchayat,112.0,Rajsamand,AMBIGUOUS MATCH
8,Rajasthan,248786,Kishangarh,Municipality,112.0,Rajsamand,AMBIGUOUS MATCH
8,Rajasthan,248787,Pushkar,Municipality,112.0,Rajsamand,AMBIGUOUS MATCH
8,Rajasthan,248790,Beawar,Municipality,112.0,Rajsamand,AMBIGUOUS MATCH
8,Rajasthan,248791,Vijainagar,Municipality,112.0,Rajsamand,AMBIGUOUS MATCH
8,Rajasthan,248792,Sarwar,Town Panchayat,112.0,Rajsamand,AMBIGUOUS MATCH
8,Rajasthan,248793,Kekri,Town Panchayat,112.0,Rajsamand,AMBIGUOUS MATCH
8,Rajasthan,248794,Malpura,Municipality,112.0,Rajsamand,AMBIGUOUS MATCH
8,Rajasthan,248796,Niwai,Town Panchayat,112.0,Rajsamand,AMBIGUOUS MATCH
8,Rajasthan,248797,Tonk,Municipality,112.0,Rajsamand,AMBIGUOUS MATCH
8,Rajasthan,248798,Todaraisingh,Town Panchayat,112.0,Rajsamand,AMBIGUOUS MATCH
8,Rajasthan,248799,Deoli,Municipality,112.0,Rajsamand,AMBIGUOUS MATCH
8,Rajasthan,248800,Uniara,Town Panchayat,112.0,Rajsamand,AMBIGUOUS MATCH
8,Rajasthan,248801,Nainwa,Town Panchayat,112.0,Rajsamand,AMBIGUOUS MATCH
8,Rajasthan,248802,Indragarh,Town Panchayat,112.0,Rajsamand,AMBIGUOUS MATCH
8,Rajasthan,248803,Lakheri,Town Panchayat,112.0,Rajsamand,AMBIGUOUS MATCH
8,Rajasthan,248804,Kaprain,Town Panchayat,112.0,Rajsamand,AMBIGUOUS MATCH
8,Rajasthan,248805,Keshoraipatan,Town Panchayat,112.0,Rajsamand,AMBIGUOUS MATCH
8,Rajasthan,248806,Bundi,Municipality,112.0,Rajsamand,AMBIGUOUS MATCH
8,Rajasthan,248808,Asind,Town Panchayat,112.0,Rajsamand,AMBIGUOUS MATCH
8,Rajasthan,248809,Gulabpura,Town Panchayat,112.0,Rajsamand,AMBIGUOUS MATCH
8,Rajasthan,248811,Gangapur,Town Panchayat,112.0,Rajsamand,AMBIGUOUS MATCH
8,Rajasthan,248812,Bhilwara,Municipal Corporations,112.0,Rajsamand,AMBIGUOUS MATCH
8,Rajasthan,248813,Jahazpur,Town Panchayat,112.0,Rajsamand,AMBIGUOUS MATCH
8,Rajasthan,248814,Mandalgarh,Town Panchayat,112.0,Rajsamand,AMBIGUOUS MATCH
8,Rajasthan,248816,Deogarh,Town Panchayat,112.0,Rajsamand,AMBIGUOUS MATCH
8,Rajasthan,248817,Amet,Town Panchayat,112.0,Rajsamand,AMBIGUOUS MATCH
8,Rajasthan,248818,Rajsamand,Municipality,112.0,Rajsamand,AMBIGUOUS MATCH
8,Rajasthan,248820,Nathdwara,Town Panchayat,112.0,Rajsamand,AMBIGUOUS MATCH
8,Rajasthan,248821,Fatehnagar,Town Panchayat,112.0,Rajsamand,AMBIGUOUS MATCH
8,Rajasthan,248822,Udaipur,Municipal Corporations,112.0,Rajsamand,AMBIGUOUS MATCH
8,Rajasthan,248823,Bhinder,Town Panchayat,112.0,Rajsamand,AMBIGUOUS MATCH
8,Rajasthan,248824,Kanor,Town Panchayat,112.0,Rajsamand,AMBIGUOUS MATCH
8,Rajasthan,248831,Dungarpur,Municipality,112.0,Rajsamand,AMBIGUOUS MATCH
8,Rajasthan,248832,Sagwara,Town Panchayat,112.0,Rajsamand,AMBIGUOUS MATCH
8,Rajasthan,248835,Banswara,Municipality,112.0,Rajsamand,AMBIGUOUS MATCH
8,Rajasthan,248836,Kushalgarh,Town Panchayat,112.0,Rajsamand,AMBIGUOUS MATCH
8,Rajasthan,248837,Begun,Town Panchayat,112.0,Rajsamand,AMBIGUOUS MATCH
8,Rajasthan,248838,Rawatbhata,Municipality,112.0,Rajsamand,AMBIGUOUS MATCH
8,Rajasthan,248839,Chittorgarh,Municipality,112.0,Rajsamand,AMBIGUOUS MATCH
8,Rajasthan,248840,Kapasan,Town Panchayat,112.0,Rajsamand,AMBIGUOUS MATCH
8,Rajasthan,248841,Nimbahera,Town Panchayat,112.0,Rajsamand,AMBIGUOUS MATCH
8,Rajasthan,248842,Chhoti Sadri,Town Panchayat,112.0,Rajsamand,AMBIGUOUS MATCH
8,Rajasthan,248843,Bari Sadri,Town Panchayat,112.0,Rajsamand,AMBIGUOUS MATCH
8,Rajasthan,248844,Pratapgarh,Municipality,112.0,Rajsamand,AMBIGUOUS MATCH
8,Rajasthan,248847,Kaithoon,Town Panchayat,112.0,Rajsamand,AMBIGUOUS MATCH
8,Rajasthan,248851,Ramganj Mandi,Town Panchayat,112.0,Rajsamand,AMBIGUOUS MATCH
8,Rajasthan,248855,Sangod,Town Panchayat,112.0,Rajsamand,AMBIGUOUS MATCH
8,Rajasthan,248856,Mangrol,Town Panchayat,112.0,Rajsamand,AMBIGUOUS MATCH
8,Rajasthan,248857,Anta,Town Panchayat,112.0,Rajsamand,AMBIGUOUS MATCH
8,Rajasthan,248858,Baran,Municipality,112.0,Rajsamand,AMBIGUOUS MATCH
8,Rajasthan,248860,Chhabra,Town Panchayat,112.0,Rajsamand,AMBIGUOUS MATCH
8,Rajasthan,248862,Jhalawar,Municipality,112.0,Rajsamand,AMBIGUOUS MATCH
8,Rajasthan,248863,Jhalrapatan,Municipality,112.0,Rajsamand,AMBIGUOUS MATCH
8,Rajasthan,248865,Aklera,Town Panchayat,112.0,Rajsamand,AMBIGUOUS MATCH
8,Rajasthan,248867,Bhawani Mandi,Town Panchayat,112.0,Rajsamand,AMBIGUOUS MATCH
8,Rajasthan,248868,Pirawa,Town Panchayat,112.0,Rajsamand,AMBIGUOUS MATCH
8,Rajasthan,263007,Itawa,Town Panchayat,112.0,Rajsamand,AMBIGUOUS MATCH
8,Rajasthan,263008,Roopbas,Town Panchayat,112.0,Rajsamand,AMBIGUOUS MATCH
8,Rajasthan,275691,Mahwa,Municipality,112.0,Rajsamand,AMBIGUOUS MATCH
8,Rajasthan,277231,Degana,Town Panchayat,112.0,Rajsamand,AMBIGUOUS MATCH
8,Rajasthan,277232,Nasirabad,Municipality,112.0,Rajsamand,AMBIGUOUS MATCH
8,Rajasthan,277233,Kishangarhbas,Town Panchayat,112.0,Rajsamand,AMBIGUOUS MATCH
8,Rajasthan,277234,Pindwara,Town Panchayat,112.0,Rajsamand,AMBIGUOUS MATCH
8,Rajasthan,277235,Shahpura..(Bhilwara),Town Panchayat,112.0,Rajsamand,AMBIGUOUS MATCH
8,Rajasthan,277601,Khatushyamji,Town Panchayat,112.0,Rajsamand,AMBIGUOUS MATCH
8,Rajasthan,277602,Partapur -Garhi,Town Panchayat,112.0,Rajsamand,AMBIGUOUS MATCH
8,Rajasthan,290432,Thanagaji,Town Panchayat,112.0,Rajsamand,AMBIGUOUS MATCH
8,Rajasthan,296915,Laxmangarh (Alwar),Town Panchayat,112.0,Rajsamand,AMBIGUOUS MATCH
8,Rajasthan,296916,Ramgarh (Alwar),Town Panchayat,112.0,Rajsamand,AMBIGUOUS MATCH
8,Rajasthan,296922,Paota-Pragpura,Municipality,112.0,Rajsamand,AMBIGUOUS MATCH
8,Rajasthan,296923,Bansur,Town Panchayat,112.0,Rajsamand,AMBIGUOUS MATCH
8,Rajasthan,296924,Bhopalgarh,Town Panchayat,112.0,Rajsamand,AMBIGUOUS MATCH
8,Rajasthan,296925,Bassi,Town Panchayat,112.0,Rajsamand,AMBIGUOUS MATCH
8,Rajasthan,296926,Mandawari,Town Panchayat,112.0,Rajsamand,AMBIGUOUS MATCH
8,Rajasthan,296930,Sarmathura,Town Panchayat,112.0,Rajsamand,AMBIGUOUS MATCH
8,Rajasthan,296931,Baseri,Town Panchayat,112.0,Rajsamand,AMBIGUOUS MATCH
8,Rajasthan,296932,Sapotra,Municipality,112.0,Rajsamand,AMBIGUOUS MATCH
8,Rajasthan,296933,Sultanpur,Town Panchayat,112.0,Rajsamand,AMBIGUOUS MATCH
8,Rajasthan,296934,Atru,Town Panchayat,112.0,Rajsamand,AMBIGUOUS MATCH
8,Rajasthan,296936,Bamanwas,Town Panchayat,112.0,Rajsamand,AMBIGUOUS MATCH
8,Rajasthan,298994,Uchchain,Town Panchayat,112.0,Rajsamand,AMBIGUOUS MATCH
8,Rajasthan,298995,Sikri,Town Panchayat,112.0,Rajsamand,AMBIGUOUS MATCH
8,Rajasthan,299534,Borawar,Town Panchayat,112.0,Rajsamand,AMBIGUOUS MATCH
8,Rajasthan,299535,Kotkasim,Town Panchayat,112.0,Rajsamand,AMBIGUOUS MATCH
8,Rajasthan,299536,Govindgarh,Municipality,112.0,Rajsamand,AMBIGUOUS MATCH
8,Rajasthan,299753,Khajuwala,Town Panchayat,112.0,Rajsamand,AMBIGUOUS MATCH
8,Rajasthan,299757,Siwana,Town Panchayat,112.0,Rajsamand,AMBIGUOUS MATCH
8,Rajasthan,299764,Jayal,Town Panchayat,112.0,Rajsamand,AMBIGUOUS MATCH
8,Rajasthan,299765,Mandawar,Town Panchayat,112.0,Rajsamand,AMBIGUOUS MATCH
8,Rajasthan,299784,Balesar Satta,Town Panchayat,112.0,Rajsamand,AMBIGUOUS MATCH
8,Rajasthan,299825,Bonli,Town Panchayat,112.0,Rajsamand,AMBIGUOUS MATCH
8,Rajasthan,299934,Tapukara,Town Panchayat,112.0,Rajsamand,AMBIGUOUS MATCH
8,Rajasthan,299935,Neemrana,Municipality,112.0,Rajsamand,AMBIGUOUS MATCH
8,Rajasthan,299936,Hameergarh,Town Panchayat,112.0,Rajsamand,AMBIGUOUS MATCH
8,Rajasthan,299937,Tibbi,Town Panchayat,112.0,Rajsamand,AMBIGUOUS MATCH
8,Rajasthan,299939,Gudhagorji,Town Panchayat,112.0,Rajsamand,AMBIGUOUS MATCH
8,Rajasthan,299940,Raniwada,Town Panchayat,112.0,Rajsamand,AMBIGUOUS MATCH
8,Rajasthan,299941,Danta,Town Panchayat,112.0,Rajsamand,AMBIGUOUS MATCH
8,Rajasthan,299942,Dhariawad,Town Panchayat,112.0,Rajsamand,AMBIGUOUS MATCH
8,Rajasthan,299974,Bardod,Town Panchayat,112.0,Rajsamand,AMBIGUOUS MATCH
8,Rajasthan,299976,Basni,Town Panchayat,112.0,Rajsamand,AMBIGUOUS MATCH
8,Rajasthan,299977,Ajeetgarh,Town Panchayat,112.0,Rajsamand,AMBIGUOUS MATCH
8,Rajasthan,300050,Semari,Town Panchayat,112.0,Rajsamand,AMBIGUOUS MATCH
8,Rajasthan,300321,Narayana,Town Panchayat,112.0,Rajsamand,AMBIGUOUS MATCH
8,Rajasthan,300322,Marwar Junction,Town Panchayat,112.0,Rajsamand,AMBIGUOUS MATCH
8,Rajasthan,300344,Bahadurpur,Town Panchayat,112.0,Rajsamand,AMBIGUOUS MATCH
8,Rajasthan,300347,Baroda Meo,Town Panchayat,112.0,Rajsamand,AMBIGUOUS MATCH
8,Rajasthan,300350,Manoharpur,Town Panchayat,112.0,Rajsamand,AMBIGUOUS MATCH
8,Rajasthan,301405,Ahore,Town Panchayat,112.0,Rajsamand,AMBIGUOUS MATCH
8,Rajasthan,301406,Lawan,Municipality,112.0,Rajsamand,AMBIGUOUS MATCH
8,Rajasthan,301407,Malakheda,Municipality,112.0,Rajsamand,AMBIGUOUS MATCH
8,Rajasthan,301408,Vallabhnagar,Municipality,112.0,Rajsamand,AMBIGUOUS MATCH
8,Rajasthan,301409,Singhana,Municipality,112.0,Rajsamand,AMBIGUOUS MATCH
8,Rajasthan,301410,Ramgarh Pachwara,Municipality,112.0,Rajsamand,AMBIGUOUS MATCH
8,Rajasthan,301411,Baswa,Town Panchayat,112.0,Rajsamand,AMBIGUOUS MATCH
8,Rajasthan,301412,Bap,Town Panchayat,112.0,Rajsamand,AMBIGUOUS MATCH
8,Rajasthan,301413,Mandrayal,Municipality,112.0,Rajsamand,AMBIGUOUS MATCH
8,Rajasthan,301414,Dei,Town Panchayat,112.0,Rajsamand,AMBIGUOUS MATCH
8,Rajasthan,301415,Kathumar,Municipality,112.0,Rajsamand,AMBIGUOUS MATCH
8,Rajasthan,301416,Raipur,Municipality,112.0,Rajsamand,AMBIGUOUS MATCH
8,Rajasthan,301417,Sawar,Municipality,112.0,Rajsamand,AMBIGUOUS MATCH
8,Rajasthan,301433,Akola,Town Panchayat,112.0,Rajsamand,AMBIGUOUS MATCH
8,Rajasthan,301435,Bhandarej,Town Panchayat,112.0,Rajsamand,AMBIGUOUS MATCH
8,Rajasthan,301436,Bhim,Town Panchayat,112.0,Rajsamand,AMBIGUOUS MATCH
8,Rajasthan,301437,Dalot,Town Panchayat,112.0,Rajsamand,FULL MATCH
8,Rajasthan,301438,Dudu,Municipality,112.0,Rajsamand,AMBIGUOUS MATCH
8,Rajasthan,301439,Dooni,Town Panchayat,112.0,Rajsamand,AMBIGUOUS MATCH
8,Rajasthan,301440,Fhagi,Town Panchayat,112.0,Rajsamand,AMBIGUOUS MATCH
8,Rajasthan,301442,Goluwala,Town Panchayat,112.0,Rajsamand,AMBIGUOUS MATCH
8,Rajasthan,301443,Kelwara,Town Panchayat,112.0,Rajsamand,AMBIGUOUS MATCH
8,Rajasthan,301445,Mawali,Municipality,112.0,Rajsamand,AMBIGUOUS MATCH
8,Rajasthan,301446,Nauganwa,Town Panchayat,112.0,Rajsamand,AMBIGUOUS MATCH
8,Rajasthan,301449,Maharana Pratap Nagar Palika Sarada-Chawand,Town Panchayat,112.0,Rajsamand,AMBIGUOUS MATCH
8,Rajasthan,301451,Sikaray,Municipality,112.0,Rajsamand,AMBIGUOUS MATCH
8,Rajasthan,301453,Suket,Town Panchayat,112.0,Rajsamand,AMBIGUOUS MATCH
8,Rajasthan,301454,Vajirpur,Town Panchayat,112.0,Rajsamand,AMBIGUOUS MATCH
8,Rajasthan,301455,Vatika,Municipality,112.0,Rajsamand,AMBIGUOUS MATCH
8,Rajasthan,301457,Hindoli,Municipality,112.0,Rajsamand,AMBIGUOUS MATCH
8,Rajasthan,301458,Mubarikpur,Town Panchayat,112.0,Rajsamand,AMBIGUOUS MATCH
8,Rajasthan,301459,Ramdevra,Town Panchayat,112.0,Rajsamand,AMBIGUOUS MATCH
8,Rajasthan,301460,Seeswali,Town Panchayat,112.0,Rajsamand,AMBIGUOUS MATCH
8,Rajasthan,301461,Mundawar,Town Panchayat,112.0,Rajsamand,AMBIGUOUS MATCH
8,Rajasthan,301462,Ponkh,Town Panchayat,112.0,Rajsamand,AMBIGUOUS MATCH
8,Rajasthan,301900,Tinwari,Municipality,112.0,Rajsamand,AMBIGUOUS MATCH
8,Rajasthan,301901,Tantoti,Municipality,112.0,Rajsamand,AMBIGUOUS MATCH
8,Rajasthan,301905,Narayanpur,Municipality,112.0,Rajsamand,AMBIGUOUS MATCH
8,Rajasthan,301906,Mertaroad,Town Panchayat,112.0,Rajsamand,AMBIGUOUS MATCH
8,Rajasthan,301909,Lambaharising,Municipality,112.0,Rajsamand,AMBIGUOUS MATCH
8,Rajasthan,301910,Kuri Bhagtasani,Municipality,112.0,Rajsamand,AMBIGUOUS MATCH
8,Rajasthan,301911,Jamwa Ramgarh,Municipality,112.0,Rajsamand,AMBIGUOUS MATCH
8,Rajasthan,301912,Jakhal,Municipality,112.0,Rajsamand,AMBIGUOUS MATCH
8,Rajasthan,301913,Dundlod,Municipality,112.0,Rajsamand,AMBIGUOUS MATCH
8,Rajasthan,301914,Diggi,Municipality,112.0,Rajsamand,AMBIGUOUS MATCH
8,Rajasthan,301915,Bijoliya,Municipality,112.0,Rajsamand,AMBIGUOUS MATCH
8,Rajasthan,302180,Napasar,Municipality,112.0,Rajsamand,AMBIGUOUS MATCH
8,Rajasthan,302181,Chohtan,Municipality,112.0,Rajsamand,AMBIGUOUS MATCH
8,Rajasthan,302182,Lunkaransar,Municipality,112.0,Rajsamand,AMBIGUOUS MATCH
8,Rajasthan,302204,Gudhamalani,Town Panchayat,112.0,Rajsamand,AMBIGUOUS MATCH
8,Rajasthan,302205,Khandar,Municipality,112.0,Rajsamand,AMBIGUOUS MATCH
8,Rajasthan,302206,Pahari ,Municipality,112.0,Rajsamand,AMBIGUOUS MATCH
8,Rajasthan,302222,Mandhan,Municipality,112.0,Rajsamand,AMBIGUOUS MATCH
8,Rajasthan,302223,Sayla,Municipality,112.0,Rajsamand,AMBIGUOUS MATCH
8,Rajasthan,302249,Sojat Road,Municipality,112.0,Rajsamand,AMBIGUOUS MATCH
8,Rajasthan,302253,Tinwari,Town Panchayat,112.0,Rajsamand,AMBIGUOUS MATCH
8,Rajasthan,302254,Sayla,Town Panchayat,112.0,Rajsamand,AMBIGUOUS MATCH
8,Rajasthan,302255,Dhod,Town Panchayat,112.0,Rajsamand,AMBIGUOUS MATCH
8,Rajasthan,302257,Dhorimanna,Town Panchayat,112.0,Rajsamand,AMBIGUOUS MATCH
8,Rajasthan,302258,Sultana,Town Panchayat,112.0,Rajsamand,AMBIGUOUS MATCH
8,Rajasthan,302259,Peeplu,Town Panchayat,112.0,Rajsamand,AMBIGUOUS MATCH
8,Rajasthan,302261,Masuda,Town Panchayat,112.0,Rajsamand,AMBIGUOUS MATCH
8,Rajasthan,302262,Khandar,Town Panchayat,112.0,Rajsamand,AMBIGUOUS MATCH
8,Rajasthan,302263,Gharsana,Town Panchayat,112.0,Rajsamand,AMBIGUOUS MATCH
8,Rajasthan,302612,Malsisar,Municipality,112.0,Rajsamand,AMBIGUOUS MATCH
8,Rajasthan,248718,Gangapur City,Municipality,113.0,Sawai Madhopur,AMBIGUOUS MATCH
8,Rajasthan,248720,Sawai Madhopur,Municipality,113.0,Sawai Madhopur,AMBIGUOUS MATCH
8,Rajasthan,296936,Bamanwas,Town Panchayat,113.0,Sawai Madhopur,AMBIGUOUS MATCH
8,Rajasthan,299825,Bonli,Town Panchayat,113.0,Sawai Madhopur,AMBIGUOUS MATCH
8,Rajasthan,301404,Khirni,Municipality,113.0,Sawai Madhopur,FULL MATCH
8,Rajasthan,301454,Vajirpur,Town Panchayat,113.0,Sawai Madhopur,AMBIGUOUS MATCH
8,Rajasthan,302205,Khandar,Municipality,113.0,Sawai Madhopur,AMBIGUOUS MATCH
8,Rajasthan,302262,Khandar,Town Panchayat,113.0,Sawai Madhopur,AMBIGUOUS MATCH
8,Rajasthan,248738,Ramgarh,Town Panchayat,114.0,Sikar,AMBIGUOUS MATCH
8,Rajasthan,248739,Fatehpur,Town Panchayat,114.0,Sikar,AMBIGUOUS MATCH
8,Rajasthan,248740,Lachhmangarh,Municipality,114.0,Sikar,AMBIGUOUS MATCH
8,Rajasthan,248741,Sikar,Municipality,114.0,Sikar,AMBIGUOUS MATCH
8,Rajasthan,248742,Losal,Municipality,114.0,Sikar,AMBIGUOUS MATCH
8,Rajasthan,248743,Khandela,Municipality,114.0,Sikar,AMBIGUOUS MATCH
8,Rajasthan,248744,Sri Madhopur,Municipality,114.0,Sikar,AMBIGUOUS MATCH
8,Rajasthan,248745,Reengus,Town Panchayat,114.0,Sikar,AMBIGUOUS MATCH
8,Rajasthan,248746,Neem-Ka-Thana,Municipality,114.0,Sikar,AMBIGUOUS MATCH
8,Rajasthan,277601,Khatushyamji,Town Panchayat,114.0,Sikar,AMBIGUOUS MATCH
8,Rajasthan,299941,Danta,Town Panchayat,114.0,Sikar,AMBIGUOUS MATCH
8,Rajasthan,302255,Dhod,Town Panchayat,114.0,Sikar,AMBIGUOUS MATCH
8,Rajasthan,302948,Palsana,Municipality,114.0,Sikar,FULL MATCH
8,Rajasthan,248770,Sheoganj,Town Panchayat,115.0,Sirohi,AMBIGUOUS MATCH
8,Rajasthan,248771,Sirohi,Municipality,115.0,Sirohi,AMBIGUOUS MATCH
8,Rajasthan,248773,Mount Abu,Town Panchayat,115.0,Sirohi,AMBIGUOUS MATCH
8,Rajasthan,248774,Abu Road,Town Panchayat,115.0,Sirohi,AMBIGUOUS MATCH
8,Rajasthan,277234,Pindwara,Town Panchayat,115.0,Sirohi,AMBIGUOUS MATCH
8,Rajasthan,296927,Jawal,Town Panchayat,115.0,Sirohi,FULL MATCH
8,Rajasthan,302890,Mandar,Municipality,115.0,Sirohi,FULL MATCH
8,Rajasthan,248794,Malpura,Municipality,116.0,Tonk,AMBIGUOUS MATCH
8,Rajasthan,248796,Niwai,Town Panchayat,116.0,Tonk,AMBIGUOUS MATCH
8,Rajasthan,248797,Tonk,Municipality,116.0,Tonk,AMBIGUOUS MATCH
8,Rajasthan,248798,Todaraisingh,Town Panchayat,116.0,Tonk,AMBIGUOUS MATCH
8,Rajasthan,248799,Deoli,Municipality,116.0,Tonk,AMBIGUOUS MATCH
8,Rajasthan,248800,Uniara,Town Panchayat,116.0,Tonk,AMBIGUOUS MATCH
8,Rajasthan,301439,Dooni,Town Panchayat,116.0,Tonk,AMBIGUOUS MATCH
8,Rajasthan,301904,Peeplu,Municipality,116.0,Tonk,FULL MATCH
8,Rajasthan,301909,Lambaharising,Municipality,116.0,Tonk,AMBIGUOUS MATCH
8,Rajasthan,301914,Diggi,Municipality,116.0,Tonk,AMBIGUOUS MATCH
8,Rajasthan,302259,Peeplu,Town Panchayat,116.0,Tonk,AMBIGUOUS MATCH
8,Rajasthan,248649,Kesrisinghpur,Town Panchayat,117.0,Udaipur,AMBIGUOUS MATCH
8,Rajasthan,248650,Srikaranpur,Town Panchayat,117.0,Udaipur,AMBIGUOUS MATCH
8,Rajasthan,248651,Sri Ganganagar,Municipality,117.0,Udaipur,AMBIGUOUS MATCH
8,Rajasthan,248652,Sadulshahar,Town Panchayat,117.0,Udaipur,AMBIGUOUS MATCH
8,Rajasthan,248653,Padampur,Town Panchayat,117.0,Udaipur,AMBIGUOUS MATCH
8,Rajasthan,248654,Gajsinghpur,Town Panchayat,117.0,Udaipur,AMBIGUOUS MATCH
8,Rajasthan,248655,Raisinghnagar,Town Panchayat,117.0,Udaipur,AMBIGUOUS MATCH
8,Rajasthan,248656,Anupgarh,Town Panchayat,117.0,Udaipur,AMBIGUOUS MATCH
8,Rajasthan,248658,Srivijainagar,Town Panchayat,117.0,Udaipur,AMBIGUOUS MATCH
8,Rajasthan,248660,Suratgarh,Town Panchayat,117.0,Udaipur,AMBIGUOUS MATCH
8,Rajasthan,248661,Sangaria,Town Panchayat,117.0,Udaipur,AMBIGUOUS MATCH
8,Rajasthan,248662,Hanumangarh,Municipality,117.0,Udaipur,AMBIGUOUS MATCH
8,Rajasthan,248663,Pilibanga,Town Panchayat,117.0,Udaipur,AMBIGUOUS MATCH
8,Rajasthan,248664,Rawatsar,Municipality,117.0,Udaipur,AMBIGUOUS MATCH
8,Rajasthan,248665,Nohar,Municipality,117.0,Udaipur,AMBIGUOUS MATCH
8,Rajasthan,248666,Bhadra,Municipality,117.0,Udaipur,AMBIGUOUS MATCH
8,Rajasthan,248668,Deshnoke,Town Panchayat,117.0,Udaipur,AMBIGUOUS MATCH
8,Rajasthan,248669,Nokha,Town Panchayat,117.0,Udaipur,AMBIGUOUS MATCH
8,Rajasthan,248670,Taranagar,Town Panchayat,117.0,Udaipur,AMBIGUOUS MATCH
8,Rajasthan,248671,Rajgarh (Alwar),Municipality,117.0,Udaipur,AMBIGUOUS MATCH
8,Rajasthan,248672,Sardarshahar,Town Panchayat,117.0,Udaipur,AMBIGUOUS MATCH
8,Rajasthan,248673,Churu,Municipality,117.0,Udaipur,AMBIGUOUS MATCH
8,Rajasthan,248674,Ratannagar,Town Panchayat,117.0,Udaipur,AMBIGUOUS MATCH
8,Rajasthan,248675,Sri Dungargarh,Town Panchayat,117.0,Udaipur,AMBIGUOUS MATCH
8,Rajasthan,248676,Ratangarh,Municipality,117.0,Udaipur,AMBIGUOUS MATCH
8,Rajasthan,248677,Rajaldesar,Town Panchayat,117.0,Udaipur,AMBIGUOUS MATCH
8,Rajasthan,248678,Bidasar,Municipality,117.0,Udaipur,AMBIGUOUS MATCH
8,Rajasthan,248679,Chhapar,Town Panchayat,117.0,Udaipur,AMBIGUOUS MATCH
8,Rajasthan,248680,Sujangarh,Municipality,117.0,Udaipur,AMBIGUOUS MATCH
8,Rajasthan,248681,Bissau,Town Panchayat,117.0,Udaipur,AMBIGUOUS MATCH
8,Rajasthan,248682,Mandawa,Town Panchayat,117.0,Udaipur,AMBIGUOUS MATCH
8,Rajasthan,248683,Jhunjhunun,Municipality,117.0,Udaipur,AMBIGUOUS MATCH
8,Rajasthan,248684,Baggar,Town Panchayat,117.0,Udaipur,AMBIGUOUS MATCH
8,Rajasthan,248685,Pilani,Town Panchayat,117.0,Udaipur,AMBIGUOUS MATCH
8,Rajasthan,248686,Vidyavihar,Town Panchayat,117.0,Udaipur,AMBIGUOUS MATCH
8,Rajasthan,248687,Chirawa,Town Panchayat,117.0,Udaipur,AMBIGUOUS MATCH
8,Rajasthan,248688,Surajgarh,Town Panchayat,117.0,Udaipur,AMBIGUOUS MATCH
8,Rajasthan,248690,Khetri,Municipality,117.0,Udaipur,AMBIGUOUS MATCH
8,Rajasthan,248691,Mukandgarh,Town Panchayat,117.0,Udaipur,AMBIGUOUS MATCH
8,Rajasthan,248692,Nawalgarh,Town Panchayat,117.0,Udaipur,AMBIGUOUS MATCH
8,Rajasthan,248693,Udaipurwati,Town Panchayat,117.0,Udaipur,AMBIGUOUS MATCH
8,Rajasthan,248694,Behror,Town Panchayat,117.0,Udaipur,AMBIGUOUS MATCH
8,Rajasthan,248695,Bhiwadi,Municipality,117.0,Udaipur,AMBIGUOUS MATCH
8,Rajasthan,248696,Tijara,Town Panchayat,117.0,Udaipur,AMBIGUOUS MATCH
8,Rajasthan,248698,Khairthal-Tijara,Municipality,117.0,Udaipur,AMBIGUOUS MATCH
8,Rajasthan,248699,Alwar,Municipal Corporations,117.0,Udaipur,AMBIGUOUS MATCH
8,Rajasthan,248700,Rajgarh(Churu),Town Panchayat,117.0,Udaipur,AMBIGUOUS MATCH
8,Rajasthan,248702,Kherli,Municipality,117.0,Udaipur,AMBIGUOUS MATCH
8,Rajasthan,248703,Kaman,Town Panchayat,117.0,Udaipur,AMBIGUOUS MATCH
8,Rajasthan,248704,Nagar,Town Panchayat,117.0,Udaipur,AMBIGUOUS MATCH
8,Rajasthan,248705,Deeg,Municipality,117.0,Udaipur,AMBIGUOUS MATCH
8,Rajasthan,248706,Nadbai,Municipality,117.0,Udaipur,AMBIGUOUS MATCH
8,Rajasthan,248707,Kumher,Town Panchayat,117.0,Udaipur,AMBIGUOUS MATCH
8,Rajasthan,248709,Bhusawar,Town Panchayat,117.0,Udaipur,AMBIGUOUS MATCH
8,Rajasthan,248710,Weir,Town Panchayat,117.0,Udaipur,AMBIGUOUS MATCH
8,Rajasthan,248711,Bayana,Town Panchayat,117.0,Udaipur,AMBIGUOUS MATCH
8,Rajasthan,248712,Bari,Town Panchayat,117.0,Udaipur,AMBIGUOUS MATCH
8,Rajasthan,248713,Dhaulpur,Municipality,117.0,Udaipur,AMBIGUOUS MATCH
8,Rajasthan,248714,Rajakhera,Town Panchayat,117.0,Udaipur,AMBIGUOUS MATCH
8,Rajasthan,248715,Todabhim,Municipality,117.0,Udaipur,AMBIGUOUS MATCH
8,Rajasthan,248716,Hindaun City,Municipality,117.0,Udaipur,AMBIGUOUS MATCH
8,Rajasthan,248717,Karauli,Municipality,117.0,Udaipur,AMBIGUOUS MATCH
8,Rajasthan,248718,Gangapur City,Municipality,117.0,Udaipur,AMBIGUOUS MATCH
8,Rajasthan,248720,Sawai Madhopur,Municipality,117.0,Udaipur,AMBIGUOUS MATCH
8,Rajasthan,248722,Bandikui,Municipality,117.0,Udaipur,AMBIGUOUS MATCH
8,Rajasthan,248725,Dausa,Municipality,117.0,Udaipur,AMBIGUOUS MATCH
8,Rajasthan,248726,Lalsot,Municipality,117.0,Udaipur,AMBIGUOUS MATCH
8,Rajasthan,248727,Kotputli,Municipality,117.0,Udaipur,AMBIGUOUS MATCH
8,Rajasthan,248728,Viratnagar,Town Panchayat,117.0,Udaipur,AMBIGUOUS MATCH
8,Rajasthan,248729,Shahpura,Municipality,117.0,Udaipur,AMBIGUOUS MATCH
8,Rajasthan,248730,Chomu,Town Panchayat,117.0,Udaipur,AMBIGUOUS MATCH
8,Rajasthan,248731,Kishangarh Renwal,Town Panchayat,117.0,Udaipur,AMBIGUOUS MATCH
8,Rajasthan,248732,Jobner,Town Panchayat,117.0,Udaipur,AMBIGUOUS MATCH
8,Rajasthan,248733,Sambhar,Town Panchayat,117.0,Udaipur,AMBIGUOUS MATCH
8,Rajasthan,248734,Phulera,Town Panchayat,117.0,Udaipur,AMBIGUOUS MATCH
8,Rajasthan,248735,Bagru,Town Panchayat,117.0,Udaipur,AMBIGUOUS MATCH
8,Rajasthan,248737,Chaksu,Town Panchayat,117.0,Udaipur,AMBIGUOUS MATCH
8,Rajasthan,248738,Ramgarh,Town Panchayat,117.0,Udaipur,AMBIGUOUS MATCH
8,Rajasthan,248739,Fatehpur,Town Panchayat,117.0,Udaipur,AMBIGUOUS MATCH
8,Rajasthan,248740,Lachhmangarh,Municipality,117.0,Udaipur,AMBIGUOUS MATCH
8,Rajasthan,248741,Sikar,Municipality,117.0,Udaipur,AMBIGUOUS MATCH
8,Rajasthan,248742,Losal,Municipality,117.0,Udaipur,AMBIGUOUS MATCH
8,Rajasthan,248743,Khandela,Municipality,117.0,Udaipur,AMBIGUOUS MATCH
8,Rajasthan,248744,Sri Madhopur,Municipality,117.0,Udaipur,AMBIGUOUS MATCH
8,Rajasthan,248745,Reengus,Town Panchayat,117.0,Udaipur,AMBIGUOUS MATCH
8,Rajasthan,248746,Neem-Ka-Thana,Municipality,117.0,Udaipur,AMBIGUOUS MATCH
8,Rajasthan,248747,Ladnu,Town Panchayat,117.0,Udaipur,AMBIGUOUS MATCH
8,Rajasthan,248748,Didwana,Town Panchayat,117.0,Udaipur,AMBIGUOUS MATCH
8,Rajasthan,248749,Nagaur,Municipality,117.0,Udaipur,AMBIGUOUS MATCH
8,Rajasthan,248751,Mundwa,Town Panchayat,117.0,Udaipur,AMBIGUOUS MATCH
8,Rajasthan,248752,Kuchera,Town Panchayat,117.0,Udaipur,AMBIGUOUS MATCH
8,Rajasthan,248753,Merta City,Town Panchayat,117.0,Udaipur,AMBIGUOUS MATCH
8,Rajasthan,248755,Parbatsar,Town Panchayat,117.0,Udaipur,AMBIGUOUS MATCH
8,Rajasthan,248756,Makrana,Municipality,117.0,Udaipur,AMBIGUOUS MATCH
8,Rajasthan,248757,Kuchaman City,Town Panchayat,117.0,Udaipur,AMBIGUOUS MATCH
8,Rajasthan,248758,Nawa,Town Panchayat,117.0,Udaipur,AMBIGUOUS MATCH
8,Rajasthan,248759,Phalodi,Town Panchayat,117.0,Udaipur,AMBIGUOUS MATCH
8,Rajasthan,248761,Pipar City,Town Panchayat,117.0,Udaipur,AMBIGUOUS MATCH
8,Rajasthan,248762,Bilara,Town Panchayat,117.0,Udaipur,AMBIGUOUS MATCH
8,Rajasthan,248763,Jaisalmer,Municipality,117.0,Udaipur,AMBIGUOUS MATCH
8,Rajasthan,248764,Pokaran,Town Panchayat,117.0,Udaipur,AMBIGUOUS MATCH
8,Rajasthan,248765,Balotra,Municipality,117.0,Udaipur,AMBIGUOUS MATCH
8,Rajasthan,248766,Barmer,Municipality,117.0,Udaipur,AMBIGUOUS MATCH
8,Rajasthan,248767,Jalore,Municipality,117.0,Udaipur,AMBIGUOUS MATCH
8,Rajasthan,248768,Bhinmal,Town Panchayat,117.0,Udaipur,AMBIGUOUS MATCH
8,Rajasthan,248769,Sanchore,Town Panchayat,117.0,Udaipur,AMBIGUOUS MATCH
8,Rajasthan,248770,Sheoganj,Town Panchayat,117.0,Udaipur,AMBIGUOUS MATCH
8,Rajasthan,248771,Sirohi,Municipality,117.0,Udaipur,AMBIGUOUS MATCH
8,Rajasthan,248773,Mount Abu,Town Panchayat,117.0,Udaipur,AMBIGUOUS MATCH
8,Rajasthan,248774,Abu Road,Town Panchayat,117.0,Udaipur,AMBIGUOUS MATCH
8,Rajasthan,248775,Jaitaran,Town Panchayat,117.0,Udaipur,AMBIGUOUS MATCH
8,Rajasthan,248776,Sojat,Town Panchayat,117.0,Udaipur,AMBIGUOUS MATCH
8,Rajasthan,248778,Pali,Municipal Corporations,117.0,Udaipur,AMBIGUOUS MATCH
8,Rajasthan,248780,Rani,Town Panchayat,117.0,Udaipur,AMBIGUOUS MATCH
8,Rajasthan,248781,Sadri,Town Panchayat,117.0,Udaipur,AMBIGUOUS MATCH
8,Rajasthan,248782,Takhatgarh,Town Panchayat,117.0,Udaipur,AMBIGUOUS MATCH
8,Rajasthan,248783,Sumerpur,Municipality,117.0,Udaipur,AMBIGUOUS MATCH
8,Rajasthan,248784,Falna,Town Panchayat,117.0,Udaipur,AMBIGUOUS MATCH
8,Rajasthan,248785,Bali,Town Panchayat,117.0,Udaipur,AMBIGUOUS MATCH
8,Rajasthan,248786,Kishangarh,Municipality,117.0,Udaipur,AMBIGUOUS MATCH
8,Rajasthan,248787,Pushkar,Municipality,117.0,Udaipur,AMBIGUOUS MATCH
8,Rajasthan,248790,Beawar,Municipality,117.0,Udaipur,AMBIGUOUS MATCH
8,Rajasthan,248791,Vijainagar,Municipality,117.0,Udaipur,AMBIGUOUS MATCH
8,Rajasthan,248792,Sarwar,Town Panchayat,117.0,Udaipur,AMBIGUOUS MATCH
8,Rajasthan,248793,Kekri,Town Panchayat,117.0,Udaipur,AMBIGUOUS MATCH
8,Rajasthan,248794,Malpura,Municipality,117.0,Udaipur,AMBIGUOUS MATCH
8,Rajasthan,248796,Niwai,Town Panchayat,117.0,Udaipur,AMBIGUOUS MATCH
8,Rajasthan,248797,Tonk,Municipality,117.0,Udaipur,AMBIGUOUS MATCH
8,Rajasthan,248798,Todaraisingh,Town Panchayat,117.0,Udaipur,AMBIGUOUS MATCH
8,Rajasthan,248799,Deoli,Municipality,117.0,Udaipur,AMBIGUOUS MATCH
8,Rajasthan,248800,Uniara,Town Panchayat,117.0,Udaipur,AMBIGUOUS MATCH
8,Rajasthan,248801,Nainwa,Town Panchayat,117.0,Udaipur,AMBIGUOUS MATCH
8,Rajasthan,248802,Indragarh,Town Panchayat,117.0,Udaipur,AMBIGUOUS MATCH
8,Rajasthan,248803,Lakheri,Town Panchayat,117.0,Udaipur,AMBIGUOUS MATCH
8,Rajasthan,248804,Kaprain,Town Panchayat,117.0,Udaipur,AMBIGUOUS MATCH
8,Rajasthan,248805,Keshoraipatan,Town Panchayat,117.0,Udaipur,AMBIGUOUS MATCH
8,Rajasthan,248806,Bundi,Municipality,117.0,Udaipur,AMBIGUOUS MATCH
8,Rajasthan,248808,Asind,Town Panchayat,117.0,Udaipur,AMBIGUOUS MATCH
8,Rajasthan,248809,Gulabpura,Town Panchayat,117.0,Udaipur,AMBIGUOUS MATCH
8,Rajasthan,248811,Gangapur,Town Panchayat,117.0,Udaipur,AMBIGUOUS MATCH
8,Rajasthan,248812,Bhilwara,Municipal Corporations,117.0,Udaipur,AMBIGUOUS MATCH
8,Rajasthan,248813,Jahazpur,Town Panchayat,117.0,Udaipur,AMBIGUOUS MATCH
8,Rajasthan,248814,Mandalgarh,Town Panchayat,117.0,Udaipur,AMBIGUOUS MATCH
8,Rajasthan,248816,Deogarh,Town Panchayat,117.0,Udaipur,AMBIGUOUS MATCH
8,Rajasthan,248817,Amet,Town Panchayat,117.0,Udaipur,AMBIGUOUS MATCH
8,Rajasthan,248818,Rajsamand,Municipality,117.0,Udaipur,AMBIGUOUS MATCH
8,Rajasthan,248820,Nathdwara,Town Panchayat,117.0,Udaipur,AMBIGUOUS MATCH
8,Rajasthan,248821,Fatehnagar,Town Panchayat,117.0,Udaipur,AMBIGUOUS MATCH
8,Rajasthan,248822,Udaipur,Municipal Corporations,117.0,Udaipur,AMBIGUOUS MATCH
8,Rajasthan,248823,Bhinder,Town Panchayat,117.0,Udaipur,AMBIGUOUS MATCH
8,Rajasthan,248824,Kanor,Town Panchayat,117.0,Udaipur,AMBIGUOUS MATCH
8,Rajasthan,248826,Salumbar,Municipality,117.0,Udaipur,FULL MATCH
8,Rajasthan,248831,Dungarpur,Municipality,117.0,Udaipur,AMBIGUOUS MATCH
8,Rajasthan,248832,Sagwara,Town Panchayat,117.0,Udaipur,AMBIGUOUS MATCH
8,Rajasthan,248835,Banswara,Municipality,117.0,Udaipur,AMBIGUOUS MATCH
8,Rajasthan,248836,Kushalgarh,Town Panchayat,117.0,Udaipur,AMBIGUOUS MATCH
8,Rajasthan,248837,Begun,Town Panchayat,117.0,Udaipur,AMBIGUOUS MATCH
8,Rajasthan,248838,Rawatbhata,Municipality,117.0,Udaipur,AMBIGUOUS MATCH
8,Rajasthan,248839,Chittorgarh,Municipality,117.0,Udaipur,AMBIGUOUS MATCH
8,Rajasthan,248840,Kapasan,Town Panchayat,117.0,Udaipur,AMBIGUOUS MATCH
8,Rajasthan,248841,Nimbahera,Town Panchayat,117.0,Udaipur,AMBIGUOUS MATCH
8,Rajasthan,248842,Chhoti Sadri,Town Panchayat,117.0,Udaipur,AMBIGUOUS MATCH
8,Rajasthan,248843,Bari Sadri,Town Panchayat,117.0,Udaipur,AMBIGUOUS MATCH
8,Rajasthan,248844,Pratapgarh,Municipality,117.0,Udaipur,AMBIGUOUS MATCH
8,Rajasthan,248847,Kaithoon,Town Panchayat,117.0,Udaipur,AMBIGUOUS MATCH
8,Rajasthan,248851,Ramganj Mandi,Town Panchayat,117.0,Udaipur,AMBIGUOUS MATCH
8,Rajasthan,248855,Sangod,Town Panchayat,117.0,Udaipur,AMBIGUOUS MATCH
8,Rajasthan,248856,Mangrol,Town Panchayat,117.0,Udaipur,AMBIGUOUS MATCH
8,Rajasthan,248857,Anta,Town Panchayat,117.0,Udaipur,AMBIGUOUS MATCH
8,Rajasthan,248858,Baran,Municipality,117.0,Udaipur,AMBIGUOUS MATCH
8,Rajasthan,248860,Chhabra,Town Panchayat,117.0,Udaipur,AMBIGUOUS MATCH
8,Rajasthan,248862,Jhalawar,Municipality,117.0,Udaipur,AMBIGUOUS MATCH
8,Rajasthan,248863,Jhalrapatan,Municipality,117.0,Udaipur,AMBIGUOUS MATCH
8,Rajasthan,248865,Aklera,Town Panchayat,117.0,Udaipur,AMBIGUOUS MATCH
8,Rajasthan,248867,Bhawani Mandi,Town Panchayat,117.0,Udaipur,AMBIGUOUS MATCH
8,Rajasthan,248868,Pirawa,Town Panchayat,117.0,Udaipur,AMBIGUOUS MATCH
8,Rajasthan,263007,Itawa,Town Panchayat,117.0,Udaipur,AMBIGUOUS MATCH
8,Rajasthan,263008,Roopbas,Town Panchayat,117.0,Udaipur,AMBIGUOUS MATCH
8,Rajasthan,275691,Mahwa,Municipality,117.0,Udaipur,AMBIGUOUS MATCH
8,Rajasthan,277231,Degana,Town Panchayat,117.0,Udaipur,AMBIGUOUS MATCH
8,Rajasthan,277232,Nasirabad,Municipality,117.0,Udaipur,AMBIGUOUS MATCH
8,Rajasthan,277233,Kishangarhbas,Town Panchayat,117.0,Udaipur,AMBIGUOUS MATCH
8,Rajasthan,277234,Pindwara,Town Panchayat,117.0,Udaipur,AMBIGUOUS MATCH
8,Rajasthan,277235,Shahpura..(Bhilwara),Town Panchayat,117.0,Udaipur,AMBIGUOUS MATCH
8,Rajasthan,277601,Khatushyamji,Town Panchayat,117.0,Udaipur,AMBIGUOUS MATCH
8,Rajasthan,277602,Partapur -Garhi,Town Panchayat,117.0,Udaipur,AMBIGUOUS MATCH
8,Rajasthan,290432,Thanagaji,Town Panchayat,117.0,Udaipur,AMBIGUOUS MATCH
8,Rajasthan,296915,Laxmangarh (Alwar),Town Panchayat,117.0,Udaipur,AMBIGUOUS MATCH
8,Rajasthan,296916,Ramgarh (Alwar),Town Panchayat,117.0,Udaipur,AMBIGUOUS MATCH
8,Rajasthan,296922,Paota-Pragpura,Municipality,117.0,Udaipur,AMBIGUOUS MATCH
8,Rajasthan,296923,Bansur,Town Panchayat,117.0,Udaipur,AMBIGUOUS MATCH
8,Rajasthan,296924,Bhopalgarh,Town Panchayat,117.0,Udaipur,AMBIGUOUS MATCH
8,Rajasthan,296925,Bassi,Town Panchayat,117.0,Udaipur,AMBIGUOUS MATCH
8,Rajasthan,296926,Mandawari,Town Panchayat,117.0,Udaipur,AMBIGUOUS MATCH
8,Rajasthan,296930,Sarmathura,Town Panchayat,117.0,Udaipur,AMBIGUOUS MATCH
8,Rajasthan,296931,Baseri,Town Panchayat,117.0,Udaipur,AMBIGUOUS MATCH
8,Rajasthan,296932,Sapotra,Municipality,117.0,Udaipur,AMBIGUOUS MATCH
8,Rajasthan,296933,Sultanpur,Town Panchayat,117.0,Udaipur,AMBIGUOUS MATCH
8,Rajasthan,296934,Atru,Town Panchayat,117.0,Udaipur,AMBIGUOUS MATCH
8,Rajasthan,296936,Bamanwas,Town Panchayat,117.0,Udaipur,AMBIGUOUS MATCH
8,Rajasthan,298994,Uchchain,Town Panchayat,117.0,Udaipur,AMBIGUOUS MATCH
8,Rajasthan,298995,Sikri,Town Panchayat,117.0,Udaipur,AMBIGUOUS MATCH
8,Rajasthan,299534,Borawar,Town Panchayat,117.0,Udaipur,AMBIGUOUS MATCH
8,Rajasthan,299535,Kotkasim,Town Panchayat,117.0,Udaipur,AMBIGUOUS MATCH
8,Rajasthan,299536,Govindgarh,Municipality,117.0,Udaipur,AMBIGUOUS MATCH
8,Rajasthan,299753,Khajuwala,Town Panchayat,117.0,Udaipur,AMBIGUOUS MATCH
8,Rajasthan,299757,Siwana,Town Panchayat,117.0,Udaipur,AMBIGUOUS MATCH
8,Rajasthan,299764,Jayal,Town Panchayat,117.0,Udaipur,AMBIGUOUS MATCH
8,Rajasthan,299765,Mandawar,Town Panchayat,117.0,Udaipur,AMBIGUOUS MATCH
8,Rajasthan,299784,Balesar Satta,Town Panchayat,117.0,Udaipur,AMBIGUOUS MATCH
8,Rajasthan,299825,Bonli,Town Panchayat,117.0,Udaipur,AMBIGUOUS MATCH
8,Rajasthan,299934,Tapukara,Town Panchayat,117.0,Udaipur,AMBIGUOUS MATCH
8,Rajasthan,299935,Neemrana,Municipality,117.0,Udaipur,AMBIGUOUS MATCH
8,Rajasthan,299936,Hameergarh,Town Panchayat,117.0,Udaipur,AMBIGUOUS MATCH
8,Rajasthan,299937,Tibbi,Town Panchayat,117.0,Udaipur,AMBIGUOUS MATCH
8,Rajasthan,299939,Gudhagorji,Town Panchayat,117.0,Udaipur,AMBIGUOUS MATCH
8,Rajasthan,299940,Raniwada,Town Panchayat,117.0,Udaipur,AMBIGUOUS MATCH
8,Rajasthan,299941,Danta,Town Panchayat,117.0,Udaipur,AMBIGUOUS MATCH
8,Rajasthan,299942,Dhariawad,Town Panchayat,117.0,Udaipur,AMBIGUOUS MATCH
8,Rajasthan,299974,Bardod,Town Panchayat,117.0,Udaipur,AMBIGUOUS MATCH
8,Rajasthan,299976,Basni,Town Panchayat,117.0,Udaipur,AMBIGUOUS MATCH
8,Rajasthan,299977,Ajeetgarh,Town Panchayat,117.0,Udaipur,AMBIGUOUS MATCH
8,Rajasthan,300050,Semari,Town Panchayat,117.0,Udaipur,AMBIGUOUS MATCH
8,Rajasthan,300321,Narayana,Town Panchayat,117.0,Udaipur,AMBIGUOUS MATCH
8,Rajasthan,300322,Marwar Junction,Town Panchayat,117.0,Udaipur,AMBIGUOUS MATCH
8,Rajasthan,300344,Bahadurpur,Town Panchayat,117.0,Udaipur,AMBIGUOUS MATCH
8,Rajasthan,300345,Rishabhdeo,Town Panchayat,117.0,Udaipur,FULL MATCH
8,Rajasthan,300347,Baroda Meo,Town Panchayat,117.0,Udaipur,AMBIGUOUS MATCH
8,Rajasthan,300350,Manoharpur,Town Panchayat,117.0,Udaipur,AMBIGUOUS MATCH
8,Rajasthan,301405,Ahore,Town Panchayat,117.0,Udaipur,AMBIGUOUS MATCH
8,Rajasthan,301406,Lawan,Municipality,117.0,Udaipur,AMBIGUOUS MATCH
8,Rajasthan,301407,Malakheda,Municipality,117.0,Udaipur,AMBIGUOUS MATCH
8,Rajasthan,301408,Vallabhnagar,Municipality,117.0,Udaipur,AMBIGUOUS MATCH
8,Rajasthan,301409,Singhana,Municipality,117.0,Udaipur,AMBIGUOUS MATCH
8,Rajasthan,301410,Ramgarh Pachwara,Municipality,117.0,Udaipur,AMBIGUOUS MATCH
8,Rajasthan,301411,Baswa,Town Panchayat,117.0,Udaipur,AMBIGUOUS MATCH
8,Rajasthan,301412,Bap,Town Panchayat,117.0,Udaipur,AMBIGUOUS MATCH
8,Rajasthan,301413,Mandrayal,Municipality,117.0,Udaipur,AMBIGUOUS MATCH
8,Rajasthan,301414,Dei,Town Panchayat,117.0,Udaipur,AMBIGUOUS MATCH
8,Rajasthan,301415,Kathumar,Municipality,117.0,Udaipur,AMBIGUOUS MATCH
8,Rajasthan,301416,Raipur,Municipality,117.0,Udaipur,AMBIGUOUS MATCH
8,Rajasthan,301417,Sawar,Municipality,117.0,Udaipur,AMBIGUOUS MATCH
8,Rajasthan,301433,Akola,Town Panchayat,117.0,Udaipur,AMBIGUOUS MATCH
8,Rajasthan,301435,Bhandarej,Town Panchayat,117.0,Udaipur,AMBIGUOUS MATCH
8,Rajasthan,301436,Bhim,Town Panchayat,117.0,Udaipur,AMBIGUOUS MATCH
8,Rajasthan,301437,Dalot,Town Panchayat,117.0,Udaipur,FULL MATCH
8,Rajasthan,301438,Dudu,Municipality,117.0,Udaipur,AMBIGUOUS MATCH
8,Rajasthan,301439,Dooni,Town Panchayat,117.0,Udaipur,AMBIGUOUS MATCH
8,Rajasthan,301440,Fhagi,Town Panchayat,117.0,Udaipur,AMBIGUOUS MATCH
8,Rajasthan,301442,Goluwala,Town Panchayat,117.0,Udaipur,AMBIGUOUS MATCH
8,Rajasthan,301443,Kelwara,Town Panchayat,117.0,Udaipur,AMBIGUOUS MATCH
8,Rajasthan,301445,Mawali,Municipality,117.0,Udaipur,AMBIGUOUS MATCH
8,Rajasthan,301446,Nauganwa,Town Panchayat,117.0,Udaipur,AMBIGUOUS MATCH
8,Rajasthan,301449,Maharana Pratap Nagar Palika Sarada-Chawand,Town Panchayat,117.0,Udaipur,AMBIGUOUS MATCH
8,Rajasthan,301451,Sikaray,Municipality,117.0,Udaipur,AMBIGUOUS MATCH
8,Rajasthan,301453,Suket,Town Panchayat,117.0,Udaipur,AMBIGUOUS MATCH
8,Rajasthan,301454,Vajirpur,Town Panchayat,117.0,Udaipur,AMBIGUOUS MATCH
8,Rajasthan,301455,Vatika,Municipality,117.0,Udaipur,AMBIGUOUS MATCH
8,Rajasthan,301457,Hindoli,Municipality,117.0,Udaipur,AMBIGUOUS MATCH
8,Rajasthan,301458,Mubarikpur,Town Panchayat,117.0,Udaipur,AMBIGUOUS MATCH
8,Rajasthan,301459,Ramdevra,Town Panchayat,117.0,Udaipur,AMBIGUOUS MATCH
8,Rajasthan,301460,Seeswali,Town Panchayat,117.0,Udaipur,AMBIGUOUS MATCH
8,Rajasthan,301461,Mundawar,Town Panchayat,117.0,Udaipur,AMBIGUOUS MATCH
8,Rajasthan,301462,Ponkh,Town Panchayat,117.0,Udaipur,AMBIGUOUS MATCH
8,Rajasthan,301900,Tinwari,Municipality,117.0,Udaipur,AMBIGUOUS MATCH
8,Rajasthan,301901,Tantoti,Municipality,117.0,Udaipur,AMBIGUOUS MATCH
8,Rajasthan,301905,Narayanpur,Municipality,117.0,Udaipur,AMBIGUOUS MATCH
8,Rajasthan,301906,Mertaroad,Town Panchayat,117.0,Udaipur,AMBIGUOUS MATCH
8,Rajasthan,301909,Lambaharising,Municipality,117.0,Udaipur,AMBIGUOUS MATCH
8,Rajasthan,301910,Kuri Bhagtasani,Municipality,117.0,Udaipur,AMBIGUOUS MATCH
8,Rajasthan,301911,Jamwa Ramgarh,Municipality,117.0,Udaipur,AMBIGUOUS MATCH
8,Rajasthan,301912,Jakhal,Municipality,117.0,Udaipur,AMBIGUOUS MATCH
8,Rajasthan,301913,Dundlod,Municipality,117.0,Udaipur,AMBIGUOUS MATCH
8,Rajasthan,301914,Diggi,Municipality,117.0,Udaipur,AMBIGUOUS MATCH
8,Rajasthan,301915,Bijoliya,Municipality,117.0,Udaipur,AMBIGUOUS MATCH
8,Rajasthan,302180,Napasar,Municipality,117.0,Udaipur,AMBIGUOUS MATCH
8,Rajasthan,302181,Chohtan,Municipality,117.0,Udaipur,AMBIGUOUS MATCH
8,Rajasthan,302182,Lunkaransar,Municipality,117.0,Udaipur,AMBIGUOUS MATCH
8,Rajasthan,302204,Gudhamalani,Town Panchayat,117.0,Udaipur,AMBIGUOUS MATCH
8,Rajasthan,302205,Khandar,Municipality,117.0,Udaipur,AMBIGUOUS MATCH
8,Rajasthan,302206,Pahari ,Municipality,117.0,Udaipur,AMBIGUOUS MATCH
8,Rajasthan,302222,Mandhan,Municipality,117.0,Udaipur,AMBIGUOUS MATCH
8,Rajasthan,302223,Sayla,Municipality,117.0,Udaipur,AMBIGUOUS MATCH
8,Rajasthan,302249,Sojat Road,Municipality,117.0,Udaipur,AMBIGUOUS MATCH
8,Rajasthan,302253,Tinwari,Town Panchayat,117.0,Udaipur,AMBIGUOUS MATCH
8,Rajasthan,302254,Sayla,Town Panchayat,117.0,Udaipur,AMBIGUOUS MATCH
8,Rajasthan,302255,Dhod,Town Panchayat,117.0,Udaipur,AMBIGUOUS MATCH
8,Rajasthan,302257,Dhorimanna,Town Panchayat,117.0,Udaipur,AMBIGUOUS MATCH
8,Rajasthan,302258,Sultana,Town Panchayat,117.0,Udaipur,AMBIGUOUS MATCH
8,Rajasthan,302259,Peeplu,Town Panchayat,117.0,Udaipur,AMBIGUOUS MATCH
8,Rajasthan,302261,Masuda,Town Panchayat,117.0,Udaipur,AMBIGUOUS MATCH
8,Rajasthan,302262,Khandar,Town Panchayat,117.0,Udaipur,AMBIGUOUS MATCH
8,Rajasthan,302263,Gharsana,Town Panchayat,117.0,Udaipur,AMBIGUOUS MATCH
8,Rajasthan,302612,Malsisar,Municipality,117.0,Udaipur,AMBIGUOUS MATCH
8,Rajasthan,248842,Chhoti Sadri,Town Panchayat,629.0,Pratapgarh,AMBIGUOUS MATCH
8,Rajasthan,248843,Bari Sadri,Town Panchayat,629.0,Pratapgarh,AMBIGUOUS MATCH
8,Rajasthan,248844,Pratapgarh,Municipality,629.0,Pratapgarh,AMBIGUOUS MATCH
8,Rajasthan,299942,Dhariawad,Town Panchayat,629.0,Pratapgarh,AMBIGUOUS MATCH
8,Rajasthan,302889,Arnod,Municipality,629.0,Pratapgarh,FULL MATCH
8,Rajasthan,248703,Kaman,Town Panchayat,767.0,Deeg,AMBIGUOUS MATCH
8,Rajasthan,248704,Nagar,Town Panchayat,767.0,Deeg,AMBIGUOUS MATCH
8,Rajasthan,248705,Deeg,Municipality,767.0,Deeg,AMBIGUOUS MATCH
8,Rajasthan,248706,Nadbai,Municipality,767.0,Deeg,AMBIGUOUS MATCH
8,Rajasthan,248707,Kumher,Town Panchayat,767.0,Deeg,AMBIGUOUS MATCH
8,Rajasthan,248708,Bharatpur,Municipal Corporations,767.0,Deeg,FULL MATCH
8,Rajasthan,298995,Sikri,Town Panchayat,767.0,Deeg,AMBIGUOUS MATCH
8,Rajasthan,301446,Nauganwa,Town Panchayat,767.0,Deeg,AMBIGUOUS MATCH
8,Rajasthan,302206,Pahari ,Municipality,767.0,Deeg,AMBIGUOUS MATCH
8,Rajasthan,248747,Ladnu,Town Panchayat,768.0,Didwana-Kuchaman,AMBIGUOUS MATCH
8,Rajasthan,248748,Didwana,Town Panchayat,768.0,Didwana-Kuchaman,AMBIGUOUS MATCH
8,Rajasthan,248749,Nagaur,Municipality,768.0,Didwana-Kuchaman,AMBIGUOUS MATCH
8,Rajasthan,248755,Parbatsar,Town Panchayat,768.0,Didwana-Kuchaman,AMBIGUOUS MATCH
8,Rajasthan,248756,Makrana,Municipality,768.0,Didwana-Kuchaman,AMBIGUOUS MATCH
8,Rajasthan,248757,Kuchaman City,Town Panchayat,768.0,Didwana-Kuchaman,AMBIGUOUS MATCH
8,Rajasthan,248758,Nawa,Town Panchayat,768.0,Didwana-Kuchaman,AMBIGUOUS MATCH
8,Rajasthan,277231,Degana,Town Panchayat,768.0,Didwana-Kuchaman,AMBIGUOUS MATCH
8,Rajasthan,299534,Borawar,Town Panchayat,768.0,Didwana-Kuchaman,AMBIGUOUS MATCH
8,Rajasthan,299764,Jayal,Town Panchayat,768.0,Didwana-Kuchaman,AMBIGUOUS MATCH
8,Rajasthan,302919,Khatu Khurd,Municipality,768.0,Didwana-Kuchaman,FULL MATCH
8,Rajasthan,302942,Riyan Bari,Municipality,768.0,Didwana-Kuchaman,FULL MATCH
8,Rajasthan,248695,Bhiwadi,Municipality,770.0,Khairthal-Tijara,AMBIGUOUS MATCH
8,Rajasthan,248696,Tijara,Town Panchayat,770.0,Khairthal-Tijara,AMBIGUOUS MATCH
8,Rajasthan,248698,Khairthal-Tijara,Municipality,770.0,Khairthal-Tijara,AMBIGUOUS MATCH
8,Rajasthan,277233,Kishangarhbas,Town Panchayat,770.0,Khairthal-Tijara,AMBIGUOUS MATCH
8,Rajasthan,299535,Kotkasim,Town Panchayat,770.0,Khairthal-Tijara,AMBIGUOUS MATCH
8,Rajasthan,299765,Mandawar,Town Panchayat,770.0,Khairthal-Tijara,AMBIGUOUS MATCH
8,Rajasthan,299934,Tapukara,Town Panchayat,770.0,Khairthal-Tijara,AMBIGUOUS MATCH
8,Rajasthan,301407,Malakheda,Municipality,770.0,Khairthal-Tijara,AMBIGUOUS MATCH
8,Rajasthan,301461,Mundawar,Town Panchayat,770.0,Khairthal-Tijara,AMBIGUOUS MATCH
8,Rajasthan,248759,Phalodi,Town Panchayat,772.0,Phalodi,AMBIGUOUS MATCH
8,Rajasthan,248763,Jaisalmer,Municipality,772.0,Phalodi,AMBIGUOUS MATCH
8,Rajasthan,248764,Pokaran,Town Panchayat,772.0,Phalodi,AMBIGUOUS MATCH
8,Rajasthan,299784,Balesar Satta,Town Panchayat,772.0,Phalodi,AMBIGUOUS MATCH
8,Rajasthan,248651,Sri Ganganagar,Municipality,774.0,Beawar,AMBIGUOUS MATCH
8,Rajasthan,248662,Hanumangarh,Municipality,774.0,Beawar,AMBIGUOUS MATCH
8,Rajasthan,248673,Churu,Municipality,774.0,Beawar,AMBIGUOUS MATCH
8,Rajasthan,248680,Sujangarh,Municipality,774.0,Beawar,AMBIGUOUS MATCH
8,Rajasthan,248683,Jhunjhunun,Municipality,774.0,Beawar,AMBIGUOUS MATCH
8,Rajasthan,248695,Bhiwadi,Municipality,774.0,Beawar,AMBIGUOUS MATCH
8,Rajasthan,248699,Alwar,Municipal Corporations,774.0,Beawar,AMBIGUOUS MATCH
8,Rajasthan,248705,Deeg,Municipality,774.0,Beawar,AMBIGUOUS MATCH
8,Rajasthan,248713,Dhaulpur,Municipality,774.0,Beawar,AMBIGUOUS MATCH
8,Rajasthan,248716,Hindaun City,Municipality,774.0,Beawar,AMBIGUOUS MATCH
8,Rajasthan,248717,Karauli,Municipality,774.0,Beawar,AMBIGUOUS MATCH
8,Rajasthan,248718,Gangapur City,Municipality,774.0,Beawar,AMBIGUOUS MATCH
8,Rajasthan,248720,Sawai Madhopur,Municipality,774.0,Beawar,AMBIGUOUS MATCH
8,Rajasthan,248725,Dausa,Municipality,774.0,Beawar,AMBIGUOUS MATCH
8,Rajasthan,248727,Kotputli,Municipality,774.0,Beawar,AMBIGUOUS MATCH
8,Rajasthan,248741,Sikar,Municipality,774.0,Beawar,AMBIGUOUS MATCH
8,Rajasthan,248749,Nagaur,Municipality,774.0,Beawar,AMBIGUOUS MATCH
8,Rajasthan,248756,Makrana,Municipality,774.0,Beawar,AMBIGUOUS MATCH
8,Rajasthan,248763,Jaisalmer,Municipality,774.0,Beawar,AMBIGUOUS MATCH
8,Rajasthan,248765,Balotra,Municipality,774.0,Beawar,AMBIGUOUS MATCH
8,Rajasthan,248766,Barmer,Municipality,774.0,Beawar,AMBIGUOUS MATCH
8,Rajasthan,248767,Jalore,Municipality,774.0,Beawar,AMBIGUOUS MATCH
8,Rajasthan,248771,Sirohi,Municipality,774.0,Beawar,AMBIGUOUS MATCH
8,Rajasthan,248775,Jaitaran,Town Panchayat,774.0,Beawar,AMBIGUOUS MATCH
8,Rajasthan,248778,Pali,Municipal Corporations,774.0,Beawar,AMBIGUOUS MATCH
8,Rajasthan,248786,Kishangarh,Municipality,774.0,Beawar,AMBIGUOUS MATCH
8,Rajasthan,248790,Beawar,Municipality,774.0,Beawar,AMBIGUOUS MATCH
8,Rajasthan,248791,Vijainagar,Municipality,774.0,Beawar,AMBIGUOUS MATCH
8,Rajasthan,248797,Tonk,Municipality,774.0,Beawar,AMBIGUOUS MATCH
8,Rajasthan,248806,Bundi,Municipality,774.0,Beawar,AMBIGUOUS MATCH
8,Rajasthan,248808,Asind,Town Panchayat,774.0,Beawar,AMBIGUOUS MATCH
8,Rajasthan,248812,Bhilwara,Municipal Corporations,774.0,Beawar,AMBIGUOUS MATCH
8,Rajasthan,248816,Deogarh,Town Panchayat,774.0,Beawar,AMBIGUOUS MATCH
8,Rajasthan,248818,Rajsamand,Municipality,774.0,Beawar,AMBIGUOUS MATCH
8,Rajasthan,248822,Udaipur,Municipal Corporations,774.0,Beawar,AMBIGUOUS MATCH
8,Rajasthan,248831,Dungarpur,Municipality,774.0,Beawar,AMBIGUOUS MATCH
8,Rajasthan,248835,Banswara,Municipality,774.0,Beawar,AMBIGUOUS MATCH
8,Rajasthan,248839,Chittorgarh,Municipality,774.0,Beawar,AMBIGUOUS MATCH
8,Rajasthan,248844,Pratapgarh,Municipality,774.0,Beawar,AMBIGUOUS MATCH
8,Rajasthan,248858,Baran,Municipality,774.0,Beawar,AMBIGUOUS MATCH
8,Rajasthan,248862,Jhalawar,Municipality,774.0,Beawar,AMBIGUOUS MATCH
8,Rajasthan,299977,Ajeetgarh,Town Panchayat,774.0,Beawar,AMBIGUOUS MATCH
8,Rajasthan,300322,Marwar Junction,Town Panchayat,774.0,Beawar,AMBIGUOUS MATCH
8,Rajasthan,301406,Lawan,Municipality,774.0,Beawar,AMBIGUOUS MATCH
8,Rajasthan,301407,Malakheda,Municipality,774.0,Beawar,AMBIGUOUS MATCH
8,Rajasthan,301408,Vallabhnagar,Municipality,774.0,Beawar,AMBIGUOUS MATCH
8,Rajasthan,301409,Singhana,Municipality,774.0,Beawar,AMBIGUOUS MATCH
8,Rajasthan,301410,Ramgarh Pachwara,Municipality,774.0,Beawar,AMBIGUOUS MATCH
8,Rajasthan,301413,Mandrayal,Municipality,774.0,Beawar,AMBIGUOUS MATCH
8,Rajasthan,301415,Kathumar,Municipality,774.0,Beawar,AMBIGUOUS MATCH
8,Rajasthan,301416,Raipur,Municipality,774.0,Beawar,AMBIGUOUS MATCH
8,Rajasthan,301417,Sawar,Municipality,774.0,Beawar,AMBIGUOUS MATCH
8,Rajasthan,301438,Dudu,Municipality,774.0,Beawar,AMBIGUOUS MATCH
8,Rajasthan,301445,Mawali,Municipality,774.0,Beawar,AMBIGUOUS MATCH
8,Rajasthan,301451,Sikaray,Municipality,774.0,Beawar,AMBIGUOUS MATCH
8,Rajasthan,301457,Hindoli,Municipality,774.0,Beawar,AMBIGUOUS MATCH
8,Rajasthan,301900,Tinwari,Municipality,774.0,Beawar,AMBIGUOUS MATCH
8,Rajasthan,301901,Tantoti,Municipality,774.0,Beawar,AMBIGUOUS MATCH
8,Rajasthan,301905,Narayanpur,Municipality,774.0,Beawar,AMBIGUOUS MATCH
8,Rajasthan,301909,Lambaharising,Municipality,774.0,Beawar,AMBIGUOUS MATCH
8,Rajasthan,301910,Kuri Bhagtasani,Municipality,774.0,Beawar,AMBIGUOUS MATCH
8,Rajasthan,301912,Jakhal,Municipality,774.0,Beawar,AMBIGUOUS MATCH
8,Rajasthan,301913,Dundlod,Municipality,774.0,Beawar,AMBIGUOUS MATCH
8,Rajasthan,301914,Diggi,Municipality,774.0,Beawar,AMBIGUOUS MATCH
8,Rajasthan,301915,Bijoliya,Municipality,774.0,Beawar,AMBIGUOUS MATCH
8,Rajasthan,302180,Napasar,Municipality,774.0,Beawar,AMBIGUOUS MATCH
8,Rajasthan,302181,Chohtan,Municipality,774.0,Beawar,AMBIGUOUS MATCH
8,Rajasthan,302182,Lunkaransar,Municipality,774.0,Beawar,AMBIGUOUS MATCH
8,Rajasthan,302204,Gudhamalani,Town Panchayat,774.0,Beawar,AMBIGUOUS MATCH
8,Rajasthan,302205,Khandar,Municipality,774.0,Beawar,AMBIGUOUS MATCH
8,Rajasthan,302206,Pahari ,Municipality,774.0,Beawar,AMBIGUOUS MATCH
8,Rajasthan,302222,Mandhan,Municipality,774.0,Beawar,AMBIGUOUS MATCH
8,Rajasthan,302223,Sayla,Municipality,774.0,Beawar,AMBIGUOUS MATCH
8,Rajasthan,302249,Sojat Road,Municipality,774.0,Beawar,AMBIGUOUS MATCH
8,Rajasthan,302612,Malsisar,Municipality,774.0,Beawar,AMBIGUOUS MATCH
8,Rajasthan,302860,Raipur,Municipality,774.0,Beawar,AMBIGUOUS MATCH
8,Rajasthan,248765,Balotra,Municipality,775.0,Balotra,AMBIGUOUS MATCH
8,Rajasthan,299757,Siwana,Town Panchayat,775.0,Balotra,AMBIGUOUS MATCH
8,Rajasthan,302204,Gudhamalani,Town Panchayat,775.0,Balotra,AMBIGUOUS MATCH
8,Rajasthan,302257,Dhorimanna,Town Panchayat,775.0,Balotra,AMBIGUOUS MATCH
8,Rajasthan,248686,Vidyavihar,Town Panchayat,777.0,Salumbar,AMBIGUOUS MATCH
8,Rajasthan,248822,Udaipur,Municipal Corporations,777.0,Salumbar,AMBIGUOUS MATCH
8,Rajasthan,248823,Bhinder,Town Panchayat,777.0,Salumbar,AMBIGUOUS MATCH
8,Rajasthan,248824,Kanor,Town Panchayat,777.0,Salumbar,AMBIGUOUS MATCH
8,Rajasthan,300050,Semari,Town Panchayat,777.0,Salumbar,AMBIGUOUS MATCH
8,Rajasthan,300345,Rishabhdeo,Town Panchayat,777.0,Salumbar,FULL MATCH
8,Rajasthan,248694,Behror,Town Panchayat,782.0,Kotputli-Behror,AMBIGUOUS MATCH
8,Rajasthan,248699,Alwar,Municipal Corporations,782.0,Kotputli-Behror,AMBIGUOUS MATCH
8,Rajasthan,248727,Kotputli,Municipality,782.0,Kotputli-Behror,AMBIGUOUS MATCH
8,Rajasthan,248728,Viratnagar,Town Panchayat,782.0,Kotputli-Behror,AMBIGUOUS MATCH
8,Rajasthan,248729,Shahpura,Municipality,782.0,Kotputli-Behror,AMBIGUOUS MATCH
8,Rajasthan,290432,Thanagaji,Town Panchayat,782.0,Kotputli-Behror,AMBIGUOUS MATCH
8,Rajasthan,296922,Paota-Pragpura,Municipality,782.0,Kotputli-Behror,AMBIGUOUS MATCH
8,Rajasthan,296923,Bansur,Town Panchayat,782.0,Kotputli-Behror,AMBIGUOUS MATCH
8,Rajasthan,299935,Neemrana,Municipality,782.0,Kotputli-Behror,AMBIGUOUS MATCH
8,Rajasthan,299974,Bardod,Town Panchayat,782.0,Kotputli-Behror,AMBIGUOUS MATCH
8,Rajasthan,301905,Narayanpur,Municipality,782.0,Kotputli-Behror,AMBIGUOUS MATCH
8,Rajasthan,302222,Mandhan,Municipality,782.0,Kotputli-Behror,AMBIGUOUS MATCH
8,Rajasthan,302862,Saipau,Municipality,,,NO MATCH
8,Rajasthan,302896,Maniyan,Municipality,,,NO MATCH
9,Uttar Pradesh,248892,Jalalabad(Bijnor),Town Panchayat,50.0,Haridwar,FULL MATCH
9,Uttar Pradesh,248905,Najibabad,Municipality,50.0,Haridwar,FULL MATCH
9,Uttar Pradesh,249059,Etmadpur,Municipality,118.0,Agra,FULL MATCH
9,Uttar Pradesh,249060,Dayalbagh,Town Panchayat,118.0,Agra,FULL MATCH
9,Uttar Pradesh,249061,Swamibagh,Town Panchayat,118.0,Agra,FULL MATCH
9,Uttar Pradesh,249062,Agra,Municipal Corporations,118.0,Agra,AMBIGUOUS MATCH
9,Uttar Pradesh,249066,Achhnera,Municipality,118.0,Agra,FULL MATCH
9,Uttar Pradesh,249067,Kiraoli,Town Panchayat,118.0,Agra,FULL MATCH
9,Uttar Pradesh,249068,Fatehpur Sikri,Municipality,118.0,Agra,FULL MATCH
9,Uttar Pradesh,249069,Jagner,Town Panchayat,118.0,Agra,FULL MATCH
9,Uttar Pradesh,249070,Khairragarh,Town Panchayat,118.0,Agra,FULL MATCH
9,Uttar Pradesh,249072,Fatehabad,Town Panchayat,118.0,Agra,FULL MATCH
9,Uttar Pradesh,249073,Pinahat,Town Panchayat,118.0,Agra,FULL MATCH
9,Uttar Pradesh,249074,Bah,Municipality,118.0,Agra,FULL MATCH
9,Uttar Pradesh,249181,Barbar,Town Panchayat,118.0,Agra,FULL MATCH
9,Uttar Pradesh,297032,Shamshabad,Town Panchayat,118.0,Agra,FULL MATCH
9,Uttar Pradesh,249019,Jatari,Town Panchayat,119.0,Aligarh,FULL MATCH
9,Uttar Pradesh,249020,Khair,Municipality,119.0,Aligarh,FULL MATCH
9,Uttar Pradesh,249022,Atrauli,Municipality,119.0,Aligarh,FULL MATCH
9,Uttar Pradesh,249023,Chharra Rafatpur,Town Panchayat,119.0,Aligarh,FULL MATCH
9,Uttar Pradesh,249024,Harduaganj,Town Panchayat,119.0,Aligarh,FULL MATCH
9,Uttar Pradesh,249025,Aligarh,Municipal Corporations,119.0,Aligarh,FULL MATCH
9,Uttar Pradesh,249026,Jalali,Town Panchayat,119.0,Aligarh,FULL MATCH
9,Uttar Pradesh,249027,Kauriaganj,Town Panchayat,119.0,Aligarh,FULL MATCH
9,Uttar Pradesh,249028,Pilkhana,Town Panchayat,119.0,Aligarh,FULL MATCH
9,Uttar Pradesh,249030,Iglas,Town Panchayat,119.0,Aligarh,FULL MATCH
9,Uttar Pradesh,249031,Beswan,Town Panchayat,119.0,Aligarh,FULL MATCH
9,Uttar Pradesh,249032,Sasni,Town Panchayat,119.0,Aligarh,FULL MATCH
9,Uttar Pradesh,249033,Sikandra Rao,Municipality,119.0,Aligarh,FULL MATCH
9,Uttar Pradesh,249037,Hathras,Municipality,119.0,Aligarh,FULL MATCH
9,Uttar Pradesh,249038,Mursan,Town Panchayat,119.0,Aligarh,FULL MATCH
9,Uttar Pradesh,297033,Madrak,Town Panchayat,119.0,Aligarh,FULL MATCH
9,Uttar Pradesh,297045,Pisawa,Town Panchayat,119.0,Aligarh,AMBIGUOUS MATCH
9,Uttar Pradesh,297076,Chandaus,Town Panchayat,119.0,Aligarh,FULL MATCH
9,Uttar Pradesh,298115,Gabhana,Town Panchayat,119.0,Aligarh,FULL MATCH
9,Uttar Pradesh,299023,Jawan Sikandpur,Town Panchayat,119.0,Aligarh,FULL MATCH
9,Uttar Pradesh,249364,Mau Aima,Town Panchayat,120.0,Prayagraj,FULL MATCH
9,Uttar Pradesh,249365,Lal Gopal Ganj,Town Panchayat,120.0,Prayagraj,FULL MATCH
9,Uttar Pradesh,249369,Prayagraj,Municipal Corporations,120.0,Prayagraj,AMBIGUOUS MATCH
9,Uttar Pradesh,249370,Shankargarh,Town Panchayat,120.0,Prayagraj,FULL MATCH
9,Uttar Pradesh,249372,Handia,Town Panchayat,120.0,Prayagraj,FULL MATCH
9,Uttar Pradesh,249373,Sirsa,Town Panchayat,120.0,Prayagraj,FULL MATCH
9,Uttar Pradesh,249374,Bharatganj,Town Panchayat,120.0,Prayagraj,FULL MATCH
9,Uttar Pradesh,249375,Koraon,Town Panchayat,120.0,Prayagraj,FULL MATCH
9,Uttar Pradesh,249480,Phoolpur,Town Panchayat,120.0,Prayagraj,FULL MATCH
9,Uttar Pradesh,248940,Tanda,Municipality,121.0,Ambedkar Nagar,FULL MATCH
9,Uttar Pradesh,249235,Gosainganj (Ayodhya),Town Panchayat,121.0,Ambedkar Nagar,FULL MATCH
9,Uttar Pradesh,249277,Akbarpur,Town Panchayat,121.0,Ambedkar Nagar,FULL MATCH
9,Uttar Pradesh,249394,Iltifatganj Bazar,Town Panchayat,121.0,Ambedkar Nagar,FULL MATCH
9,Uttar Pradesh,249398,Ashrafpur Kichhauchha,Town Panchayat,121.0,Ambedkar Nagar,FULL MATCH
9,Uttar Pradesh,249399,Jalalpur,Municipality,121.0,Ambedkar Nagar,FULL MATCH
9,Uttar Pradesh,249400,Akbarpur,Municipality,121.0,Ambedkar Nagar,FULL MATCH
9,Uttar Pradesh,298935,Jahagirganj,Town Panchayat,121.0,Ambedkar Nagar,FULL MATCH
9,Uttar Pradesh,300509,Rajesultanpur,Town Panchayat,121.0,Ambedkar Nagar,FULL MATCH
9,Uttar Pradesh,249264,Bharthana,Municipality,122.0,Auraiya,FULL MATCH
9,Uttar Pradesh,249267,Bidhuna,Town Panchayat,122.0,Auraiya,FULL MATCH
9,Uttar Pradesh,249268,Achhalda,Town Panchayat,122.0,Auraiya,FULL MATCH
9,Uttar Pradesh,249269,Babarpur Ajitmal,Town Panchayat,122.0,Auraiya,FULL MATCH
9,Uttar Pradesh,249270,Atasu,Town Panchayat,122.0,Auraiya,FULL MATCH
9,Uttar Pradesh,249271,Phaphund,Town Panchayat,122.0,Auraiya,FULL MATCH
9,Uttar Pradesh,249272,Dibiyapur,Town Panchayat,122.0,Auraiya,FULL MATCH
9,Uttar Pradesh,249273,Auraiya,Municipality,122.0,Auraiya,FULL MATCH
9,Uttar Pradesh,297864,Kanchausi,Town Panchayat,122.0,Auraiya,FULL MATCH
9,Uttar Pradesh,249239,Maharajganj(Azamgarh),Town Panchayat,123.0,Azamgarh,FULL MATCH
9,Uttar Pradesh,249242,Lalganj,Town Panchayat,123.0,Azamgarh,AMBIGUOUS MATCH
9,Uttar Pradesh,249368,Phulpur,Town Panchayat,123.0,Azamgarh,FULL MATCH
9,Uttar Pradesh,249468,Atraulia,Town Panchayat,123.0,Azamgarh,FULL MATCH
9,Uttar Pradesh,249470,Bilariaganj,Municipality,123.0,Azamgarh,FULL MATCH
9,Uttar Pradesh,249471,Jiyanpur,Town Panchayat,123.0,Azamgarh,FULL MATCH
9,Uttar Pradesh,249472,Azmatgarh,Town Panchayat,123.0,Azamgarh,FULL MATCH
9,Uttar Pradesh,249474,Mubarakpur,Municipality,123.0,Azamgarh,FULL MATCH
9,Uttar Pradesh,249477,Azamgarh,Municipality,123.0,Azamgarh,FULL MATCH
9,Uttar Pradesh,249478,Nizamabad,Town Panchayat,123.0,Azamgarh,FULL MATCH
9,Uttar Pradesh,249479,Sarai Mir,Town Panchayat,123.0,Azamgarh,FULL MATCH
9,Uttar Pradesh,249481,Katghar Lalganj,Town Panchayat,123.0,Azamgarh,FULL MATCH
9,Uttar Pradesh,249482,Mehnagar,Town Panchayat,123.0,Azamgarh,FULL MATCH
9,Uttar Pradesh,263356,Mahul,Town Panchayat,123.0,Azamgarh,FULL MATCH
9,Uttar Pradesh,277189,Chirayakot,Town Panchayat,123.0,Azamgarh,FULL MATCH
9,Uttar Pradesh,297075,Boodhanpur,Town Panchayat,123.0,Azamgarh,AMBIGUOUS MATCH
9,Uttar Pradesh,300510,Martinganj,Town Panchayat,123.0,Azamgarh,FULL MATCH
9,Uttar Pradesh,248969,Chhaprauli,Town Panchayat,124.0,Baghpat,FULL MATCH
9,Uttar Pradesh,248970,Tikri,Town Panchayat,124.0,Baghpat,FULL MATCH
9,Uttar Pradesh,248971,Doghat,Town Panchayat,124.0,Baghpat,FULL MATCH
9,Uttar Pradesh,248972,Baraut,Municipality,124.0,Baghpat,FULL MATCH
9,Uttar Pradesh,248973,Baghpat,Municipality,124.0,Baghpat,FULL MATCH
9,Uttar Pradesh,248974,Agarwal Mandi,Town Panchayat,124.0,Baghpat,FULL MATCH
9,Uttar Pradesh,248975,Aminagar Sarai,Town Panchayat,124.0,Baghpat,FULL MATCH
9,Uttar Pradesh,297023,Khekada,Municipality,124.0,Baghpat,FULL MATCH
9,Uttar Pradesh,297820,Rataul,Town Panchayat,124.0,Baghpat,FULL MATCH
9,Uttar Pradesh,249408,Nanpara,Municipality,125.0,Bahraich,FULL MATCH
9,Uttar Pradesh,249409,Risia Bazar,Town Panchayat,125.0,Bahraich,FULL MATCH
9,Uttar Pradesh,249410,Bahraich,Municipality,125.0,Bahraich,FULL MATCH
9,Uttar Pradesh,249411,Jarwal,Town Panchayat,125.0,Bahraich,FULL MATCH
9,Uttar Pradesh,297070,Payagpur,Town Panchayat,125.0,Bahraich,FULL MATCH
9,Uttar Pradesh,299017,Kaisharganj,Town Panchayat,125.0,Bahraich,FULL MATCH
9,Uttar Pradesh,300511,Rupaideeha,Town Panchayat,125.0,Bahraich,FULL MATCH
9,Uttar Pradesh,300930,Mihinpurwa,Town Panchayat,125.0,Bahraich,FULL MATCH
9,Uttar Pradesh,249492,Belthara Road,Town Panchayat,126.0,Ballia,FULL MATCH
9,Uttar Pradesh,249493,Sikanderpur (Ballia),Town Panchayat,126.0,Ballia,FULL MATCH
9,Uttar Pradesh,249494,Maniyar,Town Panchayat,126.0,Ballia,FULL MATCH
9,Uttar Pradesh,249495,Rasra,Municipality,126.0,Ballia,FULL MATCH
9,Uttar Pradesh,249496,Chitbara Gaon,Town Panchayat,126.0,Ballia,FULL MATCH
9,Uttar Pradesh,249498,Bansdih,Town Panchayat,126.0,Ballia,FULL MATCH
9,Uttar Pradesh,249499,Sahatwar,Town Panchayat,126.0,Ballia,FULL MATCH
9,Uttar Pradesh,249500,Reoti,Town Panchayat,126.0,Ballia,FULL MATCH
9,Uttar Pradesh,277185,Bairia,Town Panchayat,126.0,Ballia,FULL MATCH
9,Uttar Pradesh,297083,Nagra,Town Panchayat,126.0,Ballia,FULL MATCH
9,Uttar Pradesh,297861,Ratsar Kala,Town Panchayat,126.0,Ballia,FULL MATCH
9,Uttar Pradesh,249414,Balrampur,Municipality,127.0,Balrampur,FULL MATCH
9,Uttar Pradesh,249415,Tulsipur,Town Panchayat,127.0,Balrampur,FULL MATCH
9,Uttar Pradesh,249416,Pachperwa,Town Panchayat,127.0,Balrampur,FULL MATCH
9,Uttar Pradesh,249417,Utraula,Municipality,127.0,Balrampur,FULL MATCH
9,Uttar Pradesh,300512,Gaisari,Town Panchayat,127.0,Balrampur,FULL MATCH
9,Uttar Pradesh,301016,Dhanepur,Town Panchayat,127.0,Balrampur,FULL MATCH
9,Uttar Pradesh,249327,Maudaha,Municipality,128.0,Banda,FULL MATCH
9,Uttar Pradesh,249332,Kabrai,Town Panchayat,128.0,Banda,FULL MATCH
9,Uttar Pradesh,249333,Mataundh,Town Panchayat,128.0,Banda,FULL MATCH
9,Uttar Pradesh,249334,Banda,Municipality,128.0,Banda,FULL MATCH
9,Uttar Pradesh,249335,Tindwari,Town Panchayat,128.0,Banda,FULL MATCH
9,Uttar Pradesh,249336,Baberu,Town Panchayat,128.0,Banda,FULL MATCH
9,Uttar Pradesh,249337,Oran,Town Panchayat,128.0,Banda,FULL MATCH
9,Uttar Pradesh,249338,Bisanda Buzurg,Town Panchayat,128.0,Banda,FULL MATCH
9,Uttar Pradesh,249339,Atarra,Municipality,128.0,Banda,FULL MATCH
9,Uttar Pradesh,249340,Naraini,Town Panchayat,128.0,Banda,FULL MATCH
9,Uttar Pradesh,297057,Banda,Town Panchayat,128.0,Banda,AMBIGUOUS MATCH
9,Uttar Pradesh,249376,Fatehpur(Barabanki),Town Panchayat,129.0,Bara Banki,FULL MATCH
9,Uttar Pradesh,249377,Ramnagar,Town Panchayat,129.0,Bara Banki,FULL MATCH
9,Uttar Pradesh,249378,Dewa,Town Panchayat,129.0,Bara Banki,FULL MATCH
9,Uttar Pradesh,249380,Banki,Town Panchayat,129.0,Bara Banki,AMBIGUOUS MATCH
9,Uttar Pradesh,249381,Satrikh,Town Panchayat,129.0,Bara Banki,FULL MATCH
9,Uttar Pradesh,249382,Zaidpur,Town Panchayat,129.0,Bara Banki,FULL MATCH
9,Uttar Pradesh,249384,Tikait Nagar,Town Panchayat,129.0,Bara Banki,FULL MATCH
9,Uttar Pradesh,249385,Dariyabad,Town Panchayat,129.0,Bara Banki,FULL MATCH
9,Uttar Pradesh,249386,Siddhaur,Town Panchayat,129.0,Bara Banki,FULL MATCH
9,Uttar Pradesh,249387,Haidergarh,Town Panchayat,129.0,Bara Banki,FULL MATCH
9,Uttar Pradesh,253131,Subeha,Town Panchayat,129.0,Bara Banki,FULL MATCH
9,Uttar Pradesh,277186,Belhara,Town Panchayat,129.0,Bara Banki,AMBIGUOUS MATCH
9,Uttar Pradesh,299081,Ram Sanehi Ghat,Town Panchayat,129.0,Bara Banki,FULL MATCH
9,Uttar Pradesh,301389,Nawabganj (Bara Banki),Municipality,129.0,Bara Banki,FULL MATCH
9,Uttar Pradesh,249135,Bahedi,Municipality,130.0,Bareilly,FULL MATCH
9,Uttar Pradesh,249136,Faridpur(Bareilly),Town Panchayat,130.0,Bareilly,FULL MATCH
9,Uttar Pradesh,249137,Richha,Town Panchayat,130.0,Bareilly,FULL MATCH
9,Uttar Pradesh,249138,Deoranian,Town Panchayat,130.0,Bareilly,FULL MATCH
9,Uttar Pradesh,249140,Shishgarh,Town Panchayat,130.0,Bareilly,FULL MATCH
9,Uttar Pradesh,249141,Mirganj,Town Panchayat,130.0,Bareilly,FULL MATCH
9,Uttar Pradesh,249142,Fatehganj Pashchimi,Town Panchayat,130.0,Bareilly,FULL MATCH
9,Uttar Pradesh,249143,Shahi,Town Panchayat,130.0,Bareilly,FULL MATCH
9,Uttar Pradesh,249144,Bisharatganj,Town Panchayat,130.0,Bareilly,FULL MATCH
9,Uttar Pradesh,249145,Aonla,Municipality,130.0,Bareilly,FULL MATCH
9,Uttar Pradesh,249146,Sirauli,Town Panchayat,130.0,Bareilly,FULL MATCH
9,Uttar Pradesh,249147,Dhaura Tanda,Town Panchayat,130.0,Bareilly,FULL MATCH
9,Uttar Pradesh,249149,Bareilly,Municipal Corporations,130.0,Bareilly,FULL MATCH
9,Uttar Pradesh,249151,Thiriya Nizamat Khan,Town Panchayat,130.0,Bareilly,FULL MATCH
9,Uttar Pradesh,249152,Rithora,Town Panchayat,130.0,Bareilly,FULL MATCH
9,Uttar Pradesh,249153,Sainthal,Town Panchayat,130.0,Bareilly,FULL MATCH
9,Uttar Pradesh,249154,Nawabganj(Bareilly),Municipality,130.0,Bareilly,FULL MATCH
9,Uttar Pradesh,249155,Fatehganj Purvi,Town Panchayat,130.0,Bareilly,FULL MATCH
9,Uttar Pradesh,249156,Faridpur,Municipality,130.0,Bareilly,FULL MATCH
9,Uttar Pradesh,249497,Ballia,Municipality,130.0,Bareilly,FULL MATCH
9,Uttar Pradesh,297735,Nawabganj,Town Panchayat,130.0,Bareilly,FULL MATCH
9,Uttar Pradesh,249242,Lalganj,Town Panchayat,131.0,Basti,AMBIGUOUS MATCH
9,Uttar Pradesh,249429,Harraiya,Town Panchayat,131.0,Basti,FULL MATCH
9,Uttar Pradesh,249430,Basti,Municipality,131.0,Basti,FULL MATCH
9,Uttar Pradesh,249433,Khalilabad,Municipality,131.0,Basti,FULL MATCH
9,Uttar Pradesh,249435,Hariharpur,Town Panchayat,131.0,Basti,FULL MATCH
9,Uttar Pradesh,263359,Rudhauli Bazar,Town Panchayat,131.0,Basti,FULL MATCH
9,Uttar Pradesh,289237,Bankti,Town Panchayat,131.0,Basti,FULL MATCH
9,Uttar Pradesh,297031,Ganeshpur,Town Panchayat,131.0,Basti,FULL MATCH
9,Uttar Pradesh,297061,Bharatbhari,Town Panchayat,131.0,Basti,FULL MATCH
9,Uttar Pradesh,297066,Gaayghat,Town Panchayat,131.0,Basti,FULL MATCH
9,Uttar Pradesh,297073,Babhnan Bazar,Town Panchayat,131.0,Basti,FULL MATCH
9,Uttar Pradesh,298093,Munderwa,Town Panchayat,131.0,Basti,FULL MATCH
9,Uttar Pradesh,298095,Nagar Bazar,Town Panchayat,131.0,Basti,FULL MATCH
9,Uttar Pradesh,298096,Kaptanganj Basti,Town Panchayat,131.0,Basti,FULL MATCH
9,Uttar Pradesh,300532,Hainsar Bazar Dhanghata,Town Panchayat,131.0,Basti,FULL MATCH
9,Uttar Pradesh,248892,Jalalabad(Bijnor),Town Panchayat,132.0,Bijnor,FULL MATCH
9,Uttar Pradesh,248904,Sahanpur,Town Panchayat,132.0,Bijnor,FULL MATCH
9,Uttar Pradesh,248905,Najibabad,Municipality,132.0,Bijnor,FULL MATCH
9,Uttar Pradesh,248908,Kiratpur,Municipality,132.0,Bijnor,FULL MATCH
9,Uttar Pradesh,248909,Mandawar,Town Panchayat,132.0,Bijnor,FULL MATCH
9,Uttar Pradesh,248910,Bijnor,Municipality,132.0,Bijnor,FULL MATCH
9,Uttar Pradesh,248913,Jhalu,Town Panchayat,132.0,Bijnor,FULL MATCH
9,Uttar Pradesh,248914,Haldaur,Municipality,132.0,Bijnor,FULL MATCH
9,Uttar Pradesh,248915,Nagina,Municipality,132.0,Bijnor,FULL MATCH
9,Uttar Pradesh,248916,Warhapur,Town Panchayat,132.0,Bijnor,FULL MATCH
9,Uttar Pradesh,248917,Afzalgarh,Municipality,132.0,Bijnor,FULL MATCH
9,Uttar Pradesh,248918,Sherkot,Municipality,132.0,Bijnor,FULL MATCH
9,Uttar Pradesh,248919,Dhampur,Municipality,132.0,Bijnor,FULL MATCH
9,Uttar Pradesh,248920,Nehtaur,Municipality,132.0,Bijnor,FULL MATCH
9,Uttar Pradesh,248921,Seohara,Municipality,132.0,Bijnor,FULL MATCH
9,Uttar Pradesh,248922,Sahaspur,Town Panchayat,132.0,Bijnor,FULL MATCH
9,Uttar Pradesh,248923,Noorpur,Municipality,132.0,Bijnor,FULL MATCH
9,Uttar Pradesh,248924,Chandpur,Municipality,132.0,Bijnor,FULL MATCH
9,Uttar Pradesh,290251,Dhakia,Town Panchayat,132.0,Bijnor,AMBIGUOUS MATCH
9,Uttar Pradesh,297075,Boodhanpur,Town Panchayat,132.0,Bijnor,AMBIGUOUS MATCH
9,Uttar Pradesh,249114,Gunnaur,Town Panchayat,133.0,Budaun,FULL MATCH
9,Uttar Pradesh,249115,Islamnagar,Town Panchayat,133.0,Budaun,FULL MATCH
9,Uttar Pradesh,249116,Faizganj,Town Panchayat,133.0,Budaun,FULL MATCH
9,Uttar Pradesh,249117,Mundia,Town Panchayat,133.0,Budaun,FULL MATCH
9,Uttar Pradesh,249118,Bisauli,Municipality,133.0,Budaun,FULL MATCH
9,Uttar Pradesh,249119,Saidpur(Badaun),Town Panchayat,133.0,Budaun,FULL MATCH
9,Uttar Pradesh,249121,Rudayan,Town Panchayat,133.0,Budaun,FULL MATCH
9,Uttar Pradesh,249122,Bilsi,Municipality,133.0,Budaun,FULL MATCH
9,Uttar Pradesh,249123,Sahaswan,Municipality,133.0,Budaun,FULL MATCH
9,Uttar Pradesh,249124,Kachhla,Town Panchayat,133.0,Budaun,FULL MATCH
9,Uttar Pradesh,249125,Ujhani,Municipality,133.0,Budaun,FULL MATCH
9,Uttar Pradesh,249126,Budaun,Municipality,133.0,Budaun,FULL MATCH
9,Uttar Pradesh,249127,Kunwargaon,Town Panchayat,133.0,Budaun,FULL MATCH
9,Uttar Pradesh,249128,Gulariya,Town Panchayat,133.0,Budaun,FULL MATCH
9,Uttar Pradesh,249129,Sakhanu,Town Panchayat,133.0,Budaun,FULL MATCH
9,Uttar Pradesh,249130,Kakrala,Municipality,133.0,Budaun,FULL MATCH
9,Uttar Pradesh,249131,Allapur,Town Panchayat,133.0,Budaun,FULL MATCH
9,Uttar Pradesh,249133,Usawan,Town Panchayat,133.0,Budaun,FULL MATCH
9,Uttar Pradesh,249134,Usehat,Town Panchayat,133.0,Budaun,FULL MATCH
9,Uttar Pradesh,297026,Dataganj,Municipality,133.0,Budaun,FULL MATCH
9,Uttar Pradesh,297060,Bhanpur Kaswa,Town Panchayat,133.0,Budaun,FULL MATCH
9,Uttar Pradesh,297063,Dahagwan,Town Panchayat,133.0,Budaun,FULL MATCH
9,Uttar Pradesh,248999,Kakod,Town Panchayat,134.0,Bulandshahr,FULL MATCH
9,Uttar Pradesh,249001,Jahangirpur,Town Panchayat,134.0,Bulandshahr,FULL MATCH
9,Uttar Pradesh,249003,Sikandrabad,Municipality,134.0,Bulandshahr,FULL MATCH
9,Uttar Pradesh,249005,Bulandshahr,Municipality,134.0,Bulandshahr,FULL MATCH
9,Uttar Pradesh,249006,Gulaothi,Municipality,134.0,Bulandshahr,FULL MATCH
9,Uttar Pradesh,249007,Bhawan Bahadur Nagar,Town Panchayat,134.0,Bulandshahr,FULL MATCH
9,Uttar Pradesh,249008,Siana,Municipality,134.0,Bulandshahr,FULL MATCH
9,Uttar Pradesh,249009,Bugrasi,Town Panchayat,134.0,Bulandshahr,FULL MATCH
9,Uttar Pradesh,249010,Khanpur,Town Panchayat,134.0,Bulandshahr,FULL MATCH
9,Uttar Pradesh,249011,Anupshahr,Municipality,134.0,Bulandshahr,FULL MATCH
9,Uttar Pradesh,249012,Jahangirabad,Municipality,134.0,Bulandshahr,FULL MATCH
9,Uttar Pradesh,249013,Debai,Municipality,134.0,Bulandshahr,FULL MATCH
9,Uttar Pradesh,249014,Naraura,Town Panchayat,134.0,Bulandshahr,FULL MATCH
9,Uttar Pradesh,249015,Shikarpur,Municipality,134.0,Bulandshahr,FULL MATCH
9,Uttar Pradesh,249016,Pahasu,Town Panchayat,134.0,Bulandshahr,FULL MATCH
9,Uttar Pradesh,249017,Chhatari,Town Panchayat,134.0,Bulandshahr,FULL MATCH
9,Uttar Pradesh,249018,Khurja,Municipality,134.0,Bulandshahr,FULL MATCH
9,Uttar Pradesh,299018,Barauli,Town Panchayat,134.0,Bulandshahr,AMBIGUOUS MATCH
9,Uttar Pradesh,249518,Pt Deen Dayal Nagar(Mughalsarai),Municipality,135.0,Chandauli,FULL MATCH
9,Uttar Pradesh,249520,Chandauli,Town Panchayat,135.0,Chandauli,FULL MATCH
9,Uttar Pradesh,249521,Saiyad Raja,Town Panchayat,135.0,Chandauli,FULL MATCH
9,Uttar Pradesh,249522,Chakia,Town Panchayat,135.0,Chandauli,FULL MATCH
9,Uttar Pradesh,249531,Varanasi,Municipal Corporations,135.0,Chandauli,AMBIGUOUS MATCH
9,Uttar Pradesh,301243,Pt. Deen Dayal Upadhyaya Nagar,Notified Area Council,135.0,Chandauli,FULL MATCH
9,Uttar Pradesh,249338,Bisanda Buzurg,Town Panchayat,136.0,Chitrakoot,FULL MATCH
9,Uttar Pradesh,249341,Manikpur Sarhat (Chitrakoot),Town Panchayat,136.0,Chitrakoot,FULL MATCH
9,Uttar Pradesh,249342,Chitrakoot Dham - Karwi,Municipality,136.0,Chitrakoot,FULL MATCH
9,Uttar Pradesh,249343,Rajapur,Town Panchayat,136.0,Chitrakoot,FULL MATCH
9,Uttar Pradesh,299010,Mau Mustkil,Town Panchayat,136.0,Chitrakoot,FULL MATCH
9,Uttar Pradesh,249453,Ramkola,Town Panchayat,137.0,Deoria,FULL MATCH
9,Uttar Pradesh,249454,Kaptanganj,Town Panchayat,137.0,Deoria,FULL MATCH
9,Uttar Pradesh,249457,Sewarhi,Town Panchayat,137.0,Deoria,FULL MATCH
9,Uttar Pradesh,249458,Gauri Bazar,Town Panchayat,137.0,Deoria,FULL MATCH
9,Uttar Pradesh,249459,Rampur Karkhana,Town Panchayat,137.0,Deoria,FULL MATCH
9,Uttar Pradesh,249460,Deoria,Municipality,137.0,Deoria,FULL MATCH
9,Uttar Pradesh,249461,Rudrapur,Town Panchayat,137.0,Deoria,FULL MATCH
9,Uttar Pradesh,249462,Gaura Barhaj,Municipality,137.0,Deoria,FULL MATCH
9,Uttar Pradesh,249463,Badhani Bazar,Town Panchayat,137.0,Deoria,FULL MATCH
9,Uttar Pradesh,249464,Majhauliraj,Town Panchayat,137.0,Deoria,FULL MATCH
9,Uttar Pradesh,249465,Salempur,Town Panchayat,137.0,Deoria,FULL MATCH
9,Uttar Pradesh,249466,Lar,Town Panchayat,137.0,Deoria,FULL MATCH
9,Uttar Pradesh,249467,Bhatpar Rani,Town Panchayat,137.0,Deoria,FULL MATCH
9,Uttar Pradesh,281989,Bariyarpur,Town Panchayat,137.0,Deoria,FULL MATCH
9,Uttar Pradesh,297065,Fazilnagar,Town Panchayat,137.0,Deoria,FULL MATCH
9,Uttar Pradesh,300729,Bhaluani,Town Panchayat,137.0,Deoria,FULL MATCH
9,Uttar Pradesh,300768,Baitalpur,Town Panchayat,137.0,Deoria,FULL MATCH
9,Uttar Pradesh,300779,Hetimpur,Town Panchayat,137.0,Deoria,FULL MATCH
9,Uttar Pradesh,300782,Pathardewa,Town Panchayat,137.0,Deoria,FULL MATCH
9,Uttar Pradesh,300789,Madanpur,Town Panchayat,137.0,Deoria,FULL MATCH
9,Uttar Pradesh,300807,Tarkulwa,Town Panchayat,137.0,Deoria,FULL MATCH
9,Uttar Pradesh,249004,Aurangabad,Town Panchayat,138.0,Etah,FULL MATCH
9,Uttar Pradesh,249091,Patiyali,Town Panchayat,138.0,Etah,FULL MATCH
9,Uttar Pradesh,249092,Sidhpura,Town Panchayat,138.0,Etah,FULL MATCH
9,Uttar Pradesh,249093,Bhargain,Town Panchayat,138.0,Etah,FULL MATCH
9,Uttar Pradesh,249094,Raja Ka Rampur,Town Panchayat,138.0,Etah,FULL MATCH
9,Uttar Pradesh,249095,Aliganj,Municipality,138.0,Etah,FULL MATCH
9,Uttar Pradesh,249096,Jaithara,Town Panchayat,138.0,Etah,FULL MATCH
9,Uttar Pradesh,249097,Sakit,Town Panchayat,138.0,Etah,FULL MATCH
9,Uttar Pradesh,249098,Etah,Municipality,138.0,Etah,FULL MATCH
9,Uttar Pradesh,249099,Marehra,Municipality,138.0,Etah,FULL MATCH
9,Uttar Pradesh,249100,Nidhauli Kalan,Town Panchayat,138.0,Etah,FULL MATCH
9,Uttar Pradesh,249101,Jalesar,Municipality,138.0,Etah,FULL MATCH
9,Uttar Pradesh,249102,Awagarh,Town Panchayat,138.0,Etah,FULL MATCH
9,Uttar Pradesh,300713,Mirhachi,Town Panchayat,138.0,Etah,FULL MATCH
9,Uttar Pradesh,249261,Jaswantnagar,Municipality,139.0,Etawah,FULL MATCH
9,Uttar Pradesh,249262,Etawah,Municipality,139.0,Etawah,FULL MATCH
9,Uttar Pradesh,249263,Ekdil,Town Panchayat,139.0,Etawah,FULL MATCH
9,Uttar Pradesh,249264,Bharthana,Municipality,139.0,Etawah,FULL MATCH
9,Uttar Pradesh,249265,Bakewar,Town Panchayat,139.0,Etawah,FULL MATCH
9,Uttar Pradesh,249266,Lakhna,Town Panchayat,139.0,Etawah,FULL MATCH
9,Uttar Pradesh,249269,Babarpur Ajitmal,Town Panchayat,139.0,Etawah,FULL MATCH
9,Uttar Pradesh,249270,Atasu,Town Panchayat,139.0,Etawah,FULL MATCH
9,Uttar Pradesh,249235,Gosainganj (Ayodhya),Town Panchayat,140.0,Ayodhya,FULL MATCH
9,Uttar Pradesh,249388,Rudauli,Municipality,140.0,Ayodhya,FULL MATCH
9,Uttar Pradesh,249389,Bhadarsa,Town Panchayat,140.0,Ayodhya,FULL MATCH
9,Uttar Pradesh,249391,Ayodhya,Municipal Corporations,140.0,Ayodhya,FULL MATCH
9,Uttar Pradesh,249393,Bikapur,Town Panchayat,140.0,Ayodhya,FULL MATCH
9,Uttar Pradesh,297756,Khirauni(Suchittaganj),Town Panchayat,140.0,Ayodhya,FULL MATCH
9,Uttar Pradesh,297758,Kumarganj,Town Panchayat,140.0,Ayodhya,FULL MATCH
9,Uttar Pradesh,300865,Maa Kamakhya,Town Panchayat,140.0,Ayodhya,FULL MATCH
9,Uttar Pradesh,249071,Shamsabad,Municipality,141.0,Farrukhabad,FULL MATCH
9,Uttar Pradesh,249168,Khudaganj,Town Panchayat,141.0,Farrukhabad,AMBIGUOUS MATCH
9,Uttar Pradesh,249247,Kampil,Town Panchayat,141.0,Farrukhabad,FULL MATCH
9,Uttar Pradesh,249248,Kaimganj,Municipality,141.0,Farrukhabad,FULL MATCH
9,Uttar Pradesh,249250,Farrukhabad,Municipality,141.0,Farrukhabad,FULL MATCH
9,Uttar Pradesh,249252,Kamalganj,Town Panchayat,141.0,Farrukhabad,FULL MATCH
9,Uttar Pradesh,249490,Mohammadabad (Farrukhabad),Town Panchayat,141.0,Farrukhabad,FULL MATCH
9,Uttar Pradesh,300651,Sankisa Basantpur,Town Panchayat,141.0,Farrukhabad,FULL MATCH
9,Uttar Pradesh,300652,Khimsepur,Town Panchayat,141.0,Farrukhabad,FULL MATCH
9,Uttar Pradesh,301253,Jahanaganj,Town Panchayat,141.0,Farrukhabad,FULL MATCH
9,Uttar Pradesh,249344,Kora Jahanabad,Town Panchayat,142.0,Fatehpur,FULL MATCH
9,Uttar Pradesh,249345,Bindki,Municipality,142.0,Fatehpur,FULL MATCH
9,Uttar Pradesh,249346,Bahuwa,Town Panchayat,142.0,Fatehpur,FULL MATCH
9,Uttar Pradesh,249347,Fatehpur(Fatehpur),Municipality,142.0,Fatehpur,FULL MATCH
9,Uttar Pradesh,249348,Khaga,Town Panchayat,142.0,Fatehpur,FULL MATCH
9,Uttar Pradesh,249349,Kishunpur,Town Panchayat,142.0,Fatehpur,FULL MATCH
9,Uttar Pradesh,253113,Hathgam,Town Panchayat,142.0,Fatehpur,FULL MATCH
9,Uttar Pradesh,297623,Asothar,Town Panchayat,142.0,Fatehpur,FULL MATCH
9,Uttar Pradesh,300833,Karikan Dhata,Town Panchayat,142.0,Fatehpur,FULL MATCH
9,Uttar Pradesh,300839,Khakhareru,Town Panchayat,142.0,Fatehpur,FULL MATCH
9,Uttar Pradesh,249075,Tundla,Municipality,143.0,Firozabad,FULL MATCH
9,Uttar Pradesh,249079,Firozabad,Municipal Corporations,143.0,Firozabad,FULL MATCH
9,Uttar Pradesh,249080,Fariha,Town Panchayat,143.0,Firozabad,FULL MATCH
9,Uttar Pradesh,249081,Jasrana,Town Panchayat,143.0,Firozabad,FULL MATCH
9,Uttar Pradesh,249082,Shikohabad,Municipality,143.0,Firozabad,FULL MATCH
9,Uttar Pradesh,249083,Sirsaganj,Municipality,143.0,Firozabad,FULL MATCH
9,Uttar Pradesh,249105,Ghiraur,Town Panchayat,143.0,Firozabad,FULL MATCH
9,Uttar Pradesh,277188,Eka,Town Panchayat,143.0,Firozabad,FULL MATCH
9,Uttar Pradesh,297081,Makkhanpur,Town Panchayat,143.0,Firozabad,FULL MATCH
9,Uttar Pradesh,248996,Dadri,Municipality,144.0,Gautam Buddha Nagar,FULL MATCH
9,Uttar Pradesh,248998,Dankaur,Town Panchayat,144.0,Gautam Buddha Nagar,FULL MATCH
9,Uttar Pradesh,248999,Kakod,Town Panchayat,144.0,Gautam Buddha Nagar,FULL MATCH
9,Uttar Pradesh,249000,Rabupura,Town Panchayat,144.0,Gautam Buddha Nagar,FULL MATCH
9,Uttar Pradesh,249001,Jahangirpur,Town Panchayat,144.0,Gautam Buddha Nagar,FULL MATCH
9,Uttar Pradesh,249002,Jewar,Town Panchayat,144.0,Gautam Buddha Nagar,FULL MATCH
9,Uttar Pradesh,249003,Sikandrabad,Municipality,144.0,Gautam Buddha Nagar,FULL MATCH
9,Uttar Pradesh,249006,Gulaothi,Municipality,144.0,Gautam Buddha Nagar,FULL MATCH
9,Uttar Pradesh,249016,Pahasu,Town Panchayat,144.0,Gautam Buddha Nagar,FULL MATCH
9,Uttar Pradesh,274822,Yeida,Notified Area Council,144.0,Gautam Buddha Nagar,FULL MATCH
9,Uttar Pradesh,274823,Gnida,Notified Area Council,144.0,Gautam Buddha Nagar,FULL MATCH
9,Uttar Pradesh,248977,Patla,Town Panchayat,145.0,Ghaziabad,FULL MATCH
9,Uttar Pradesh,248978,Niwari,Town Panchayat,145.0,Ghaziabad,FULL MATCH
9,Uttar Pradesh,248981,Modinagar,Municipality,145.0,Ghaziabad,FULL MATCH
9,Uttar Pradesh,248982,Faridnagar,Town Panchayat,145.0,Ghaziabad,FULL MATCH
9,Uttar Pradesh,248983,Muradnagar,Municipality,145.0,Ghaziabad,FULL MATCH
9,Uttar Pradesh,248985,Loni,Municipality,145.0,Ghaziabad,FULL MATCH
9,Uttar Pradesh,248988,Ghaziabad,Municipal Corporations,145.0,Ghaziabad,FULL MATCH
9,Uttar Pradesh,248989,Dasna,Town Panchayat,145.0,Ghaziabad,FULL MATCH
9,Uttar Pradesh,248990,Pilkhuwa,Municipality,145.0,Ghaziabad,FULL MATCH
9,Uttar Pradesh,248992,Babugarh,Town Panchayat,145.0,Ghaziabad,FULL MATCH
9,Uttar Pradesh,274820,Khoda Makanpur,Municipality,145.0,Ghaziabad,FULL MATCH
9,Uttar Pradesh,274822,Yeida,Notified Area Council,145.0,Ghaziabad,FULL MATCH
9,Uttar Pradesh,249509,Sadat,Town Panchayat,146.0,Ghazipur,FULL MATCH
9,Uttar Pradesh,249510,Saidpur(Gazipur),Town Panchayat,146.0,Ghazipur,FULL MATCH
9,Uttar Pradesh,249511,Jangipur,Town Panchayat,146.0,Ghazipur,FULL MATCH
9,Uttar Pradesh,249512,Ghazipur,Municipality,146.0,Ghazipur,FULL MATCH
9,Uttar Pradesh,249513,Bahadurganj,Town Panchayat,146.0,Ghazipur,FULL MATCH
9,Uttar Pradesh,249514,Mohammadabad(Gazipur),Municipality,146.0,Ghazipur,FULL MATCH
9,Uttar Pradesh,249515,Dildarnagar Fatehpur Bazar,Town Panchayat,146.0,Ghazipur,FULL MATCH
9,Uttar Pradesh,249516,Zamania,Municipality,146.0,Ghazipur,FULL MATCH
9,Uttar Pradesh,249120,Wazirganj,Town Panchayat,147.0,Gonda,FULL MATCH
9,Uttar Pradesh,249419,Gonda,Municipality,147.0,Gonda,FULL MATCH
9,Uttar Pradesh,249421,Colonelganj,Municipality,147.0,Gonda,FULL MATCH
9,Uttar Pradesh,249422,Nawabganj(Gonda),Municipality,147.0,Gonda,FULL MATCH
9,Uttar Pradesh,249423,Mankapur,Town Panchayat,147.0,Gonda,FULL MATCH
9,Uttar Pradesh,301012,Tarabganj,Town Panchayat,147.0,Gonda,FULL MATCH
9,Uttar Pradesh,301016,Dhanepur,Town Panchayat,147.0,Gonda,FULL MATCH
9,Uttar Pradesh,249179,Gola Gokarannath,Municipality,148.0,Gorakhpur,FULL MATCH
9,Uttar Pradesh,249436,Nautanwa,Municipality,148.0,Gorakhpur,FULL MATCH
9,Uttar Pradesh,249439,Anandnagar,Town Panchayat,148.0,Gorakhpur,FULL MATCH
9,Uttar Pradesh,249442,Pipiganj,Town Panchayat,148.0,Gorakhpur,FULL MATCH
9,Uttar Pradesh,249443,Sahjanwa,Town Panchayat,148.0,Gorakhpur,FULL MATCH
9,Uttar Pradesh,249444,Gorakhpur,Municipal Corporations,148.0,Gorakhpur,FULL MATCH
9,Uttar Pradesh,249446,Pipraich,Town Panchayat,148.0,Gorakhpur,FULL MATCH
9,Uttar Pradesh,249447,Mundera Bazar,Town Panchayat,148.0,Gorakhpur,FULL MATCH
9,Uttar Pradesh,249448,Bansgaon,Town Panchayat,148.0,Gorakhpur,FULL MATCH
9,Uttar Pradesh,249449,Gola Bazar,Town Panchayat,148.0,Gorakhpur,FULL MATCH
9,Uttar Pradesh,249450,Barhalganj,Town Panchayat,148.0,Gorakhpur,FULL MATCH
9,Uttar Pradesh,297029,Campierganj,Town Panchayat,148.0,Gorakhpur,FULL MATCH
9,Uttar Pradesh,297495,Kasba Sangrampur Urf Unwal,Town Panchayat,148.0,Gorakhpur,FULL MATCH
9,Uttar Pradesh,300721,Uruwa Bazar,Town Panchayat,148.0,Gorakhpur,FULL MATCH
9,Uttar Pradesh,300750,Ghaghsarabazar,Town Panchayat,148.0,Gorakhpur,FULL MATCH
9,Uttar Pradesh,249109,Bewar,Town Panchayat,149.0,Hamirpur,AMBIGUOUS MATCH
9,Uttar Pradesh,249321,Kurara,Town Panchayat,149.0,Hamirpur,FULL MATCH
9,Uttar Pradesh,249322,Hamirpur,Municipality,149.0,Hamirpur,FULL MATCH
9,Uttar Pradesh,249323,Sumerpur,Town Panchayat,149.0,Hamirpur,FULL MATCH
9,Uttar Pradesh,249324,Sarila,Town Panchayat,149.0,Hamirpur,FULL MATCH
9,Uttar Pradesh,249325,Gohand,Town Panchayat,149.0,Hamirpur,FULL MATCH
9,Uttar Pradesh,249326,Rath,Municipality,149.0,Hamirpur,FULL MATCH
9,Uttar Pradesh,249327,Maudaha,Municipality,149.0,Hamirpur,FULL MATCH
9,Uttar Pradesh,249329,Kharela,Town Panchayat,149.0,Hamirpur,FULL MATCH
9,Uttar Pradesh,249197,Shahabad,Municipality,150.0,Hardoi,FULL MATCH
9,Uttar Pradesh,249198,Pihani,Municipality,150.0,Hardoi,FULL MATCH
9,Uttar Pradesh,249199,Pali (Hardoi),Town Panchayat,150.0,Hardoi,FULL MATCH
9,Uttar Pradesh,249200,Gopamau,Town Panchayat,150.0,Hardoi,FULL MATCH
9,Uttar Pradesh,249201,Hardoi,Municipality,150.0,Hardoi,FULL MATCH
9,Uttar Pradesh,249202,Sandi,Municipality,150.0,Hardoi,FULL MATCH
9,Uttar Pradesh,249203,Bilgram,Municipality,150.0,Hardoi,FULL MATCH
9,Uttar Pradesh,249204,Madhoganj,Town Panchayat,150.0,Hardoi,AMBIGUOUS MATCH
9,Uttar Pradesh,249205,Mallawan,Municipality,150.0,Hardoi,FULL MATCH
9,Uttar Pradesh,249207,Kachhauna Patseni,Town Panchayat,150.0,Hardoi,FULL MATCH
9,Uttar Pradesh,249208,Beniganj,Town Panchayat,150.0,Hardoi,FULL MATCH
9,Uttar Pradesh,249209,Sandila,Municipality,150.0,Hardoi,FULL MATCH
9,Uttar Pradesh,249211,Ganj Muradabad,Town Panchayat,150.0,Hardoi,FULL MATCH
9,Uttar Pradesh,249216,Kursath (Hardoi),Town Panchayat,150.0,Hardoi,FULL MATCH
9,Uttar Pradesh,249291,Rampura,Town Panchayat,151.0,Jalaun,FULL MATCH
9,Uttar Pradesh,249292,Umri,Town Panchayat,151.0,Jalaun,FULL MATCH
9,Uttar Pradesh,249293,Madhogarh,Town Panchayat,151.0,Jalaun,FULL MATCH
9,Uttar Pradesh,249294,Jalaun,Municipality,151.0,Jalaun,FULL MATCH
9,Uttar Pradesh,249295,Kalpi,Municipality,151.0,Jalaun,FULL MATCH
9,Uttar Pradesh,249296,Kadaura,Town Panchayat,151.0,Jalaun,FULL MATCH
9,Uttar Pradesh,249297,Orai,Municipality,151.0,Jalaun,FULL MATCH
9,Uttar Pradesh,249298,Kotra,Town Panchayat,151.0,Jalaun,FULL MATCH
9,Uttar Pradesh,249299,Konch,Municipality,151.0,Jalaun,FULL MATCH
9,Uttar Pradesh,249300,Nadigaon,Town Panchayat,151.0,Jalaun,FULL MATCH
9,Uttar Pradesh,249301,Samthar,Municipality,151.0,Jalaun,FULL MATCH
9,Uttar Pradesh,297041,Paniyara,Town Panchayat,151.0,Jalaun,FULL MATCH
9,Uttar Pradesh,297055,Ait,Town Panchayat,151.0,Jalaun,FULL MATCH
9,Uttar Pradesh,249501,Shahganj,Municipality,152.0,Jaunpur,FULL MATCH
9,Uttar Pradesh,249502,Kheta Sarai,Town Panchayat,152.0,Jaunpur,FULL MATCH
9,Uttar Pradesh,249503,Mungra Badshahpur,Municipality,152.0,Jaunpur,FULL MATCH
9,Uttar Pradesh,249504,Machhlishahr,Town Panchayat,152.0,Jaunpur,FULL MATCH
9,Uttar Pradesh,249505,Jaunpur,Municipality,152.0,Jaunpur,FULL MATCH
9,Uttar Pradesh,249507,Mariahu,Town Panchayat,152.0,Jaunpur,FULL MATCH
9,Uttar Pradesh,249508,Kerakat,Town Panchayat,152.0,Jaunpur,FULL MATCH
9,Uttar Pradesh,263358,Badlapur,Town Panchayat,152.0,Jaunpur,FULL MATCH
9,Uttar Pradesh,297034,Gaurabadshahpur,Town Panchayat,152.0,Jaunpur,FULL MATCH
9,Uttar Pradesh,297068,Kachgaon,Town Panchayat,152.0,Jaunpur,FULL MATCH
9,Uttar Pradesh,297088,Rampur (Jaunpur),Town Panchayat,152.0,Jaunpur,FULL MATCH
9,Uttar Pradesh,297091,Zafrabad,Town Panchayat,152.0,Jaunpur,FULL MATCH
9,Uttar Pradesh,249298,Kotra,Town Panchayat,153.0,Jhansi,FULL MATCH
9,Uttar Pradesh,249299,Konch,Municipality,153.0,Jhansi,FULL MATCH
9,Uttar Pradesh,249301,Samthar,Municipality,153.0,Jhansi,FULL MATCH
9,Uttar Pradesh,249302,Moth,Town Panchayat,153.0,Jhansi,FULL MATCH
9,Uttar Pradesh,249303,Chirgaon,Municipality,153.0,Jhansi,FULL MATCH
9,Uttar Pradesh,249304,Erich,Town Panchayat,153.0,Jhansi,FULL MATCH
9,Uttar Pradesh,249305,Gursarai,Municipality,153.0,Jhansi,FULL MATCH
9,Uttar Pradesh,249306,Garautha,Town Panchayat,153.0,Jhansi,FULL MATCH
9,Uttar Pradesh,249307,Tondi Fatehpur,Town Panchayat,153.0,Jhansi,FULL MATCH
9,Uttar Pradesh,249308,Mauranipur,Municipality,153.0,Jhansi,FULL MATCH
9,Uttar Pradesh,249309,Ranipur,Town Panchayat,153.0,Jhansi,FULL MATCH
9,Uttar Pradesh,249310,Kathera,Town Panchayat,153.0,Jhansi,FULL MATCH
9,Uttar Pradesh,249311,Barua Sagar,Municipality,153.0,Jhansi,FULL MATCH
9,Uttar Pradesh,249313,Bada Gaon,Town Panchayat,153.0,Jhansi,FULL MATCH
9,Uttar Pradesh,249314,Jhansi,Municipal Corporations,153.0,Jhansi,FULL MATCH
9,Uttar Pradesh,297041,Paniyara,Town Panchayat,153.0,Jhansi,FULL MATCH
9,Uttar Pradesh,297055,Ait,Town Panchayat,153.0,Jhansi,FULL MATCH
9,Uttar Pradesh,301241,Jhansi Railway Settlement,Notified Area Council,153.0,Jhansi,FULL MATCH
9,Uttar Pradesh,248926,Kanth(Moradabad),Town Panchayat,154.0,Amroha,FULL MATCH
9,Uttar Pradesh,248927,Umri Kalan,Town Panchayat,154.0,Amroha,FULL MATCH
9,Uttar Pradesh,248929,Moradabad,Municipal Corporations,154.0,Amroha,FULL MATCH
9,Uttar Pradesh,248946,Dhanaura,Municipality,154.0,Amroha,FULL MATCH
9,Uttar Pradesh,248947,Bachhraon,Municipality,154.0,Amroha,FULL MATCH
9,Uttar Pradesh,248949,Naugawan Sadat,Town Panchayat,154.0,Amroha,FULL MATCH
9,Uttar Pradesh,248950,Amroha,Municipality,154.0,Amroha,FULL MATCH
9,Uttar Pradesh,248951,Joya,Town Panchayat,154.0,Amroha,FULL MATCH
9,Uttar Pradesh,248952,Hasanpur,Municipality,154.0,Amroha,FULL MATCH
9,Uttar Pradesh,248953,Ujhari,Town Panchayat,154.0,Amroha,FULL MATCH
9,Uttar Pradesh,290250,Pakbara,Town Panchayat,154.0,Amroha,FULL MATCH
9,Uttar Pradesh,297027,Gajralua,Municipality,154.0,Amroha,FULL MATCH
9,Uttar Pradesh,297714,Said Nagli,Town Panchayat,154.0,Amroha,FULL MATCH
9,Uttar Pradesh,299069,Dadiyal,Town Panchayat,154.0,Amroha,FULL MATCH
9,Uttar Pradesh,249168,Khudaganj,Town Panchayat,155.0,Kannauj,AMBIGUOUS MATCH
9,Uttar Pradesh,249174,Jalalabad,Municipality,155.0,Kannauj,AMBIGUOUS MATCH
9,Uttar Pradesh,249252,Kamalganj,Town Panchayat,155.0,Kannauj,FULL MATCH
9,Uttar Pradesh,249253,Samdhan,Town Panchayat,155.0,Kannauj,FULL MATCH
9,Uttar Pradesh,249254,Gursahaiganj,Municipality,155.0,Kannauj,FULL MATCH
9,Uttar Pradesh,249255,Sikanderpur (Kannauj),Town Panchayat,155.0,Kannauj,FULL MATCH
9,Uttar Pradesh,249256,Chhibramau,Municipality,155.0,Kannauj,FULL MATCH
9,Uttar Pradesh,249257,Saurikh,Town Panchayat,155.0,Kannauj,FULL MATCH
9,Uttar Pradesh,249258,Talgram,Town Panchayat,155.0,Kannauj,FULL MATCH
9,Uttar Pradesh,249259,Kannauj,Municipality,155.0,Kannauj,FULL MATCH
9,Uttar Pradesh,249260,Tirwaganj,Town Panchayat,155.0,Kannauj,FULL MATCH
9,Uttar Pradesh,249275,Shivli,Town Panchayat,156.0,Kanpur Dehat,FULL MATCH
9,Uttar Pradesh,249276,Rura,Town Panchayat,156.0,Kanpur Dehat,FULL MATCH
9,Uttar Pradesh,249279,Pukhrayan,Municipality,156.0,Kanpur Dehat,FULL MATCH
9,Uttar Pradesh,249282,Bilhaur,Municipality,156.0,Kanpur Dehat,FULL MATCH
9,Uttar Pradesh,249290,Ghatampur,Municipality,156.0,Kanpur Dehat,FULL MATCH
9,Uttar Pradesh,263348,Derapur,Town Panchayat,156.0,Kanpur Dehat,FULL MATCH
9,Uttar Pradesh,263352,Rasulabaad(Kanpur Dehat),Town Panchayat,156.0,Kanpur Dehat,FULL MATCH
9,Uttar Pradesh,263353,Amraudhaa,Town Panchayat,156.0,Kanpur Dehat,FULL MATCH
9,Uttar Pradesh,263354,Jhinjhak,Municipality,156.0,Kanpur Dehat,FULL MATCH
9,Uttar Pradesh,263355,Sikandara,Town Panchayat,156.0,Kanpur Dehat,FULL MATCH
9,Uttar Pradesh,297037,Rajpur,Town Panchayat,156.0,Kanpur Dehat,FULL MATCH
9,Uttar Pradesh,297089,Raniya,Town Panchayat,156.0,Kanpur Dehat,FULL MATCH
9,Uttar Pradesh,297651,Musanagar,Town Panchayat,156.0,Kanpur Dehat,FULL MATCH
9,Uttar Pradesh,249275,Shivli,Town Panchayat,157.0,Kanpur Nagar,FULL MATCH
9,Uttar Pradesh,249282,Bilhaur,Municipality,157.0,Kanpur Nagar,FULL MATCH
9,Uttar Pradesh,249283,Shivrajpur,Town Panchayat,157.0,Kanpur Nagar,FULL MATCH
9,Uttar Pradesh,249285,Bithoor,Town Panchayat,157.0,Kanpur Nagar,FULL MATCH
9,Uttar Pradesh,249290,Ghatampur,Municipality,157.0,Kanpur Nagar,FULL MATCH
9,Uttar Pradesh,297651,Musanagar,Town Panchayat,157.0,Kanpur Nagar,FULL MATCH
9,Uttar Pradesh,249357,Ajhuwa,Town Panchayat,158.0,Kaushambi,FULL MATCH
9,Uttar Pradesh,249358,Sirathu,Town Panchayat,158.0,Kaushambi,FULL MATCH
9,Uttar Pradesh,249359,Manjhanpur,Municipality,158.0,Kaushambi,FULL MATCH
9,Uttar Pradesh,249360,Karari,Town Panchayat,158.0,Kaushambi,FULL MATCH
9,Uttar Pradesh,249361,Bharwari(Kaushambi),Municipality,158.0,Kaushambi,FULL MATCH
9,Uttar Pradesh,249362,Chail,Town Panchayat,158.0,Kaushambi,FULL MATCH
9,Uttar Pradesh,249363,Sarai Aquil,Town Panchayat,158.0,Kaushambi,FULL MATCH
9,Uttar Pradesh,249369,Prayagraj,Municipal Corporations,158.0,Kaushambi,AMBIGUOUS MATCH
9,Uttar Pradesh,297064,Daranagar,Town Panchayat,158.0,Kaushambi,FULL MATCH
9,Uttar Pradesh,297086,Poorav Pashchim Shareera,Town Panchayat,158.0,Kaushambi,FULL MATCH
9,Uttar Pradesh,299009,Charwa,Town Panchayat,158.0,Kaushambi,FULL MATCH
9,Uttar Pradesh,249176,Palia Kalan,Municipality,159.0,Kheri,FULL MATCH
9,Uttar Pradesh,249177,Singahi Bhiraura,Town Panchayat,159.0,Kheri,FULL MATCH
9,Uttar Pradesh,249178,Mailani,Town Panchayat,159.0,Kheri,FULL MATCH
9,Uttar Pradesh,249179,Gola Gokarannath,Municipality,159.0,Kheri,FULL MATCH
9,Uttar Pradesh,249180,Mohammadi,Municipality,159.0,Kheri,FULL MATCH
9,Uttar Pradesh,249182,Lakhimpur,Municipality,159.0,Kheri,FULL MATCH
9,Uttar Pradesh,249183,Kheri,Town Panchayat,159.0,Kheri,FULL MATCH
9,Uttar Pradesh,249184,Oel Dhakwa,Town Panchayat,159.0,Kheri,FULL MATCH
9,Uttar Pradesh,249185,Dhaurahara,Town Panchayat,159.0,Kheri,FULL MATCH
9,Uttar Pradesh,297085,Nighasan,Town Panchayat,159.0,Kheri,FULL MATCH
9,Uttar Pradesh,300719,Bhira,Town Panchayat,159.0,Kheri,FULL MATCH
9,Uttar Pradesh,249412,Sukrauli,Town Panchayat,160.0,Kushinagar,FULL MATCH
9,Uttar Pradesh,249451,Khadda,Town Panchayat,160.0,Kushinagar,FULL MATCH
9,Uttar Pradesh,249452,Padrauna,Municipality,160.0,Kushinagar,FULL MATCH
9,Uttar Pradesh,249457,Sewarhi,Town Panchayat,160.0,Kushinagar,FULL MATCH
9,Uttar Pradesh,249460,Deoria,Municipality,160.0,Kushinagar,FULL MATCH
9,Uttar Pradesh,297020,Hata,Municipality,160.0,Kushinagar,FULL MATCH
9,Uttar Pradesh,297024,Kushinagar,Municipality,160.0,Kushinagar,AMBIGUOUS MATCH
9,Uttar Pradesh,297036,Tamkuhi Raj,Town Panchayat,160.0,Kushinagar,FULL MATCH
9,Uttar Pradesh,297077,Chhitauni,Town Panchayat,160.0,Kushinagar,FULL MATCH
9,Uttar Pradesh,300705,Mathauli,Town Panchayat,160.0,Kushinagar,FULL MATCH
9,Uttar Pradesh,300779,Hetimpur,Town Panchayat,160.0,Kushinagar,FULL MATCH
9,Uttar Pradesh,249293,Madhogarh,Town Panchayat,161.0,Lalitpur,FULL MATCH
9,Uttar Pradesh,249297,Orai,Municipality,161.0,Lalitpur,FULL MATCH
9,Uttar Pradesh,249317,Talbehat,Town Panchayat,161.0,Lalitpur,FULL MATCH
9,Uttar Pradesh,249318,Lalitpur,Municipality,161.0,Lalitpur,FULL MATCH
9,Uttar Pradesh,249319,Pali (Lalitpur),Town Panchayat,161.0,Lalitpur,FULL MATCH
9,Uttar Pradesh,249320,Mahroni,Town Panchayat,161.0,Lalitpur,FULL MATCH
9,Uttar Pradesh,249230,Malihabad,Town Panchayat,162.0,Lucknow,FULL MATCH
9,Uttar Pradesh,249231,Mahona,Town Panchayat,162.0,Lucknow,FULL MATCH
9,Uttar Pradesh,249232,Itaunja,Town Panchayat,162.0,Lucknow,FULL MATCH
9,Uttar Pradesh,249233,Kakori,Town Panchayat,162.0,Lucknow,FULL MATCH
9,Uttar Pradesh,249234,Lucknow,Municipal Corporations,162.0,Lucknow,AMBIGUOUS MATCH
9,Uttar Pradesh,249236,Amethi(Lucknow),Town Panchayat,162.0,Lucknow,FULL MATCH
9,Uttar Pradesh,249237,Nagram,Town Panchayat,162.0,Lucknow,FULL MATCH
9,Uttar Pradesh,249392,Gosainganj (Lucknow),Town Panchayat,162.0,Lucknow,FULL MATCH
9,Uttar Pradesh,263351,Bkt,Town Panchayat,162.0,Lucknow,FULL MATCH
9,Uttar Pradesh,297039,Mohanlalganj,Town Panchayat,162.0,Lucknow,FULL MATCH
9,Uttar Pradesh,249024,Harduaganj,Town Panchayat,163.0,Hathras,FULL MATCH
9,Uttar Pradesh,249027,Kauriaganj,Town Panchayat,163.0,Hathras,FULL MATCH
9,Uttar Pradesh,249032,Sasni,Town Panchayat,163.0,Hathras,FULL MATCH
9,Uttar Pradesh,249033,Sikandra Rao,Municipality,163.0,Hathras,FULL MATCH
9,Uttar Pradesh,249034,Purdilnagar,Town Panchayat,163.0,Hathras,FULL MATCH
9,Uttar Pradesh,249035,Hasayan,Town Panchayat,163.0,Hathras,FULL MATCH
9,Uttar Pradesh,249036,Mendu,Town Panchayat,163.0,Hathras,FULL MATCH
9,Uttar Pradesh,249037,Hathras,Municipality,163.0,Hathras,FULL MATCH
9,Uttar Pradesh,249039,Sadabad,Town Panchayat,163.0,Hathras,FULL MATCH
9,Uttar Pradesh,249040,Sahpau,Town Panchayat,163.0,Hathras,FULL MATCH
9,Uttar Pradesh,249436,Nautanwa,Municipality,164.0,Mahrajganj,FULL MATCH
9,Uttar Pradesh,249437,Nichlaul,Town Panchayat,164.0,Mahrajganj,FULL MATCH
9,Uttar Pradesh,249438,Siswa Bazar,Municipality,164.0,Mahrajganj,FULL MATCH
9,Uttar Pradesh,249439,Anandnagar,Town Panchayat,164.0,Mahrajganj,FULL MATCH
9,Uttar Pradesh,249440,Ghughuli,Town Panchayat,164.0,Mahrajganj,FULL MATCH
9,Uttar Pradesh,249441,Maharajganj,Municipality,164.0,Mahrajganj,FULL MATCH
9,Uttar Pradesh,249442,Pipiganj,Town Panchayat,164.0,Mahrajganj,FULL MATCH
9,Uttar Pradesh,277139,Sonauli,Town Panchayat,164.0,Mahrajganj,FULL MATCH
9,Uttar Pradesh,297040,Partawal,Town Panchayat,164.0,Mahrajganj,FULL MATCH
9,Uttar Pradesh,297062,Brijmanganj,Town Panchayat,164.0,Mahrajganj,FULL MATCH
9,Uttar Pradesh,298915,Chauk,Town Panchayat,164.0,Mahrajganj,FULL MATCH
9,Uttar Pradesh,249109,Bewar,Town Panchayat,165.0,Mahoba,AMBIGUOUS MATCH
9,Uttar Pradesh,249323,Sumerpur,Town Panchayat,165.0,Mahoba,FULL MATCH
9,Uttar Pradesh,249324,Sarila,Town Panchayat,165.0,Mahoba,FULL MATCH
9,Uttar Pradesh,249325,Gohand,Town Panchayat,165.0,Mahoba,FULL MATCH
9,Uttar Pradesh,249326,Rath,Municipality,165.0,Mahoba,FULL MATCH
9,Uttar Pradesh,249327,Maudaha,Municipality,165.0,Mahoba,FULL MATCH
9,Uttar Pradesh,249328,Kulpahar,Town Panchayat,165.0,Mahoba,FULL MATCH
9,Uttar Pradesh,249329,Kharela,Town Panchayat,165.0,Mahoba,FULL MATCH
9,Uttar Pradesh,249330,Charkhari,Municipality,165.0,Mahoba,FULL MATCH
9,Uttar Pradesh,249331,Mahoba,Municipality,165.0,Mahoba,FULL MATCH
9,Uttar Pradesh,249332,Kabrai,Town Panchayat,165.0,Mahoba,FULL MATCH
9,Uttar Pradesh,249333,Mataundh,Town Panchayat,165.0,Mahoba,FULL MATCH
9,Uttar Pradesh,249334,Banda,Municipality,165.0,Mahoba,FULL MATCH
9,Uttar Pradesh,297057,Banda,Town Panchayat,165.0,Mahoba,AMBIGUOUS MATCH
9,Uttar Pradesh,249103,Kuraoli,Town Panchayat,166.0,Mainpuri,FULL MATCH
9,Uttar Pradesh,249104,Jyoti Khuria,Town Panchayat,166.0,Mainpuri,FULL MATCH
9,Uttar Pradesh,249105,Ghiraur,Town Panchayat,166.0,Mainpuri,FULL MATCH
9,Uttar Pradesh,249106,Mainpuri,Municipality,166.0,Mainpuri,FULL MATCH
9,Uttar Pradesh,249107,Karhal,Town Panchayat,166.0,Mainpuri,FULL MATCH
9,Uttar Pradesh,249108,Bhogaon,Town Panchayat,166.0,Mainpuri,FULL MATCH
9,Uttar Pradesh,249109,Bewar,Town Panchayat,166.0,Mainpuri,AMBIGUOUS MATCH
9,Uttar Pradesh,249110,Kusmara,Town Panchayat,166.0,Mainpuri,FULL MATCH
9,Uttar Pradesh,249111,Kishni,Town Panchayat,166.0,Mainpuri,FULL MATCH
9,Uttar Pradesh,297058,Barnahal,Town Panchayat,166.0,Mainpuri,FULL MATCH
9,Uttar Pradesh,249041,Kosi Kalan,Municipality,167.0,Mathura,FULL MATCH
9,Uttar Pradesh,249042,Nandgaon,Town Panchayat,167.0,Mathura,FULL MATCH
9,Uttar Pradesh,249043,Barsana,Town Panchayat,167.0,Mathura,FULL MATCH
9,Uttar Pradesh,249044,Chhata,Town Panchayat,167.0,Mathura,FULL MATCH
9,Uttar Pradesh,249045,Chaumuha,Town Panchayat,167.0,Mathura,FULL MATCH
9,Uttar Pradesh,249046,Bajna,Town Panchayat,167.0,Mathura,FULL MATCH
9,Uttar Pradesh,249047,Raya,Town Panchayat,167.0,Mathura,FULL MATCH
9,Uttar Pradesh,249049,Radhakund,Town Panchayat,167.0,Mathura,FULL MATCH
9,Uttar Pradesh,249050,Govardhan,Town Panchayat,167.0,Mathura,FULL MATCH
9,Uttar Pradesh,249051,Saunkh,Town Panchayat,167.0,Mathura,FULL MATCH
9,Uttar Pradesh,249052,Mathura-Vrindavan,Municipal Corporations,167.0,Mathura,FULL MATCH
9,Uttar Pradesh,249055,Gokul,Town Panchayat,167.0,Mathura,FULL MATCH
9,Uttar Pradesh,249056,Mahaban,Town Panchayat,167.0,Mathura,FULL MATCH
9,Uttar Pradesh,249057,Baldeo,Town Panchayat,167.0,Mathura,FULL MATCH
9,Uttar Pradesh,249058,Farah,Town Panchayat,167.0,Mathura,FULL MATCH
9,Uttar Pradesh,249139,Shergarh,Town Panchayat,167.0,Mathura,FULL MATCH
9,Uttar Pradesh,299018,Barauli,Town Panchayat,167.0,Mathura,AMBIGUOUS MATCH
9,Uttar Pradesh,249251,Mohammadabad Gohna,Town Panchayat,168.0,Mau,FULL MATCH
9,Uttar Pradesh,249483,Dohrighat,Town Panchayat,168.0,Mau,FULL MATCH
9,Uttar Pradesh,249484,Amila,Town Panchayat,168.0,Mau,FULL MATCH
9,Uttar Pradesh,249485,Ghosi,Town Panchayat,168.0,Mau,FULL MATCH
9,Uttar Pradesh,249486,Kopaganj,Town Panchayat,168.0,Mau,FULL MATCH
9,Uttar Pradesh,249487,Adari,Town Panchayat,168.0,Mau,FULL MATCH
9,Uttar Pradesh,249488,Maunath Bhanjan,Municipality,168.0,Mau,FULL MATCH
9,Uttar Pradesh,270654,Walidpur,Town Panchayat,168.0,Mau,FULL MATCH
9,Uttar Pradesh,277189,Chirayakot,Town Panchayat,168.0,Mau,FULL MATCH
9,Uttar Pradesh,299071,Kurthijafarpur,Town Panchayat,168.0,Mau,FULL MATCH
9,Uttar Pradesh,301254,Madhuban,Town Panchayat,168.0,Mau,FULL MATCH
9,Uttar Pradesh,248954,Karnawal,Town Panchayat,169.0,Meerut,FULL MATCH
9,Uttar Pradesh,248955,Sardhana,Municipality,169.0,Meerut,FULL MATCH
9,Uttar Pradesh,248956,Daurala,Town Panchayat,169.0,Meerut,FULL MATCH
9,Uttar Pradesh,248957,Lawar,Town Panchayat,169.0,Meerut,FULL MATCH
9,Uttar Pradesh,248958,Phalauda,Town Panchayat,169.0,Meerut,FULL MATCH
9,Uttar Pradesh,248959,Bahsuma,Town Panchayat,169.0,Meerut,FULL MATCH
9,Uttar Pradesh,248960,Hastinapur,Town Panchayat,169.0,Meerut,FULL MATCH
9,Uttar Pradesh,248961,Mawana,Municipality,169.0,Meerut,FULL MATCH
9,Uttar Pradesh,248962,Parikshitgarh,Town Panchayat,169.0,Meerut,FULL MATCH
9,Uttar Pradesh,248963,Kithaur,Town Panchayat,169.0,Meerut,FULL MATCH
9,Uttar Pradesh,248964,Meerut,Municipal Corporations,169.0,Meerut,FULL MATCH
9,Uttar Pradesh,248967,Sewalkhas,Town Panchayat,169.0,Meerut,FULL MATCH
9,Uttar Pradesh,248968,Kharkhoda,Town Panchayat,169.0,Meerut,FULL MATCH
9,Uttar Pradesh,297079,Khiwai,Town Panchayat,169.0,Meerut,FULL MATCH
9,Uttar Pradesh,249242,Lalganj,Town Panchayat,170.0,Mirzapur,AMBIGUOUS MATCH
9,Uttar Pradesh,249380,Banki,Town Panchayat,170.0,Mirzapur,AMBIGUOUS MATCH
9,Uttar Pradesh,249540,Mirzapur-Cum-Vindhyachal,Municipality,170.0,Mirzapur,FULL MATCH
9,Uttar Pradesh,249542,Kachhwa,Town Panchayat,170.0,Mirzapur,FULL MATCH
9,Uttar Pradesh,249543,Chunar,Municipality,170.0,Mirzapur,FULL MATCH
9,Uttar Pradesh,249545,Ahraura,Municipality,170.0,Mirzapur,FULL MATCH
9,Uttar Pradesh,249546,Ghorawal,Town Panchayat,170.0,Mirzapur,FULL MATCH
9,Uttar Pradesh,277186,Belhara,Town Panchayat,170.0,Mirzapur,AMBIGUOUS MATCH
9,Uttar Pradesh,277531,Laalganj,Town Panchayat,170.0,Mirzapur,AMBIGUOUS MATCH
9,Uttar Pradesh,301244,Hindalco Industries Ltd. Renukoot,Notified Area Council,170.0,Mirzapur,AMBIGUOUS MATCH
9,Uttar Pradesh,248925,Thakurdwara,Municipality,171.0,Moradabad,FULL MATCH
9,Uttar Pradesh,248926,Kanth(Moradabad),Town Panchayat,171.0,Moradabad,FULL MATCH
9,Uttar Pradesh,248927,Umri Kalan,Town Panchayat,171.0,Moradabad,FULL MATCH
9,Uttar Pradesh,248928,Bhojpur Dharampur,Town Panchayat,171.0,Moradabad,FULL MATCH
9,Uttar Pradesh,248929,Moradabad,Municipal Corporations,171.0,Moradabad,FULL MATCH
9,Uttar Pradesh,248930,Kundarki,Town Panchayat,171.0,Moradabad,FULL MATCH
9,Uttar Pradesh,248931,Bilari,Municipality,171.0,Moradabad,FULL MATCH
9,Uttar Pradesh,248933,Sirsi,Town Panchayat,171.0,Moradabad,FULL MATCH
9,Uttar Pradesh,248936,Narauli,Town Panchayat,171.0,Moradabad,FULL MATCH
9,Uttar Pradesh,290250,Pakbara,Town Panchayat,171.0,Moradabad,FULL MATCH
9,Uttar Pradesh,290251,Dhakia,Town Panchayat,171.0,Moradabad,AMBIGUOUS MATCH
9,Uttar Pradesh,297071,Agawanpur,Town Panchayat,171.0,Moradabad,FULL MATCH
9,Uttar Pradesh,297090,Saifani,Town Panchayat,171.0,Moradabad,FULL MATCH
9,Uttar Pradesh,299027,Mahmoodpur Mafi,Town Panchayat,171.0,Moradabad,FULL MATCH
9,Uttar Pradesh,248885,Kairana,Municipality,172.0,Muzaffarnagar,FULL MATCH
9,Uttar Pradesh,248886,Kandhla,Municipality,172.0,Muzaffarnagar,FULL MATCH
9,Uttar Pradesh,248887,Ailum,Town Panchayat,172.0,Muzaffarnagar,FULL MATCH
9,Uttar Pradesh,248888,Shamli,Municipality,172.0,Muzaffarnagar,FULL MATCH
9,Uttar Pradesh,248889,Banat,Town Panchayat,172.0,Muzaffarnagar,FULL MATCH
9,Uttar Pradesh,248890,Garhi Pukhta,Town Panchayat,172.0,Muzaffarnagar,FULL MATCH
9,Uttar Pradesh,248893,Purquazi,Town Panchayat,172.0,Muzaffarnagar,FULL MATCH
9,Uttar Pradesh,248894,Charthaval,Town Panchayat,172.0,Muzaffarnagar,FULL MATCH
9,Uttar Pradesh,248895,Muzaffarnagar,Municipality,172.0,Muzaffarnagar,FULL MATCH
9,Uttar Pradesh,248896,Sisauli,Town Panchayat,172.0,Muzaffarnagar,FULL MATCH
9,Uttar Pradesh,248897,Budhana,Town Panchayat,172.0,Muzaffarnagar,FULL MATCH
9,Uttar Pradesh,248898,Shahpur,Town Panchayat,172.0,Muzaffarnagar,FULL MATCH
9,Uttar Pradesh,248899,Khatauli,Municipality,172.0,Muzaffarnagar,FULL MATCH
9,Uttar Pradesh,248901,Jansath,Town Panchayat,172.0,Muzaffarnagar,FULL MATCH
9,Uttar Pradesh,248902,Bhokarhedi,Town Panchayat,172.0,Muzaffarnagar,FULL MATCH
9,Uttar Pradesh,248903,Meerapur,Town Panchayat,172.0,Muzaffarnagar,FULL MATCH
9,Uttar Pradesh,248907,Jalalabad(Shamli),Town Panchayat,172.0,Muzaffarnagar,FULL MATCH
9,Uttar Pradesh,249157,Gularia Bhindara,Town Panchayat,173.0,Pilibhit,FULL MATCH
9,Uttar Pradesh,249158,Nyoria Husainpur,Town Panchayat,173.0,Pilibhit,FULL MATCH
9,Uttar Pradesh,249159,Jahanabad,Town Panchayat,173.0,Pilibhit,FULL MATCH
9,Uttar Pradesh,249160,Pilibhit,Municipality,173.0,Pilibhit,FULL MATCH
9,Uttar Pradesh,249161,Barkhera,Town Panchayat,173.0,Pilibhit,FULL MATCH
9,Uttar Pradesh,249162,Bisalpur,Municipality,173.0,Pilibhit,FULL MATCH
9,Uttar Pradesh,249163,Bilsanda,Town Panchayat,173.0,Pilibhit,FULL MATCH
9,Uttar Pradesh,249164,Kalinagar,Town Panchayat,173.0,Pilibhit,FULL MATCH
9,Uttar Pradesh,249165,Puranpur,Municipality,173.0,Pilibhit,FULL MATCH
9,Uttar Pradesh,297046,Pakadia Naugawa,Town Panchayat,173.0,Pilibhit,FULL MATCH
9,Uttar Pradesh,297049,Nigohi,Town Panchayat,173.0,Pilibhit,FULL MATCH
9,Uttar Pradesh,249169,Katra,Town Panchayat,174.0,Pratapgarh,FULL MATCH
9,Uttar Pradesh,249204,Madhoganj,Town Panchayat,174.0,Pratapgarh,AMBIGUOUS MATCH
9,Uttar Pradesh,249350,Manikpur(Pratapgarh),Town Panchayat,174.0,Pratapgarh,FULL MATCH
9,Uttar Pradesh,249351,Kunda,Town Panchayat,174.0,Pratapgarh,FULL MATCH
9,Uttar Pradesh,249352,Antu,Town Panchayat,174.0,Pratapgarh,FULL MATCH
9,Uttar Pradesh,249353,Belha,Municipality,174.0,Pratapgarh,FULL MATCH
9,Uttar Pradesh,249354,Pratapgarh City,Town Panchayat,174.0,Pratapgarh,FULL MATCH
9,Uttar Pradesh,249355,Katra Medniganj,Town Panchayat,174.0,Pratapgarh,FULL MATCH
9,Uttar Pradesh,249356,Patti,Town Panchayat,174.0,Pratapgarh,FULL MATCH
9,Uttar Pradesh,249364,Mau Aima,Town Panchayat,174.0,Pratapgarh,FULL MATCH
9,Uttar Pradesh,249365,Lal Gopal Ganj,Town Panchayat,174.0,Pratapgarh,FULL MATCH
9,Uttar Pradesh,277192,Raniganj,Town Panchayat,174.0,Pratapgarh,FULL MATCH
9,Uttar Pradesh,277531,Laalganj,Town Panchayat,174.0,Pratapgarh,AMBIGUOUS MATCH
9,Uttar Pradesh,297042,Kohdaur,Town Panchayat,174.0,Pratapgarh,FULL MATCH
9,Uttar Pradesh,297054,Suwansa Bazar,Town Panchayat,174.0,Pratapgarh,FULL MATCH
9,Uttar Pradesh,297087,Prithviganj,Town Panchayat,174.0,Pratapgarh,FULL MATCH
9,Uttar Pradesh,299012,Ramganj (Pratapgarh),Town Panchayat,174.0,Pratapgarh,FULL MATCH
9,Uttar Pradesh,299013,Dhakwa (Pratapgarh),Town Panchayat,174.0,Pratapgarh,FULL MATCH
9,Uttar Pradesh,300693,Garwara,Town Panchayat,174.0,Pratapgarh,FULL MATCH
9,Uttar Pradesh,300707,Heeraganj Bazaar,Town Panchayat,174.0,Pratapgarh,FULL MATCH
9,Uttar Pradesh,300772,Derva(Pratapgarh),Town Panchayat,174.0,Pratapgarh,FULL MATCH
9,Uttar Pradesh,300774,Mandhata(Pratapgarh),Town Panchayat,174.0,Pratapgarh,FULL MATCH
9,Uttar Pradesh,300776,Katra Gulab Singh,Town Panchayat,174.0,Pratapgarh,FULL MATCH
9,Uttar Pradesh,249238,Bachhrawan,Town Panchayat,175.0,Rae Bareli,FULL MATCH
9,Uttar Pradesh,249240,Jais,Municipality,175.0,Rae Bareli,FULL MATCH
9,Uttar Pradesh,249241,Rae Bareli,Municipality,175.0,Rae Bareli,FULL MATCH
9,Uttar Pradesh,249242,Lalganj,Town Panchayat,175.0,Rae Bareli,AMBIGUOUS MATCH
9,Uttar Pradesh,249243,Dalmau,Town Panchayat,175.0,Rae Bareli,FULL MATCH
9,Uttar Pradesh,249244,Unchahar,Town Panchayat,175.0,Rae Bareli,FULL MATCH
9,Uttar Pradesh,249245,Parsadepur,Town Panchayat,175.0,Rae Bareli,FULL MATCH
9,Uttar Pradesh,249246,Salon,Town Panchayat,175.0,Rae Bareli,FULL MATCH
9,Uttar Pradesh,249469,Maharajganj(Raibareilly),Town Panchayat,175.0,Rae Bareli,FULL MATCH
9,Uttar Pradesh,297084,Nasirabad,Town Panchayat,175.0,Rae Bareli,FULL MATCH
9,Uttar Pradesh,300739,Shivgarh,Town Panchayat,175.0,Rae Bareli,FULL MATCH
9,Uttar Pradesh,248938,Maswasi,Town Panchayat,176.0,Rampur,FULL MATCH
9,Uttar Pradesh,248939,Suar,Municipality,176.0,Rampur,FULL MATCH
9,Uttar Pradesh,248941,Bilaspur,Municipality,176.0,Rampur,FULL MATCH
9,Uttar Pradesh,248943,Rampur,Municipality,176.0,Rampur,FULL MATCH
9,Uttar Pradesh,248944,Shahbad,Town Panchayat,176.0,Rampur,FULL MATCH
9,Uttar Pradesh,248945,Milak,Municipality,176.0,Rampur,FULL MATCH
9,Uttar Pradesh,248950,Amroha,Municipality,176.0,Rampur,FULL MATCH
9,Uttar Pradesh,248997,Bilaspur,Town Panchayat,176.0,Rampur,FULL MATCH
9,Uttar Pradesh,249396,Tanda (Ambedkar Nagar),Municipality,176.0,Rampur,FULL MATCH
9,Uttar Pradesh,297047,Narpat Nagar Doondawala,Town Panchayat,176.0,Rampur,FULL MATCH
9,Uttar Pradesh,248870,Behat,Town Panchayat,177.0,Saharanpur,FULL MATCH
9,Uttar Pradesh,248873,Saharanpur,Municipal Corporations,177.0,Saharanpur,FULL MATCH
9,Uttar Pradesh,248874,Sultanpur Chilkana,Town Panchayat,177.0,Saharanpur,FULL MATCH
9,Uttar Pradesh,248875,Sarsawan,Municipality,177.0,Saharanpur,FULL MATCH
9,Uttar Pradesh,248876,Nakur,Municipality,177.0,Saharanpur,FULL MATCH
9,Uttar Pradesh,248877,Ambehta,Town Panchayat,177.0,Saharanpur,FULL MATCH
9,Uttar Pradesh,248878,Gangoh,Municipality,177.0,Saharanpur,FULL MATCH
9,Uttar Pradesh,248879,Titron,Town Panchayat,177.0,Saharanpur,FULL MATCH
9,Uttar Pradesh,248880,Nanauta,Town Panchayat,177.0,Saharanpur,FULL MATCH
9,Uttar Pradesh,248881,Rampur Maniharan,Town Panchayat,177.0,Saharanpur,FULL MATCH
9,Uttar Pradesh,248882,Deoband,Municipality,177.0,Saharanpur,FULL MATCH
9,Uttar Pradesh,296986,Chhutmalpura,Town Panchayat,177.0,Saharanpur,FULL MATCH
9,Uttar Pradesh,249242,Lalganj,Town Panchayat,178.0,Sant Kabir Nagar,AMBIGUOUS MATCH
9,Uttar Pradesh,249431,Mehdawal,Town Panchayat,178.0,Sant Kabir Nagar,FULL MATCH
9,Uttar Pradesh,249433,Khalilabad,Municipality,178.0,Sant Kabir Nagar,FULL MATCH
9,Uttar Pradesh,249434,Maghar,Town Panchayat,178.0,Sant Kabir Nagar,FULL MATCH
9,Uttar Pradesh,249435,Hariharpur,Town Panchayat,178.0,Sant Kabir Nagar,FULL MATCH
9,Uttar Pradesh,297031,Ganeshpur,Town Panchayat,178.0,Sant Kabir Nagar,FULL MATCH
9,Uttar Pradesh,297053,Baghnagar Urf Bakhira,Town Panchayat,178.0,Sant Kabir Nagar,FULL MATCH
9,Uttar Pradesh,297059,Belhar Kala,Town Panchayat,178.0,Sant Kabir Nagar,FULL MATCH
9,Uttar Pradesh,298093,Munderwa,Town Panchayat,178.0,Sant Kabir Nagar,FULL MATCH
9,Uttar Pradesh,300532,Hainsar Bazar Dhanghata,Town Panchayat,178.0,Sant Kabir Nagar,FULL MATCH
9,Uttar Pradesh,249533,Suriyawan,Town Panchayat,179.0,Bhadohi,FULL MATCH
9,Uttar Pradesh,249534,Nai Bazar,Town Panchayat,179.0,Bhadohi,FULL MATCH
9,Uttar Pradesh,249535,Bhadohi,Municipality,179.0,Bhadohi,FULL MATCH
9,Uttar Pradesh,249536,Gyanpur,Town Panchayat,179.0,Bhadohi,FULL MATCH
9,Uttar Pradesh,249537,Gopi Ganj,Municipality,179.0,Bhadohi,FULL MATCH
9,Uttar Pradesh,249538,Khamaria,Town Panchayat,179.0,Bhadohi,FULL MATCH
9,Uttar Pradesh,249539,Ghosia Bazar,Town Panchayat,179.0,Bhadohi,FULL MATCH
9,Uttar Pradesh,249166,Khutar,Town Panchayat,180.0,Shahjahanpur,FULL MATCH
9,Uttar Pradesh,249167,Powayan,Municipality,180.0,Shahjahanpur,FULL MATCH
9,Uttar Pradesh,249168,Khudaganj,Town Panchayat,180.0,Shahjahanpur,AMBIGUOUS MATCH
9,Uttar Pradesh,249170,Tilhar,Municipality,180.0,Shahjahanpur,FULL MATCH
9,Uttar Pradesh,249173,Kanth(Shahjhanpur),Town Panchayat,180.0,Shahjahanpur,FULL MATCH
9,Uttar Pradesh,249174,Jalalabad,Municipality,180.0,Shahjahanpur,AMBIGUOUS MATCH
9,Uttar Pradesh,249175,Allahganj,Town Panchayat,180.0,Shahjahanpur,FULL MATCH
9,Uttar Pradesh,249420,Katra Bazar,Town Panchayat,180.0,Shahjahanpur,FULL MATCH
9,Uttar Pradesh,297048,Banthra,Town Panchayat,180.0,Shahjahanpur,FULL MATCH
9,Uttar Pradesh,297049,Nigohi,Town Panchayat,180.0,Shahjahanpur,FULL MATCH
9,Uttar Pradesh,297057,Banda,Town Panchayat,180.0,Shahjahanpur,AMBIGUOUS MATCH
9,Uttar Pradesh,297802,Shahjahanpur,Municipal Corporations,180.0,Shahjahanpur,FULL MATCH
9,Uttar Pradesh,297807,Kalan,Town Panchayat,180.0,Shahjahanpur,FULL MATCH
9,Uttar Pradesh,249413,Ikauna,Town Panchayat,181.0,Shrawasti,FULL MATCH
9,Uttar Pradesh,297025,Bhinga,Municipality,181.0,Shrawasti,FULL MATCH
9,Uttar Pradesh,248145,Domariyaganj,Town Panchayat,182.0,Siddharthnagar,FULL MATCH
9,Uttar Pradesh,249426,Shohratgarh,Town Panchayat,182.0,Siddharthnagar,FULL MATCH
9,Uttar Pradesh,249427,Siddharth Nagar (Tetri Bazar),Municipality,182.0,Siddharthnagar,FULL MATCH
9,Uttar Pradesh,249428,Baansi,Municipality,182.0,Siddharthnagar,FULL MATCH
9,Uttar Pradesh,257826,Uska Bazar,Town Panchayat,182.0,Siddharthnagar,FULL MATCH
9,Uttar Pradesh,263359,Rudhauli Bazar,Town Panchayat,182.0,Siddharthnagar,FULL MATCH
9,Uttar Pradesh,297050,Biskohar,Town Panchayat,182.0,Siddharthnagar,FULL MATCH
9,Uttar Pradesh,297051,Kapilavastu,Town Panchayat,182.0,Siddharthnagar,FULL MATCH
9,Uttar Pradesh,297056,Badhani Chafa,Town Panchayat,182.0,Siddharthnagar,FULL MATCH
9,Uttar Pradesh,297061,Bharatbhari,Town Panchayat,182.0,Siddharthnagar,FULL MATCH
9,Uttar Pradesh,297067,Itwa,Town Panchayat,182.0,Siddharthnagar,FULL MATCH
9,Uttar Pradesh,298095,Nagar Bazar,Town Panchayat,182.0,Siddharthnagar,FULL MATCH
9,Uttar Pradesh,249186,Maholi,Town Panchayat,183.0,Sitapur,FULL MATCH
9,Uttar Pradesh,249187,Misrikh Cum Neemsar,Municipality,183.0,Sitapur,FULL MATCH
9,Uttar Pradesh,249188,Khairabad,Municipality,183.0,Sitapur,FULL MATCH
9,Uttar Pradesh,249189,Sitapur,Municipality,183.0,Sitapur,FULL MATCH
9,Uttar Pradesh,249190,Hargaon,Town Panchayat,183.0,Sitapur,FULL MATCH
9,Uttar Pradesh,249191,Laharpur,Municipality,183.0,Sitapur,FULL MATCH
9,Uttar Pradesh,249192,Tambaur Cum Ahmadabad,Town Panchayat,183.0,Sitapur,FULL MATCH
9,Uttar Pradesh,249193,Biswan,Municipality,183.0,Sitapur,FULL MATCH
9,Uttar Pradesh,249194,Mahmudabad,Municipality,183.0,Sitapur,FULL MATCH
9,Uttar Pradesh,249195,Paintepur,Town Panchayat,183.0,Sitapur,FULL MATCH
9,Uttar Pradesh,249196,Sidhauli,Town Panchayat,183.0,Sitapur,FULL MATCH
9,Uttar Pradesh,297045,Pisawa,Town Panchayat,183.0,Sitapur,AMBIGUOUS MATCH
9,Uttar Pradesh,249546,Ghorawal,Town Panchayat,184.0,Sonbhadra,FULL MATCH
9,Uttar Pradesh,249547,Robertsganj,Municipality,184.0,Sonbhadra,FULL MATCH
9,Uttar Pradesh,249548,Chukradhumra,Town Panchayat,184.0,Sonbhadra,FULL MATCH
9,Uttar Pradesh,249549,Chopan,Town Panchayat,184.0,Sonbhadra,FULL MATCH
9,Uttar Pradesh,249550,Obra,Town Panchayat,184.0,Sonbhadra,FULL MATCH
9,Uttar Pradesh,249551,Dudhi,Town Panchayat,184.0,Sonbhadra,FULL MATCH
9,Uttar Pradesh,249552,Renukoot,Town Panchayat,184.0,Sonbhadra,FULL MATCH
9,Uttar Pradesh,249553,Pipri,Town Panchayat,184.0,Sonbhadra,FULL MATCH
9,Uttar Pradesh,297044,Dala Bazar,Town Panchayat,184.0,Sonbhadra,FULL MATCH
9,Uttar Pradesh,297078,Duddhi,Town Panchayat,184.0,Sonbhadra,FULL MATCH
9,Uttar Pradesh,299053,Anpara,Town Panchayat,184.0,Sonbhadra,FULL MATCH
9,Uttar Pradesh,249401,Musafirkhana,Town Panchayat,185.0,Sultanpur,FULL MATCH
9,Uttar Pradesh,249404,Sultanpur,Municipality,185.0,Sultanpur,FULL MATCH
9,Uttar Pradesh,249405,Koeripur,Town Panchayat,185.0,Sultanpur,FULL MATCH
9,Uttar Pradesh,249406,Dostpur,Town Panchayat,185.0,Sultanpur,FULL MATCH
9,Uttar Pradesh,249407,Kadipur,Town Panchayat,185.0,Sultanpur,FULL MATCH
9,Uttar Pradesh,297038,Lambhua,Town Panchayat,185.0,Sultanpur,FULL MATCH
9,Uttar Pradesh,249206,Kursath (Unnao),Town Panchayat,186.0,Unnao,FULL MATCH
9,Uttar Pradesh,249211,Ganj Muradabad,Town Panchayat,186.0,Unnao,FULL MATCH
9,Uttar Pradesh,249212,Bangarmau,Municipality,186.0,Unnao,FULL MATCH
9,Uttar Pradesh,249213,Fatehpur Chaurasi,Town Panchayat,186.0,Unnao,FULL MATCH
9,Uttar Pradesh,249214,Ugu,Town Panchayat,186.0,Unnao,FULL MATCH
9,Uttar Pradesh,249215,Safipur,Town Panchayat,186.0,Unnao,FULL MATCH
9,Uttar Pradesh,249217,Auras,Town Panchayat,186.0,Unnao,FULL MATCH
9,Uttar Pradesh,249218,Hyderabad,Town Panchayat,186.0,Unnao,FULL MATCH
9,Uttar Pradesh,249219,Rasulabaad(Unnao),Town Panchayat,186.0,Unnao,FULL MATCH
9,Uttar Pradesh,249220,Mohan,Town Panchayat,186.0,Unnao,FULL MATCH
9,Uttar Pradesh,249221,Nyotini,Town Panchayat,186.0,Unnao,FULL MATCH
9,Uttar Pradesh,249222,Nawabganj (Unnao),Town Panchayat,186.0,Unnao,FULL MATCH
9,Uttar Pradesh,249223,Unnao,Municipality,186.0,Unnao,FULL MATCH
9,Uttar Pradesh,249226,Purwa,Town Panchayat,186.0,Unnao,FULL MATCH
9,Uttar Pradesh,249227,Maurawan,Town Panchayat,186.0,Unnao,FULL MATCH
9,Uttar Pradesh,249228,Bighapur,Town Panchayat,186.0,Unnao,FULL MATCH
9,Uttar Pradesh,249229,Bhagwant Nagar,Town Panchayat,186.0,Unnao,FULL MATCH
9,Uttar Pradesh,249282,Bilhaur,Municipality,186.0,Unnao,FULL MATCH
9,Uttar Pradesh,249283,Shivrajpur,Town Panchayat,186.0,Unnao,FULL MATCH
9,Uttar Pradesh,297022,Gangaghat,Municipality,186.0,Unnao,FULL MATCH
9,Uttar Pradesh,297922,Achal Ganj,Town Panchayat,186.0,Unnao,FULL MATCH
9,Uttar Pradesh,249524,Gangapur,Town Panchayat,187.0,Varanasi,FULL MATCH
9,Uttar Pradesh,249531,Varanasi,Municipal Corporations,187.0,Varanasi,AMBIGUOUS MATCH
9,Uttar Pradesh,301242,Banaras Locomotive Works,Notified Area Council,187.0,Varanasi,FULL MATCH
9,Uttar Pradesh,249004,Aurangabad,Town Panchayat,633.0,Kasganj,FULL MATCH
9,Uttar Pradesh,249084,Soron,Municipality,633.0,Kasganj,FULL MATCH
9,Uttar Pradesh,249085,Bilram,Town Panchayat,633.0,Kasganj,FULL MATCH
9,Uttar Pradesh,249086,Kaasganj,Municipality,633.0,Kasganj,FULL MATCH
9,Uttar Pradesh,249087,Sahawar,Town Panchayat,633.0,Kasganj,FULL MATCH
9,Uttar Pradesh,249088,Amanpur,Town Panchayat,633.0,Kasganj,FULL MATCH
9,Uttar Pradesh,249089,Mohanpur,Town Panchayat,633.0,Kasganj,FULL MATCH
9,Uttar Pradesh,249090,Ganj Dundwara,Municipality,633.0,Kasganj,FULL MATCH
9,Uttar Pradesh,249091,Patiyali,Town Panchayat,633.0,Kasganj,FULL MATCH
9,Uttar Pradesh,249092,Sidhpura,Town Panchayat,633.0,Kasganj,FULL MATCH
9,Uttar Pradesh,249093,Bhargain,Town Panchayat,633.0,Kasganj,FULL MATCH
9,Uttar Pradesh,249094,Raja Ka Rampur,Town Panchayat,633.0,Kasganj,FULL MATCH
9,Uttar Pradesh,249095,Aliganj,Municipality,633.0,Kasganj,FULL MATCH
9,Uttar Pradesh,249099,Marehra,Municipality,633.0,Kasganj,FULL MATCH
9,Uttar Pradesh,300713,Mirhachi,Town Panchayat,633.0,Kasganj,FULL MATCH
9,Uttar Pradesh,249240,Jais,Municipality,640.0,Amethi,FULL MATCH
9,Uttar Pradesh,249401,Musafirkhana,Town Panchayat,640.0,Amethi,FULL MATCH
9,Uttar Pradesh,249402,Amethi(Amethi),Town Panchayat,640.0,Amethi,FULL MATCH
9,Uttar Pradesh,249404,Sultanpur,Municipality,640.0,Amethi,FULL MATCH
9,Uttar Pradesh,249469,Maharajganj(Raibareilly),Town Panchayat,640.0,Amethi,FULL MATCH
9,Uttar Pradesh,276425,Gauriganj,Municipality,640.0,Amethi,FULL MATCH
9,Uttar Pradesh,248931,Bilari,Municipality,659.0,Sambhal,FULL MATCH
9,Uttar Pradesh,248933,Sirsi,Town Panchayat,659.0,Sambhal,FULL MATCH
9,Uttar Pradesh,248934,Sambhal,Municipality,659.0,Sambhal,FULL MATCH
9,Uttar Pradesh,248935,Bahjoi,Municipality,659.0,Sambhal,FULL MATCH
9,Uttar Pradesh,248936,Narauli,Town Panchayat,659.0,Sambhal,FULL MATCH
9,Uttar Pradesh,248937,Chandausi,Municipality,659.0,Sambhal,FULL MATCH
9,Uttar Pradesh,248951,Joya,Town Panchayat,659.0,Sambhal,FULL MATCH
9,Uttar Pradesh,248953,Ujhari,Town Panchayat,659.0,Sambhal,FULL MATCH
9,Uttar Pradesh,249112,Gawan,Town Panchayat,659.0,Sambhal,FULL MATCH
9,Uttar Pradesh,249114,Gunnaur,Town Panchayat,659.0,Sambhal,FULL MATCH
9,Uttar Pradesh,249115,Islamnagar,Town Panchayat,659.0,Sambhal,FULL MATCH
9,Uttar Pradesh,249121,Rudayan,Town Panchayat,659.0,Sambhal,FULL MATCH
9,Uttar Pradesh,249122,Bilsi,Municipality,659.0,Sambhal,FULL MATCH
9,Uttar Pradesh,249123,Sahaswan,Municipality,659.0,Sambhal,FULL MATCH
9,Uttar Pradesh,263350,Babralaa,Town Panchayat,659.0,Sambhal,FULL MATCH
9,Uttar Pradesh,290250,Pakbara,Town Panchayat,659.0,Sambhal,FULL MATCH
9,Uttar Pradesh,297063,Dahagwan,Town Panchayat,659.0,Sambhal,FULL MATCH
9,Uttar Pradesh,297090,Saifani,Town Panchayat,659.0,Sambhal,FULL MATCH
9,Uttar Pradesh,299027,Mahmoodpur Mafi,Town Panchayat,659.0,Sambhal,FULL MATCH
9,Uttar Pradesh,248883,Unn,Town Panchayat,660.0,Shamli,FULL MATCH
9,Uttar Pradesh,248884,Jhinjhana,Town Panchayat,660.0,Shamli,FULL MATCH
9,Uttar Pradesh,248885,Kairana,Municipality,660.0,Shamli,FULL MATCH
9,Uttar Pradesh,248886,Kandhla,Municipality,660.0,Shamli,FULL MATCH
9,Uttar Pradesh,248887,Ailum,Town Panchayat,660.0,Shamli,FULL MATCH
9,Uttar Pradesh,248888,Shamli,Municipality,660.0,Shamli,FULL MATCH
9,Uttar Pradesh,248889,Banat,Town Panchayat,660.0,Shamli,FULL MATCH
9,Uttar Pradesh,248890,Garhi Pukhta,Town Panchayat,660.0,Shamli,FULL MATCH
9,Uttar Pradesh,248891,Thana Bhawan,Town Panchayat,660.0,Shamli,FULL MATCH
9,Uttar Pradesh,248896,Sisauli,Town Panchayat,660.0,Shamli,FULL MATCH
9,Uttar Pradesh,248901,Jansath,Town Panchayat,660.0,Shamli,FULL MATCH
9,Uttar Pradesh,248903,Meerapur,Town Panchayat,660.0,Shamli,FULL MATCH
9,Uttar Pradesh,248907,Jalalabad(Shamli),Town Panchayat,660.0,Shamli,FULL MATCH
9,Uttar Pradesh,248983,Muradnagar,Municipality,661.0,Hapur,FULL MATCH
9,Uttar Pradesh,248989,Dasna,Town Panchayat,661.0,Hapur,FULL MATCH
9,Uttar Pradesh,248990,Pilkhuwa,Municipality,661.0,Hapur,FULL MATCH
9,Uttar Pradesh,248991,Hapur,Municipality,661.0,Hapur,FULL MATCH
9,Uttar Pradesh,248992,Babugarh,Town Panchayat,661.0,Hapur,FULL MATCH
9,Uttar Pradesh,248993,Garhmukteshwar,Municipality,661.0,Hapur,FULL MATCH
9,Uttar Pradesh,248942,Kemri,Town Panchayat,,,NO MATCH
9,Uttar Pradesh,249029,Vijaigarh,Town Panchayat,,,NO MATCH
9,Uttar Pradesh,249286,Kanpur,Municipal Corporations,,,NO MATCH
9,Uttar Pradesh,249418,Khargupur,Town Panchayat,,,NO MATCH
9,Uttar Pradesh,301014,Belsar,Town Panchayat,,,NO MATCH
9,Uttar Pradesh,301249,Grasim Industries Ltd,Notified Area Council,,,NO MATCH
9,Uttar Pradesh,301364,Harra,Town Panchayat,,,NO MATCH
10,Bihar,249586,Forbesganj,Municipality,188.0,Araria,FULL MATCH
10,Bihar,249587,Araria,Municipality,188.0,Araria,FULL MATCH
10,Bihar,277133,Banmankhi,Municipality,188.0,Araria,FULL MATCH
10,Bihar,299112,Narpatganj,Town Panchayat,188.0,Araria,FULL MATCH
10,Bihar,299113,Jokihat,Town Panchayat,188.0,Araria,FULL MATCH
10,Bihar,299114,Raniganj,Town Panchayat,188.0,Araria,FULL MATCH
10,Bihar,299234,Banmankhi,Municipality,188.0,Araria,FULL MATCH
10,Bihar,300557,Jankinagar,Town Panchayat,188.0,Araria,FULL MATCH
10,Bihar,249674,Daudnagar,Municipality,189.0,Aurangabad,FULL MATCH
10,Bihar,249675,Rafiganj,Town Panchayat,189.0,Aurangabad,FULL MATCH
10,Bihar,249678,Nabinagar,Town Panchayat,189.0,Aurangabad,FULL MATCH
10,Bihar,253281,Arwal,Municipality,189.0,Aurangabad,FULL MATCH
10,Bihar,290025,Aurangabad,Municipality,189.0,Aurangabad,FULL MATCH
10,Bihar,299117,Deo,Town Panchayat,189.0,Aurangabad,FULL MATCH
10,Bihar,299118,Barun,Town Panchayat,189.0,Aurangabad,FULL MATCH
10,Bihar,249627,Naugachhia,Municipality,190.0,Banka,FULL MATCH
10,Bihar,249632,Amarpur,Town Panchayat,190.0,Banka,FULL MATCH
10,Bihar,249633,Banka,Municipality,190.0,Banka,FULL MATCH
10,Bihar,249662,Jagdishpur,Town Panchayat,190.0,Banka,AMBIGUOUS MATCH
10,Bihar,299120,Baisi ,Town Panchayat,190.0,Banka,FULL MATCH
10,Bihar,299121,Katoria,Town Panchayat,190.0,Banka,FULL MATCH
10,Bihar,299123,Habibpur,Town Panchayat,190.0,Banka,FULL MATCH
10,Bihar,299126,Sabour,Town Panchayat,190.0,Banka,FULL MATCH
10,Bihar,299188,Fatehpur,Town Panchayat,190.0,Banka,FULL MATCH
10,Bihar,300550,Sangrampur,Town Panchayat,190.0,Banka,FULL MATCH
10,Bihar,300565,Bounsi,Town Panchayat,190.0,Banka,FULL MATCH
10,Bihar,249624,Begusarai,Municipal Corporations,191.0,Begusarai,FULL MATCH
10,Bihar,277129,Bakhri,Municipality,191.0,Begusarai,FULL MATCH
10,Bihar,277130,Teghara,Municipality,191.0,Begusarai,FULL MATCH
10,Bihar,277136,Balia,Municipality,191.0,Begusarai,FULL MATCH
10,Bihar,300544,Barauni,Municipality,191.0,Begusarai,FULL MATCH
10,Bihar,249627,Naugachhia,Municipality,192.0,Bhagalpur,FULL MATCH
10,Bihar,249629,Sultanganj,Municipality,192.0,Bhagalpur,FULL MATCH
10,Bihar,249630,Bhagalpur,Municipal Corporations,192.0,Bhagalpur,FULL MATCH
10,Bihar,249662,Jagdishpur,Town Panchayat,192.0,Bhagalpur,AMBIGUOUS MATCH
10,Bihar,277134,Kahalgaon,Town Panchayat,192.0,Bhagalpur,FULL MATCH
10,Bihar,299120,Baisi ,Town Panchayat,192.0,Bhagalpur,FULL MATCH
10,Bihar,299123,Habibpur,Town Panchayat,192.0,Bhagalpur,FULL MATCH
10,Bihar,299126,Sabour,Town Panchayat,192.0,Bhagalpur,FULL MATCH
10,Bihar,299130,Raghopur,Town Panchayat,192.0,Bhagalpur,FULL MATCH
10,Bihar,299131,Akbarnagar,Town Panchayat,192.0,Bhagalpur,FULL MATCH
10,Bihar,299135,Pirpainti,Town Panchayat,192.0,Bhagalpur,FULL MATCH
10,Bihar,299188,Fatehpur,Town Panchayat,192.0,Bhagalpur,FULL MATCH
10,Bihar,299272,Champanagar,Town Panchayat,192.0,Bhagalpur,FULL MATCH
10,Bihar,300565,Bounsi,Town Panchayat,192.0,Bhagalpur,FULL MATCH
10,Bihar,301330,BARARI,Town Panchayat,192.0,Bhagalpur,FULL MATCH
10,Bihar,249659,Arrah,Municipal Corporations,193.0,Bhojpur,FULL MATCH
10,Bihar,249660,Koilwar,Town Panchayat,193.0,Bhojpur,FULL MATCH
10,Bihar,249661,Behea,Town Panchayat,193.0,Bhojpur,FULL MATCH
10,Bihar,249662,Jagdishpur,Town Panchayat,193.0,Bhojpur,AMBIGUOUS MATCH
10,Bihar,249663,Piro,Municipality,193.0,Bhojpur,FULL MATCH
10,Bihar,249665,Buxar,Municipality,193.0,Bhojpur,FULL MATCH
10,Bihar,299146,Garhani,Town Panchayat,193.0,Bhojpur,FULL MATCH
10,Bihar,300545,Brahmpur,Town Panchayat,193.0,Bhojpur,FULL MATCH
10,Bihar,249664,Dumraon,Municipality,194.0,Buxar,FULL MATCH
10,Bihar,249665,Buxar,Municipality,194.0,Buxar,FULL MATCH
10,Bihar,300545,Brahmpur,Town Panchayat,194.0,Buxar,FULL MATCH
10,Bihar,300546,Chausa,Town Panchayat,194.0,Buxar,FULL MATCH
10,Bihar,300547,Itarhi,Town Panchayat,194.0,Buxar,FULL MATCH
10,Bihar,249600,Darbhanga,Municipal Corporations,195.0,Darbhanga,AMBIGUOUS MATCH
10,Bihar,276642,Benipur,Municipality,195.0,Darbhanga,FULL MATCH
10,Bihar,299158,KAMTAUL Ahiyari,Town Panchayat,195.0,Darbhanga,FULL MATCH
10,Bihar,299170,Bharwara,Town Panchayat,195.0,Darbhanga,FULL MATCH
10,Bihar,301272,SINGHWARA,Town Panchayat,195.0,Darbhanga,FULL MATCH
10,Bihar,301276,KUSHESWAR ASTHAN EAST,Town Panchayat,195.0,Darbhanga,FULL MATCH
10,Bihar,301277,HAYAGHAT,Town Panchayat,195.0,Darbhanga,FULL MATCH
10,Bihar,301283,Baheri,Town Panchayat,195.0,Darbhanga,FULL MATCH
10,Bihar,301284,Biraul,Town Panchayat,195.0,Darbhanga,FULL MATCH
10,Bihar,301285,GHANSHYAMPUR,Town Panchayat,195.0,Darbhanga,FULL MATCH
10,Bihar,301286,Jale,Municipality,195.0,Darbhanga,FULL MATCH
10,Bihar,249679,Tekari,Municipality,196.0,Gaya,FULL MATCH
10,Bihar,249680,Gaya,Municipal Corporations,196.0,Gaya,FULL MATCH
10,Bihar,249682,Sherghati,Municipality,196.0,Gaya,FULL MATCH
10,Bihar,249683,Bodh Gaya,Municipality,196.0,Gaya,FULL MATCH
10,Bihar,299185,Dobhi,Town Panchayat,196.0,Gaya,FULL MATCH
10,Bihar,299186,Imamganj,Town Panchayat,196.0,Gaya,FULL MATCH
10,Bihar,299187,Khizarsarai,Town Panchayat,196.0,Gaya,FULL MATCH
10,Bihar,249687,Jamui,Municipality,198.0,Jamui,FULL MATCH
10,Bihar,249688,Jhajha,Municipality,198.0,Jamui,FULL MATCH
10,Bihar,299198,Sikandra,Town Panchayat,198.0,Jamui,FULL MATCH
10,Bihar,249672,Jehanabad,Municipality,199.0,Jehanabad,FULL MATCH
10,Bihar,249673,Makhdumpur,Town Panchayat,199.0,Jehanabad,FULL MATCH
10,Bihar,300548,Ghoshi,Town Panchayat,199.0,Jehanabad,FULL MATCH
10,Bihar,301334,KAKO,Town Panchayat,199.0,Jehanabad,FULL MATCH
10,Bihar,249666,Bhabua,Municipality,200.0,Kaimur (Bhabua),FULL MATCH
10,Bihar,276648,Mohaniya,Town Panchayat,200.0,Kaimur (Bhabua),FULL MATCH
10,Bihar,299203,Hata,Town Panchayat,200.0,Kaimur (Bhabua),FULL MATCH
10,Bihar,299204,Kudra,Town Panchayat,200.0,Kaimur (Bhabua),FULL MATCH
10,Bihar,299206,Ramgarh,Town Panchayat,200.0,Kaimur (Bhabua),FULL MATCH
10,Bihar,249589,Bahadurganj,Town Panchayat,201.0,Katihar,FULL MATCH
10,Bihar,249595,Katihar,Municipal Corporations,201.0,Katihar,AMBIGUOUS MATCH
10,Bihar,249596,Manihari,Town Panchayat,201.0,Katihar,FULL MATCH
10,Bihar,249627,Naugachhia,Municipality,201.0,Katihar,FULL MATCH
10,Bihar,276406,Barsoi,Town Panchayat,201.0,Katihar,FULL MATCH
10,Bihar,299209,Kursela,Town Panchayat,201.0,Katihar,FULL MATCH
10,Bihar,299210,Korha,Town Panchayat,201.0,Katihar,FULL MATCH
10,Bihar,299212,Balrampur,Town Panchayat,201.0,Katihar,FULL MATCH
10,Bihar,301385,AMDABAD,Town Panchayat,201.0,Katihar,FULL MATCH
10,Bihar,249625,Khagaria,Municipality,202.0,Khagaria,FULL MATCH
10,Bihar,249626,Gogri Jamalpur,Municipality,202.0,Khagaria,FULL MATCH
10,Bihar,299214,Beldaur,Town Panchayat,202.0,Khagaria,FULL MATCH
10,Bihar,299215,Parbatta,Town Panchayat,202.0,Khagaria,FULL MATCH
10,Bihar,299216,Mansi,Town Panchayat,202.0,Khagaria,FULL MATCH
10,Bihar,299218,Alauli,Town Panchayat,202.0,Khagaria,FULL MATCH
10,Bihar,249588,Thakurganj,Town Panchayat,203.0,Kishanganj,FULL MATCH
10,Bihar,249589,Bahadurganj,Town Panchayat,203.0,Kishanganj,FULL MATCH
10,Bihar,249590,Kishanganj,Municipality,203.0,Kishanganj,FULL MATCH
10,Bihar,249596,Manihari,Town Panchayat,203.0,Kishanganj,FULL MATCH
10,Bihar,299298,Pauakhali,Town Panchayat,203.0,Kishanganj,FULL MATCH
10,Bihar,249638,Barahiya,Municipality,204.0,Lakhisarai,FULL MATCH
10,Bihar,249639,Lakhisarai,Municipality,204.0,Lakhisarai,FULL MATCH
10,Bihar,299148,Suryagadha,Municipality,204.0,Lakhisarai,FULL MATCH
10,Bihar,299151,Chewara,Town Panchayat,204.0,Lakhisarai,FULL MATCH
10,Bihar,249597,Madhepura,Municipality,205.0,Madhepura,FULL MATCH
10,Bihar,249598,Murliganj,Town Panchayat,205.0,Madhepura,FULL MATCH
10,Bihar,249627,Naugachhia,Municipality,205.0,Madhepura,FULL MATCH
10,Bihar,299224,Bihariganj,Town Panchayat,205.0,Madhepura,FULL MATCH
10,Bihar,299225,Singheshwar,Town Panchayat,205.0,Madhepura,FULL MATCH
10,Bihar,299226,Udakishunganj,Municipality,205.0,Madhepura,FULL MATCH
10,Bihar,299227,Alamnagar,Town Panchayat,205.0,Madhepura,FULL MATCH
10,Bihar,300558,Bangaon,Town Panchayat,205.0,Madhepura,FULL MATCH
10,Bihar,249578,Jainagar,Town Panchayat,206.0,Madhubani,FULL MATCH
10,Bihar,249579,Madhubani,Municipal Corporations,206.0,Madhubani,FULL MATCH
10,Bihar,249580,Jhanjharpur,Municipality,206.0,Madhubani,FULL MATCH
10,Bihar,249581,Ghoghardiha,Town Panchayat,206.0,Madhubani,FULL MATCH
10,Bihar,299284,Phulparas,Town Panchayat,206.0,Madhubani,FULL MATCH
10,Bihar,299291,Benipatti,Town Panchayat,206.0,Madhubani,FULL MATCH
10,Bihar,249629,Sultanganj,Municipality,207.0,Munger,FULL MATCH
10,Bihar,249634,Munger,Municipal Corporations,207.0,Munger,FULL MATCH
10,Bihar,249635,Jamalpur,Municipality,207.0,Munger,FULL MATCH
10,Bihar,299123,Habibpur,Town Panchayat,207.0,Munger,FULL MATCH
10,Bihar,299171,Haweli Kharagpur,Municipality,207.0,Munger,FULL MATCH
10,Bihar,299175,Tarapur,Town Panchayat,207.0,Munger,FULL MATCH
10,Bihar,300549,Asarganj,Town Panchayat,207.0,Munger,FULL MATCH
10,Bihar,300550,Sangrampur,Town Panchayat,207.0,Munger,FULL MATCH
10,Bihar,249601,Motipur,Municipality,208.0,Muzaffarpur,FULL MATCH
10,Bihar,249602,Kanti,Municipality,208.0,Muzaffarpur,FULL MATCH
10,Bihar,249603,Muzaffarpur,Municipal Corporations,208.0,Muzaffarpur,FULL MATCH
10,Bihar,253219,Sahebganj,Municipality,208.0,Muzaffarpur,AMBIGUOUS MATCH
10,Bihar,299223,Minapur,Town Panchayat,208.0,Muzaffarpur,FULL MATCH
10,Bihar,299228,Saraiya,Town Panchayat,208.0,Muzaffarpur,FULL MATCH
10,Bihar,299230,Kurhani,Town Panchayat,208.0,Muzaffarpur,FULL MATCH
10,Bihar,299240,Sakra,Town Panchayat,208.0,Muzaffarpur,FULL MATCH
10,Bihar,299271,Mirganj,Town Panchayat,208.0,Muzaffarpur,AMBIGUOUS MATCH
10,Bihar,300551,Madhopur Susta,Town Panchayat,208.0,Muzaffarpur,FULL MATCH
10,Bihar,300552,Muraul,Town Panchayat,208.0,Muzaffarpur,FULL MATCH
10,Bihar,300563,Goraul,Town Panchayat,208.0,Muzaffarpur,FULL MATCH
10,Bihar,300564,Baruraaj,Town Panchayat,208.0,Muzaffarpur,FULL MATCH
10,Bihar,249642,Biharsharif,Municipal Corporations,209.0,Nalanda,FULL MATCH
10,Bihar,249643,Hilsa,Municipality,209.0,Nalanda,FULL MATCH
10,Bihar,249644,Islampur,Municipality,209.0,Nalanda,FULL MATCH
10,Bihar,249646,Silao,Town Panchayat,209.0,Nalanda,FULL MATCH
10,Bihar,249685,Warisaliganj,Municipality,209.0,Nalanda,FULL MATCH
10,Bihar,276429,Harnaut,Town Panchayat,209.0,Nalanda,FULL MATCH
10,Bihar,277103,Barbigha,Municipality,209.0,Nalanda,FULL MATCH
10,Bihar,299189,Wazirganj,Town Panchayat,209.0,Nalanda,FULL MATCH
10,Bihar,299285,Giriak,Town Panchayat,209.0,Nalanda,FULL MATCH
10,Bihar,299288,Chandi,Town Panchayat,209.0,Nalanda,FULL MATCH
10,Bihar,299293,Asthawan,Town Panchayat,209.0,Nalanda,FULL MATCH
10,Bihar,299296,Parbalpur,Town Panchayat,209.0,Nalanda,FULL MATCH
10,Bihar,299297,Sarmera,Town Panchayat,209.0,Nalanda,FULL MATCH
10,Bihar,299300,Rahui,Town Panchayat,209.0,Nalanda,FULL MATCH
10,Bihar,299301,Ekangarsarai,Town Panchayat,209.0,Nalanda,FULL MATCH
10,Bihar,299316,Rajgir,Municipality,209.0,Nalanda,FULL MATCH
10,Bihar,299337,Noorsarai,Town Panchayat,209.0,Nalanda,FULL MATCH
10,Bihar,299454,Nalanda,Town Panchayat,209.0,Nalanda,FULL MATCH
10,Bihar,300553,Pawapuri,Town Panchayat,209.0,Nalanda,FULL MATCH
10,Bihar,249684,Nawada,Municipality,210.0,Nawada,FULL MATCH
10,Bihar,249686,Hisua,Municipality,210.0,Nawada,FULL MATCH
10,Bihar,300554,Rajauli,Town Panchayat,210.0,Nawada,FULL MATCH
10,Bihar,249560,Ramnagar,Town Panchayat,211.0,Pashchim Champaran,FULL MATCH
10,Bihar,249561,Narkatiaganj,Municipality,211.0,Pashchim Champaran,FULL MATCH
10,Bihar,249562,Bagaha,Municipality,211.0,Pashchim Champaran,FULL MATCH
10,Bihar,249563,Chanpatia,Town Panchayat,211.0,Pashchim Champaran,FULL MATCH
10,Bihar,249564,Bettiah,Municipal Corporations,211.0,Pashchim Champaran,FULL MATCH
10,Bihar,249662,Jagdishpur,Town Panchayat,211.0,Pashchim Champaran,AMBIGUOUS MATCH
10,Bihar,299237,Bhawanipur,Town Panchayat,211.0,Pashchim Champaran,AMBIGUOUS MATCH
10,Bihar,300555,Lauria,Town Panchayat,211.0,Pashchim Champaran,FULL MATCH
10,Bihar,301353,Yogapatti,Town Panchayat,211.0,Pashchim Champaran,FULL MATCH
10,Bihar,249615,Sonepur,Municipality,212.0,Patna,FULL MATCH
10,Bihar,249647,Maner,Municipality,212.0,Patna,FULL MATCH
10,Bihar,249648,Danapur,Municipality,212.0,Patna,FULL MATCH
10,Bihar,249650,Patna,Municipal Corporations,212.0,Patna,AMBIGUOUS MATCH
10,Bihar,249651,Phulwari Sharif,Municipality,212.0,Patna,FULL MATCH
10,Bihar,249652,Masaurhi,Municipality,212.0,Patna,FULL MATCH
10,Bihar,249653,Fatuha,Municipality,212.0,Patna,FULL MATCH
10,Bihar,249654,Khusrupur,Town Panchayat,212.0,Patna,FULL MATCH
10,Bihar,249656,Barh,Municipality,212.0,Patna,FULL MATCH
10,Bihar,249657,Mokama,Municipality,212.0,Patna,FULL MATCH
10,Bihar,265437,Parsa Bazar,Town Panchayat,212.0,Patna,AMBIGUOUS MATCH
10,Bihar,276644,Bikarm,Town Panchayat,212.0,Patna,FULL MATCH
10,Bihar,276645,Naubatpur,Town Panchayat,212.0,Patna,FULL MATCH
10,Bihar,277098,Bakhtiyarpur,Municipality,212.0,Patna,FULL MATCH
10,Bihar,299176,Bihta,Municipality,212.0,Patna,FULL MATCH
10,Bihar,299178,Sampatchak,Municipality,212.0,Patna,FULL MATCH
10,Bihar,299196,Punpun,Town Panchayat,212.0,Patna,FULL MATCH
10,Bihar,299205,Paliganj,Town Panchayat,212.0,Patna,FULL MATCH
10,Bihar,249565,Raxaul,Municipality,213.0,Purbi Champaran,FULL MATCH
10,Bihar,249566,Sugauli,Town Panchayat,213.0,Purbi Champaran,FULL MATCH
10,Bihar,249567,Dhaka,Municipality,213.0,Purbi Champaran,FULL MATCH
10,Bihar,249568,Motihari,Municipal Corporations,213.0,Purbi Champaran,FULL MATCH
10,Bihar,249570,Areraj,Town Panchayat,213.0,Purbi Champaran,FULL MATCH
10,Bihar,249571,Chakia,Municipality,213.0,Purbi Champaran,FULL MATCH
10,Bihar,277126,Kesaria,Town Panchayat,213.0,Purbi Champaran,FULL MATCH
10,Bihar,277127,Pakri Dayal,Town Panchayat,213.0,Purbi Champaran,FULL MATCH
10,Bihar,277128,Mehsi,Town Panchayat,213.0,Purbi Champaran,FULL MATCH
10,Bihar,299129,Pipra,Town Panchayat,213.0,Purbi Champaran,AMBIGUOUS MATCH
10,Bihar,300556,Macharganwa,Town Panchayat,213.0,Purbi Champaran,FULL MATCH
10,Bihar,249592,Purnea,Municipal Corporations,214.0,Purnia,FULL MATCH
10,Bihar,249627,Naugachhia,Municipality,214.0,Purnia,FULL MATCH
10,Bihar,277133,Banmankhi,Municipality,214.0,Purnia,FULL MATCH
10,Bihar,299209,Kursela,Town Panchayat,214.0,Purnia,FULL MATCH
10,Bihar,299233,Kasba,Municipality,214.0,Purnia,FULL MATCH
10,Bihar,299234,Banmankhi,Municipality,214.0,Purnia,FULL MATCH
10,Bihar,299236,Dhamdaha,Town Panchayat,214.0,Purnia,FULL MATCH
10,Bihar,299237,Bhawanipur,Town Panchayat,214.0,Purnia,AMBIGUOUS MATCH
10,Bihar,299238,Rupauli,Town Panchayat,214.0,Purnia,FULL MATCH
10,Bihar,300557,Jankinagar,Town Panchayat,214.0,Purnia,FULL MATCH
10,Bihar,249667,Koath,Town Panchayat,215.0,Rohtas,FULL MATCH
10,Bihar,249668,Bikramganj,Municipality,215.0,Rohtas,FULL MATCH
10,Bihar,249669,Nokha,Municipality,215.0,Rohtas,FULL MATCH
10,Bihar,249670,Sasaram,Municipal Corporations,215.0,Rohtas,FULL MATCH
10,Bihar,249671,Dehri Dalmianagar,Municipality,215.0,Rohtas,FULL MATCH
10,Bihar,276405,Kochas,Town Panchayat,215.0,Rohtas,FULL MATCH
10,Bihar,276646,Nasriganj,Town Panchayat,215.0,Rohtas,FULL MATCH
10,Bihar,299204,Kudra,Town Panchayat,215.0,Rohtas,FULL MATCH
10,Bihar,299304,Karakat,Town Panchayat,215.0,Rohtas,FULL MATCH
10,Bihar,299306,Dinara,Town Panchayat,215.0,Rohtas,FULL MATCH
10,Bihar,299307,Chenari,Town Panchayat,215.0,Rohtas,FULL MATCH
10,Bihar,301296,ROHTAS,Town Panchayat,215.0,Rohtas,FULL MATCH
10,Bihar,305270,JAMHAUR,Town Panchayat,215.0,Rohtas,FULL MATCH
10,Bihar,299160,Nauhatta,Town Panchayat,216.0,Saharsa,FULL MATCH
10,Bihar,299162,Kahra,Town Panchayat,216.0,Saharsa,FULL MATCH
10,Bihar,299163,Sour Bazar,Town Panchayat,216.0,Saharsa,FULL MATCH
10,Bihar,299164,Simri Bakhtiarpur,Municipality,216.0,Saharsa,FULL MATCH
10,Bihar,249619,Samastipur,Municipal Corporations,217.0,Samastipur,FULL MATCH
10,Bihar,249621,Dalsinghsarai,Municipality,217.0,Samastipur,FULL MATCH
10,Bihar,249622,Rosera,Municipality,217.0,Samastipur,FULL MATCH
10,Bihar,299173,Sarairanjan,Town Panchayat,217.0,Samastipur,FULL MATCH
10,Bihar,299195,Singhia,Town Panchayat,217.0,Samastipur,FULL MATCH
10,Bihar,299229,Shahpur Patori,Municipality,217.0,Samastipur,FULL MATCH
10,Bihar,299448,Tajpur,Municipality,217.0,Samastipur,FULL MATCH
10,Bihar,300559,Musri Gharari,Town Panchayat,217.0,Samastipur,FULL MATCH
10,Bihar,249611,Rivilganj,Town Panchayat,218.0,Saran,FULL MATCH
10,Bihar,249612,Chapra,Municipal Corporations,218.0,Saran,FULL MATCH
10,Bihar,249613,Marhaura,Town Panchayat,218.0,Saran,FULL MATCH
10,Bihar,249614,Dighwara,Town Panchayat,218.0,Saran,FULL MATCH
10,Bihar,249615,Sonepur,Municipality,218.0,Saran,FULL MATCH
10,Bihar,253219,Sahebganj,Municipality,218.0,Saran,AMBIGUOUS MATCH
10,Bihar,265437,Parsa Bazar,Town Panchayat,218.0,Saran,AMBIGUOUS MATCH
10,Bihar,265438,Ekma Bazar,Town Panchayat,218.0,Saran,FULL MATCH
10,Bihar,299156,Manjhi,Town Panchayat,218.0,Saran,FULL MATCH
10,Bihar,299157,Mashrakh,Town Panchayat,218.0,Saran,FULL MATCH
10,Bihar,299159,Jalalpur,Town Panchayat,218.0,Saran,FULL MATCH
10,Bihar,299232,Amour,Town Panchayat,218.0,Saran,FULL MATCH
10,Bihar,300560,Kopa,Town Panchayat,218.0,Saran,FULL MATCH
10,Bihar,300561,Gopalpur,Town Panchayat,218.0,Saran,FULL MATCH
10,Bihar,249641,Sheikhpura,Municipality,219.0,Sheikhpura,FULL MATCH
10,Bihar,277103,Barbigha,Municipality,219.0,Sheikhpura,FULL MATCH
10,Bihar,299150,Sheikhopur Sarai,Town Panchayat,219.0,Sheikhpura,FULL MATCH
10,Bihar,299151,Chewara,Town Panchayat,219.0,Sheikhpura,FULL MATCH
10,Bihar,249574,Belsand,Town Panchayat,220.0,Sheohar,FULL MATCH
10,Bihar,299145,Sheohar,Municipality,220.0,Sheohar,FULL MATCH
10,Bihar,299223,Minapur,Town Panchayat,220.0,Sheohar,FULL MATCH
10,Bihar,249573,Bairgania,Municipality,221.0,Sitamarhi,FULL MATCH
10,Bihar,249574,Belsand,Town Panchayat,221.0,Sitamarhi,FULL MATCH
10,Bihar,249575,Sitamarhi,Municipal Corporations,221.0,Sitamarhi,FULL MATCH
10,Bihar,249577,Janakpur Road,Municipality,221.0,Sitamarhi,FULL MATCH
10,Bihar,260469,Bisahi,Municipality,221.0,Sitamarhi,FULL MATCH
10,Bihar,290059,Sursand,Town Panchayat,221.0,Sitamarhi,FULL MATCH
10,Bihar,299149,Pupri,Municipality,221.0,Sitamarhi,FULL MATCH
10,Bihar,299161,Sonbarsa,Town Panchayat,221.0,Sitamarhi,FULL MATCH
10,Bihar,299291,Benipatti,Town Panchayat,221.0,Sitamarhi,FULL MATCH
10,Bihar,249604,Kataiya,Town Panchayat,222.0,Siwan,FULL MATCH
10,Bihar,249605,Mirganj,Municipality,222.0,Siwan,FULL MATCH
10,Bihar,249606,Gopalganj,Municipality,222.0,Siwan,FULL MATCH
10,Bihar,249608,Siwan,Municipality,222.0,Siwan,FULL MATCH
10,Bihar,249609,Maharajganj,Town Panchayat,222.0,Siwan,FULL MATCH
10,Bihar,249610,Mairwa,Town Panchayat,222.0,Siwan,FULL MATCH
10,Bihar,249658,Shahpur,Town Panchayat,222.0,Siwan,FULL MATCH
10,Bihar,277131,Barauli,Municipality,222.0,Siwan,FULL MATCH
10,Bihar,299132,Hussainganj,Town Panchayat,222.0,Siwan,FULL MATCH
10,Bihar,299133,Hasanpura,Town Panchayat,222.0,Siwan,FULL MATCH
10,Bihar,299134,Andar,Town Panchayat,222.0,Siwan,FULL MATCH
10,Bihar,299136,Guthani,Town Panchayat,222.0,Siwan,FULL MATCH
10,Bihar,299138,Hathua,Town Panchayat,222.0,Siwan,FULL MATCH
10,Bihar,299139,Basantpur,Town Panchayat,222.0,Siwan,FULL MATCH
10,Bihar,299143,Barharia,Town Panchayat,222.0,Siwan,FULL MATCH
10,Bihar,299271,Mirganj,Town Panchayat,222.0,Siwan,AMBIGUOUS MATCH
10,Bihar,249581,Ghoghardiha,Town Panchayat,223.0,Supaul,FULL MATCH
10,Bihar,249582,Nirmali,Town Panchayat,223.0,Supaul,FULL MATCH
10,Bihar,249583,Birpur,Town Panchayat,223.0,Supaul,FULL MATCH
10,Bihar,249584,Supaul,Municipality,223.0,Supaul,FULL MATCH
10,Bihar,299128,Tribeniganj,Municipality,223.0,Supaul,FULL MATCH
10,Bihar,299129,Pipra,Town Panchayat,223.0,Supaul,AMBIGUOUS MATCH
10,Bihar,300562,Simrahi,Town Panchayat,223.0,Supaul,FULL MATCH
10,Bihar,249616,Lalganj,Municipality,224.0,Vaishali,FULL MATCH
10,Bihar,249617,Hajipur,Municipality,224.0,Vaishali,FULL MATCH
10,Bihar,249618,Mahnar,Municipality,224.0,Vaishali,FULL MATCH
10,Bihar,277125,Mahua,Municipality,224.0,Vaishali,FULL MATCH
10,Bihar,299127,Patepur,Town Panchayat,224.0,Vaishali,FULL MATCH
10,Bihar,299273,Jandaha,Town Panchayat,224.0,Vaishali,FULL MATCH
10,Bihar,300563,Goraul,Town Panchayat,224.0,Vaishali,FULL MATCH
10,Bihar,253281,Arwal,Municipality,611.0,Arwal,FULL MATCH
10,Bihar,299116,Kurtha,Town Panchayat,611.0,Arwal,FULL MATCH
10,Bihar,249585,Jogabani,Municipality,,,NO MATCH
10,Bihar,249599,Saharsa,Municipal Corporations,,,NO MATCH
10,Bihar,249649,Khagaul,Municipality,,,NO MATCH
10,Bihar,276643,Bihat,Municipality,,,NO MATCH
11,Sikkim,249693,Nayabazar Jorethang Nagar Panchayat,Town Panchayat,225.0,Gangtok,FULL MATCH
11,Sikkim,249694,Gangtok (M Corp.),Municipal Corporations,225.0,Gangtok,FULL MATCH
11,Sikkim,249695,Singtam (Np),Town Panchayat,225.0,Gangtok,FULL MATCH
11,Sikkim,249689,Mangan Nagar Panchayat,Town Panchayat,226.0,Mangan,FULL MATCH
11,Sikkim,249693,Nayabazar Jorethang Nagar Panchayat,Town Panchayat,226.0,Mangan,FULL MATCH
11,Sikkim,249692,Namchi Municipal Council,Municipality,227.0,Namchi,FULL MATCH
11,Sikkim,249693,Nayabazar Jorethang Nagar Panchayat,Town Panchayat,227.0,Namchi,FULL MATCH
11,Sikkim,249690,Gyalshing Nagar Panchayat,Town Panchayat,228.0,Gyalshing,FULL MATCH
11,Sikkim,249695,Singtam (Np),Town Panchayat,741.0,Pakyong,FULL MATCH
11,Sikkim,290460,Rangpo (Np),Town Panchayat,741.0,Pakyong,AMBIGUOUS MATCH
11,Sikkim,249693,Nayabazar Jorethang Nagar Panchayat,Town Panchayat,742.0,Soreng,FULL MATCH
12,Arunachal Pradesh,249710,Namsai,Town Panchayat,229.0,Changlang,FULL MATCH
12,Arunachal Pradesh,249711,Changlang,Town Panchayat,229.0,Changlang,FULL MATCH
12,Arunachal Pradesh,249712,Jairampur,Town Panchayat,229.0,Changlang,FULL MATCH
12,Arunachal Pradesh,299586,Bordumsa,Town Panchayat,229.0,Changlang,FULL MATCH
12,Arunachal Pradesh,299590,Kharsang,Town Panchayat,229.0,Changlang,FULL MATCH
12,Arunachal Pradesh,249700,Seppa,Town Panchayat,231.0,East Kameng,FULL MATCH
12,Arunachal Pradesh,299587,Chayangtajo,Town Panchayat,231.0,East Kameng,FULL MATCH
12,Arunachal Pradesh,299591,Lemmi,Town Panchayat,231.0,East Kameng,FULL MATCH
12,Arunachal Pradesh,249707,Pasighat,Town Panchayat,232.0,East Siang,AMBIGUOUS MATCH
12,Arunachal Pradesh,276622,Pasighat,Municipality,232.0,East Siang,FULL MATCH
12,Arunachal Pradesh,299592,Ruksin,Town Panchayat,232.0,East Siang,FULL MATCH
12,Arunachal Pradesh,299594,Sangram,Town Panchayat,233.0,Kurung Kumey,FULL MATCH
12,Arunachal Pradesh,249709,Tezu,Town Panchayat,234.0,Lohit,FULL MATCH
12,Arunachal Pradesh,249708,Roing,Town Panchayat,235.0,Lower Dibang Valley,FULL MATCH
12,Arunachal Pradesh,299585,Raga,Town Panchayat,236.0,Lower Subansiri,FULL MATCH
12,Arunachal Pradesh,249701,Itanagar,Town Panchayat,237.0,Papum Pare,FULL MATCH
12,Arunachal Pradesh,249702,Naharlagun,Town Panchayat,237.0,Papum Pare,FULL MATCH
12,Arunachal Pradesh,276621,Itanagar,Municipal Corporations,237.0,Papum Pare,FULL MATCH
12,Arunachal Pradesh,299583,Kimin,Town Panchayat,237.0,Papum Pare,FULL MATCH
12,Arunachal Pradesh,299584,Doimukh,Town Panchayat,237.0,Papum Pare,FULL MATCH
12,Arunachal Pradesh,299596,Yachuli,Town Panchayat,237.0,Papum Pare,FULL MATCH
12,Arunachal Pradesh,249698,Tawang,Town Panchayat,238.0,Tawang,FULL MATCH
12,Arunachal Pradesh,249713,Deomali,Town Panchayat,239.0,Tirap,FULL MATCH
12,Arunachal Pradesh,249714,Khonsa,Town Panchayat,239.0,Tirap,FULL MATCH
12,Arunachal Pradesh,249704,Daporijo,Town Panchayat,241.0,Upper Subansiri,FULL MATCH
12,Arunachal Pradesh,299582,Dumporijo,Town Panchayat,241.0,Upper Subansiri,FULL MATCH
12,Arunachal Pradesh,249699,Bomdila,Town Panchayat,242.0,West Kameng,FULL MATCH
12,Arunachal Pradesh,299589,Kalaktang,Town Panchayat,242.0,West Kameng,FULL MATCH
12,Arunachal Pradesh,299593,Rupa,Town Panchayat,242.0,West Kameng,FULL MATCH
12,Arunachal Pradesh,249705,Along,Town Panchayat,243.0,West Siang,FULL MATCH
12,Arunachal Pradesh,249706,Basar,Town Panchayat,243.0,West Siang,FULL MATCH
12,Arunachal Pradesh,299588,Hayuliang,Town Panchayat,628.0,Anjaw,FULL MATCH
12,Arunachal Pradesh,299594,Sangram,Town Panchayat,677.0,Kra Daadi,FULL MATCH
12,Arunachal Pradesh,249710,Namsai,Town Panchayat,678.0,Namsai,FULL MATCH
12,Arunachal Pradesh,249705,Along,Town Panchayat,679.0,Siang,FULL MATCH
12,Arunachal Pradesh,249707,Pasighat,Town Panchayat,679.0,Siang,AMBIGUOUS MATCH
12,Arunachal Pradesh,299585,Raga,Town Panchayat,718.0,Kamle,FULL MATCH
12,Arunachal Pradesh,249700,Seppa,Town Panchayat,723.0,Pakke Kessang,FULL MATCH
12,Arunachal Pradesh,299587,Chayangtajo,Town Panchayat,723.0,Pakke Kessang,FULL MATCH
12,Arunachal Pradesh,299591,Lemmi,Town Panchayat,723.0,Pakke Kessang,FULL MATCH
12,Arunachal Pradesh,249706,Basar,Town Panchayat,724.0,Leparada,FULL MATCH
12,Arunachal Pradesh,299595,Tato,Town Panchayat,725.0,Shi Yomi,FULL MATCH
12,Arunachal Pradesh,299597,Mechuka,Town Panchayat,725.0,Shi Yomi,FULL MATCH
12,Arunachal Pradesh,249703,Ziro,Town Panchayat,786.0,Keyi Panyor,FULL MATCH
12,Arunachal Pradesh,299585,Raga,Town Panchayat,786.0,Keyi Panyor,FULL MATCH
12,Arunachal Pradesh,299596,Yachuli,Town Panchayat,786.0,Keyi Panyor,FULL MATCH
12,Arunachal Pradesh,249700,Seppa,Town Panchayat,787.0,Bichom,FULL MATCH
12,Arunachal Pradesh,299587,Chayangtajo,Town Panchayat,787.0,Bichom,FULL MATCH
12,Arunachal Pradesh,299591,Lemmi,Town Panchayat,787.0,Bichom,FULL MATCH
13,Nagaland,249720,Dimapur Municipal Council,Municipality,244.0,Dimapur,FULL MATCH
13,Nagaland,249721,Chumukedima Town Council,Town Panchayat,244.0,Dimapur,FULL MATCH
13,Nagaland,276217,East Dimapur Town Council,Town Panchayat,244.0,Dimapur,FULL MATCH
13,Nagaland,299083,Niuland Town Council,Town Panchayat,244.0,Dimapur,FULL MATCH
13,Nagaland,299088,Chiephobozou Town Council,Town Panchayat,245.0,Kohima,FULL MATCH
13,Nagaland,249717,Mokokchung Municipal Council,Municipality,246.0,Mokokchung,FULL MATCH
13,Nagaland,253206,Tuli Town Council,Town Panchayat,246.0,Mokokchung,FULL MATCH
13,Nagaland,253207,Changtongya Town Council,Town Panchayat,246.0,Mokokchung,FULL MATCH
13,Nagaland,276221,Mangkolemba Town Council,Town Panchayat,246.0,Mokokchung,FULL MATCH
13,Nagaland,249715,Mon Town Council,Town Panchayat,247.0,Mon,FULL MATCH
13,Nagaland,253203,Naginimora Town Council,Town Panchayat,247.0,Mon,FULL MATCH
13,Nagaland,276216,Aboi Town Council,Town Panchayat,247.0,Mon,FULL MATCH
13,Nagaland,276227,Tizit Town Council,Town Panchayat,247.0,Mon,FULL MATCH
13,Nagaland,276228,Tobu Town Council,Town Panchayat,247.0,Mon,FULL MATCH
13,Nagaland,249723,Phek Town Council,Town Panchayat,248.0,Phek,FULL MATCH
13,Nagaland,253210,Pfutsero Town Council,Town Panchayat,248.0,Phek,FULL MATCH
13,Nagaland,276220,Chozuba Town Council,Town Panchayat,248.0,Phek,FULL MATCH
13,Nagaland,249716,Tuensang Town Council,Town Panchayat,249.0,Tuensang,FULL MATCH
13,Nagaland,249717,Mokokchung Municipal Council,Municipality,249.0,Tuensang,FULL MATCH
13,Nagaland,276218,Longkhim Town Council,Town Panchayat,249.0,Tuensang,FULL MATCH
13,Nagaland,276223,Noklak Town Council,Town Panchayat,249.0,Tuensang,FULL MATCH
13,Nagaland,276225,Shamator Town Council,Town Panchayat,249.0,Tuensang,FULL MATCH
13,Nagaland,249719,Wokha Town Council,Town Panchayat,250.0,Wokha,FULL MATCH
13,Nagaland,249720,Dimapur Municipal Council,Municipality,250.0,Wokha,FULL MATCH
13,Nagaland,276217,East Dimapur Town Council,Town Panchayat,250.0,Wokha,FULL MATCH
13,Nagaland,276219,Bhandari Town Council,Town Panchayat,250.0,Wokha,FULL MATCH
13,Nagaland,299083,Niuland Town Council,Town Panchayat,250.0,Wokha,FULL MATCH
13,Nagaland,249718,Zunheboto Town Council,Town Panchayat,251.0,Zunheboto,FULL MATCH
13,Nagaland,253209,Tseminyu Town Council,Town Panchayat,251.0,Zunheboto,FULL MATCH
13,Nagaland,276220,Chozuba Town Council,Town Panchayat,251.0,Zunheboto,FULL MATCH
13,Nagaland,299085,Aghunato Town Council,Town Panchayat,251.0,Zunheboto,FULL MATCH
13,Nagaland,299086,Atoizu Town Council,Town Panchayat,251.0,Zunheboto,FULL MATCH
13,Nagaland,299087,Satakha Town Council,Town Panchayat,251.0,Zunheboto,FULL MATCH
13,Nagaland,299088,Chiephobozou Town Council,Town Panchayat,251.0,Zunheboto,FULL MATCH
13,Nagaland,249720,Dimapur Municipal Council,Municipality,613.0,Peren,FULL MATCH
13,Nagaland,253204,Peren Town Council,Town Panchayat,613.0,Peren,FULL MATCH
13,Nagaland,253205,Jalukie Town Council,Town Panchayat,613.0,Peren,FULL MATCH
13,Nagaland,253213,Medziphema Town Council,Town Panchayat,613.0,Peren,FULL MATCH
13,Nagaland,276217,East Dimapur Town Council,Town Panchayat,613.0,Peren,FULL MATCH
13,Nagaland,276226,Tening Town Council,Town Panchayat,613.0,Peren,FULL MATCH
13,Nagaland,299083,Niuland Town Council,Town Panchayat,613.0,Peren,FULL MATCH
13,Nagaland,253202,Kiphire Town Council,Town Panchayat,614.0,Kiphire,FULL MATCH
13,Nagaland,276224,Pungro Town Council,Town Panchayat,614.0,Kiphire,FULL MATCH
13,Nagaland,299082,Seyochung Town Council,Town Panchayat,614.0,Kiphire,FULL MATCH
13,Nagaland,253201,Longleng Town Council,Town Panchayat,615.0,Longleng,FULL MATCH
13,Nagaland,253203,Naginimora Town Council,Town Panchayat,615.0,Longleng,FULL MATCH
13,Nagaland,253206,Tuli Town Council,Town Panchayat,615.0,Longleng,FULL MATCH
13,Nagaland,299084,Tamlu Town Council,Town Panchayat,615.0,Longleng,FULL MATCH
13,Nagaland,249716,Tuensang Town Council,Town Panchayat,736.0,Noklak,FULL MATCH
13,Nagaland,276223,Noklak Town Council,Town Panchayat,736.0,Noklak,FULL MATCH
13,Nagaland,276225,Shamator Town Council,Town Panchayat,736.0,Noklak,FULL MATCH
13,Nagaland,253209,Tseminyu Town Council,Town Panchayat,757.0,Tseminyu,FULL MATCH
13,Nagaland,249720,Dimapur Municipal Council,Municipality,758.0,Chumoukedima,FULL MATCH
13,Nagaland,249721,Chumukedima Town Council,Town Panchayat,758.0,Chumoukedima,FULL MATCH
13,Nagaland,253213,Medziphema Town Council,Town Panchayat,758.0,Chumoukedima,FULL MATCH
13,Nagaland,276217,East Dimapur Town Council,Town Panchayat,758.0,Chumoukedima,FULL MATCH
13,Nagaland,299083,Niuland Town Council,Town Panchayat,758.0,Chumoukedima,FULL MATCH
13,Nagaland,249720,Dimapur Municipal Council,Municipality,764.0,Niuland,FULL MATCH
13,Nagaland,249721,Chumukedima Town Council,Town Panchayat,764.0,Niuland,FULL MATCH
13,Nagaland,276217,East Dimapur Town Council,Town Panchayat,764.0,Niuland,FULL MATCH
13,Nagaland,299083,Niuland Town Council,Town Panchayat,764.0,Niuland,FULL MATCH
13,Nagaland,249716,Tuensang Town Council,Town Panchayat,765.0,Shamator,FULL MATCH
13,Nagaland,253202,Kiphire Town Council,Town Panchayat,765.0,Shamator,FULL MATCH
13,Nagaland,276223,Noklak Town Council,Town Panchayat,765.0,Shamator,FULL MATCH
13,Nagaland,276224,Pungro Town Council,Town Panchayat,765.0,Shamator,FULL MATCH
13,Nagaland,276225,Shamator Town Council,Town Panchayat,765.0,Shamator,FULL MATCH
13,Nagaland,299082,Seyochung Town Council,Town Panchayat,765.0,Shamator,FULL MATCH
13,Nagaland,276222,Meluri Town Council,Town Panchayat,788.0,Meluri,FULL MATCH
13,Nagaland,249722,Kohima Municipal Council,Municipality,,,NO MATCH
14,Manipur,276501,Bishnupur,Municipality,252.0,Bishnupur,FULL MATCH
14,Manipur,276500,Kakching,Municipality,253.0,Chandel,FULL MATCH
14,Manipur,276510,Sugunu,Municipality,253.0,Chandel,FULL MATCH
14,Manipur,276536,Kakching Khunou,Municipality,253.0,Chandel,FULL MATCH
14,Manipur,276508,Lamlai,Municipality,255.0,Imphal East,FULL MATCH
14,Manipur,276513,Yairipok,Municipality,255.0,Imphal East,FULL MATCH
14,Manipur,276527,Andro,Municipality,255.0,Imphal East,FULL MATCH
14,Manipur,276547,Imphal,Municipal Corporations,255.0,Imphal East,FULL MATCH
14,Manipur,276548,Lilong (Imphal West),Municipality,255.0,Imphal East,FULL MATCH
14,Manipur,276506,Oinam,Municipality,256.0,Imphal West,FULL MATCH
14,Manipur,276509,Shikhong Sekmai,Municipality,256.0,Imphal West,FULL MATCH
14,Manipur,276515,Nambol,Municipality,256.0,Imphal West,FULL MATCH
14,Manipur,276525,Kwakta,Municipality,256.0,Imphal West,FULL MATCH
14,Manipur,276545,Lamsang,Municipality,256.0,Imphal West,FULL MATCH
14,Manipur,276547,Imphal,Municipal Corporations,256.0,Imphal West,FULL MATCH
14,Manipur,276548,Lilong (Imphal West),Municipality,256.0,Imphal West,FULL MATCH
14,Manipur,276549,Wangoi,Municipality,256.0,Imphal West,FULL MATCH
14,Manipur,276550,Thongkhong Laxmi,Municipality,256.0,Imphal West,FULL MATCH
14,Manipur,276551,Samourou,Municipality,256.0,Imphal West,FULL MATCH
14,Manipur,276552,Mayang Imphal,Municipality,256.0,Imphal West,FULL MATCH
14,Manipur,276553,Sekmai,Municipality,256.0,Imphal West,FULL MATCH
14,Manipur,276498,Thoubal,Municipality,259.0,Thoubal,FULL MATCH
14,Manipur,276502,Lilong (Thoubal),Municipality,259.0,Thoubal,FULL MATCH
14,Manipur,276511,Wangjing Lamding,Municipality,259.0,Thoubal,FULL MATCH
14,Manipur,276513,Yairipok,Municipality,259.0,Thoubal,FULL MATCH
14,Manipur,276527,Andro,Municipality,259.0,Thoubal,FULL MATCH
14,Manipur,276546,Heirok,Municipality,259.0,Thoubal,FULL MATCH
14,Manipur,276548,Lilong (Imphal West),Municipality,259.0,Thoubal,FULL MATCH
14,Manipur,276552,Mayang Imphal,Municipality,259.0,Thoubal,FULL MATCH
14,Manipur,276500,Kakching,Municipality,711.0,Kakching,FULL MATCH
14,Manipur,276510,Sugunu,Municipality,711.0,Kakching,FULL MATCH
14,Manipur,276536,Kakching Khunou,Municipality,711.0,Kakching,FULL MATCH
14,Manipur,276509,Shikhong Sekmai,Municipality,712.0,Kangpokpi,FULL MATCH
14,Manipur,276545,Lamsang,Municipality,712.0,Kangpokpi,FULL MATCH
14,Manipur,276553,Sekmai,Municipality,712.0,Kangpokpi,FULL MATCH
14,Manipur,276503,Jiribam,Municipality,713.0,Jiribam,FULL MATCH
14,Manipur,276501,Bishnupur,Municipality,714.0,Noney,FULL MATCH
14,Manipur,276503,Jiribam,Municipality,714.0,Noney,FULL MATCH
14,Manipur,276503,Jiribam,Municipality,715.0,Pherzawl,FULL MATCH
14,Manipur,276508,Lamlai,Municipality,717.0,Kamjong,FULL MATCH
14,Manipur,276513,Yairipok,Municipality,717.0,Kamjong,FULL MATCH
14,Manipur,276527,Andro,Municipality,717.0,Kamjong,FULL MATCH
14,Manipur,276505,Kumbi,Municipality,,,NO MATCH
14,Manipur,276514,Moirang,Municipality,,,NO MATCH
14,Manipur,276530,Ningthoukhong,Municipality,,,NO MATCH
15,Mizoram,249763,Lengpui,Notified Area Council,261.0,Aizawl,FULL MATCH
15,Mizoram,249768,Darlawn,Notified Area Council,261.0,Aizawl,FULL MATCH
15,Mizoram,249769,Sairang,Notified Area Council,261.0,Aizawl,FULL MATCH
15,Mizoram,249770,Aizawl,Notified Area Council,261.0,Aizawl,FULL MATCH
15,Mizoram,277318,Aizawl Municipal Co-Operation,Municipal Corporations,261.0,Aizawl,AMBIGUOUS MATCH
15,Mizoram,249773,Champhai,Notified Area Council,262.0,Champhai,FULL MATCH
15,Mizoram,249774,Khawhai,Notified Area Council,262.0,Champhai,AMBIGUOUS MATCH
15,Mizoram,249764,Vairengte,Notified Area Council,263.0,Kolasib,FULL MATCH
15,Mizoram,249765,Bairabi,Notified Area Council,263.0,Kolasib,FULL MATCH
15,Mizoram,249766,Kolasib,Notified Area Council,263.0,Kolasib,FULL MATCH
15,Mizoram,249767,N.Kawnpui,Notified Area Council,263.0,Kolasib,FULL MATCH
15,Mizoram,249769,Sairang,Notified Area Council,263.0,Kolasib,FULL MATCH
15,Mizoram,249782,Saiha,Notified Area Council,264.0,Lawngtlai,FULL MATCH
15,Mizoram,249777,Thenzawl,Notified Area Council,265.0,Lunglei,FULL MATCH
15,Mizoram,249779,Tlabung,Notified Area Council,265.0,Lunglei,FULL MATCH
15,Mizoram,249780,Lunglei,Notified Area Council,265.0,Lunglei,FULL MATCH
15,Mizoram,249761,Zawlnuam,Notified Area Council,266.0,Mamit,FULL MATCH
15,Mizoram,249762,Mamit,Notified Area Council,266.0,Mamit,FULL MATCH
15,Mizoram,249763,Lengpui,Notified Area Council,266.0,Mamit,FULL MATCH
15,Mizoram,249765,Bairabi,Notified Area Council,266.0,Mamit,FULL MATCH
15,Mizoram,249766,Kolasib,Notified Area Council,266.0,Mamit,FULL MATCH
15,Mizoram,249769,Sairang,Notified Area Council,266.0,Mamit,FULL MATCH
15,Mizoram,249782,Saiha,Notified Area Council,267.0,Siaha,FULL MATCH
15,Mizoram,249771,Saitual,Notified Area Council,268.0,Serchhip,FULL MATCH
15,Mizoram,249775,Biate,Notified Area Council,268.0,Serchhip,FULL MATCH
15,Mizoram,249776,Serchhip,Notified Area Council,268.0,Serchhip,FULL MATCH
15,Mizoram,249777,Thenzawl,Notified Area Council,268.0,Serchhip,FULL MATCH
15,Mizoram,249778,N.Vanlaiphai,Notified Area Council,268.0,Serchhip,FULL MATCH
15,Mizoram,249777,Thenzawl,Notified Area Council,726.0,Hnahthial,FULL MATCH
15,Mizoram,249780,Lunglei,Notified Area Council,726.0,Hnahthial,FULL MATCH
15,Mizoram,249781,Hnahthial,Notified Area Council,726.0,Hnahthial,FULL MATCH
15,Mizoram,249771,Saitual,Notified Area Council,727.0,Saitual,FULL MATCH
15,Mizoram,277318,Aizawl Municipal Co-Operation,Municipal Corporations,727.0,Saitual,AMBIGUOUS MATCH
15,Mizoram,249772,Khawzawl,Notified Area Council,728.0,Khawzawl,FULL MATCH
15,Mizoram,249774,Khawhai,Notified Area Council,728.0,Khawzawl,AMBIGUOUS MATCH
15,Mizoram,249775,Biate,Notified Area Council,728.0,Khawzawl,FULL MATCH
16,Tripura,249800,Kamalpur Nagar Panchayat,Town Panchayat,269.0,Dhalai,FULL MATCH
16,Tripura,249802,Ambassa Municipal Council,Municipality,269.0,Dhalai,FULL MATCH
16,Tripura,249803,Dharmanagar Municipal Council,Municipality,270.0,North Tripura,FULL MATCH
16,Tripura,261688,Panisagar Nagar Panchayat,Town Panchayat,270.0,North Tripura,FULL MATCH
16,Tripura,249798,Belonia Municipal Council,Municipality,271.0,South Tripura,FULL MATCH
16,Tripura,249799,Sabroom Nagar Panchayat,Town Panchayat,271.0,South Tripura,FULL MATCH
16,Tripura,261689,Santirbazar Municipal Council,Municipality,271.0,South Tripura,FULL MATCH
16,Tripura,249785,Agartala Municipal Corporation,Municipal Corporations,272.0,West Tripura,AMBIGUOUS MATCH
16,Tripura,249786,Ranirbazar Municipal Council,Municipality,272.0,West Tripura,FULL MATCH
16,Tripura,249788,Narsingarh,Town Panchayat,272.0,West Tripura,FULL MATCH
16,Tripura,249789,Gandhigram,Town Panchayat,272.0,West Tripura,FULL MATCH
16,Tripura,249790,Kunjaban,Town Panchayat,272.0,West Tripura,FULL MATCH
16,Tripura,249791,Indranagar,Town Panchayat,272.0,West Tripura,FULL MATCH
16,Tripura,249792,Jogendranagar,Town Panchayat,272.0,West Tripura,FULL MATCH
16,Tripura,249793,Pratapgarh,Town Panchayat,272.0,West Tripura,FULL MATCH
16,Tripura,249794,Badharghat,Town Panchayat,272.0,West Tripura,FULL MATCH
16,Tripura,261687,Jirania Nagar Panchayat,Town Panchayat,272.0,West Tripura,FULL MATCH
16,Tripura,261692,Mohanpur Municipal Council,Municipality,272.0,West Tripura,FULL MATCH
16,Tripura,249783,Khowai Municipal Council,Municipality,652.0,Khowai,AMBIGUOUS MATCH
16,Tripura,249784,Teliamura Municipal Council,Municipality,652.0,Khowai,FULL MATCH
16,Tripura,249787,Sonamura Nagar Panchayat,Town Panchayat,653.0,Sepahijala,FULL MATCH
16,Tripura,249797,Amarpur Nagar Panchayat,Town Panchayat,653.0,Sepahijala,FULL MATCH
16,Tripura,261690,Bishalgarh Municipal Council,Municipality,653.0,Sepahijala,FULL MATCH
16,Tripura,261691,Melaghar Municipal Council,Municipality,653.0,Sepahijala,FULL MATCH
16,Tripura,249796,Udaipur Municipal Council,Municipality,654.0,Gomati,FULL MATCH
16,Tripura,249797,Amarpur Nagar Panchayat,Town Panchayat,654.0,Gomati,FULL MATCH
16,Tripura,249804,Kailashahar Municipal Council,Municipality,655.0,Unakoti,FULL MATCH
16,Tripura,249805,Kumarghat Municipal Council,Municipality,655.0,Unakoti,FULL MATCH
17,Meghalaya,249807,Resubelpara,Municipality,273.0,East Garo Hills,FULL MATCH
17,Meghalaya,249808,Williamnagar,Municipality,273.0,East Garo Hills,FULL MATCH
17,Meghalaya,249814,Shillong,Municipality,274.0,East Khasi Hills,FULL MATCH
17,Meghalaya,249820,Jowai,Municipality,275.0,West Jaintia Hills,FULL MATCH
17,Meghalaya,279714,Khliehriat,Town Panchayat,275.0,West Jaintia Hills,FULL MATCH
17,Meghalaya,249810,Nongstoin,Town Panchayat,276.0,Ri Bhoi,FULL MATCH
17,Meghalaya,249812,Nongpoh,Town Panchayat,276.0,Ri Bhoi,FULL MATCH
17,Meghalaya,249808,Williamnagar,Municipality,277.0,South Garo Hills,FULL MATCH
17,Meghalaya,249809,Baghmara,Municipality,277.0,South Garo Hills,FULL MATCH
17,Meghalaya,249812,Nongpoh,Town Panchayat,277.0,South Garo Hills,FULL MATCH
17,Meghalaya,249810,Nongstoin,Town Panchayat,279.0,West Khasi Hills,FULL MATCH
17,Meghalaya,249811,Mairang,Town Panchayat,279.0,West Khasi Hills,FULL MATCH
17,Meghalaya,249807,Resubelpara,Municipality,656.0,North Garo Hills,FULL MATCH
17,Meghalaya,249808,Williamnagar,Municipality,656.0,North Garo Hills,FULL MATCH
17,Meghalaya,279714,Khliehriat,Town Panchayat,657.0,East Jaintia Hills,FULL MATCH
17,Meghalaya,249810,Nongstoin,Town Panchayat,658.0,South West Khasi Hills,FULL MATCH
17,Meghalaya,282009,Mawkyrwat,Town Panchayat,658.0,South West Khasi Hills,FULL MATCH
17,Meghalaya,249806,Tura Municipal Board,Municipality,663.0,South West Garo Hills,FULL MATCH
17,Meghalaya,249810,Nongstoin,Town Panchayat,740.0,Eastern West Khasi Hills,FULL MATCH
17,Meghalaya,249811,Mairang,Town Panchayat,740.0,Eastern West Khasi Hills,FULL MATCH
18,Assam,249841,Barpeta Road,Municipality,280.0,Barpeta,FULL MATCH
18,Assam,249842,Sarbhog,Town Panchayat,280.0,Barpeta,FULL MATCH
18,Assam,249843,Barpeta,Municipality,280.0,Barpeta,FULL MATCH
18,Assam,249844,Howli,Town Panchayat,280.0,Barpeta,FULL MATCH
18,Assam,249846,Sarthebari,Town Panchayat,280.0,Barpeta,FULL MATCH
18,Assam,249847,Pathsala,Town Panchayat,280.0,Barpeta,FULL MATCH
18,Assam,262892,Patacharkuchi,Town Panchayat,280.0,Barpeta,FULL MATCH
18,Assam,249823,Basugaon,Town Panchayat,281.0,Bongaigaon,FULL MATCH
18,Assam,249834,Goalpara,Municipality,281.0,Bongaigaon,FULL MATCH
18,Assam,249836,Bongaigaon,Municipality,281.0,Bongaigaon,FULL MATCH
18,Assam,249838,Abhayapuri,Town Panchayat,281.0,Bongaigaon,FULL MATCH
18,Assam,296999,Kajalgaon Tc,Town Panchayat,281.0,Bongaigaon,FULL MATCH
18,Assam,249933,Silchar,Municipality,282.0,Cachar,FULL MATCH
18,Assam,277152,Sonai,Town Panchayat,282.0,Cachar,FULL MATCH
18,Assam,289552,Sonai,Municipality,282.0,Cachar,FULL MATCH
18,Assam,300492,Lakhipur Tc,Town Panchayat,282.0,Cachar,AMBIGUOUS MATCH
18,Assam,249859,Tangla,Town Panchayat,283.0,Darrang,AMBIGUOUS MATCH
18,Assam,249860,Mangaldoi,Municipality,283.0,Darrang,FULL MATCH
18,Assam,249861,Kharupatia,Town Panchayat,283.0,Darrang,FULL MATCH
18,Assam,296992,Sipajhar Mb,Municipality,283.0,Darrang,FULL MATCH
18,Assam,249883,Dhemaji,Town Panchayat,284.0,Dhemaji,FULL MATCH
18,Assam,249884,Silapathar,Town Panchayat,284.0,Dhemaji,FULL MATCH
18,Assam,249826,Gauripur,Town Panchayat,285.0,Dhubri,AMBIGUOUS MATCH
18,Assam,249827,Dhubri,Municipality,285.0,Dhubri,FULL MATCH
18,Assam,300488,Bilasipara Tc,Town Panchayat,285.0,Dhubri,FULL MATCH
18,Assam,300489,Chapar Tc,Town Panchayat,285.0,Dhubri,FULL MATCH
18,Assam,300491,Golokganj Tc,Town Panchayat,285.0,Dhubri,FULL MATCH
18,Assam,249896,Dibrugarh,Municipality,286.0,Dibrugarh,FULL MATCH
18,Assam,249898,Chabua,Town Panchayat,286.0,Dibrugarh,FULL MATCH
18,Assam,249903,Naharkatiya,Town Panchayat,286.0,Dibrugarh,FULL MATCH
18,Assam,249904,Namrup,Town Panchayat,286.0,Dibrugarh,AMBIGUOUS MATCH
18,Assam,249834,Goalpara,Municipality,287.0,Goalpara,FULL MATCH
18,Assam,249838,Abhayapuri,Town Panchayat,287.0,Goalpara,FULL MATCH
18,Assam,249939,Lakhipur Municipality,Municipality,287.0,Goalpara,FULL MATCH
18,Assam,300492,Lakhipur Tc,Town Panchayat,287.0,Goalpara,AMBIGUOUS MATCH
18,Assam,249918,Dergaon,Municipality,288.0,Golaghat,FULL MATCH
18,Assam,249919,Golaghat,Municipality,288.0,Golaghat,FULL MATCH
18,Assam,249921,Sarupathar,Town Panchayat,288.0,Golaghat,FULL MATCH
18,Assam,249922,Barpathar,Town Panchayat,288.0,Golaghat,FULL MATCH
18,Assam,277144,Bokakhat,Municipality,288.0,Golaghat,FULL MATCH
18,Assam,277149,Majuli,Town Panchayat,288.0,Golaghat,FULL MATCH
18,Assam,299967,Dolamara Town Committee,Town Panchayat,288.0,Golaghat,FULL MATCH
18,Assam,300494,Bokakhat Tc,Town Panchayat,288.0,Golaghat,FULL MATCH
18,Assam,249945,Lala,Town Panchayat,289.0,Hailakandi,FULL MATCH
18,Assam,249906,Amguri,Municipality,290.0,Jorhat,FULL MATCH
18,Assam,249912,Jorhat,Municipality,290.0,Jorhat,FULL MATCH
18,Assam,249915,Mariani,Town Panchayat,290.0,Jorhat,FULL MATCH
18,Assam,249916,Titabor Town,Town Panchayat,290.0,Jorhat,FULL MATCH
18,Assam,263017,Teoktc,Town Panchayat,290.0,Jorhat,FULL MATCH
18,Assam,249855,North Guwahati,Town Panchayat,291.0,Kamrup,FULL MATCH
18,Assam,277143,Rangia,Municipality,291.0,Kamrup,FULL MATCH
18,Assam,277147,Goreswar,Town Panchayat,291.0,Kamrup,FULL MATCH
18,Assam,249872,Lumding,Municipality,292.0,Karbi Anglong,FULL MATCH
18,Assam,249923,Hamren,Town Panchayat,292.0,Karbi Anglong,FULL MATCH
18,Assam,249926,Bokajan,Town Panchayat,292.0,Karbi Anglong,FULL MATCH
18,Assam,249927,Howraghat,Town Panchayat,292.0,Karbi Anglong,FULL MATCH
18,Assam,249928,Dokmoka,Town Panchayat,292.0,Karbi Anglong,FULL MATCH
18,Assam,253264,Bakalia,Town Panchayat,292.0,Karbi Anglong,FULL MATCH
18,Assam,277148,Langhin,Town Panchayat,292.0,Karbi Anglong,FULL MATCH
18,Assam,299966,Deithor Town Committee,Town Panchayat,292.0,Karbi Anglong,FULL MATCH
18,Assam,299968,Manja Town Committee,Town Panchayat,292.0,Karbi Anglong,FULL MATCH
18,Assam,299969,Phuloni Centre Town Committee,Town Panchayat,292.0,Karbi Anglong,FULL MATCH
18,Assam,299971,Samelangso Town Committee,Town Panchayat,292.0,Karbi Anglong,FULL MATCH
18,Assam,301400,Baithalangso,Town Panchayat,292.0,Karbi Anglong,FULL MATCH
18,Assam,249940,Karimganj,Municipality,293.0,Sribhumi,FULL MATCH
18,Assam,249941,Badarpur,Town Panchayat,293.0,Sribhumi,FULL MATCH
18,Assam,277150,Ramkrishna Nagar,Town Panchayat,293.0,Sribhumi,FULL MATCH
18,Assam,289553,Ramkrishnanagar,Municipality,293.0,Sribhumi,FULL MATCH
18,Assam,249821,Gossaigaon,Town Panchayat,294.0,Kokrajhar,FULL MATCH
18,Assam,249823,Basugaon,Town Panchayat,294.0,Kokrajhar,FULL MATCH
18,Assam,249828,Sapatgram,Town Panchayat,294.0,Kokrajhar,FULL MATCH
18,Assam,300487,Kokrajhar Mb,Municipality,294.0,Kokrajhar,FULL MATCH
18,Assam,249881,Bihpuria,Municipality,295.0,Lakhimpur,FULL MATCH
18,Assam,253211,Dhakuakhana,Town Panchayat,295.0,Lakhimpur,FULL MATCH
18,Assam,253212,Narayanpur,Town Panchayat,295.0,Lakhimpur,FULL MATCH
18,Assam,249864,Marigaon,Municipality,297.0,Nagaon,FULL MATCH
18,Assam,249866,Nagaon,Municipality,297.0,Nagaon,FULL MATCH
18,Assam,249869,Kampur Town,Town Panchayat,297.0,Nagaon,FULL MATCH
18,Assam,271990,Raha,Town Panchayat,297.0,Nagaon,FULL MATCH
18,Assam,277145,Dhing,Municipality,297.0,Nagaon,FULL MATCH
18,Assam,299970,Rongmongve Town Committee,Town Panchayat,297.0,Nagaon,FULL MATCH
18,Assam,249857,Tihu,Town Panchayat,298.0,Nalbari,FULL MATCH
18,Assam,249858,Nalbari,Municipality,298.0,Nalbari,FULL MATCH
18,Assam,249929,Umrangso,Town Panchayat,299.0,Dima Hasao,FULL MATCH
18,Assam,249930,Haflong,Town Panchayat,299.0,Dima Hasao,FULL MATCH
18,Assam,249931,Mahur,Town Panchayat,299.0,Dima Hasao,FULL MATCH
18,Assam,249932,Maibong,Town Panchayat,299.0,Dima Hasao,FULL MATCH
18,Assam,249905,Sibsagar,Municipality,300.0,Sivasagar,FULL MATCH
18,Assam,249906,Amguri,Municipality,300.0,Sivasagar,FULL MATCH
18,Assam,249907,Nazira,Municipality,300.0,Sivasagar,FULL MATCH
18,Assam,253214,Simaluguri,Town Panchayat,300.0,Sivasagar,FULL MATCH
18,Assam,277146,Demow,Town Panchayat,300.0,Sivasagar,FULL MATCH
18,Assam,249859,Tangla,Town Panchayat,301.0,Sonitpur,AMBIGUOUS MATCH
18,Assam,249862,Udalguri,Town Panchayat,301.0,Sonitpur,FULL MATCH
18,Assam,249875,Dhekiajuli,Municipality,301.0,Sonitpur,FULL MATCH
18,Assam,249876,Rangapara,Town Panchayat,301.0,Sonitpur,FULL MATCH
18,Assam,249877,Tezpur,Municipality,301.0,Sonitpur,FULL MATCH
18,Assam,277151,Sootea,Town Panchayat,301.0,Sonitpur,FULL MATCH
18,Assam,296973,Jamugurihat Mb,Municipality,301.0,Sonitpur,FULL MATCH
18,Assam,300493,Jamugurihat Tc,Town Panchayat,301.0,Sonitpur,FULL MATCH
18,Assam,249886,Doom Dooma,Town Panchayat,302.0,Tinsukia,FULL MATCH
18,Assam,249887,Makum,Town Panchayat,302.0,Tinsukia,FULL MATCH
18,Assam,249888,Tinsukia,Municipality,302.0,Tinsukia,FULL MATCH
18,Assam,249890,Digboi,Town Panchayat,302.0,Tinsukia,FULL MATCH
18,Assam,249892,Margherita,Town Panchayat,302.0,Tinsukia,FULL MATCH
18,Assam,259861,Chapakhowa,Town Panchayat,302.0,Tinsukia,FULL MATCH
18,Assam,249828,Sapatgram,Town Panchayat,612.0,Chirang,FULL MATCH
18,Assam,249839,Bijni,Town Panchayat,612.0,Chirang,FULL MATCH
18,Assam,249841,Barpeta Road,Municipality,616.0,Baksa,FULL MATCH
18,Assam,249842,Sarbhog,Town Panchayat,616.0,Baksa,FULL MATCH
18,Assam,249844,Howli,Town Panchayat,616.0,Baksa,FULL MATCH
18,Assam,249846,Sarthebari,Town Panchayat,616.0,Baksa,FULL MATCH
18,Assam,249857,Tihu,Town Panchayat,616.0,Baksa,FULL MATCH
18,Assam,249859,Tangla,Town Panchayat,617.0,Udalguri,AMBIGUOUS MATCH
18,Assam,249861,Kharupatia,Town Panchayat,617.0,Udalguri,FULL MATCH
18,Assam,249862,Udalguri,Town Panchayat,617.0,Udalguri,FULL MATCH
18,Assam,296992,Sipajhar Mb,Municipality,617.0,Udalguri,FULL MATCH
18,Assam,249879,Biswanath Chariali,Municipality,705.0,Biswanath,FULL MATCH
18,Assam,249880,Gohpur,Town Panchayat,705.0,Biswanath,FULL MATCH
18,Assam,277151,Sootea,Town Panchayat,705.0,Biswanath,FULL MATCH
18,Assam,277149,Majuli,Town Panchayat,706.0,Majuli,FULL MATCH
18,Assam,249826,Gauripur,Town Panchayat,707.0,South Salmara Mancachar,AMBIGUOUS MATCH
18,Assam,249902,Moran Town,Municipality,708.0,Charaideo,FULL MATCH
18,Assam,249907,Nazira,Municipality,708.0,Charaideo,FULL MATCH
18,Assam,249908,Sonari,Municipality,708.0,Charaideo,FULL MATCH
18,Assam,253214,Simaluguri,Town Panchayat,708.0,Charaideo,FULL MATCH
18,Assam,249869,Kampur Town,Town Panchayat,709.0,Hojai,FULL MATCH
18,Assam,249870,Hojai,Municipality,709.0,Hojai,FULL MATCH
18,Assam,249871,Doboka,Town Panchayat,709.0,Hojai,FULL MATCH
18,Assam,249872,Lumding,Municipality,709.0,Hojai,FULL MATCH
18,Assam,300495,Lanka Mb,Town Panchayat,709.0,Hojai,FULL MATCH
18,Assam,249923,Hamren,Town Panchayat,710.0,West Karbi Anglong,FULL MATCH
18,Assam,249924,Donkamokam,Town Panchayat,710.0,West Karbi Anglong,FULL MATCH
18,Assam,301400,Baithalangso,Town Panchayat,710.0,West Karbi Anglong,FULL MATCH
18,Assam,249841,Barpeta Road,Municipality,739.0,Bajali,FULL MATCH
18,Assam,249843,Barpeta,Municipality,739.0,Bajali,FULL MATCH
18,Assam,249844,Howli,Town Panchayat,739.0,Bajali,FULL MATCH
18,Assam,249846,Sarthebari,Town Panchayat,739.0,Bajali,FULL MATCH
18,Assam,249847,Pathsala,Town Panchayat,739.0,Bajali,FULL MATCH
18,Assam,249857,Tihu,Town Panchayat,739.0,Bajali,FULL MATCH
18,Assam,262892,Patacharkuchi,Town Panchayat,739.0,Bajali,FULL MATCH
18,Assam,277143,Rangia,Municipality,756.0,Tamulpur,FULL MATCH
18,Assam,277147,Goreswar,Town Panchayat,756.0,Tamulpur,FULL MATCH
18,Assam,249851,Palasbari,Municipality,,,NO MATCH
18,Assam,249854,Guwahati,Municipal Corporations,,,NO MATCH
18,Assam,249882,North Lakhimpur,Municipality,,,NO MATCH
18,Assam,249925,Diphu,Town Panchayat,,,NO MATCH
18,Assam,249944,Hailakandi,Municipality,,,NO MATCH
19,West Bengal,250121,Bongaon,Municipality,303.0,North 24 Parganas,FULL MATCH
19,West Bengal,250122,Kanchrapara,Municipality,303.0,North 24 Parganas,FULL MATCH
19,West Bengal,250123,Halisahar,Municipality,303.0,North 24 Parganas,AMBIGUOUS MATCH
19,West Bengal,250124,Naihati,Municipality,303.0,North 24 Parganas,AMBIGUOUS MATCH
19,West Bengal,250125,Bhatpara,Municipality,303.0,North 24 Parganas,AMBIGUOUS MATCH
19,West Bengal,250126,Gobardanga,Municipality,303.0,North 24 Parganas,FULL MATCH
19,West Bengal,250127,Habra,Municipality,303.0,North 24 Parganas,FULL MATCH
19,West Bengal,250128,Ashokenagar Kalyangarh,Municipality,303.0,North 24 Parganas,FULL MATCH
19,West Bengal,250131,North Barrackpore,Municipality,303.0,North 24 Parganas,AMBIGUOUS MATCH
19,West Bengal,250132,Barrackpur,Municipality,303.0,North 24 Parganas,AMBIGUOUS MATCH
19,West Bengal,250133,Titagarh,Municipality,303.0,North 24 Parganas,AMBIGUOUS MATCH
19,West Bengal,250134,Baduria,Municipality,303.0,North 24 Parganas,FULL MATCH
19,West Bengal,250135,Barasat,Municipality,303.0,North 24 Parganas,FULL MATCH
19,West Bengal,250137,Khardah,Municipality,303.0,North 24 Parganas,AMBIGUOUS MATCH
19,West Bengal,250138,Panihati,Municipality,303.0,North 24 Parganas,AMBIGUOUS MATCH
19,West Bengal,250145,Bidhannagar,Municipal Corporations,303.0,North 24 Parganas,AMBIGUOUS MATCH
19,West Bengal,250147,Basirhat,Municipality,303.0,North 24 Parganas,FULL MATCH
19,West Bengal,250148,Taki,Municipality,303.0,North 24 Parganas,FULL MATCH
19,West Bengal,250300,Maheshtala,Municipality,304.0,South 24 Parganas,FULL MATCH
19,West Bengal,250301,Budge Budge,Municipality,304.0,South 24 Parganas,FULL MATCH
19,West Bengal,250303,Rajpur Sonarpur,Municipality,304.0,South 24 Parganas,AMBIGUOUS MATCH
19,West Bengal,250304,Baruipur,Municipality,304.0,South 24 Parganas,FULL MATCH
19,West Bengal,250305,Diamond Harbour,Municipality,304.0,South 24 Parganas,FULL MATCH
19,West Bengal,250306,Jaynagar Mazilpur,Municipality,304.0,South 24 Parganas,FULL MATCH
19,West Bengal,250208,Sonamukhi,Municipality,305.0,Bankura,FULL MATCH
19,West Bengal,250209,Bankura,Municipality,305.0,Bankura,AMBIGUOUS MATCH
19,West Bengal,250210,Bishnupur,Municipality,305.0,Bankura,FULL MATCH
19,West Bengal,250035,Katwa,Municipality,306.0,Purba Bardhaman,FULL MATCH
19,West Bengal,250036,Dainhat,Municipality,306.0,Purba Bardhaman,FULL MATCH
19,West Bengal,250037,Guskara,Municipality,306.0,Purba Bardhaman,FULL MATCH
19,West Bengal,250038,Burdwan,Municipality,306.0,Purba Bardhaman,FULL MATCH
19,West Bengal,250039,Memari,Municipality,306.0,Purba Bardhaman,FULL MATCH
19,West Bengal,250040,Kalna,Municipality,306.0,Purba Bardhaman,FULL MATCH
19,West Bengal,250025,Sainthia,Municipality,307.0,Birbhum,FULL MATCH
19,West Bengal,250026,Suri,Municipality,307.0,Birbhum,FULL MATCH
19,West Bengal,250027,Dubrajpur,Municipality,307.0,Birbhum,FULL MATCH
19,West Bengal,250028,Bolpur,Municipality,307.0,Birbhum,FULL MATCH
19,West Bengal,253250,Nalhati,Municipality,307.0,Birbhum,FULL MATCH
19,West Bengal,249958,Alipurduar,Municipality,308.0,Cooch Behar,FULL MATCH
19,West Bengal,249972,Haldibari,Municipality,308.0,Cooch Behar,FULL MATCH
19,West Bengal,249973,Mekliganj,Municipality,308.0,Cooch Behar,FULL MATCH
19,West Bengal,249974,Mathabhanga,Municipality,308.0,Cooch Behar,FULL MATCH
19,West Bengal,249976,Tufanganj,Municipality,308.0,Cooch Behar,FULL MATCH
19,West Bengal,249977,Dinhata,Municipality,308.0,Cooch Behar,FULL MATCH
19,West Bengal,249946,Darjeeling,Municipality,309.0,Darjeeling,FULL MATCH
19,West Bengal,249948,Mirik,Notified Area Council,309.0,Darjeeling,FULL MATCH
19,West Bengal,249949,Kurseong,Municipality,309.0,Darjeeling,FULL MATCH
19,West Bengal,249957,Siliguri,Municipal Corporations,309.0,Darjeeling,AMBIGUOUS MATCH
19,West Bengal,249988,Gangarampore,Municipality,310.0,Dakshin Dinajpur,FULL MATCH
19,West Bengal,249989,Balurghat,Municipality,310.0,Dakshin Dinajpur,FULL MATCH
19,West Bengal,289244,Buniadpur,Municipality,310.0,Dakshin Dinajpur,FULL MATCH
19,West Bengal,249982,Islampore,Municipality,311.0,Uttar Dinajpur,FULL MATCH
19,West Bengal,249983,Raiganj,Municipality,311.0,Uttar Dinajpur,FULL MATCH
19,West Bengal,249984,Kaliaganj,Municipality,311.0,Uttar Dinajpur,FULL MATCH
19,West Bengal,249985,Dalkhola,Municipality,311.0,Uttar Dinajpur,FULL MATCH
19,West Bengal,250168,Arambag,Municipality,312.0,Hooghly,FULL MATCH
19,West Bengal,250169,Tarakeswar,Municipality,312.0,Hooghly,FULL MATCH
19,West Bengal,250170,Bansberia,Municipality,312.0,Hooghly,FULL MATCH
19,West Bengal,250171,Hooghly Chinsurah,Municipality,312.0,Hooghly,FULL MATCH
19,West Bengal,250172,Chandannagar,Municipal Corporations,312.0,Hooghly,AMBIGUOUS MATCH
19,West Bengal,250173,Bhadreswar,Municipality,312.0,Hooghly,AMBIGUOUS MATCH
19,West Bengal,250174,Champdany,Municipality,312.0,Hooghly,AMBIGUOUS MATCH
19,West Bengal,250175,Baidyabati,Municipality,312.0,Hooghly,FULL MATCH
19,West Bengal,250176,Serampore,Municipality,312.0,Hooghly,AMBIGUOUS MATCH
19,West Bengal,250177,Rishra,Municipality,312.0,Hooghly,AMBIGUOUS MATCH
19,West Bengal,250179,Uttarpara Kotrung,Municipality,312.0,Hooghly,AMBIGUOUS MATCH
19,West Bengal,250229,Ghatal,Municipality,312.0,Hooghly,FULL MATCH
19,West Bengal,298972,Dankuni,Municipality,312.0,Hooghly,AMBIGUOUS MATCH
19,West Bengal,250246,Bally,Municipality,313.0,Howrah,AMBIGUOUS MATCH
19,West Bengal,250247,Howrah,Municipal Corporations,313.0,Howrah,AMBIGUOUS MATCH
19,West Bengal,250248,Uluberia,Municipality,313.0,Howrah,AMBIGUOUS MATCH
19,West Bengal,249955,Mal,Municipality,314.0,Jalpaiguri,FULL MATCH
19,West Bengal,249970,Dhupguri,Municipality,314.0,Jalpaiguri,FULL MATCH
19,West Bengal,249972,Haldibari,Municipality,314.0,Jalpaiguri,FULL MATCH
19,West Bengal,301103,Maynaguri,Municipality,314.0,Jalpaiguri,FULL MATCH
19,West Bengal,249988,Gangarampore,Municipality,316.0,Malda,FULL MATCH
19,West Bengal,249990,Old Malda,Municipality,316.0,Malda,FULL MATCH
19,West Bengal,249991,English Bazar,Municipality,316.0,Malda,FULL MATCH
19,West Bengal,250235,Egra,Municipality,317.0,Purba Medinipur,FULL MATCH
19,West Bengal,250236,Contai,Municipality,317.0,Purba Medinipur,FULL MATCH
19,West Bengal,253229,Panskura,Municipality,317.0,Purba Medinipur,FULL MATCH
19,West Bengal,250225,Ramjibanpur,Municipality,318.0,Paschim Medinipur,FULL MATCH
19,West Bengal,250226,Chandrakona,Municipality,318.0,Paschim Medinipur,FULL MATCH
19,West Bengal,250227,Khirpai,Municipality,318.0,Paschim Medinipur,FULL MATCH
19,West Bengal,250228,Kharar,Municipality,318.0,Paschim Medinipur,FULL MATCH
19,West Bengal,250229,Ghatal,Municipality,318.0,Paschim Medinipur,FULL MATCH
19,West Bengal,250230,Midnapore,Municipality,318.0,Paschim Medinipur,FULL MATCH
19,West Bengal,250232,Kharagpur,Municipality,318.0,Paschim Medinipur,AMBIGUOUS MATCH
19,West Bengal,253229,Panskura,Municipality,318.0,Paschim Medinipur,FULL MATCH
19,West Bengal,249995,Dhulian,Municipality,319.0,Murshidabad,FULL MATCH
19,West Bengal,249996,Jangipur,Municipality,319.0,Murshidabad,FULL MATCH
19,West Bengal,249997,Jiaganj Azimganj,Municipality,319.0,Murshidabad,FULL MATCH
19,West Bengal,249999,Berhampore,Municipality,319.0,Murshidabad,AMBIGUOUS MATCH
19,West Bengal,250000,Kandi,Municipality,319.0,Murshidabad,FULL MATCH
19,West Bengal,250001,Beldanga,Municipality,319.0,Murshidabad,FULL MATCH
19,West Bengal,250025,Sainthia,Municipality,319.0,Murshidabad,FULL MATCH
19,West Bengal,273007,Domkal,Municipality,319.0,Murshidabad,FULL MATCH
19,West Bengal,250036,Dainhat,Municipality,320.0,Nadia,FULL MATCH
19,West Bengal,250096,Krishnanagar,Municipality,320.0,Nadia,FULL MATCH
19,West Bengal,250097,Nabadwip,Municipality,320.0,Nadia,FULL MATCH
19,West Bengal,250099,Santipur,Municipality,320.0,Nadia,FULL MATCH
19,West Bengal,250100,Birnagar,Municipality,320.0,Nadia,FULL MATCH
19,West Bengal,250101,Ranaghat,Municipality,320.0,Nadia,FULL MATCH
19,West Bengal,250103,Chakdaha,Municipality,320.0,Nadia,FULL MATCH
19,West Bengal,250104,Kalyani,Municipality,320.0,Nadia,AMBIGUOUS MATCH
19,West Bengal,250105,Gayeshpur,Municipality,320.0,Nadia,AMBIGUOUS MATCH
19,West Bengal,273006,Haringhata,Municipality,320.0,Nadia,AMBIGUOUS MATCH
19,West Bengal,250213,Raghunathpur,Municipality,321.0,Purulia,FULL MATCH
19,West Bengal,250214,Jhalda,Municipality,321.0,Purulia,FULL MATCH
19,West Bengal,250215,Purulia,Municipality,321.0,Purulia,FULL MATCH
19,West Bengal,249958,Alipurduar,Municipality,664.0,Alipurduar,FULL MATCH
19,West Bengal,299774,Falakata,Municipality,664.0,Alipurduar,FULL MATCH
19,West Bengal,249947,Kalimpong,Municipality,702.0,Kalimpong,FULL MATCH
19,West Bengal,250231,Jhargram,Municipality,703.0,Jhargram,FULL MATCH
19,West Bengal,250032,Asansol,Municipal Corporations,704.0,Paschim Bardhaman,FULL MATCH
19,West Bengal,250034,Durgapur,Municipal Corporations,704.0,Paschim Bardhaman,FULL MATCH
19,West Bengal,249956,Jalpaiguri,Municipality,,,NO MATCH
19,West Bengal,249975,Cooch Behar,Municipality,,,NO MATCH
19,West Bengal,249998,Murshidabad,Municipality,,,NO MATCH
19,West Bengal,250024,Rampurhat,Municipality,,,NO MATCH
19,West Bengal,250098,Taherpur,Notified Area Council,,,NO MATCH
19,West Bengal,250102,Cooper S Camp,Notified Area Council,,,NO MATCH
19,West Bengal,250129,Garulia,Municipality,,,NO MATCH
19,West Bengal,250136,Madhyamgram,Municipality,,,NO MATCH
19,West Bengal,250139,New Barrackpore,Municipality,,,NO MATCH
19,West Bengal,250140,Kamarhati,Municipality,,,NO MATCH
19,West Bengal,250141,Baranagar,Municipality,,,NO MATCH
19,West Bengal,250142,North Dum Dum,Municipality,,,NO MATCH
19,West Bengal,250143,Dum Dum,Municipality,,,NO MATCH
19,West Bengal,250144,South Dum Dum,Municipality,,,NO MATCH
19,West Bengal,250178,Konnagar,Municipality,,,NO MATCH
19,West Bengal,250233,Tamralipta,Municipality,,,NO MATCH
19,West Bengal,250234,Haldia,Municipality,,,NO MATCH
19,West Bengal,250299,Kolkata,Municipal Corporations,,,NO MATCH
19,West Bengal,250302,Pujali,Municipality,,,NO MATCH
20,Jharkhand,248056,Chas,Municipal Corporations,322.0,Bokaro,AMBIGUOUS MATCH
20,Jharkhand,248129,Chatra,Municipality,323.0,Chatra,AMBIGUOUS MATCH
20,Jharkhand,250415,Bundu,Town Panchayat,323.0,Chatra,AMBIGUOUS MATCH
20,Jharkhand,248049,Deoghar,Municipal Corporations,324.0,Deoghar,FULL MATCH
20,Jharkhand,248050,Madhupur,Municipality,324.0,Deoghar,AMBIGUOUS MATCH
20,Jharkhand,248134,Jamtara,Town Panchayat,324.0,Deoghar,FULL MATCH
20,Jharkhand,250323,Hussainabad,Town Panchayat,324.0,Deoghar,AMBIGUOUS MATCH
20,Jharkhand,250352,Basukinath,Town Panchayat,324.0,Deoghar,AMBIGUOUS MATCH
20,Jharkhand,250378,Dhanbad,Municipal Corporations,325.0,Dhanbad,AMBIGUOUS MATCH
20,Jharkhand,248050,Madhupur,Municipality,326.0,Dumka,AMBIGUOUS MATCH
20,Jharkhand,248051,Godda,Municipality,326.0,Dumka,AMBIGUOUS MATCH
20,Jharkhand,248052,Sahibganj,Municipality,326.0,Dumka,AMBIGUOUS MATCH
20,Jharkhand,248054,Dumka,Municipality,326.0,Dumka,FULL MATCH
20,Jharkhand,248055,Chirkunda,Municipality,326.0,Dumka,FULL MATCH
20,Jharkhand,248057,Gumla,Municipality,326.0,Dumka,FULL MATCH
20,Jharkhand,248128,Garhwa,Municipality,326.0,Dumka,AMBIGUOUS MATCH
20,Jharkhand,248129,Chatra,Municipality,326.0,Dumka,AMBIGUOUS MATCH
20,Jharkhand,248132,Jhumri Telaiya,Municipality,326.0,Dumka,AMBIGUOUS MATCH
20,Jharkhand,248133,Pakur,Municipality,326.0,Dumka,AMBIGUOUS MATCH
20,Jharkhand,248135,Mihijam,Municipality,326.0,Dumka,FULL MATCH
20,Jharkhand,248136,Phusro,Municipality,326.0,Dumka,FULL MATCH
20,Jharkhand,248137,Lohardaga,Municipality,326.0,Dumka,FULL MATCH
20,Jharkhand,248138,Simdega,Municipality,326.0,Dumka,FULL MATCH
20,Jharkhand,250416,Chakradharpur,Municipality,326.0,Dumka,FULL MATCH
20,Jharkhand,250430,Chaibasa,Municipality,326.0,Dumka,FULL MATCH
20,Jharkhand,250435,Jugsalai,Municipality,326.0,Dumka,AMBIGUOUS MATCH
20,Jharkhand,253231,Bishrampur,Municipality,326.0,Dumka,AMBIGUOUS MATCH
20,Jharkhand,274814,Ramgarh Nagar Parishad,Municipality,326.0,Dumka,AMBIGUOUS MATCH
20,Jharkhand,276352,Kapali,Municipality,326.0,Dumka,AMBIGUOUS MATCH
20,Jharkhand,250434,Jamshedpur,Notified Area Council,327.0,East Singhbum,FULL MATCH
20,Jharkhand,250435,Jugsalai,Municipality,327.0,East Singhbum,AMBIGUOUS MATCH
20,Jharkhand,250445,Chakulia,Town Panchayat,327.0,East Singhbum,FULL MATCH
20,Jharkhand,248128,Garhwa,Municipality,328.0,Garhwa,AMBIGUOUS MATCH
20,Jharkhand,253228,Manjhiaon,Town Panchayat,328.0,Garhwa,FULL MATCH
20,Jharkhand,274815,Nagar Untari Nagar Panchayat,Town Panchayat,328.0,Garhwa,FULL MATCH
20,Jharkhand,250349,Giridih Municipal Corporation,Municipal Corporations,329.0,Giridih,FULL MATCH
20,Jharkhand,277138,Dhanwar,Town Panchayat,329.0,Giridih,FULL MATCH
20,Jharkhand,290364,Badaki Suriya,Town Panchayat,329.0,Giridih,FULL MATCH
20,Jharkhand,248051,Godda,Municipality,330.0,Godda,AMBIGUOUS MATCH
20,Jharkhand,248130,Hazaribag,Municipal Corporations,332.0,Hazaribagh,FULL MATCH
20,Jharkhand,250415,Bundu,Town Panchayat,332.0,Hazaribagh,AMBIGUOUS MATCH
20,Jharkhand,277135,Domchanch,Town Panchayat,332.0,Hazaribagh,FULL MATCH
20,Jharkhand,248131,Kodarma,Town Panchayat,334.0,Koderma,FULL MATCH
20,Jharkhand,248132,Jhumri Telaiya,Municipality,334.0,Koderma,AMBIGUOUS MATCH
20,Jharkhand,277135,Domchanch,Town Panchayat,334.0,Koderma,FULL MATCH
20,Jharkhand,250326,Latehar,Town Panchayat,335.0,Latehar,FULL MATCH
20,Jharkhand,248133,Pakur,Municipality,337.0,Pakur,AMBIGUOUS MATCH
20,Jharkhand,250323,Hussainabad,Town Panchayat,338.0,Palamu,AMBIGUOUS MATCH
20,Jharkhand,253231,Bishrampur,Municipality,338.0,Palamu,AMBIGUOUS MATCH
20,Jharkhand,300371,Hariharganj Municipal Corporation,Municipal Corporations,338.0,Palamu,FULL MATCH
20,Jharkhand,300374,Chhatarpur ,Town Panchayat,338.0,Palamu,FULL MATCH
20,Jharkhand,250413,Ranchi,Municipal Corporations,339.0,Ranchi,FULL MATCH
20,Jharkhand,250415,Bundu,Town Panchayat,339.0,Ranchi,AMBIGUOUS MATCH
20,Jharkhand,248052,Sahibganj,Municipality,340.0,Sahebganj,AMBIGUOUS MATCH
20,Jharkhand,248053,Rajmahal,Town Panchayat,340.0,Sahebganj,FULL MATCH
20,Jharkhand,277137,Barharwa,Town Panchayat,340.0,Sahebganj,FULL MATCH
20,Jharkhand,250423,Seraikella,Town Panchayat,341.0,Saraikela Kharsawan,FULL MATCH
20,Jharkhand,253166,Adityapur,Municipal Corporations,341.0,Saraikela Kharsawan,FULL MATCH
20,Jharkhand,250414,Khunti,Town Panchayat,606.0,Khunti,FULL MATCH
20,Jharkhand,274814,Ramgarh Nagar Parishad,Municipality,607.0,Ramgarh,AMBIGUOUS MATCH
20,Jharkhand,250324,Medininagar (Daltonganj) Municipal Corporation,Municipal Corporations,,,NO MATCH
20,Jharkhand,250433,Mango,Municipal Corporations,,,NO MATCH
20,Jharkhand,300370,Mahagama Municipal Corporation,Town Panchayat,,,NO MATCH
21,Odisha,248140,Anugul,Municipality,344.0,Angul,FULL MATCH
21,Odisha,248141,Talcher,Municipality,344.0,Angul,FULL MATCH
21,Odisha,248142,Athamallik,Notified Area Council,344.0,Angul,FULL MATCH
21,Odisha,259680,Hindol,Notified Area Council,344.0,Angul,FULL MATCH
21,Odisha,250552,Kantabanji,Notified Area Council,345.0,Balangir,FULL MATCH
21,Odisha,250553,Titlagarh,Municipality,345.0,Balangir,FULL MATCH
21,Odisha,250554,Patnagarh,Notified Area Council,345.0,Balangir,FULL MATCH
21,Odisha,250555,Balangir,Municipality,345.0,Balangir,AMBIGUOUS MATCH
21,Odisha,263006,Tusura,Notified Area Council,345.0,Balangir,FULL MATCH
21,Odisha,250484,Nilagiri,Notified Area Council,346.0,Balasore,FULL MATCH
21,Odisha,250485,Soro,Municipality,346.0,Balasore,FULL MATCH
21,Odisha,300314,Remuna,Notified Area Council,346.0,Balasore,FULL MATCH
21,Odisha,250446,Padmapur,Notified Area Council,347.0,Bargarh,FULL MATCH
21,Odisha,250447,Barapali,Notified Area Council,347.0,Bargarh,FULL MATCH
21,Odisha,259705,Attabira,Notified Area Council,347.0,Bargarh,FULL MATCH
21,Odisha,276628,Bijepur,Notified Area Council,347.0,Bargarh,FULL MATCH
21,Odisha,250487,Bhadrak,Municipality,348.0,Bhadrak,FULL MATCH
21,Odisha,250489,Basudebpur,Municipality,348.0,Bhadrak,FULL MATCH
21,Odisha,276631,Chandabali,Notified Area Council,348.0,Bhadrak,FULL MATCH
21,Odisha,276632,Dhamanagar,Notified Area Council,348.0,Bhadrak,FULL MATCH
21,Odisha,250548,Boudhgarh,Notified Area Council,349.0,Boudh,FULL MATCH
21,Odisha,250494,Choudwar,Municipality,350.0,Cuttack,FULL MATCH
21,Odisha,250498,Athagad,Notified Area Council,350.0,Cuttack,FULL MATCH
21,Odisha,250500,Banki,Notified Area Council,350.0,Cuttack,FULL MATCH
21,Odisha,250501,Cuttack,Municipal Corporations,350.0,Cuttack,AMBIGUOUS MATCH
21,Odisha,263336,Jagatsinghpur,Municipality,350.0,Cuttack,FULL MATCH
21,Odisha,250457,Debagarh,Municipality,351.0,Deogarh,FULL MATCH
21,Odisha,248058,Kamakhyanagar,Notified Area Council,352.0,Dhenkanal,FULL MATCH
21,Odisha,248059,Bhuban,Notified Area Council,352.0,Dhenkanal,FULL MATCH
21,Odisha,248060,Dhenkanal,Municipality,352.0,Dhenkanal,FULL MATCH
21,Odisha,259680,Hindol,Notified Area Council,352.0,Dhenkanal,FULL MATCH
21,Odisha,250544,Paralakhemundi,Municipality,353.0,Gajapati,FULL MATCH
21,Odisha,250545,Kasinagar,Notified Area Council,353.0,Gajapati,FULL MATCH
21,Odisha,250525,Buguda,Notified Area Council,354.0,Ganjam,FULL MATCH
21,Odisha,250526,Bhanjanagar,Notified Area Council,354.0,Ganjam,FULL MATCH
21,Odisha,250528,Surada,Notified Area Council,354.0,Ganjam,FULL MATCH
21,Odisha,250529,Asika,Notified Area Council,354.0,Ganjam,FULL MATCH
21,Odisha,250531,Purusottampur,Notified Area Council,354.0,Ganjam,FULL MATCH
21,Odisha,250532,Kavisurjyanagar,Notified Area Council,354.0,Ganjam,FULL MATCH
21,Odisha,250533,Polasara,Notified Area Council,354.0,Ganjam,FULL MATCH
21,Odisha,250534,Kodala,Notified Area Council,354.0,Ganjam,FULL MATCH
21,Odisha,250535,Khalikote,Notified Area Council,354.0,Ganjam,FULL MATCH
21,Odisha,250536,Rambha,Notified Area Council,354.0,Ganjam,FULL MATCH
21,Odisha,250537,Chhatrapur,Notified Area Council,354.0,Ganjam,AMBIGUOUS MATCH
21,Odisha,250538,Ganjam,Notified Area Council,354.0,Ganjam,FULL MATCH
21,Odisha,250539,Gopalpur,Notified Area Council,354.0,Ganjam,FULL MATCH
21,Odisha,250540,Chikiti,Notified Area Council,354.0,Ganjam,FULL MATCH
21,Odisha,250541,Digapahandi,Notified Area Council,354.0,Ganjam,FULL MATCH
21,Odisha,250542,Hinjilicut,Municipality,354.0,Ganjam,FULL MATCH
21,Odisha,250543,Berhampur,Municipal Corporations,354.0,Ganjam,AMBIGUOUS MATCH
21,Odisha,250545,Kasinagar,Notified Area Council,354.0,Ganjam,FULL MATCH
21,Odisha,263324,Paradeep,Municipality,355.0,Jagatsinghapur,FULL MATCH
21,Odisha,263336,Jagatsinghpur,Municipality,355.0,Jagatsinghapur,FULL MATCH
21,Odisha,250502,Vyasanagar,Municipality,356.0,Jajpur,FULL MATCH
21,Odisha,250503,Jajapur,Municipality,356.0,Jajpur,FULL MATCH
21,Odisha,250451,Brajarajnagar,Municipality,357.0,Jharsuguda,FULL MATCH
21,Odisha,250452,Jharsuguda,Municipality,357.0,Jharsuguda,AMBIGUOUS MATCH
21,Odisha,250559,Kesinga,Notified Area Council,358.0,Kalahandi,FULL MATCH
21,Odisha,250560,Junagarh,Notified Area Council,358.0,Kalahandi,FULL MATCH
21,Odisha,263009,Dharmagarh,Notified Area Council,358.0,Kalahandi,FULL MATCH
21,Odisha,250546,Phulabani,Municipality,359.0,Kandhamal,FULL MATCH
21,Odisha,250547,G. Udayagiri,Notified Area Council,359.0,Kandhamal,FULL MATCH
21,Odisha,263005,Baliguda,Notified Area Council,359.0,Kandhamal,FULL MATCH
21,Odisha,250490,Pattamundai,Municipality,360.0,Kendrapara,FULL MATCH
21,Odisha,250491,Kendrapara,Municipality,360.0,Kendrapara,FULL MATCH
21,Odisha,250469,Barbil,Municipality,361.0,Keonjhar,FULL MATCH
21,Odisha,250471,Joda,Municipality,361.0,Keonjhar,FULL MATCH
21,Odisha,250476,Anandapur,Municipality,361.0,Keonjhar,FULL MATCH
21,Odisha,263000,Champua,Notified Area Council,361.0,Keonjhar,FULL MATCH
21,Odisha,250514,Khordha,Municipality,362.0,Khordha,FULL MATCH
21,Odisha,250516,Jatani,Municipality,362.0,Khordha,FULL MATCH
21,Odisha,250517,Balugaon,Notified Area Council,362.0,Khordha,FULL MATCH
21,Odisha,250519,Banapur,Notified Area Council,362.0,Khordha,FULL MATCH
21,Odisha,250520,Bhubaneswar,Municipal Corporations,362.0,Khordha,AMBIGUOUS MATCH
21,Odisha,250570,Kotpad,Notified Area Council,363.0,Koraput,FULL MATCH
21,Odisha,250571,Koraput,Municipality,363.0,Koraput,FULL MATCH
21,Odisha,250573,Sunabeda,Municipality,363.0,Koraput,FULL MATCH
21,Odisha,250574,Jeypur,Municipality,363.0,Koraput,AMBIGUOUS MATCH
21,Odisha,250576,Balimela,Notified Area Council,364.0,Malkangiri,FULL MATCH
21,Odisha,263345,Malkangiri,Municipality,364.0,Malkangiri,FULL MATCH
21,Odisha,250478,Rairangpur,Municipality,365.0,Mayurbhanj,FULL MATCH
21,Odisha,250479,Udala,Notified Area Council,365.0,Mayurbhanj,FULL MATCH
21,Odisha,250480,Karanjia,Notified Area Council,365.0,Mayurbhanj,FULL MATCH
21,Odisha,250481,Baripada,Municipality,365.0,Mayurbhanj,FULL MATCH
21,Odisha,250567,Umarkote,Municipality,366.0,Nabarangpur,FULL MATCH
21,Odisha,250510,Khandapada,Notified Area Council,367.0,Nayagarh,FULL MATCH
21,Odisha,250512,Nayagarh,Municipality,367.0,Nayagarh,FULL MATCH
21,Odisha,262987,Dasapalla,Notified Area Council,367.0,Nayagarh,FULL MATCH
21,Odisha,262994,Ranapur,Notified Area Council,367.0,Nayagarh,FULL MATCH
21,Odisha,276434,Odogaon,Notified Area Council,367.0,Nayagarh,FULL MATCH
21,Odisha,250556,Khariar Road,Notified Area Council,368.0,Nuapada,FULL MATCH
21,Odisha,250557,Khariar,Notified Area Council,368.0,Nuapada,FULL MATCH
21,Odisha,259201,Nuapada,Notified Area Council,368.0,Nuapada,FULL MATCH
21,Odisha,250520,Bhubaneswar,Municipal Corporations,369.0,Puri,AMBIGUOUS MATCH
21,Odisha,250521,Pipili,Notified Area Council,369.0,Puri,FULL MATCH
21,Odisha,250522,Nimapada,Notified Area Council,369.0,Puri,FULL MATCH
21,Odisha,250523,Konark,Notified Area Council,369.0,Puri,FULL MATCH
21,Odisha,250524,Puri,Municipality,369.0,Puri,AMBIGUOUS MATCH
21,Odisha,250563,Gudari,Notified Area Council,370.0,Rayagada,FULL MATCH
21,Odisha,250564,Gunupur,Municipality,370.0,Rayagada,FULL MATCH
21,Odisha,250453,Kochinda,Notified Area Council,371.0,Sambalpur,FULL MATCH
21,Odisha,250454,Redhakhol,Notified Area Council,371.0,Sambalpur,FULL MATCH
21,Odisha,253100,Sambalpur,Municipal Corporations,371.0,Sambalpur,AMBIGUOUS MATCH
21,Odisha,250549,Tarbha,Notified Area Council,372.0,Sonepur,FULL MATCH
21,Odisha,250550,Sonapur,Municipality,372.0,Sonepur,FULL MATCH
21,Odisha,250551,Binika,Notified Area Council,372.0,Sonepur,FULL MATCH
21,Odisha,250459,Rajagangapur,Municipality,373.0,Sundargarh,FULL MATCH
21,Odisha,250462,Biramitrapur,Municipality,373.0,Sundargarh,FULL MATCH
21,Odisha,250467,Raurkela,Municipal Corporations,373.0,Sundargarh,AMBIGUOUS MATCH
21,Odisha,250448,Bargarh,Municipality,,,NO MATCH
21,Odisha,250450,Belpahar,Municipality,,,NO MATCH
21,Odisha,250458,Sundargarh,Municipality,,,NO MATCH
21,Odisha,250474,Kendujhar,Municipality,,,NO MATCH
21,Odisha,250482,Jaleswar,Municipality,,,NO MATCH
21,Odisha,250486,Baleshwar,Municipality,,,NO MATCH
21,Odisha,250527,Bellaguntha,Notified Area Council,,,NO MATCH
21,Odisha,250558,Bhawanipatna,Municipality,,,NO MATCH
21,Odisha,250565,Rayagada,Municipality,,,NO MATCH
21,Odisha,250569,Nabarangapur,Municipality,,,NO MATCH
22,Chhattisgarh,248143,Bastar,Town Panchayat,374.0,Bastar,FULL MATCH
22,Chhattisgarh,250665,Jagdalpur,Municipal Corporations,374.0,Bastar,FULL MATCH
22,Chhattisgarh,250668,Geedam,Town Panchayat,374.0,Bastar,FULL MATCH
22,Chhattisgarh,250669,Dantewada,Municipality,374.0,Bastar,FULL MATCH
22,Chhattisgarh,253215,Barsoor,Town Panchayat,374.0,Bastar,FULL MATCH
22,Chhattisgarh,250601,Baloda,Town Panchayat,375.0,Bilaspur,FULL MATCH
22,Chhattisgarh,250602,Naila Janjgir,Municipality,375.0,Bilaspur,FULL MATCH
22,Chhattisgarh,250611,Lormi,Municipality,375.0,Bilaspur,FULL MATCH
22,Chhattisgarh,250612,Ratanpur,Municipality,375.0,Bilaspur,FULL MATCH
22,Chhattisgarh,250613,Kota,Town Panchayat,375.0,Bilaspur,FULL MATCH
22,Chhattisgarh,250615,Takhatpur,Municipality,375.0,Bilaspur,FULL MATCH
22,Chhattisgarh,250616,Bilaspur,Municipal Corporations,375.0,Bilaspur,FULL MATCH
22,Chhattisgarh,250621,Bodri,Municipality,375.0,Bilaspur,FULL MATCH
22,Chhattisgarh,250622,Bilha,Town Panchayat,375.0,Bilaspur,FULL MATCH
22,Chhattisgarh,253110,Pali,Town Panchayat,375.0,Bilaspur,FULL MATCH
22,Chhattisgarh,253148,Nawagarh,Town Panchayat,375.0,Bilaspur,FULL MATCH
22,Chhattisgarh,253174,Malhar,Town Panchayat,375.0,Bilaspur,FULL MATCH
22,Chhattisgarh,253176,Sargaon,Town Panchayat,375.0,Bilaspur,FULL MATCH
22,Chhattisgarh,301512,Pamgarh,Town Panchayat,375.0,Bilaspur,FULL MATCH
22,Chhattisgarh,301522,Barela,Town Panchayat,375.0,Bilaspur,FULL MATCH
22,Chhattisgarh,250668,Geedam,Town Panchayat,376.0,Dakshin Bastar Dantewada,FULL MATCH
22,Chhattisgarh,250669,Dantewada,Municipality,376.0,Dakshin Bastar Dantewada,FULL MATCH
22,Chhattisgarh,250670,Bade Bacheli,Municipality,376.0,Dakshin Bastar Dantewada,FULL MATCH
22,Chhattisgarh,250671,Kirandul,Municipality,376.0,Dakshin Bastar Dantewada,FULL MATCH
22,Chhattisgarh,253215,Barsoor,Town Panchayat,376.0,Dakshin Bastar Dantewada,FULL MATCH
22,Chhattisgarh,253244,Bijapur,Municipality,376.0,Dakshin Bastar Dantewada,FULL MATCH
22,Chhattisgarh,248061,Kurud,Municipality,377.0,Dhamtari,FULL MATCH
22,Chhattisgarh,248062,Dhamtari,Municipal Corporations,377.0,Dhamtari,FULL MATCH
22,Chhattisgarh,250663,Kanker,Municipality,377.0,Dhamtari,FULL MATCH
22,Chhattisgarh,253106,Aamdi,Town Panchayat,377.0,Dhamtari,FULL MATCH
22,Chhattisgarh,253107,Bhakhara,Town Panchayat,377.0,Dhamtari,FULL MATCH
22,Chhattisgarh,253108,Magarlod,Town Panchayat,377.0,Dhamtari,FULL MATCH
22,Chhattisgarh,253109,Nagri,Town Panchayat,377.0,Dhamtari,FULL MATCH
22,Chhattisgarh,253144,Charama,Town Panchayat,377.0,Dhamtari,FULL MATCH
22,Chhattisgarh,253177,Abhanpur,Municipality,377.0,Dhamtari,FULL MATCH
22,Chhattisgarh,253178,Rajim,Town Panchayat,377.0,Dhamtari,FULL MATCH
22,Chhattisgarh,253182,Gariabandh,Municipality,377.0,Dhamtari,FULL MATCH
22,Chhattisgarh,253249,Narharpur,Town Panchayat,377.0,Dhamtari,FULL MATCH
22,Chhattisgarh,298991,Chandkhuri,Town Panchayat,377.0,Dhamtari,FULL MATCH
22,Chhattisgarh,300355,Mandir Hasod,Municipality,377.0,Dhamtari,FULL MATCH
22,Chhattisgarh,250634,Dhamdha,Town Panchayat,378.0,Durg,FULL MATCH
22,Chhattisgarh,250635,Ahiwara,Municipality,378.0,Durg,FULL MATCH
22,Chhattisgarh,250636,Jamul,Municipality,378.0,Durg,FULL MATCH
22,Chhattisgarh,250637,Kumhari,Municipality,378.0,Durg,FULL MATCH
22,Chhattisgarh,250638,Bhilai Charoda,Municipal Corporations,378.0,Durg,FULL MATCH
22,Chhattisgarh,250639,Bhilai,Municipal Corporations,378.0,Durg,AMBIGUOUS MATCH
22,Chhattisgarh,250640,Durg,Municipal Corporations,378.0,Durg,AMBIGUOUS MATCH
22,Chhattisgarh,250641,Patan,Town Panchayat,378.0,Durg,FULL MATCH
22,Chhattisgarh,253114,Bhatgaon,Town Panchayat,378.0,Durg,AMBIGUOUS MATCH
22,Chhattisgarh,253150,Parpodi,Town Panchayat,378.0,Durg,FULL MATCH
22,Chhattisgarh,253152,Berla,Town Panchayat,378.0,Durg,FULL MATCH
22,Chhattisgarh,253153,Utai,Town Panchayat,378.0,Durg,FULL MATCH
22,Chhattisgarh,253154,Gunderdehi,Town Panchayat,378.0,Durg,FULL MATCH
22,Chhattisgarh,253155,Arjunda,Town Panchayat,378.0,Durg,FULL MATCH
22,Chhattisgarh,296874,Risali,Municipal Corporations,378.0,Durg,FULL MATCH
22,Chhattisgarh,299657,Amleshwar,Municipality,378.0,Durg,FULL MATCH
22,Chhattisgarh,301511,Bhinbhouree,Town Panchayat,378.0,Durg,FULL MATCH
22,Chhattisgarh,250601,Baloda,Town Panchayat,379.0,Janjgir-Champa,FULL MATCH
22,Chhattisgarh,250602,Naila Janjgir,Municipality,379.0,Janjgir-Champa,FULL MATCH
22,Chhattisgarh,250603,Akaltara,Municipality,379.0,Janjgir-Champa,FULL MATCH
22,Chhattisgarh,250604,Shivrinarayan,Town Panchayat,379.0,Janjgir-Champa,FULL MATCH
22,Chhattisgarh,250605,Champa,Municipality,379.0,Janjgir-Champa,FULL MATCH
22,Chhattisgarh,250607,Naya Baradwar,Town Panchayat,379.0,Janjgir-Champa,FULL MATCH
22,Chhattisgarh,250608,Kharod,Town Panchayat,379.0,Janjgir-Champa,FULL MATCH
22,Chhattisgarh,253148,Nawagarh,Town Panchayat,379.0,Janjgir-Champa,FULL MATCH
22,Chhattisgarh,253174,Malhar,Town Panchayat,379.0,Janjgir-Champa,FULL MATCH
22,Chhattisgarh,253287,Saragaon,Town Panchayat,379.0,Janjgir-Champa,FULL MATCH
22,Chhattisgarh,253288,Rahoud,Town Panchayat,379.0,Janjgir-Champa,FULL MATCH
22,Chhattisgarh,301512,Pamgarh,Town Panchayat,379.0,Janjgir-Champa,FULL MATCH
22,Chhattisgarh,301526,Nariyara,Town Panchayat,379.0,Janjgir-Champa,FULL MATCH
22,Chhattisgarh,301919,Bamhanidih,Town Panchayat,379.0,Janjgir-Champa,FULL MATCH
22,Chhattisgarh,250590,Jashpur Nagar,Municipality,380.0,Jashpur,FULL MATCH
22,Chhattisgarh,250591,Pathalgaon,Municipality,380.0,Jashpur,FULL MATCH
22,Chhattisgarh,253198,Kunkuri,Town Panchayat,380.0,Jashpur,FULL MATCH
22,Chhattisgarh,253199,Kotba,Town Panchayat,380.0,Jashpur,FULL MATCH
22,Chhattisgarh,253200,Bagicha,Town Panchayat,380.0,Jashpur,FULL MATCH
22,Chhattisgarh,253279,Lailunga,Town Panchayat,380.0,Jashpur,FULL MATCH
22,Chhattisgarh,248063,Keshkal,Town Panchayat,381.0,Uttar Bastar Kanker,FULL MATCH
22,Chhattisgarh,248064,Narayanpur,Municipality,381.0,Uttar Bastar Kanker,FULL MATCH
22,Chhattisgarh,250663,Kanker,Municipality,381.0,Uttar Bastar Kanker,FULL MATCH
22,Chhattisgarh,253144,Charama,Town Panchayat,381.0,Uttar Bastar Kanker,FULL MATCH
22,Chhattisgarh,253145,Bhanupratappur,Town Panchayat,381.0,Uttar Bastar Kanker,FULL MATCH
22,Chhattisgarh,253146,Pakhajur,Town Panchayat,381.0,Uttar Bastar Kanker,FULL MATCH
22,Chhattisgarh,253248,Antagarh,Town Panchayat,381.0,Uttar Bastar Kanker,FULL MATCH
22,Chhattisgarh,253249,Narharpur,Town Panchayat,381.0,Uttar Bastar Kanker,FULL MATCH
22,Chhattisgarh,250623,Kawardha,Municipality,382.0,Kabeerdham,FULL MATCH
22,Chhattisgarh,250624,Pandariya,Municipality,382.0,Kabeerdham,FULL MATCH
22,Chhattisgarh,250625,Gandai,Town Panchayat,382.0,Kabeerdham,FULL MATCH
22,Chhattisgarh,273465,Pipariya,Town Panchayat,382.0,Kabeerdham,FULL MATCH
22,Chhattisgarh,273466,Bodla,Town Panchayat,382.0,Kabeerdham,FULL MATCH
22,Chhattisgarh,273467,Pandatarai,Town Panchayat,382.0,Kabeerdham,FULL MATCH
22,Chhattisgarh,273468,Sahaspur-Lohara,Town Panchayat,382.0,Kabeerdham,FULL MATCH
22,Chhattisgarh,301507,Indouri,Town Panchayat,382.0,Kabeerdham,FULL MATCH
22,Chhattisgarh,250597,Katghora,Municipality,383.0,Korba,FULL MATCH
22,Chhattisgarh,250598,Korba,Municipal Corporations,383.0,Korba,FULL MATCH
22,Chhattisgarh,250599,Dipka,Municipality,383.0,Korba,FULL MATCH
22,Chhattisgarh,250605,Champa,Municipality,383.0,Korba,FULL MATCH
22,Chhattisgarh,253110,Pali,Town Panchayat,383.0,Korba,FULL MATCH
22,Chhattisgarh,253111,Churikala,Town Panchayat,383.0,Korba,FULL MATCH
22,Chhattisgarh,301510,Banki Mongra,Municipality,383.0,Korba,FULL MATCH
22,Chhattisgarh,250578,Chirimiri,Municipal Corporations,384.0,Korea,FULL MATCH
22,Chhattisgarh,250579,Baikunthpur,Municipality,384.0,Korea,FULL MATCH
22,Chhattisgarh,259685,Shivpur Charcha,Municipality,384.0,Korea,FULL MATCH
22,Chhattisgarh,301809,Patna,Town Panchayat,384.0,Korea,FULL MATCH
22,Chhattisgarh,250658,Basna,Town Panchayat,385.0,Mahasamund,FULL MATCH
22,Chhattisgarh,250659,Saraipali,Municipality,385.0,Mahasamund,FULL MATCH
22,Chhattisgarh,250660,Pithora,Town Panchayat,385.0,Mahasamund,FULL MATCH
22,Chhattisgarh,250661,Mahasamund,Municipality,385.0,Mahasamund,FULL MATCH
22,Chhattisgarh,250662,Bagbahara,Municipality,385.0,Mahasamund,FULL MATCH
22,Chhattisgarh,253105,Tumgaon,Town Panchayat,385.0,Mahasamund,FULL MATCH
22,Chhattisgarh,250591,Pathalgaon,Municipality,386.0,Raigarh,FULL MATCH
22,Chhattisgarh,250592,Dharamjaigarh,Town Panchayat,386.0,Raigarh,FULL MATCH
22,Chhattisgarh,250593,Gharghoda,Town Panchayat,386.0,Raigarh,FULL MATCH
22,Chhattisgarh,250594,Raigarh,Municipal Corporations,386.0,Raigarh,FULL MATCH
22,Chhattisgarh,250595,Kharsia,Municipality,386.0,Raigarh,FULL MATCH
22,Chhattisgarh,253199,Kotba,Town Panchayat,386.0,Raigarh,FULL MATCH
22,Chhattisgarh,253278,Pussore,Town Panchayat,386.0,Raigarh,FULL MATCH
22,Chhattisgarh,253279,Lailunga,Town Panchayat,386.0,Raigarh,FULL MATCH
22,Chhattisgarh,253280,Kirodimal Nagar,Town Panchayat,386.0,Raigarh,FULL MATCH
22,Chhattisgarh,250644,Simga,Municipality,387.0,Raipur,FULL MATCH
22,Chhattisgarh,250646,Kurra,Town Panchayat,387.0,Raipur,FULL MATCH
22,Chhattisgarh,250649,Gobra Nawapara,Municipality,387.0,Raipur,FULL MATCH
22,Chhattisgarh,250650,Arang,Municipality,387.0,Raipur,FULL MATCH
22,Chhattisgarh,250652,Kharora,Town Panchayat,387.0,Raipur,FULL MATCH
22,Chhattisgarh,250653,Raipur,Municipal Corporations,387.0,Raipur,FULL MATCH
22,Chhattisgarh,250655,Mana Camp,Town Panchayat,387.0,Raipur,FULL MATCH
22,Chhattisgarh,250657,Tilda Newra,Municipality,387.0,Raipur,FULL MATCH
22,Chhattisgarh,253177,Abhanpur,Municipality,387.0,Raipur,FULL MATCH
22,Chhattisgarh,253178,Rajim,Town Panchayat,387.0,Raipur,FULL MATCH
22,Chhattisgarh,253179,Birgaon,Municipal Corporations,387.0,Raipur,FULL MATCH
22,Chhattisgarh,298990,Samoda,Town Panchayat,387.0,Raipur,FULL MATCH
22,Chhattisgarh,298991,Chandkhuri,Town Panchayat,387.0,Raipur,FULL MATCH
22,Chhattisgarh,300355,Mandir Hasod,Municipality,387.0,Raipur,FULL MATCH
22,Chhattisgarh,301509,Sarsiwan,Town Panchayat,387.0,Raipur,FULL MATCH
22,Chhattisgarh,250628,Dongargarh,Municipality,388.0,Rajnandgaon,FULL MATCH
22,Chhattisgarh,250629,Rajnandgaon,Municipal Corporations,388.0,Rajnandgaon,FULL MATCH
22,Chhattisgarh,250630,Dongargaon,Town Panchayat,388.0,Rajnandgaon,FULL MATCH
22,Chhattisgarh,250631,Ambagarh Chowki,Town Panchayat,388.0,Rajnandgaon,FULL MATCH
22,Chhattisgarh,250640,Durg,Municipal Corporations,388.0,Rajnandgaon,AMBIGUOUS MATCH
22,Chhattisgarh,253112,Chhuriya,Town Panchayat,388.0,Rajnandgaon,FULL MATCH
22,Chhattisgarh,253114,Bhatgaon,Town Panchayat,388.0,Rajnandgaon,AMBIGUOUS MATCH
22,Chhattisgarh,301808,Lal Bahadur Nagar,Town Panchayat,388.0,Rajnandgaon,FULL MATCH
22,Chhattisgarh,301920,Ghumka,Town Panchayat,388.0,Rajnandgaon,FULL MATCH
22,Chhattisgarh,250588,Ambikapur,Municipal Corporations,389.0,Surguja,FULL MATCH
22,Chhattisgarh,253120,Sitapur,Town Panchayat,389.0,Surguja,FULL MATCH
22,Chhattisgarh,253121,Lakhanpur,Town Panchayat,389.0,Surguja,FULL MATCH
22,Chhattisgarh,250669,Dantewada,Municipality,636.0,Bijapur,FULL MATCH
22,Chhattisgarh,253244,Bijapur,Municipality,636.0,Bijapur,FULL MATCH
22,Chhattisgarh,253245,Bhairamgarh,Town Panchayat,636.0,Bijapur,FULL MATCH
22,Chhattisgarh,253246,Bhopalpatnam,Town Panchayat,636.0,Bijapur,FULL MATCH
22,Chhattisgarh,248064,Narayanpur,Municipality,637.0,Narayanpur,FULL MATCH
22,Chhattisgarh,253145,Bhanupratappur,Town Panchayat,637.0,Narayanpur,FULL MATCH
22,Chhattisgarh,253216,Sukma,Municipality,642.0,Sukma,FULL MATCH
22,Chhattisgarh,253217,Konta,Town Panchayat,642.0,Sukma,FULL MATCH
22,Chhattisgarh,253218,Dornapal,Town Panchayat,642.0,Sukma,FULL MATCH
22,Chhattisgarh,248063,Keshkal,Town Panchayat,643.0,Kondagaon,FULL MATCH
22,Chhattisgarh,248064,Narayanpur,Municipality,643.0,Kondagaon,FULL MATCH
22,Chhattisgarh,250663,Kanker,Municipality,643.0,Kondagaon,FULL MATCH
22,Chhattisgarh,250664,Kondagaon,Municipality,643.0,Kondagaon,FULL MATCH
22,Chhattisgarh,265121,Farasgaon,Town Panchayat,643.0,Kondagaon,FULL MATCH
22,Chhattisgarh,250644,Simga,Municipality,644.0,Balodabazar-Bhatapara,FULL MATCH
22,Chhattisgarh,250645,Kasdol,Town Panchayat,644.0,Balodabazar-Bhatapara,FULL MATCH
22,Chhattisgarh,250647,Palari,Town Panchayat,644.0,Balodabazar-Bhatapara,FULL MATCH
22,Chhattisgarh,250648,Baloda Bazar,Municipality,644.0,Balodabazar-Bhatapara,FULL MATCH
22,Chhattisgarh,250650,Arang,Municipality,644.0,Balodabazar-Bhatapara,FULL MATCH
22,Chhattisgarh,250651,Bhatapara,Municipality,644.0,Balodabazar-Bhatapara,FULL MATCH
22,Chhattisgarh,250652,Kharora,Town Panchayat,644.0,Balodabazar-Bhatapara,FULL MATCH
22,Chhattisgarh,250654,Tundra,Town Panchayat,644.0,Balodabazar-Bhatapara,FULL MATCH
22,Chhattisgarh,250656,Bilaigarh,Town Panchayat,644.0,Balodabazar-Bhatapara,FULL MATCH
22,Chhattisgarh,250660,Pithora,Town Panchayat,644.0,Balodabazar-Bhatapara,FULL MATCH
22,Chhattisgarh,253184,Lavan,Town Panchayat,644.0,Balodabazar-Bhatapara,FULL MATCH
22,Chhattisgarh,298990,Samoda,Town Panchayat,644.0,Balodabazar-Bhatapara,FULL MATCH
22,Chhattisgarh,301527,Pawni,Town Panchayat,644.0,Balodabazar-Bhatapara,FULL MATCH
22,Chhattisgarh,301528,Rohansi,Town Panchayat,644.0,Balodabazar-Bhatapara,FULL MATCH
22,Chhattisgarh,250649,Gobra Nawapara,Municipality,645.0,Gariyaband,FULL MATCH
22,Chhattisgarh,253177,Abhanpur,Municipality,645.0,Gariyaband,FULL MATCH
22,Chhattisgarh,253178,Rajim,Town Panchayat,645.0,Gariyaband,FULL MATCH
22,Chhattisgarh,253180,Fingeswar,Town Panchayat,645.0,Gariyaband,FULL MATCH
22,Chhattisgarh,253181,Churra,Town Panchayat,645.0,Gariyaband,FULL MATCH
22,Chhattisgarh,253182,Gariabandh,Municipality,645.0,Gariyaband,FULL MATCH
22,Chhattisgarh,298991,Chandkhuri,Town Panchayat,645.0,Gariyaband,FULL MATCH
22,Chhattisgarh,300355,Mandir Hasod,Municipality,645.0,Gariyaband,FULL MATCH
22,Chhattisgarh,301514,Kopra,Town Panchayat,645.0,Gariyaband,FULL MATCH
22,Chhattisgarh,301812,Devbhog,Town Panchayat,645.0,Gariyaband,FULL MATCH
22,Chhattisgarh,250631,Ambagarh Chowki,Town Panchayat,646.0,Balod,FULL MATCH
22,Chhattisgarh,250642,Balod,Municipality,646.0,Balod,FULL MATCH
22,Chhattisgarh,250643,Dalli Rajhara,Municipality,646.0,Balod,FULL MATCH
22,Chhattisgarh,253154,Gunderdehi,Town Panchayat,646.0,Balod,FULL MATCH
22,Chhattisgarh,253155,Arjunda,Town Panchayat,646.0,Balod,FULL MATCH
22,Chhattisgarh,253156,Dondi,Town Panchayat,646.0,Balod,FULL MATCH
22,Chhattisgarh,253157,Chikhlakasa,Town Panchayat,646.0,Balod,FULL MATCH
22,Chhattisgarh,253158,Gurur,Town Panchayat,646.0,Balod,FULL MATCH
22,Chhattisgarh,253159,Dondilohara,Town Panchayat,646.0,Balod,FULL MATCH
22,Chhattisgarh,250611,Lormi,Municipality,647.0,Mungeli,FULL MATCH
22,Chhattisgarh,250612,Ratanpur,Municipality,647.0,Mungeli,FULL MATCH
22,Chhattisgarh,250613,Kota,Town Panchayat,647.0,Mungeli,FULL MATCH
22,Chhattisgarh,250614,Mungeli,Municipality,647.0,Mungeli,FULL MATCH
22,Chhattisgarh,250615,Takhatpur,Municipality,647.0,Mungeli,FULL MATCH
22,Chhattisgarh,250622,Bilha,Town Panchayat,647.0,Mungeli,FULL MATCH
22,Chhattisgarh,253172,Pathariya,Town Panchayat,647.0,Mungeli,FULL MATCH
22,Chhattisgarh,253176,Sargaon,Town Panchayat,647.0,Mungeli,FULL MATCH
22,Chhattisgarh,301522,Barela,Town Panchayat,647.0,Mungeli,FULL MATCH
22,Chhattisgarh,301630,Jarhagaon,Town Panchayat,647.0,Mungeli,FULL MATCH
22,Chhattisgarh,250585,Surajpur,Municipality,648.0,Surajpur,FULL MATCH
22,Chhattisgarh,250586,Vishrampur,Town Panchayat,648.0,Surajpur,FULL MATCH
22,Chhattisgarh,253114,Bhatgaon,Town Panchayat,648.0,Surajpur,AMBIGUOUS MATCH
22,Chhattisgarh,253115,Jarhi,Town Panchayat,648.0,Surajpur,FULL MATCH
22,Chhattisgarh,253123,Pratappur,Town Panchayat,648.0,Surajpur,FULL MATCH
22,Chhattisgarh,253191,Premnagar,Town Panchayat,648.0,Surajpur,FULL MATCH
22,Chhattisgarh,301867,Shivnandanpur,Town Panchayat,648.0,Surajpur,FULL MATCH
22,Chhattisgarh,250583,Ramanujganj,Municipality,649.0,Balrampur-Ramanujganj,FULL MATCH
22,Chhattisgarh,253116,Wadrafnagar,Town Panchayat,649.0,Balrampur-Ramanujganj,FULL MATCH
22,Chhattisgarh,253117,Rajpur,Town Panchayat,649.0,Balrampur-Ramanujganj,FULL MATCH
22,Chhattisgarh,253118,Kusmi,Town Panchayat,649.0,Balrampur-Ramanujganj,AMBIGUOUS MATCH
22,Chhattisgarh,253119,Balrampur,Municipality,649.0,Balrampur-Ramanujganj,FULL MATCH
22,Chhattisgarh,301834,Kusmi,Town Panchayat,649.0,Balrampur-Ramanujganj,FULL MATCH
22,Chhattisgarh,250632,Bemetara,Municipality,650.0,Bemetara,FULL MATCH
22,Chhattisgarh,250633,Than Khamharia,Town Panchayat,650.0,Bemetara,FULL MATCH
22,Chhattisgarh,250634,Dhamdha,Town Panchayat,650.0,Bemetara,FULL MATCH
22,Chhattisgarh,250635,Ahiwara,Municipality,650.0,Bemetara,FULL MATCH
22,Chhattisgarh,253118,Kusmi,Town Panchayat,650.0,Bemetara,AMBIGUOUS MATCH
22,Chhattisgarh,253149,Saja,Town Panchayat,650.0,Bemetara,FULL MATCH
22,Chhattisgarh,253150,Parpodi,Town Panchayat,650.0,Bemetara,FULL MATCH
22,Chhattisgarh,253151,Devkar,Town Panchayat,650.0,Bemetara,FULL MATCH
22,Chhattisgarh,253152,Berla,Town Panchayat,650.0,Bemetara,FULL MATCH
22,Chhattisgarh,253160,Maro,Town Panchayat,650.0,Bemetara,FULL MATCH
22,Chhattisgarh,253283,Nawagarh,Town Panchayat,650.0,Bemetara,FULL MATCH
22,Chhattisgarh,301508,Dadhi,Town Panchayat,650.0,Bemetara,FULL MATCH
22,Chhattisgarh,301511,Bhinbhouree,Town Panchayat,650.0,Bemetara,FULL MATCH
22,Chhattisgarh,250609,Pendra,Municipality,734.0,Gaurela-Pendra-Marwahi,FULL MATCH
22,Chhattisgarh,250610,Gaurella,Municipality,734.0,Gaurela-Pendra-Marwahi,FULL MATCH
22,Chhattisgarh,301513,Marwahi,Town Panchayat,734.0,Gaurela-Pendra-Marwahi,FULL MATCH
22,Chhattisgarh,250625,Gandai,Town Panchayat,759.0,Khairagarh-Chhuikhadan-Gandai,FULL MATCH
22,Chhattisgarh,250626,Chhuikhadan,Town Panchayat,759.0,Khairagarh-Chhuikhadan-Gandai,FULL MATCH
22,Chhattisgarh,262094,Khairagarh Municipality,Municipality,759.0,Khairagarh-Chhuikhadan-Gandai,FULL MATCH
22,Chhattisgarh,301920,Ghumka,Town Panchayat,759.0,Khairagarh-Chhuikhadan-Gandai,FULL MATCH
22,Chhattisgarh,250578,Chirimiri,Municipal Corporations,760.0,Manendragarh-Chirmiri-Bharatpur(M C B),FULL MATCH
22,Chhattisgarh,250579,Baikunthpur,Municipality,760.0,Manendragarh-Chirmiri-Bharatpur(M C B),FULL MATCH
22,Chhattisgarh,250580,Manendragarh,Municipality,760.0,Manendragarh-Chirmiri-Bharatpur(M C B),FULL MATCH
22,Chhattisgarh,250581,Khongapani,Town Panchayat,760.0,Manendragarh-Chirmiri-Bharatpur(M C B),FULL MATCH
22,Chhattisgarh,253220,Nai Ladri,Town Panchayat,760.0,Manendragarh-Chirmiri-Bharatpur(M C B),FULL MATCH
22,Chhattisgarh,259685,Shivpur Charcha,Municipality,760.0,Manendragarh-Chirmiri-Bharatpur(M C B),FULL MATCH
22,Chhattisgarh,301515,Janakpur,Town Panchayat,760.0,Manendragarh-Chirmiri-Bharatpur(M C B),FULL MATCH
22,Chhattisgarh,250628,Dongargarh,Municipality,761.0,Mohla-Manpur-Ambagarh Chouki,FULL MATCH
22,Chhattisgarh,250631,Ambagarh Chowki,Town Panchayat,761.0,Mohla-Manpur-Ambagarh Chouki,FULL MATCH
22,Chhattisgarh,250606,Sakti,Municipality,762.0,Sakti,FULL MATCH
22,Chhattisgarh,250607,Naya Baradwar,Town Panchayat,762.0,Sakti,FULL MATCH
22,Chhattisgarh,253284,Jaijaipur,Town Panchayat,762.0,Sakti,FULL MATCH
22,Chhattisgarh,253285,Chandrapur,Town Panchayat,762.0,Sakti,FULL MATCH
22,Chhattisgarh,253286,Dhabhara,Town Panchayat,762.0,Sakti,FULL MATCH
22,Chhattisgarh,253289,Adbhar,Town Panchayat,762.0,Sakti,FULL MATCH
22,Chhattisgarh,250596,Sarangarh,Municipality,763.0,Sarangarh-Bilaigarh,FULL MATCH
22,Chhattisgarh,250652,Kharora,Town Panchayat,763.0,Sarangarh-Bilaigarh,FULL MATCH
22,Chhattisgarh,250656,Bilaigarh,Town Panchayat,763.0,Sarangarh-Bilaigarh,FULL MATCH
22,Chhattisgarh,253183,Bhatgaon,Town Panchayat,763.0,Sarangarh-Bilaigarh,FULL MATCH
22,Chhattisgarh,253276,Baramkela,Town Panchayat,763.0,Sarangarh-Bilaigarh,FULL MATCH
22,Chhattisgarh,253277,Saria,Town Panchayat,763.0,Sarangarh-Bilaigarh,FULL MATCH
22,Chhattisgarh,301509,Sarsiwan,Town Panchayat,763.0,Sarangarh-Bilaigarh,FULL MATCH
22,Chhattisgarh,301527,Pawni,Town Panchayat,763.0,Sarangarh-Bilaigarh,FULL MATCH
22,Chhattisgarh,250582,Jhagrakhand,Town Panchayat,,,NO MATCH
23,Madhya Pradesh,253193,Kotma,Municipality,390.0,Anuppur,FULL MATCH
23,Madhya Pradesh,253194,Bijuri,Municipality,390.0,Anuppur,FULL MATCH
23,Madhya Pradesh,253195,Amarkantak,Town Panchayat,390.0,Anuppur,FULL MATCH
23,Madhya Pradesh,253196,Jaithari,Town Panchayat,390.0,Anuppur,FULL MATCH
23,Madhya Pradesh,253197,Pasan,Municipality,390.0,Anuppur,FULL MATCH
23,Madhya Pradesh,265847,Anuppur Np,Municipality,390.0,Anuppur,FULL MATCH
23,Madhya Pradesh,298927,Dola,Town Panchayat,390.0,Anuppur,FULL MATCH
23,Madhya Pradesh,298928,Doomar Kachhar,Town Panchayat,390.0,Anuppur,FULL MATCH
23,Madhya Pradesh,299278,Rajnagar Bangawan,Town Panchayat,390.0,Anuppur,FULL MATCH
23,Madhya Pradesh,250712,Isagarh,Town Panchayat,391.0,Ashoknagar,FULL MATCH
23,Madhya Pradesh,250713,Chanderi,Municipality,391.0,Ashoknagar,FULL MATCH
23,Madhya Pradesh,250715,Ashoknagar,Municipality,391.0,Ashoknagar,FULL MATCH
23,Madhya Pradesh,250717,Mungaoli,Town Panchayat,391.0,Ashoknagar,FULL MATCH
23,Madhya Pradesh,262977,Shadora,Town Panchayat,391.0,Ashoknagar,FULL MATCH
23,Madhya Pradesh,299252,Piprai,Town Panchayat,391.0,Ashoknagar,FULL MATCH
23,Madhya Pradesh,250984,Katangi,Town Panchayat,392.0,Balaghat,FULL MATCH
23,Madhya Pradesh,251037,Waraseoni,Municipality,392.0,Balaghat,FULL MATCH
23,Madhya Pradesh,251040,Balaghat,Municipality,392.0,Balaghat,FULL MATCH
23,Madhya Pradesh,251041,Baihar,Town Panchayat,392.0,Balaghat,FULL MATCH
23,Madhya Pradesh,251042,Malajkhand,Municipality,392.0,Balaghat,FULL MATCH
23,Madhya Pradesh,253162,Lanji,Town Panchayat,392.0,Balaghat,FULL MATCH
23,Madhya Pradesh,250908,Sanawad,Municipality,393.0,Barwani,FULL MATCH
23,Madhya Pradesh,250909,Maheshwar,Town Panchayat,393.0,Barwani,FULL MATCH
23,Madhya Pradesh,250910,Mandleshwar,Town Panchayat,393.0,Barwani,FULL MATCH
23,Madhya Pradesh,250911,Kasrawad,Town Panchayat,393.0,Barwani,FULL MATCH
23,Madhya Pradesh,250913,Khargone,Municipality,393.0,Barwani,FULL MATCH
23,Madhya Pradesh,250914,Barwani,Municipality,393.0,Barwani,FULL MATCH
23,Madhya Pradesh,250915,Anjad,Town Panchayat,393.0,Barwani,FULL MATCH
23,Madhya Pradesh,250916,Rajpur,Town Panchayat,393.0,Barwani,FULL MATCH
23,Madhya Pradesh,250917,Pansemal,Town Panchayat,393.0,Barwani,FULL MATCH
23,Madhya Pradesh,250918,Khetia,Town Panchayat,393.0,Barwani,FULL MATCH
23,Madhya Pradesh,250919,Sendhwa,Municipality,393.0,Barwani,FULL MATCH
23,Madhya Pradesh,250923,Khandwa,Municipal Corporations,393.0,Barwani,FULL MATCH
23,Madhya Pradesh,250928,Machalpur,Town Panchayat,393.0,Barwani,AMBIGUOUS MATCH
23,Madhya Pradesh,253251,Palsud,Town Panchayat,393.0,Barwani,FULL MATCH
23,Madhya Pradesh,297118,Niwali Bujurg,Town Panchayat,393.0,Barwani,FULL MATCH
23,Madhya Pradesh,297119,Thikri,Town Panchayat,393.0,Barwani,FULL MATCH
23,Madhya Pradesh,248069,Sarni,Municipality,394.0,Betul,FULL MATCH
23,Madhya Pradesh,248070,Betul Bazar,Town Panchayat,394.0,Betul,FULL MATCH
23,Madhya Pradesh,248071,Multai,Municipality,394.0,Betul,FULL MATCH
23,Madhya Pradesh,248072,Betul,Municipality,394.0,Betul,FULL MATCH
23,Madhya Pradesh,248073,Amla,Municipality,394.0,Betul,FULL MATCH
23,Madhya Pradesh,250964,Bhainsdehi,Town Panchayat,394.0,Betul,FULL MATCH
23,Madhya Pradesh,263217,Sainkheda,Town Panchayat,394.0,Betul,FULL MATCH
23,Madhya Pradesh,263218,Chicholi,Town Panchayat,394.0,Betul,FULL MATCH
23,Madhya Pradesh,263361,Athner,Town Panchayat,394.0,Betul,FULL MATCH
23,Madhya Pradesh,298919,Ghodadongri,Town Panchayat,394.0,Betul,FULL MATCH
23,Madhya Pradesh,298920,Shahpur,Town Panchayat,394.0,Betul,FULL MATCH
23,Madhya Pradesh,250683,Phuphkalan,Town Panchayat,395.0,Bhind,FULL MATCH
23,Madhya Pradesh,250684,Bhind,Municipality,395.0,Bhind,FULL MATCH
23,Madhya Pradesh,250685,Akoda,Town Panchayat,395.0,Bhind,FULL MATCH
23,Madhya Pradesh,250686,Gormi,Town Panchayat,395.0,Bhind,FULL MATCH
23,Madhya Pradesh,250688,Gohad,Municipality,395.0,Bhind,FULL MATCH
23,Madhya Pradesh,250689,Mau,Town Panchayat,395.0,Bhind,FULL MATCH
23,Madhya Pradesh,250690,Mihona,Town Panchayat,395.0,Bhind,FULL MATCH
23,Madhya Pradesh,250691,Lahar,Municipality,395.0,Bhind,FULL MATCH
23,Madhya Pradesh,250692,Alampur,Town Panchayat,395.0,Bhind,FULL MATCH
23,Madhya Pradesh,250693,Daboh,Town Panchayat,395.0,Bhind,FULL MATCH
23,Madhya Pradesh,290392,Mehgaon,Town Panchayat,395.0,Bhind,FULL MATCH
23,Madhya Pradesh,298924,Malanpur,Town Panchayat,395.0,Bhind,FULL MATCH
23,Madhya Pradesh,250826,Manasa,Town Panchayat,396.0,Bhopal,AMBIGUOUS MATCH
23,Madhya Pradesh,250928,Machalpur,Town Panchayat,396.0,Bhopal,AMBIGUOUS MATCH
23,Madhya Pradesh,250929,Jirapur,Town Panchayat,396.0,Bhopal,FULL MATCH
23,Madhya Pradesh,250945,Berasia,Municipality,396.0,Bhopal,FULL MATCH
23,Madhya Pradesh,250946,Bhopal,Municipal Corporations,396.0,Bhopal,AMBIGUOUS MATCH
23,Madhya Pradesh,250951,Nasrullaganj,Town Panchayat,396.0,Bhopal,FULL MATCH
23,Madhya Pradesh,250959,Mandideep,Municipality,396.0,Bhopal,FULL MATCH
23,Madhya Pradesh,250967,Harda,Municipality,396.0,Bhopal,FULL MATCH
23,Madhya Pradesh,250912,Bhikangaon,Town Panchayat,397.0,Burhanpur,FULL MATCH
23,Madhya Pradesh,250913,Khargone,Municipality,397.0,Burhanpur,FULL MATCH
23,Madhya Pradesh,250923,Khandwa,Municipal Corporations,397.0,Burhanpur,FULL MATCH
23,Madhya Pradesh,250924,Pandhana,Town Panchayat,397.0,Burhanpur,FULL MATCH
23,Madhya Pradesh,250925,Burhanpur,Municipal Corporations,397.0,Burhanpur,FULL MATCH
23,Madhya Pradesh,250926,Shahpur Burhanpur,Town Panchayat,397.0,Burhanpur,FULL MATCH
23,Madhya Pradesh,250927,Nepanagar,Municipality,397.0,Burhanpur,FULL MATCH
23,Madhya Pradesh,297119,Thikri,Town Panchayat,397.0,Burhanpur,FULL MATCH
23,Madhya Pradesh,298931,Bistan,Town Panchayat,397.0,Burhanpur,FULL MATCH
23,Madhya Pradesh,250734,Barigarh,Town Panchayat,398.0,Chhatarpur,FULL MATCH
23,Madhya Pradesh,250735,Lavkush Nagar,Town Panchayat,398.0,Chhatarpur,FULL MATCH
23,Madhya Pradesh,250736,Chandla,Town Panchayat,398.0,Chhatarpur,FULL MATCH
23,Madhya Pradesh,250737,Harpalpur,Town Panchayat,398.0,Chhatarpur,FULL MATCH
23,Madhya Pradesh,250738,Nowgong,Municipality,398.0,Chhatarpur,FULL MATCH
23,Madhya Pradesh,250739,Garhi -Malhara,Town Panchayat,398.0,Chhatarpur,FULL MATCH
23,Madhya Pradesh,250740,Maharajpur,Municipality,398.0,Chhatarpur,FULL MATCH
23,Madhya Pradesh,250741,Chhatarpur,Municipality,398.0,Chhatarpur,FULL MATCH
23,Madhya Pradesh,250742,Rajnagar,Town Panchayat,398.0,Chhatarpur,FULL MATCH
23,Madhya Pradesh,250743,Khajuraho,Town Panchayat,398.0,Chhatarpur,FULL MATCH
23,Madhya Pradesh,250744,Bada -Malhera,Town Panchayat,398.0,Chhatarpur,FULL MATCH
23,Madhya Pradesh,250745,Ghuwara,Town Panchayat,398.0,Chhatarpur,FULL MATCH
23,Madhya Pradesh,250746,Satai,Town Panchayat,398.0,Chhatarpur,FULL MATCH
23,Madhya Pradesh,250747,Bijawar,Town Panchayat,398.0,Chhatarpur,FULL MATCH
23,Madhya Pradesh,250748,Buxwaha,Town Panchayat,398.0,Chhatarpur,FULL MATCH
23,Madhya Pradesh,250756,Chand,Town Panchayat,399.0,Chhindwara,FULL MATCH
23,Madhya Pradesh,251007,Harrai,Town Panchayat,399.0,Chhindwara,FULL MATCH
23,Madhya Pradesh,251008,Amarwara,Municipality,399.0,Chhindwara,FULL MATCH
23,Madhya Pradesh,251009,Chaurai,Municipality,399.0,Chhindwara,FULL MATCH
23,Madhya Pradesh,251010,Jamai,Municipality,399.0,Chhindwara,FULL MATCH
23,Madhya Pradesh,251018,Newton Chikhli Kalan,Town Panchayat,399.0,Chhindwara,FULL MATCH
23,Madhya Pradesh,251022,Dongar Parasia,Municipality,399.0,Chhindwara,FULL MATCH
23,Madhya Pradesh,251026,Chhindwara,Municipal Corporations,399.0,Chhindwara,FULL MATCH
23,Madhya Pradesh,251029,Lodhikheda,Town Panchayat,399.0,Chhindwara,FULL MATCH
23,Madhya Pradesh,263072,Bichhua,Town Panchayat,399.0,Chhindwara,FULL MATCH
23,Madhya Pradesh,263217,Sainkheda,Town Panchayat,399.0,Chhindwara,FULL MATCH
23,Madhya Pradesh,293808,Damua,Municipality,399.0,Chhindwara,FULL MATCH
23,Madhya Pradesh,250771,Hatta,Municipality,400.0,Damoh,FULL MATCH
23,Madhya Pradesh,250772,Patharia,Town Panchayat,400.0,Damoh,FULL MATCH
23,Madhya Pradesh,250773,Hindoria,Town Panchayat,400.0,Damoh,FULL MATCH
23,Madhya Pradesh,250774,Damoh,Municipality,400.0,Damoh,FULL MATCH
23,Madhya Pradesh,290462,Tendukheda- Damoh,Town Panchayat,400.0,Damoh,FULL MATCH
23,Madhya Pradesh,293826,Patera,Town Panchayat,400.0,Damoh,FULL MATCH
23,Madhya Pradesh,250701,Seondha,Town Panchayat,401.0,Datia,FULL MATCH
23,Madhya Pradesh,250702,Indergarh,Town Panchayat,401.0,Datia,FULL MATCH
23,Madhya Pradesh,250703,Datia,Municipality,401.0,Datia,FULL MATCH
23,Madhya Pradesh,250704,Bhander,Town Panchayat,401.0,Datia,FULL MATCH
23,Madhya Pradesh,277237,Badonee,Town Panchayat,401.0,Datia,FULL MATCH
23,Madhya Pradesh,250827,Bhanpura,Town Panchayat,402.0,Dewas,AMBIGUOUS MATCH
23,Madhya Pradesh,250865,Bhaurasa,Town Panchayat,402.0,Dewas,FULL MATCH
23,Madhya Pradesh,250866,Sonkatch,Town Panchayat,402.0,Dewas,FULL MATCH
23,Madhya Pradesh,250867,Dewas,Municipal Corporations,402.0,Dewas,FULL MATCH
23,Madhya Pradesh,250868,Kannod,Town Panchayat,402.0,Dewas,FULL MATCH
23,Madhya Pradesh,250870,Kantaphod,Town Panchayat,402.0,Dewas,FULL MATCH
23,Madhya Pradesh,250871,Satwas,Town Panchayat,402.0,Dewas,FULL MATCH
23,Madhya Pradesh,250872,Hatpipalya,Town Panchayat,402.0,Dewas,FULL MATCH
23,Madhya Pradesh,250873,Karnawad,Town Panchayat,402.0,Dewas,FULL MATCH
23,Madhya Pradesh,250875,Khategaon,Town Panchayat,402.0,Dewas,FULL MATCH
23,Madhya Pradesh,250884,Badnawar,Town Panchayat,402.0,Dewas,AMBIGUOUS MATCH
23,Madhya Pradesh,250889,Mandav,Town Panchayat,402.0,Dewas,AMBIGUOUS MATCH
23,Madhya Pradesh,250891,Kukshi,Town Panchayat,402.0,Dewas,AMBIGUOUS MATCH
23,Madhya Pradesh,250896,Depalpur,Town Panchayat,402.0,Dewas,AMBIGUOUS MATCH
23,Madhya Pradesh,250897,Betma,Town Panchayat,402.0,Dewas,AMBIGUOUS MATCH
23,Madhya Pradesh,250898,Sawer,Town Panchayat,402.0,Dewas,AMBIGUOUS MATCH
23,Madhya Pradesh,250900,Hatod,Town Panchayat,402.0,Dewas,AMBIGUOUS MATCH
23,Madhya Pradesh,250904,Rau,Town Panchayat,402.0,Dewas,AMBIGUOUS MATCH
23,Madhya Pradesh,250906,Manpur,Town Panchayat,402.0,Dewas,AMBIGUOUS MATCH
23,Madhya Pradesh,274350,Nemawar,Town Panchayat,402.0,Dewas,FULL MATCH
23,Madhya Pradesh,290271,Tonk Khurd,Town Panchayat,402.0,Dewas,FULL MATCH
23,Madhya Pradesh,290272,Pipalrawan,Town Panchayat,402.0,Dewas,FULL MATCH
23,Madhya Pradesh,290379,Dhamnod- Dhar,Town Panchayat,402.0,Dewas,FULL MATCH
23,Madhya Pradesh,290389,Bagali,Town Panchayat,402.0,Dewas,FULL MATCH
23,Madhya Pradesh,297136,Manpur (Umaria),Town Panchayat,402.0,Dewas,FULL MATCH
23,Madhya Pradesh,250869,Loharda,Town Panchayat,403.0,Dhar,FULL MATCH
23,Madhya Pradesh,250884,Badnawar,Town Panchayat,403.0,Dhar,AMBIGUOUS MATCH
23,Madhya Pradesh,250886,Sardarpur,Town Panchayat,403.0,Dhar,FULL MATCH
23,Madhya Pradesh,250887,Dhar,Municipality,403.0,Dhar,FULL MATCH
23,Madhya Pradesh,250888,Pithampur,Municipality,403.0,Dhar,FULL MATCH
23,Madhya Pradesh,250889,Mandav,Town Panchayat,403.0,Dhar,AMBIGUOUS MATCH
23,Madhya Pradesh,250891,Kukshi,Town Panchayat,403.0,Dhar,AMBIGUOUS MATCH
23,Madhya Pradesh,250892,Manawar,Municipality,403.0,Dhar,FULL MATCH
23,Madhya Pradesh,250894,Dharampuri,Town Panchayat,403.0,Dhar,FULL MATCH
23,Madhya Pradesh,290394,Dahi,Town Panchayat,403.0,Dhar,FULL MATCH
23,Madhya Pradesh,250986,Shahpura Dindori,Town Panchayat,404.0,Dindori,FULL MATCH
23,Madhya Pradesh,290390,Dindori,Town Panchayat,404.0,Dindori,FULL MATCH
23,Madhya Pradesh,250908,Sanawad,Municipality,405.0,Khandwa (East Nimar),FULL MATCH
23,Madhya Pradesh,250920,Harsud,Town Panchayat,405.0,Khandwa (East Nimar),FULL MATCH
23,Madhya Pradesh,250921,Omkareshwar,Town Panchayat,405.0,Khandwa (East Nimar),FULL MATCH
23,Madhya Pradesh,250922,Mundi,Town Panchayat,405.0,Khandwa (East Nimar),FULL MATCH
23,Madhya Pradesh,250923,Khandwa,Municipal Corporations,405.0,Khandwa (East Nimar),FULL MATCH
23,Madhya Pradesh,250924,Pandhana,Town Panchayat,405.0,Khandwa (East Nimar),FULL MATCH
23,Madhya Pradesh,250925,Burhanpur,Municipal Corporations,405.0,Khandwa (East Nimar),FULL MATCH
23,Madhya Pradesh,250926,Shahpur Burhanpur,Town Panchayat,405.0,Khandwa (East Nimar),FULL MATCH
23,Madhya Pradesh,250927,Nepanagar,Municipality,405.0,Khandwa (East Nimar),FULL MATCH
23,Madhya Pradesh,250948,Jawar,Town Panchayat,405.0,Khandwa (East Nimar),AMBIGUOUS MATCH
23,Madhya Pradesh,300388,Punasa,Town Panchayat,405.0,Khandwa (East Nimar),FULL MATCH
23,Madhya Pradesh,250714,Guna,Municipality,406.0,Guna,FULL MATCH
23,Madhya Pradesh,250716,Raghogarh-Vijaypur,Municipality,406.0,Guna,FULL MATCH
23,Madhya Pradesh,250718,Kumbhraj,Town Panchayat,406.0,Guna,FULL MATCH
23,Madhya Pradesh,250719,Aron,Town Panchayat,406.0,Guna,FULL MATCH
23,Madhya Pradesh,250720,Chachaura -Binaganj,Town Panchayat,406.0,Guna,FULL MATCH
23,Madhya Pradesh,299255,Madhusudangarh,Town Panchayat,406.0,Guna,FULL MATCH
23,Madhya Pradesh,250694,Gwalior,Municipal Corporations,407.0,Gwalior,AMBIGUOUS MATCH
23,Madhya Pradesh,250695,Bilaua,Town Panchayat,407.0,Gwalior,FULL MATCH
23,Madhya Pradesh,250697,Pichhore Gwalior,Town Panchayat,407.0,Gwalior,FULL MATCH
23,Madhya Pradesh,250698,Dabra,Municipality,407.0,Gwalior,FULL MATCH
23,Madhya Pradesh,250699,Antari,Town Panchayat,407.0,Gwalior,FULL MATCH
23,Madhya Pradesh,250700,Bhitarwar,Town Panchayat,407.0,Gwalior,FULL MATCH
23,Madhya Pradesh,299289,Mohna,Town Panchayat,407.0,Gwalior,FULL MATCH
23,Madhya Pradesh,250966,Khirkiya,Town Panchayat,408.0,Harda,FULL MATCH
23,Madhya Pradesh,250967,Harda,Municipality,408.0,Harda,FULL MATCH
23,Madhya Pradesh,250968,Timarni,Town Panchayat,408.0,Harda,FULL MATCH
23,Madhya Pradesh,298918,Sirali,Town Panchayat,408.0,Harda,FULL MATCH
23,Madhya Pradesh,250968,Timarni,Town Panchayat,409.0,Narmadapuram,FULL MATCH
23,Madhya Pradesh,250969,Seoni-Malwa,Municipality,409.0,Narmadapuram,FULL MATCH
23,Madhya Pradesh,250970,Itarsi,Municipality,409.0,Narmadapuram,AMBIGUOUS MATCH
23,Madhya Pradesh,250974,Narmadapuram,Municipality,409.0,Narmadapuram,FULL MATCH
23,Madhya Pradesh,250975,Babai,Town Panchayat,409.0,Narmadapuram,FULL MATCH
23,Madhya Pradesh,250976,Sohagpur,Town Panchayat,409.0,Narmadapuram,FULL MATCH
23,Madhya Pradesh,250977,Pipariya,Municipality,409.0,Narmadapuram,FULL MATCH
23,Madhya Pradesh,253125,Silwani,Town Panchayat,409.0,Narmadapuram,AMBIGUOUS MATCH
23,Madhya Pradesh,263020,Bankhedi,Town Panchayat,409.0,Narmadapuram,FULL MATCH
23,Madhya Pradesh,250895,Runji -Gautampura,Town Panchayat,410.0,Indore,FULL MATCH
23,Madhya Pradesh,250896,Depalpur,Town Panchayat,410.0,Indore,AMBIGUOUS MATCH
23,Madhya Pradesh,250897,Betma,Town Panchayat,410.0,Indore,AMBIGUOUS MATCH
23,Madhya Pradesh,250898,Sawer,Town Panchayat,410.0,Indore,AMBIGUOUS MATCH
23,Madhya Pradesh,250900,Hatod,Town Panchayat,410.0,Indore,AMBIGUOUS MATCH
23,Madhya Pradesh,250901,Indore,Municipal Corporations,410.0,Indore,AMBIGUOUS MATCH
23,Madhya Pradesh,250904,Rau,Town Panchayat,410.0,Indore,AMBIGUOUS MATCH
23,Madhya Pradesh,250905,Mhowgaon,Town Panchayat,410.0,Indore,FULL MATCH
23,Madhya Pradesh,250906,Manpur,Town Panchayat,410.0,Indore,AMBIGUOUS MATCH
23,Madhya Pradesh,250979,Murwara - Katni,Municipal Corporations,411.0,Jabalpur,FULL MATCH
23,Madhya Pradesh,250982,Manjholi Jabalpur,Town Panchayat,411.0,Jabalpur,FULL MATCH
23,Madhya Pradesh,250983,Sihora,Municipality,411.0,Jabalpur,AMBIGUOUS MATCH
23,Madhya Pradesh,250985,Patan,Town Panchayat,411.0,Jabalpur,FULL MATCH
23,Madhya Pradesh,250987,Panagar,Municipality,411.0,Jabalpur,FULL MATCH
23,Madhya Pradesh,250995,Jabalpur,Municipal Corporations,411.0,Jabalpur,FULL MATCH
23,Madhya Pradesh,250996,Bhedaghat,Town Panchayat,411.0,Jabalpur,FULL MATCH
23,Madhya Pradesh,250997,Barela,Town Panchayat,411.0,Jabalpur,FULL MATCH
23,Madhya Pradesh,251003,Shahpura,Town Panchayat,411.0,Jabalpur,FULL MATCH
23,Madhya Pradesh,251035,Katangi Jabalpur,Town Panchayat,411.0,Jabalpur,FULL MATCH
23,Madhya Pradesh,250876,Thandla,Town Panchayat,412.0,Jhabua,FULL MATCH
23,Madhya Pradesh,250877,Petlawad,Town Panchayat,412.0,Jhabua,FULL MATCH
23,Madhya Pradesh,250879,Jhabua,Municipality,412.0,Jhabua,FULL MATCH
23,Madhya Pradesh,250882,Alirajpur,Municipality,412.0,Jhabua,FULL MATCH
23,Madhya Pradesh,250883,Ranapur,Town Panchayat,412.0,Jhabua,FULL MATCH
23,Madhya Pradesh,273379,Meghnagar New,Town Panchayat,412.0,Jhabua,FULL MATCH
23,Madhya Pradesh,250978,Barhi,Town Panchayat,413.0,Katni,AMBIGUOUS MATCH
23,Madhya Pradesh,250979,Murwara - Katni,Municipal Corporations,413.0,Katni,FULL MATCH
23,Madhya Pradesh,250980,Kymore,Town Panchayat,413.0,Katni,FULL MATCH
23,Madhya Pradesh,250981,Vijayraghavgarh,Town Panchayat,413.0,Katni,FULL MATCH
23,Madhya Pradesh,250982,Manjholi Jabalpur,Town Panchayat,413.0,Katni,FULL MATCH
23,Madhya Pradesh,250983,Sihora,Municipality,413.0,Katni,AMBIGUOUS MATCH
23,Madhya Pradesh,250907,Barwaha,Municipality,414.0,Khargone (West Nimar),FULL MATCH
23,Madhya Pradesh,250908,Sanawad,Municipality,414.0,Khargone (West Nimar),FULL MATCH
23,Madhya Pradesh,250909,Maheshwar,Town Panchayat,414.0,Khargone (West Nimar),FULL MATCH
23,Madhya Pradesh,250910,Mandleshwar,Town Panchayat,414.0,Khargone (West Nimar),FULL MATCH
23,Madhya Pradesh,250911,Kasrawad,Town Panchayat,414.0,Khargone (West Nimar),FULL MATCH
23,Madhya Pradesh,250912,Bhikangaon,Town Panchayat,414.0,Khargone (West Nimar),FULL MATCH
23,Madhya Pradesh,250913,Khargone,Municipality,414.0,Khargone (West Nimar),FULL MATCH
23,Madhya Pradesh,250914,Barwani,Municipality,414.0,Khargone (West Nimar),FULL MATCH
23,Madhya Pradesh,250915,Anjad,Town Panchayat,414.0,Khargone (West Nimar),FULL MATCH
23,Madhya Pradesh,250916,Rajpur,Town Panchayat,414.0,Khargone (West Nimar),FULL MATCH
23,Madhya Pradesh,250921,Omkareshwar,Town Panchayat,414.0,Khargone (West Nimar),FULL MATCH
23,Madhya Pradesh,250923,Khandwa,Municipal Corporations,414.0,Khargone (West Nimar),FULL MATCH
23,Madhya Pradesh,250924,Pandhana,Town Panchayat,414.0,Khargone (West Nimar),FULL MATCH
23,Madhya Pradesh,250928,Machalpur,Town Panchayat,414.0,Khargone (West Nimar),AMBIGUOUS MATCH
23,Madhya Pradesh,253251,Palsud,Town Panchayat,414.0,Khargone (West Nimar),FULL MATCH
23,Madhya Pradesh,293822,Karahi,Town Panchayat,414.0,Khargone (West Nimar),FULL MATCH
23,Madhya Pradesh,297119,Thikri,Town Panchayat,414.0,Khargone (West Nimar),FULL MATCH
23,Madhya Pradesh,298931,Bistan,Town Panchayat,414.0,Khargone (West Nimar),FULL MATCH
23,Madhya Pradesh,248075,"Nagar Palika, Nainpur",Municipality,415.0,Mandla,FULL MATCH
23,Madhya Pradesh,250986,Shahpura Dindori,Town Panchayat,415.0,Mandla,FULL MATCH
23,Madhya Pradesh,251028,Mohgaon,Town Panchayat,415.0,Mandla,FULL MATCH
23,Madhya Pradesh,253170,Niwas,Town Panchayat,415.0,Mandla,FULL MATCH
23,Madhya Pradesh,253171,Bhuwa Bichhia,Town Panchayat,415.0,Mandla,FULL MATCH
23,Madhya Pradesh,289259,Mandla,Municipality,415.0,Mandla,FULL MATCH
23,Madhya Pradesh,289260,Bamhni Banjar,Town Panchayat,415.0,Mandla,FULL MATCH
23,Madhya Pradesh,290382,Niwari,Town Panchayat,415.0,Mandla,AMBIGUOUS MATCH
23,Madhya Pradesh,298933,Keolari,Town Panchayat,415.0,Mandla,FULL MATCH
23,Madhya Pradesh,250823,Neemuch,Municipality,416.0,Mandsaur,FULL MATCH
23,Madhya Pradesh,250827,Bhanpura,Town Panchayat,416.0,Mandsaur,AMBIGUOUS MATCH
23,Madhya Pradesh,250828,Malhargarh,Town Panchayat,416.0,Mandsaur,FULL MATCH
23,Madhya Pradesh,250829,Narayangarh,Town Panchayat,416.0,Mandsaur,FULL MATCH
23,Madhya Pradesh,250830,Piplya Mandi,Town Panchayat,416.0,Mandsaur,FULL MATCH
23,Madhya Pradesh,250831,Garoth,Town Panchayat,416.0,Mandsaur,FULL MATCH
23,Madhya Pradesh,250832,Shamgarh,Town Panchayat,416.0,Mandsaur,FULL MATCH
23,Madhya Pradesh,250833,Mandsaur,Municipality,416.0,Mandsaur,FULL MATCH
23,Madhya Pradesh,250834,Nagri,Town Panchayat,416.0,Mandsaur,FULL MATCH
23,Madhya Pradesh,250835,Sitamau,Town Panchayat,416.0,Mandsaur,FULL MATCH
23,Madhya Pradesh,290381,Suwasra,Town Panchayat,416.0,Mandsaur,FULL MATCH
23,Madhya Pradesh,298922,Bhensoda,Town Panchayat,416.0,Mandsaur,FULL MATCH
23,Madhya Pradesh,250675,Ambah,Municipality,417.0,Morena,FULL MATCH
23,Madhya Pradesh,250676,Porsa,Municipality,417.0,Morena,FULL MATCH
23,Madhya Pradesh,250677,Morena,Municipal Corporations,417.0,Morena,FULL MATCH
23,Madhya Pradesh,250678,Banmor,Town Panchayat,417.0,Morena,FULL MATCH
23,Madhya Pradesh,250679,Joura,Town Panchayat,417.0,Morena,FULL MATCH
23,Madhya Pradesh,250680,Kailaras,Town Panchayat,417.0,Morena,FULL MATCH
23,Madhya Pradesh,250681,Jhundpura,Town Panchayat,417.0,Morena,FULL MATCH
23,Madhya Pradesh,250682,Sabalgarh,Municipality,417.0,Morena,FULL MATCH
23,Madhya Pradesh,250976,Sohagpur,Town Panchayat,418.0,Narsimhapur,FULL MATCH
23,Madhya Pradesh,250983,Sihora,Municipality,418.0,Narsimhapur,AMBIGUOUS MATCH
23,Madhya Pradesh,250998,Gotegaon,Municipality,418.0,Narsimhapur,FULL MATCH
23,Madhya Pradesh,250999,Gadarwara,Municipality,418.0,Narsimhapur,FULL MATCH
23,Madhya Pradesh,251000,Chichli,Town Panchayat,418.0,Narsimhapur,FULL MATCH
23,Madhya Pradesh,251001,Narsimhapur,Municipality,418.0,Narsimhapur,FULL MATCH
23,Madhya Pradesh,251002,Kareli,Municipality,418.0,Narsimhapur,FULL MATCH
23,Madhya Pradesh,263020,Bankhedi,Town Panchayat,418.0,Narsimhapur,FULL MATCH
23,Madhya Pradesh,290429,Tendukheda- Narsimhapur,Town Panchayat,418.0,Narsimhapur,FULL MATCH
23,Madhya Pradesh,293820,Salichauka,Town Panchayat,418.0,Narsimhapur,FULL MATCH
23,Madhya Pradesh,250819,Singoli,Town Panchayat,419.0,Neemuch,FULL MATCH
23,Madhya Pradesh,250820,Ratangarh,Town Panchayat,419.0,Neemuch,FULL MATCH
23,Madhya Pradesh,250821,Diken,Town Panchayat,419.0,Neemuch,FULL MATCH
23,Madhya Pradesh,250822,Jawad,Town Panchayat,419.0,Neemuch,FULL MATCH
23,Madhya Pradesh,250823,Neemuch,Municipality,419.0,Neemuch,FULL MATCH
23,Madhya Pradesh,250824,Jiran,Town Panchayat,419.0,Neemuch,FULL MATCH
23,Madhya Pradesh,250825,Rampura,Town Panchayat,419.0,Neemuch,FULL MATCH
23,Madhya Pradesh,250826,Manasa,Town Panchayat,419.0,Neemuch,AMBIGUOUS MATCH
23,Madhya Pradesh,250827,Bhanpura,Town Panchayat,419.0,Neemuch,AMBIGUOUS MATCH
23,Madhya Pradesh,250829,Narayangarh,Town Panchayat,419.0,Neemuch,FULL MATCH
23,Madhya Pradesh,250830,Piplya Mandi,Town Panchayat,419.0,Neemuch,FULL MATCH
23,Madhya Pradesh,253134,Kukdeshwar,Town Panchayat,419.0,Neemuch,FULL MATCH
23,Madhya Pradesh,263154,Nayagoan,Town Panchayat,419.0,Neemuch,FULL MATCH
23,Madhya Pradesh,263155,Sarwaniya Maharaj,Town Panchayat,419.0,Neemuch,FULL MATCH
23,Madhya Pradesh,293817,Athana,Town Panchayat,419.0,Neemuch,FULL MATCH
23,Madhya Pradesh,250749,Ajaygarh,Town Panchayat,420.0,Panna,FULL MATCH
23,Madhya Pradesh,250750,Panna,Municipality,420.0,Panna,FULL MATCH
23,Madhya Pradesh,250751,Devendranagar,Town Panchayat,420.0,Panna,FULL MATCH
23,Madhya Pradesh,250752,Kakarhati,Town Panchayat,420.0,Panna,FULL MATCH
23,Madhya Pradesh,250753,Amanganj,Town Panchayat,420.0,Panna,FULL MATCH
23,Madhya Pradesh,250754,Pawai,Town Panchayat,420.0,Panna,FULL MATCH
23,Madhya Pradesh,290276,Baldevgarh,Town Panchayat,420.0,Panna,FULL MATCH
23,Madhya Pradesh,297930,Gunnor,Town Panchayat,420.0,Panna,FULL MATCH
23,Madhya Pradesh,250946,Bhopal,Municipal Corporations,421.0,Raisen,AMBIGUOUS MATCH
23,Madhya Pradesh,250954,Sanchi,Town Panchayat,421.0,Raisen,FULL MATCH
23,Madhya Pradesh,250955,Raisen,Municipality,421.0,Raisen,FULL MATCH
23,Madhya Pradesh,250956,Gairatganj,Town Panchayat,421.0,Raisen,FULL MATCH
23,Madhya Pradesh,250957,Begamganj,Municipality,421.0,Raisen,FULL MATCH
23,Madhya Pradesh,250958,Sultanpur,Town Panchayat,421.0,Raisen,FULL MATCH
23,Madhya Pradesh,250959,Mandideep,Municipality,421.0,Raisen,FULL MATCH
23,Madhya Pradesh,250960,Obedullaganj,Town Panchayat,421.0,Raisen,FULL MATCH
23,Madhya Pradesh,250961,Badi,Town Panchayat,421.0,Raisen,FULL MATCH
23,Madhya Pradesh,250962,Bareli,Town Panchayat,421.0,Raisen,FULL MATCH
23,Madhya Pradesh,250963,Udaipura,Town Panchayat,421.0,Raisen,FULL MATCH
23,Madhya Pradesh,253125,Silwani,Town Panchayat,421.0,Raisen,AMBIGUOUS MATCH
23,Madhya Pradesh,250885,Rajgarh,Municipality,422.0,Rajgarh,FULL MATCH
23,Madhya Pradesh,250928,Machalpur,Town Panchayat,422.0,Rajgarh,AMBIGUOUS MATCH
23,Madhya Pradesh,250929,Jirapur,Town Panchayat,422.0,Rajgarh,FULL MATCH
23,Madhya Pradesh,250930,Khilchipur,Town Panchayat,422.0,Rajgarh,FULL MATCH
23,Madhya Pradesh,250931,Rajgarh,Town Panchayat,422.0,Rajgarh,FULL MATCH
23,Madhya Pradesh,250932,Khujner,Town Panchayat,422.0,Rajgarh,FULL MATCH
23,Madhya Pradesh,250933,Suthaliya,Town Panchayat,422.0,Rajgarh,FULL MATCH
23,Madhya Pradesh,250934,Biaora,Municipality,422.0,Rajgarh,FULL MATCH
23,Madhya Pradesh,250935,Pachore,Town Panchayat,422.0,Rajgarh,FULL MATCH
23,Madhya Pradesh,250936,Sarangpur,Municipality,422.0,Rajgarh,FULL MATCH
23,Madhya Pradesh,250937,Narsinghgarh,Municipality,422.0,Rajgarh,FULL MATCH
23,Madhya Pradesh,250938,Boda,Town Panchayat,422.0,Rajgarh,FULL MATCH
23,Madhya Pradesh,250939,Talen,Town Panchayat,422.0,Rajgarh,FULL MATCH
23,Madhya Pradesh,262908,Kurawar,Town Panchayat,422.0,Rajgarh,FULL MATCH
23,Madhya Pradesh,262992,Chhapiheda,Town Panchayat,422.0,Rajgarh,FULL MATCH
23,Madhya Pradesh,250836,Piploda,Town Panchayat,423.0,Ratlam,FULL MATCH
23,Madhya Pradesh,250837,Jaora,Municipality,423.0,Ratlam,FULL MATCH
23,Madhya Pradesh,250838,Badawada,Town Panchayat,423.0,Ratlam,FULL MATCH
23,Madhya Pradesh,250839,Alot,Town Panchayat,423.0,Ratlam,FULL MATCH
23,Madhya Pradesh,250840,Tal,Town Panchayat,423.0,Ratlam,FULL MATCH
23,Madhya Pradesh,250841,Sailana,Town Panchayat,423.0,Ratlam,FULL MATCH
23,Madhya Pradesh,250842,Namli,Town Panchayat,423.0,Ratlam,FULL MATCH
23,Madhya Pradesh,250843,Ratlam,Municipal Corporations,423.0,Ratlam,FULL MATCH
23,Madhya Pradesh,250893,Dhamnod Ratlam,Town Panchayat,423.0,Ratlam,FULL MATCH
23,Madhya Pradesh,250788,Chakghat,Town Panchayat,424.0,Rewa,FULL MATCH
23,Madhya Pradesh,250789,Teonthar,Town Panchayat,424.0,Rewa,FULL MATCH
23,Madhya Pradesh,250790,Sirmaur,Town Panchayat,424.0,Rewa,FULL MATCH
23,Madhya Pradesh,250791,Semaria,Town Panchayat,424.0,Rewa,FULL MATCH
23,Madhya Pradesh,250792,Baikunthpur,Town Panchayat,424.0,Rewa,FULL MATCH
23,Madhya Pradesh,250793,Mangawan,Town Panchayat,424.0,Rewa,FULL MATCH
23,Madhya Pradesh,250797,Rewa,Municipal Corporations,424.0,Rewa,FULL MATCH
23,Madhya Pradesh,250798,Govindgarh,Town Panchayat,424.0,Rewa,FULL MATCH
23,Madhya Pradesh,250799,Gurh,Town Panchayat,424.0,Rewa,FULL MATCH
23,Madhya Pradesh,298925,Dabhaura,Town Panchayat,424.0,Rewa,FULL MATCH
23,Madhya Pradesh,250747,Bijawar,Town Panchayat,425.0,Sagar,FULL MATCH
23,Madhya Pradesh,250755,Bina,Municipality,425.0,Sagar,FULL MATCH
23,Madhya Pradesh,250758,Khurai,Municipality,425.0,Sagar,FULL MATCH
23,Madhya Pradesh,250759,Shahgarh,Town Panchayat,425.0,Sagar,FULL MATCH
23,Madhya Pradesh,250760,Banda,Town Panchayat,425.0,Sagar,FULL MATCH
23,Madhya Pradesh,250761,Rahatgarh,Town Panchayat,425.0,Sagar,FULL MATCH
23,Madhya Pradesh,250764,Sagar,Municipal Corporations,425.0,Sagar,FULL MATCH
23,Madhya Pradesh,250766,Makronia Buzurg,Municipality,425.0,Sagar,FULL MATCH
23,Madhya Pradesh,250768,Garhakota,Municipality,425.0,Sagar,FULL MATCH
23,Madhya Pradesh,250769,Rehli,Municipality,425.0,Sagar,FULL MATCH
23,Madhya Pradesh,250770,Deori,Municipality,425.0,Sagar,FULL MATCH
23,Madhya Pradesh,250806,Jaisinghnagar,Town Panchayat,425.0,Sagar,FULL MATCH
23,Madhya Pradesh,250815,Devri,Town Panchayat,425.0,Sagar,FULL MATCH
23,Madhya Pradesh,250965,Shahpur Sagar,Town Panchayat,425.0,Sagar,FULL MATCH
23,Madhya Pradesh,297114,Bandri,Town Panchayat,425.0,Sagar,FULL MATCH
23,Madhya Pradesh,297116,Malthone,Town Panchayat,425.0,Sagar,FULL MATCH
23,Madhya Pradesh,298917,Bilhara,Town Panchayat,425.0,Sagar,FULL MATCH
23,Madhya Pradesh,298934,Surkhi,Town Panchayat,425.0,Sagar,FULL MATCH
23,Madhya Pradesh,300085,Barodiyakalan,Town Panchayat,425.0,Sagar,FULL MATCH
23,Madhya Pradesh,300387,Karrapur,Town Panchayat,425.0,Sagar,FULL MATCH
23,Madhya Pradesh,250750,Panna,Municipality,426.0,Satna,FULL MATCH
23,Madhya Pradesh,250751,Devendranagar,Town Panchayat,426.0,Satna,FULL MATCH
23,Madhya Pradesh,250754,Pawai,Town Panchayat,426.0,Satna,FULL MATCH
23,Madhya Pradesh,250777,Chitrakoot,Town Panchayat,426.0,Satna,FULL MATCH
23,Madhya Pradesh,250778,Birsinghpur,Town Panchayat,426.0,Satna,FULL MATCH
23,Madhya Pradesh,250779,Kothi,Town Panchayat,426.0,Satna,FULL MATCH
23,Madhya Pradesh,250780,Jaitwara,Town Panchayat,426.0,Satna,FULL MATCH
23,Madhya Pradesh,250781,Satna,Municipal Corporations,426.0,Satna,FULL MATCH
23,Madhya Pradesh,250782,Nagod,Town Panchayat,426.0,Satna,FULL MATCH
23,Madhya Pradesh,250783,Unchahara,Town Panchayat,426.0,Satna,FULL MATCH
23,Madhya Pradesh,250784,Kotar,Town Panchayat,426.0,Satna,FULL MATCH
23,Madhya Pradesh,250785,Rampur Baghelan,Town Panchayat,426.0,Satna,FULL MATCH
23,Madhya Pradesh,250786,Amarpatan,Town Panchayat,426.0,Satna,FULL MATCH
23,Madhya Pradesh,250787,Maihar,Municipality,426.0,Satna,FULL MATCH
23,Madhya Pradesh,293819,New Ramnagar,Town Panchayat,426.0,Satna,FULL MATCH
23,Madhya Pradesh,250826,Manasa,Town Panchayat,427.0,Sehore,AMBIGUOUS MATCH
23,Madhya Pradesh,250885,Rajgarh,Municipality,427.0,Sehore,FULL MATCH
23,Madhya Pradesh,250931,Rajgarh,Town Panchayat,427.0,Sehore,FULL MATCH
23,Madhya Pradesh,250947,Sehore,Municipality,427.0,Sehore,FULL MATCH
23,Madhya Pradesh,250948,Jawar,Town Panchayat,427.0,Sehore,AMBIGUOUS MATCH
23,Madhya Pradesh,250949,Ashta,Municipality,427.0,Sehore,FULL MATCH
23,Madhya Pradesh,250950,Ichhawar,Town Panchayat,427.0,Sehore,FULL MATCH
23,Madhya Pradesh,250951,Nasrullaganj,Town Panchayat,427.0,Sehore,FULL MATCH
23,Madhya Pradesh,250952,Budni,Town Panchayat,427.0,Sehore,FULL MATCH
23,Madhya Pradesh,250953,Rehti,Town Panchayat,427.0,Sehore,FULL MATCH
23,Madhya Pradesh,290383,Kothri,Town Panchayat,427.0,Sehore,FULL MATCH
23,Madhya Pradesh,251031,Lakhnadon,Town Panchayat,428.0,Seoni,FULL MATCH
23,Madhya Pradesh,251033,Seoni,Municipality,428.0,Seoni,FULL MATCH
23,Madhya Pradesh,251034,Barghat,Town Panchayat,428.0,Seoni,FULL MATCH
23,Madhya Pradesh,251041,Baihar,Town Panchayat,428.0,Seoni,FULL MATCH
23,Madhya Pradesh,298932,Chhapara,Town Panchayat,428.0,Seoni,FULL MATCH
23,Madhya Pradesh,250804,Khand - Bansagar,Town Panchayat,429.0,Shahdol,FULL MATCH
23,Madhya Pradesh,250805,Beohari,Town Panchayat,429.0,Shahdol,FULL MATCH
23,Madhya Pradesh,250807,Shahdol,Municipality,429.0,Shahdol,FULL MATCH
23,Madhya Pradesh,250808,Burhar,Town Panchayat,429.0,Shahdol,FULL MATCH
23,Madhya Pradesh,253193,Kotma,Municipality,429.0,Shahdol,FULL MATCH
23,Madhya Pradesh,265847,Anuppur Np,Municipality,429.0,Shahdol,FULL MATCH
23,Madhya Pradesh,250733,Badagaon Shajapur,Town Panchayat,430.0,Shajapur,FULL MATCH
23,Madhya Pradesh,250860,Shajapur,Municipality,430.0,Shajapur,FULL MATCH
23,Madhya Pradesh,250861,Maksi,Town Panchayat,430.0,Shajapur,FULL MATCH
23,Madhya Pradesh,250862,Shujalpur,Municipality,430.0,Shajapur,FULL MATCH
23,Madhya Pradesh,250863,Akodia,Town Panchayat,430.0,Shajapur,FULL MATCH
23,Madhya Pradesh,250864,Polaykalan,Town Panchayat,430.0,Shajapur,FULL MATCH
23,Madhya Pradesh,263010,Pankhedi Kalapipal,Town Panchayat,430.0,Shajapur,FULL MATCH
23,Madhya Pradesh,250672,Vijaypur,Town Panchayat,431.0,Sheopur,FULL MATCH
23,Madhya Pradesh,250673,Sheopur,Municipality,431.0,Sheopur,FULL MATCH
23,Madhya Pradesh,250674,Badoda,Town Panchayat,431.0,Sheopur,FULL MATCH
23,Madhya Pradesh,298923,Roun,Town Panchayat,431.0,Sheopur,FULL MATCH
23,Madhya Pradesh,250705,Shivpuri,Municipality,432.0,Shivpuri,FULL MATCH
23,Madhya Pradesh,250706,Narwar,Town Panchayat,432.0,Shivpuri,FULL MATCH
23,Madhya Pradesh,250707,Karera,Town Panchayat,432.0,Shivpuri,FULL MATCH
23,Madhya Pradesh,250708,Kolaras,Town Panchayat,432.0,Shivpuri,FULL MATCH
23,Madhya Pradesh,250709,Badarwas,Town Panchayat,432.0,Shivpuri,FULL MATCH
23,Madhya Pradesh,250710,Pichhore Shivpuri,Town Panchayat,432.0,Shivpuri,FULL MATCH
23,Madhya Pradesh,250711,Khaniyadhana,Town Panchayat,432.0,Shivpuri,FULL MATCH
23,Madhya Pradesh,263211,Bairad,Town Panchayat,432.0,Shivpuri,FULL MATCH
23,Madhya Pradesh,289710,Pohari,Town Panchayat,432.0,Shivpuri,FULL MATCH
23,Madhya Pradesh,298921,Rannod,Town Panchayat,432.0,Shivpuri,FULL MATCH
23,Madhya Pradesh,299299,Magroni,Town Panchayat,432.0,Shivpuri,FULL MATCH
23,Madhya Pradesh,248065,Sidhi,Municipality,433.0,Sidhi,FULL MATCH
23,Madhya Pradesh,248067,Rampur Naikin,Town Panchayat,433.0,Sidhi,FULL MATCH
23,Madhya Pradesh,248068,Churhat,Town Panchayat,433.0,Sidhi,FULL MATCH
23,Madhya Pradesh,250818,Majhauli,Town Panchayat,433.0,Sidhi,FULL MATCH
23,Madhya Pradesh,290253,Lidhorakhas,Town Panchayat,434.0,Tikamgarh,FULL MATCH
23,Madhya Pradesh,290256,Kari,Town Panchayat,434.0,Tikamgarh,FULL MATCH
23,Madhya Pradesh,290257,Jatara,Town Panchayat,434.0,Tikamgarh,FULL MATCH
23,Madhya Pradesh,290258,Badagaon,Town Panchayat,434.0,Tikamgarh,FULL MATCH
23,Madhya Pradesh,290276,Baldevgarh,Town Panchayat,434.0,Tikamgarh,FULL MATCH
23,Madhya Pradesh,290285,Tikamgarh,Municipality,434.0,Tikamgarh,FULL MATCH
23,Madhya Pradesh,290306,Khargapur,Town Panchayat,434.0,Tikamgarh,FULL MATCH
23,Madhya Pradesh,290323,Jeron Khalsa,Town Panchayat,434.0,Tikamgarh,FULL MATCH
23,Madhya Pradesh,290343,Palera,Town Panchayat,434.0,Tikamgarh,FULL MATCH
23,Madhya Pradesh,290382,Niwari,Town Panchayat,434.0,Tikamgarh,AMBIGUOUS MATCH
23,Madhya Pradesh,293827,Orchha,Town Panchayat,434.0,Tikamgarh,FULL MATCH
23,Madhya Pradesh,250845,Khacharod,Municipality,435.0,Ujjain,FULL MATCH
23,Madhya Pradesh,250846,Nagda,Municipality,435.0,Ujjain,FULL MATCH
23,Madhya Pradesh,250847,Unhel,Town Panchayat,435.0,Ujjain,FULL MATCH
23,Madhya Pradesh,250849,Mahidpur,Municipality,435.0,Ujjain,FULL MATCH
23,Madhya Pradesh,250850,Tarana,Town Panchayat,435.0,Ujjain,FULL MATCH
23,Madhya Pradesh,250851,Ujjain,Municipal Corporations,435.0,Ujjain,FULL MATCH
23,Madhya Pradesh,250852,Badnagar,Municipality,435.0,Ujjain,FULL MATCH
23,Madhya Pradesh,263205,Makdon,Town Panchayat,435.0,Ujjain,FULL MATCH
23,Madhya Pradesh,250800,Chandia,Town Panchayat,436.0,Umaria,FULL MATCH
23,Madhya Pradesh,250801,Umaria,Municipality,436.0,Umaria,FULL MATCH
23,Madhya Pradesh,250802,Pali,Municipality,436.0,Umaria,FULL MATCH
23,Madhya Pradesh,250803,Nowrozabad - Khodargama,Town Panchayat,436.0,Umaria,FULL MATCH
23,Madhya Pradesh,250807,Shahdol,Municipality,436.0,Umaria,FULL MATCH
23,Madhya Pradesh,250940,Lateri,Town Panchayat,437.0,Vidisha,FULL MATCH
23,Madhya Pradesh,250941,Sironj,Municipality,437.0,Vidisha,FULL MATCH
23,Madhya Pradesh,250942,Kurwai,Town Panchayat,437.0,Vidisha,FULL MATCH
23,Madhya Pradesh,250944,Vidisha,Municipality,437.0,Vidisha,FULL MATCH
23,Madhya Pradesh,250955,Raisen,Municipality,437.0,Vidisha,FULL MATCH
23,Madhya Pradesh,262993,Samsabad,Town Panchayat,437.0,Vidisha,FULL MATCH
23,Madhya Pradesh,293809,Ganjbasoda,Municipality,437.0,Vidisha,FULL MATCH
23,Madhya Pradesh,248066,Singrauli,Municipal Corporations,638.0,Singrauli,FULL MATCH
23,Madhya Pradesh,300386,Sarai,Town Panchayat,638.0,Singrauli,FULL MATCH
23,Madhya Pradesh,300395,Bargawan,Town Panchayat,638.0,Singrauli,FULL MATCH
23,Madhya Pradesh,250879,Jhabua,Municipality,639.0,Alirajpur,FULL MATCH
23,Madhya Pradesh,250880,Bhavra,Town Panchayat,639.0,Alirajpur,FULL MATCH
23,Madhya Pradesh,250881,Jobat,Town Panchayat,639.0,Alirajpur,FULL MATCH
23,Madhya Pradesh,250882,Alirajpur,Municipality,639.0,Alirajpur,FULL MATCH
23,Madhya Pradesh,250883,Ranapur,Town Panchayat,639.0,Alirajpur,FULL MATCH
23,Madhya Pradesh,250853,Soyatkalan,Town Panchayat,667.0,Agar-Malwa,FULL MATCH
23,Madhya Pradesh,250854,Susner,Town Panchayat,667.0,Agar-Malwa,FULL MATCH
23,Madhya Pradesh,250855,Nalkheda,Town Panchayat,667.0,Agar-Malwa,FULL MATCH
23,Madhya Pradesh,250857,Badod,Town Panchayat,667.0,Agar-Malwa,FULL MATCH
23,Madhya Pradesh,250858,Agar,Municipality,667.0,Agar-Malwa,FULL MATCH
23,Madhya Pradesh,250859,Kanad,Town Panchayat,667.0,Agar-Malwa,FULL MATCH
23,Madhya Pradesh,290323,Jeron Khalsa,Town Panchayat,722.0,Niwari,FULL MATCH
23,Madhya Pradesh,290382,Niwari,Town Panchayat,722.0,Niwari,AMBIGUOUS MATCH
23,Madhya Pradesh,293818,Taricharkala,Town Panchayat,722.0,Niwari,FULL MATCH
23,Madhya Pradesh,293821,Prithvipur,Town Panchayat,722.0,Niwari,FULL MATCH
23,Madhya Pradesh,293827,Orchha,Town Panchayat,722.0,Niwari,FULL MATCH
23,Madhya Pradesh,250794,Hanumana,Town Panchayat,766.0,MAUGANJ,FULL MATCH
23,Madhya Pradesh,250795,Nai-Garhi,Town Panchayat,766.0,MAUGANJ,FULL MATCH
23,Madhya Pradesh,250796,Mauganj,Town Panchayat,766.0,MAUGANJ,FULL MATCH
23,Madhya Pradesh,250785,Rampur Baghelan,Town Panchayat,784.0,Maihar,FULL MATCH
23,Madhya Pradesh,250786,Amarpatan,Town Panchayat,784.0,Maihar,FULL MATCH
23,Madhya Pradesh,250787,Maihar,Municipality,784.0,Maihar,FULL MATCH
23,Madhya Pradesh,293819,New Ramnagar,Town Panchayat,784.0,Maihar,FULL MATCH
23,Madhya Pradesh,251027,Sausar,Municipality,785.0,Pandhurna,FULL MATCH
23,Madhya Pradesh,251029,Lodhikheda,Town Panchayat,785.0,Pandhurna,FULL MATCH
23,Madhya Pradesh,251030,Pandhurna,Municipality,785.0,Pandhurna,FULL MATCH
23,Madhya Pradesh,263072,Bichhua,Town Panchayat,785.0,Pandhurna,FULL MATCH
23,Madhya Pradesh,290395,Pipla Narayanwar,Town Panchayat,785.0,Pandhurna,FULL MATCH
23,Madhya Pradesh,250809,Dhanpuri,Municipality,,,NO MATCH
23,Madhya Pradesh,251023,Chandameta -Butaria,Town Panchayat,,,NO MATCH
23,Madhya Pradesh,251025,Badkuhi,Town Panchayat,,,NO MATCH
23,Madhya Pradesh,262903,Shahganj,Town Panchayat,,,NO MATCH
23,Madhya Pradesh,298926,Bakho,Town Panchayat,,,NO MATCH
23,Madhya Pradesh,299804,Bargawan (Amlai),Town Panchayat,,,NO MATCH
24,Gujarat,251089,Viramgam,Municipality,438.0,Ahmedabad,FULL MATCH
24,Gujarat,251090,Sanand,Municipality,438.0,Ahmedabad,FULL MATCH
24,Gujarat,251096,Ahmadabad,Municipal Corporations,438.0,Ahmedabad,FULL MATCH
24,Gujarat,251108,Dholka,Municipality,438.0,Ahmedabad,FULL MATCH
24,Gujarat,251109,Bavla,Municipality,438.0,Ahmedabad,FULL MATCH
24,Gujarat,251110,Dhandhuka,Municipality,438.0,Ahmedabad,FULL MATCH
24,Gujarat,251117,Limbdi,Municipality,438.0,Ahmedabad,FULL MATCH
24,Gujarat,277165,Bareja,Municipality,438.0,Ahmedabad,FULL MATCH
24,Gujarat,251121,Jasdan,Municipality,439.0,Amreli,FULL MATCH
24,Gujarat,251147,Junagadh,Municipal Corporations,439.0,Amreli,FULL MATCH
24,Gujarat,251155,Lathi,Municipality,439.0,Amreli,FULL MATCH
24,Gujarat,251156,Damnagar,Municipality,439.0,Amreli,FULL MATCH
24,Gujarat,251157,Amreli,Municipality,439.0,Amreli,FULL MATCH
24,Gujarat,251158,Bagasara,Municipality,439.0,Amreli,FULL MATCH
24,Gujarat,251159,Chalala,Municipality,439.0,Amreli,FULL MATCH
24,Gujarat,251160,Savarkundla,Municipality,439.0,Amreli,FULL MATCH
24,Gujarat,251161,Jafrabad,Municipality,439.0,Amreli,FULL MATCH
24,Gujarat,251162,Rajula,Municipality,439.0,Amreli,FULL MATCH
24,Gujarat,251168,Palitana,Municipality,439.0,Amreli,FULL MATCH
24,Gujarat,253147,Babra,Municipality,439.0,Amreli,AMBIGUOUS MATCH
24,Gujarat,302660,DHARI,Municipality,439.0,Amreli,FULL MATCH
24,Gujarat,251171,Umreth,Municipality,440.0,Anand,FULL MATCH
24,Gujarat,251172,Boriavi,Municipality,440.0,Anand,FULL MATCH
24,Gujarat,251173,Ode,Municipality,440.0,Anand,FULL MATCH
24,Gujarat,251174,Anand,Municipal Corporations,440.0,Anand,FULL MATCH
24,Gujarat,251176,Karamsad,Municipality,440.0,Anand,FULL MATCH
24,Gujarat,251178,Petlad,Municipality,440.0,Anand,FULL MATCH
24,Gujarat,251179,Khambhat,Municipality,440.0,Anand,FULL MATCH
24,Gujarat,251180,Borsad,Municipality,440.0,Anand,FULL MATCH
24,Gujarat,251182,Anklav,Municipality,440.0,Anand,FULL MATCH
24,Gujarat,251184,Balasinor,Municipality,440.0,Anand,FULL MATCH
24,Gujarat,253230,Sojitra,Municipality,440.0,Anand,FULL MATCH
24,Gujarat,251053,Dhanera,Municipality,441.0,Banas Kantha,FULL MATCH
24,Gujarat,251055,Palanpur,Municipality,441.0,Banas Kantha,FULL MATCH
24,Gujarat,251057,Deesa,Municipality,441.0,Banas Kantha,FULL MATCH
24,Gujarat,253103,Bhabhar,Municipality,441.0,Banas Kantha,FULL MATCH
24,Gujarat,253164,Thara,Municipality,441.0,Banas Kantha,FULL MATCH
24,Gujarat,251219,Jambusar,Municipality,442.0,Bharuch,FULL MATCH
24,Gujarat,251222,Bharuch,Municipality,442.0,Bharuch,FULL MATCH
24,Gujarat,253223,Amod,Municipality,442.0,Bharuch,FULL MATCH
24,Gujarat,276026,Tarsadi,Municipality,442.0,Bharuch,FULL MATCH
24,Gujarat,251165,Bhavnagar,Municipal Corporations,443.0,Bhavnagar,FULL MATCH
24,Gujarat,251166,Sihor,Municipality,443.0,Bhavnagar,FULL MATCH
24,Gujarat,251167,Gariadhar,Municipality,443.0,Bhavnagar,FULL MATCH
24,Gujarat,251168,Palitana,Municipality,443.0,Bhavnagar,FULL MATCH
24,Gujarat,251169,Talaja,Municipality,443.0,Bhavnagar,FULL MATCH
24,Gujarat,251170,Mahuva,Municipality,443.0,Bhavnagar,FULL MATCH
24,Gujarat,253126,Vallabhipur,Municipality,443.0,Bhavnagar,FULL MATCH
24,Gujarat,277167,Saputara,Notified Area Council,444.0,Dangs,FULL MATCH
24,Gujarat,251197,Jhalod,Municipality,445.0,Dahod,FULL MATCH
24,Gujarat,251199,Dahod,Municipality,445.0,Dahod,FULL MATCH
24,Gujarat,251200,Devgadbaria,Municipality,445.0,Dahod,FULL MATCH
24,Gujarat,251081,Kalol,Municipality,446.0,Gandhinagar,FULL MATCH
24,Gujarat,251082,Mansa,Municipality,446.0,Gandhinagar,FULL MATCH
24,Gujarat,251088,Dehgam,Municipality,446.0,Gandhinagar,FULL MATCH
24,Gujarat,251096,Ahmadabad,Municipal Corporations,446.0,Gandhinagar,FULL MATCH
24,Gujarat,251124,Upleta,Municipality,447.0,Jamnagar,FULL MATCH
24,Gujarat,251132,Sikka,Municipality,447.0,Jamnagar,FULL MATCH
24,Gujarat,251133,Jamnagar,Municipal Corporations,447.0,Jamnagar,FULL MATCH
24,Gujarat,251134,Dhrol,Municipality,447.0,Jamnagar,FULL MATCH
24,Gujarat,251135,Kalavad,Municipality,447.0,Jamnagar,FULL MATCH
24,Gujarat,251137,Jamjodhpur,Municipality,447.0,Jamnagar,FULL MATCH
24,Gujarat,251124,Upleta,Municipality,448.0,Junagadh,FULL MATCH
24,Gujarat,251142,Kutiyana,Municipality,448.0,Junagadh,FULL MATCH
24,Gujarat,251143,Bantwa,Municipality,448.0,Junagadh,FULL MATCH
24,Gujarat,251144,Manavadar,Municipality,448.0,Junagadh,FULL MATCH
24,Gujarat,251145,Vanthali,Municipality,448.0,Junagadh,FULL MATCH
24,Gujarat,251147,Junagadh,Municipal Corporations,448.0,Junagadh,FULL MATCH
24,Gujarat,251148,Visavadar,Municipality,448.0,Junagadh,FULL MATCH
24,Gujarat,251149,Keshod,Municipality,448.0,Junagadh,FULL MATCH
24,Gujarat,251150,Mangrol,Municipality,448.0,Junagadh,FULL MATCH
24,Gujarat,251151,Chorvad,Municipality,448.0,Junagadh,FULL MATCH
24,Gujarat,277170,Talala,Municipality,448.0,Junagadh,FULL MATCH
24,Gujarat,251044,Rapar,Municipality,449.0,Kachchh,FULL MATCH
24,Gujarat,251045,Bhachau,Municipality,449.0,Kachchh,FULL MATCH
24,Gujarat,251046,Anjar,Municipality,449.0,Kachchh,FULL MATCH
24,Gujarat,251047,Bhuj,Municipality,449.0,Kachchh,FULL MATCH
24,Gujarat,251050,Gandhidham,Municipal Corporations,449.0,Kachchh,FULL MATCH
24,Gujarat,277169,Mandvi Kachchh,Municipality,449.0,Kachchh,AMBIGUOUS MATCH
24,Gujarat,297099,Mundra-Baroi,Municipality,449.0,Kachchh,FULL MATCH
24,Gujarat,301161,Nakhatrana,Municipality,449.0,Kachchh,FULL MATCH
24,Gujarat,302675,GANDHIDHAM,Municipality,449.0,Kachchh,FULL MATCH
24,Gujarat,302676,GANDHIDHAM,Municipality,449.0,Kachchh,FULL MATCH
24,Gujarat,251171,Umreth,Municipality,450.0,Kheda,FULL MATCH
24,Gujarat,251183,Kapadvanj,Municipality,450.0,Kheda,FULL MATCH
24,Gujarat,251184,Balasinor,Municipality,450.0,Kheda,FULL MATCH
24,Gujarat,251185,Mehmedabad,Municipality,450.0,Kheda,FULL MATCH
24,Gujarat,251187,Nadiad,Municipality,450.0,Kheda,FULL MATCH
24,Gujarat,251188,Chaklasi,Municipality,450.0,Kheda,FULL MATCH
24,Gujarat,251189,Mahudha,Municipality,450.0,Kheda,FULL MATCH
24,Gujarat,251190,Dakor,Municipality,450.0,Kheda,FULL MATCH
24,Gujarat,253147,Babra,Municipality,450.0,Kheda,AMBIGUOUS MATCH
24,Gujarat,253224,Thasra,Municipality,450.0,Kheda,FULL MATCH
24,Gujarat,253225,Kathlal,Municipality,450.0,Kheda,FULL MATCH
24,Gujarat,253226,Kanajari,Municipality,450.0,Kheda,FULL MATCH
24,Gujarat,253230,Sojitra,Municipality,450.0,Kheda,FULL MATCH
24,Gujarat,277169,Mandvi Kachchh,Municipality,450.0,Kheda,AMBIGUOUS MATCH
24,Gujarat,251063,Kheralu,Municipality,451.0,Mahesana,FULL MATCH
24,Gujarat,251064,Unjha,Municipality,451.0,Mahesana,FULL MATCH
24,Gujarat,251065,Visnagar,Municipality,451.0,Mahesana,FULL MATCH
24,Gujarat,251066,Vadnagar,Municipality,451.0,Mahesana,FULL MATCH
24,Gujarat,251067,Vijapur,Municipality,451.0,Mahesana,FULL MATCH
24,Gujarat,251068,Mahesana,Municipal Corporations,451.0,Mahesana,FULL MATCH
24,Gujarat,251070,Kadi,Municipality,451.0,Mahesana,FULL MATCH
24,Gujarat,251245,Navsari-Vijalpor,Municipal Corporations,453.0,Navsari,FULL MATCH
24,Gujarat,251249,Gandevi,Municipality,453.0,Navsari,FULL MATCH
24,Gujarat,251251,Bilimora,Municipality,453.0,Navsari,FULL MATCH
24,Gujarat,248076,Shahera,Municipality,454.0,Panch Mahals,FULL MATCH
24,Gujarat,251192,Lunawada,Municipality,454.0,Panch Mahals,FULL MATCH
24,Gujarat,251194,Kaalol,Municipality,454.0,Panch Mahals,FULL MATCH
24,Gujarat,251196,Halol,Municipality,454.0,Panch Mahals,FULL MATCH
24,Gujarat,251200,Devgadbaria,Municipality,454.0,Panch Mahals,FULL MATCH
24,Gujarat,251058,Radhanpur,Municipality,455.0,Patan,FULL MATCH
24,Gujarat,251059,Sidhpur,Municipality,455.0,Patan,FULL MATCH
24,Gujarat,251060,Patan,Municipality,455.0,Patan,FULL MATCH
24,Gujarat,251061,Harij,Municipality,455.0,Patan,FULL MATCH
24,Gujarat,251062,Chanasma,Municipality,455.0,Patan,FULL MATCH
24,Gujarat,251124,Upleta,Municipality,456.0,Porbandar,FULL MATCH
24,Gujarat,251136,Bhanvad,Municipality,456.0,Porbandar,FULL MATCH
24,Gujarat,251138,Porbandar,Municipal Corporations,456.0,Porbandar,FULL MATCH
24,Gujarat,251141,Ranavav,Municipality,456.0,Porbandar,FULL MATCH
24,Gujarat,251142,Kutiyana,Municipality,456.0,Porbandar,FULL MATCH
24,Gujarat,251143,Bantwa,Municipality,456.0,Porbandar,FULL MATCH
24,Gujarat,302656,PORBANDAR ,Municipal Corporations,456.0,Porbandar,FULL MATCH
24,Gujarat,302657,PORBANDAR ,Municipal Corporations,456.0,Porbandar,FULL MATCH
24,Gujarat,251120,Rajkot,Municipal Corporations,457.0,Rajkot,AMBIGUOUS MATCH
24,Gujarat,251121,Jasdan,Municipality,457.0,Rajkot,FULL MATCH
24,Gujarat,251122,Gondal,Municipality,457.0,Rajkot,FULL MATCH
24,Gujarat,251123,Bhayavadar,Municipality,457.0,Rajkot,FULL MATCH
24,Gujarat,251124,Upleta,Municipality,457.0,Rajkot,FULL MATCH
24,Gujarat,251125,Dhoraji,Municipality,457.0,Rajkot,FULL MATCH
24,Gujarat,251126,Jetpur Navagadh,Municipality,457.0,Rajkot,FULL MATCH
24,Gujarat,253137,Chotila,Municipality,457.0,Rajkot,FULL MATCH
24,Gujarat,302662,TANKARA,Municipality,457.0,Rajkot,FULL MATCH
24,Gujarat,251071,Khedbrahma,Municipality,458.0,Sabar Kantha,FULL MATCH
24,Gujarat,251072,Idar,Municipality,458.0,Sabar Kantha,FULL MATCH
24,Gujarat,251074,Himatnagar,Municipality,458.0,Sabar Kantha,FULL MATCH
24,Gujarat,251075,Prantij,Municipality,458.0,Sabar Kantha,FULL MATCH
24,Gujarat,251076,Talod,Municipality,458.0,Sabar Kantha,FULL MATCH
24,Gujarat,253128,Vadali,Municipality,458.0,Sabar Kantha,FULL MATCH
24,Gujarat,251048,Mandvi,Municipality,459.0,Surat,FULL MATCH
24,Gujarat,251230,Songadh,Municipality,459.0,Surat,FULL MATCH
24,Gujarat,251231,Surat,Municipal Corporations,459.0,Surat,FULL MATCH
24,Gujarat,251243,Bardoli,Municipality,459.0,Surat,FULL MATCH
24,Gujarat,276024,Kadodara,Municipality,459.0,Surat,FULL MATCH
24,Gujarat,276026,Tarsadi,Municipality,459.0,Surat,FULL MATCH
24,Gujarat,251089,Viramgam,Municipality,460.0,Surendranagar,FULL MATCH
24,Gujarat,251111,Halvad,Municipality,460.0,Surendranagar,FULL MATCH
24,Gujarat,251112,Dhrangadhra,Municipality,460.0,Surendranagar,FULL MATCH
24,Gujarat,251116,Thangadh,Municipality,460.0,Surendranagar,FULL MATCH
24,Gujarat,251117,Limbdi,Municipality,460.0,Surendranagar,FULL MATCH
24,Gujarat,253137,Chotila,Municipality,460.0,Surendranagar,FULL MATCH
24,Gujarat,253138,Patdi,Municipality,460.0,Surendranagar,FULL MATCH
24,Gujarat,251209,Vadodara,Municipal Corporations,461.0,Vadodara,AMBIGUOUS MATCH
24,Gujarat,251211,Chhota-Udepur,Municipality,461.0,Vadodara,FULL MATCH
24,Gujarat,251213,Dabhoi,Municipality,461.0,Vadodara,FULL MATCH
24,Gujarat,251214,Padra,Municipality,461.0,Vadodara,FULL MATCH
24,Gujarat,251215,Karjan,Municipality,461.0,Vadodara,FULL MATCH
24,Gujarat,251219,Jambusar,Municipality,461.0,Vadodara,FULL MATCH
24,Gujarat,253223,Amod,Municipality,461.0,Vadodara,FULL MATCH
24,Gujarat,253247,Savli,Municipality,461.0,Vadodara,FULL MATCH
24,Gujarat,301666,KV 33 of 2024 UDUHD-CMO-e-file-18-2023-1647-M,Municipality,461.0,Vadodara,FULL MATCH
24,Gujarat,251254,Valsad,Municipality,462.0,Valsad,FULL MATCH
24,Gujarat,251261,Dharampur,Municipality,462.0,Valsad,FULL MATCH
24,Gujarat,251262,Pardi,Municipality,462.0,Valsad,FULL MATCH
24,Gujarat,251264,Vapi,Municipal Corporations,462.0,Valsad,FULL MATCH
24,Gujarat,251269,Ummargam,Municipality,462.0,Valsad,FULL MATCH
24,Gujarat,251230,Songadh,Municipality,641.0,Tapi,FULL MATCH
24,Gujarat,251244,Vyara,Municipality,641.0,Tapi,FULL MATCH
24,Gujarat,251211,Chhota-Udepur,Municipality,668.0,Chhotaudepur,FULL MATCH
24,Gujarat,248076,Shahera,Municipality,669.0,Mahisagar,FULL MATCH
24,Gujarat,251184,Balasinor,Municipality,669.0,Mahisagar,FULL MATCH
24,Gujarat,251191,Santrampur,Municipality,669.0,Mahisagar,FULL MATCH
24,Gujarat,251192,Lunawada,Municipality,669.0,Mahisagar,FULL MATCH
24,Gujarat,251076,Talod,Municipality,672.0,Arvalli,FULL MATCH
24,Gujarat,251077,Modasa,Municipality,672.0,Arvalli,FULL MATCH
24,Gujarat,253127,Bayad,Municipality,672.0,Arvalli,FULL MATCH
24,Gujarat,251111,Halvad,Municipality,673.0,Morbi,FULL MATCH
24,Gujarat,251112,Dhrangadhra,Municipality,673.0,Morbi,FULL MATCH
24,Gujarat,251118,Morbi,Municipal Corporations,673.0,Morbi,FULL MATCH
24,Gujarat,251119,Wankaner,Municipality,673.0,Morbi,FULL MATCH
24,Gujarat,251120,Rajkot,Municipal Corporations,673.0,Morbi,AMBIGUOUS MATCH
24,Gujarat,253135,Maliya Miyana,Municipality,673.0,Morbi,FULL MATCH
24,Gujarat,301667,KV 51 of 2024 UDUHD-MISC-MPMLA-18-2024-1370-M,Municipality,673.0,Morbi,FULL MATCH
24,Gujarat,302661,MORABI,Municipal Corporations,673.0,Morbi,FULL MATCH
24,Gujarat,302662,TANKARA,Municipality,673.0,Morbi,FULL MATCH
24,Gujarat,251127,Okha,Municipality,674.0,Devbhumi Dwarka,FULL MATCH
24,Gujarat,251129,Dwarka,Municipality,674.0,Devbhumi Dwarka,FULL MATCH
24,Gujarat,251130,Salaya,Municipality,674.0,Devbhumi Dwarka,FULL MATCH
24,Gujarat,251131,Khambhalia,Municipality,674.0,Devbhumi Dwarka,FULL MATCH
24,Gujarat,251136,Bhanvad,Municipality,674.0,Devbhumi Dwarka,FULL MATCH
24,Gujarat,251137,Jamjodhpur,Municipality,674.0,Devbhumi Dwarka,FULL MATCH
24,Gujarat,253143,Raval,Municipality,674.0,Devbhumi Dwarka,FULL MATCH
24,Gujarat,251148,Visavadar,Municipality,675.0,Gir Somnath,FULL MATCH
24,Gujarat,251152,Veraval,Municipality,675.0,Gir Somnath,FULL MATCH
24,Gujarat,251153,Kodinar,Municipality,675.0,Gir Somnath,FULL MATCH
24,Gujarat,251154,Una,Municipality,675.0,Gir Somnath,FULL MATCH
24,Gujarat,277170,Talala,Municipality,675.0,Gir Somnath,FULL MATCH
24,Gujarat,277171,Sutrapada,Municipality,675.0,Gir Somnath,FULL MATCH
24,Gujarat,251163,Botad,Municipality,676.0,Botad,FULL MATCH
24,Gujarat,251164,Gadhada,Municipality,676.0,Botad,FULL MATCH
24,Gujarat,253126,Vallabhipur,Municipality,676.0,Botad,FULL MATCH
24,Gujarat,253241,Barwala,Municipality,676.0,Botad,FULL MATCH
24,Gujarat,251052,Tharad,Municipality,789.0,Vav-Tharad,FULL MATCH
24,Gujarat,251053,Dhanera,Municipality,789.0,Vav-Tharad,FULL MATCH
24,Gujarat,251057,Deesa,Municipality,789.0,Vav-Tharad,FULL MATCH
24,Gujarat,253103,Bhabhar,Municipality,789.0,Vav-Tharad,FULL MATCH
24,Gujarat,251114,Surendranagar,Municipal Corporations,,,NO MATCH
24,Gujarat,251175,Vallabh Vidyanagar,Municipality,,,NO MATCH
24,Gujarat,251186,Kheda,Municipality,,,NO MATCH
24,Gujarat,251193,Godhra,Municipality,,,NO MATCH
24,Gujarat,251216,Rajpipla,Municipality,,,NO MATCH
24,Gujarat,251225,Anklesvar,Municipality,,,NO MATCH
24,Gujarat,276440,Gandhinagar,Municipal Corporations,,,NO MATCH
27,Maharashtra,251293,Dharangaon,Municipality,466.0,Ahilyanagar,AMBIGUOUS MATCH
27,Maharashtra,251539,Sangamner,Municipality,466.0,Ahilyanagar,FULL MATCH
27,Maharashtra,251540,Kopargaon,Municipality,466.0,Ahilyanagar,FULL MATCH
27,Maharashtra,251542,Shirdi,Town Panchayat,466.0,Ahilyanagar,FULL MATCH
27,Maharashtra,251543,Rahta Pimplas,Municipality,466.0,Ahilyanagar,FULL MATCH
27,Maharashtra,251544,Shrirampur,Municipality,466.0,Ahilyanagar,FULL MATCH
27,Maharashtra,251546,Pathardi,Municipality,466.0,Ahilyanagar,FULL MATCH
27,Maharashtra,251548,Ahmadnagar,Municipal Corporations,466.0,Ahilyanagar,FULL MATCH
27,Maharashtra,251551,Rahuri,Municipality,466.0,Ahilyanagar,FULL MATCH
27,Maharashtra,251552,Deolali Pravara,Municipality,466.0,Ahilyanagar,FULL MATCH
27,Maharashtra,251553,Shrigonda,Municipality,466.0,Ahilyanagar,FULL MATCH
27,Maharashtra,251554,Jamkhed,Municipality,466.0,Ahilyanagar,FULL MATCH
27,Maharashtra,259697,Bhokar,Municipality,466.0,Ahilyanagar,FULL MATCH
27,Maharashtra,275728,Akole,Town Panchayat,466.0,Ahilyanagar,FULL MATCH
27,Maharashtra,275729,Karjat,Town Panchayat,466.0,Ahilyanagar,AMBIGUOUS MATCH
27,Maharashtra,275730,Parner,Town Panchayat,466.0,Ahilyanagar,FULL MATCH
27,Maharashtra,276320,Nevasa,Town Panchayat,466.0,Ahilyanagar,FULL MATCH
27,Maharashtra,276331,Shevgaon,Municipality,466.0,Ahilyanagar,FULL MATCH
27,Maharashtra,251309,Telhara,Municipality,467.0,Akola,FULL MATCH
27,Maharashtra,251310,Akot,Municipality,467.0,Akola,FULL MATCH
27,Maharashtra,251311,Balapur,Municipality,467.0,Akola,FULL MATCH
27,Maharashtra,251312,Akola,Municipal Corporations,467.0,Akola,FULL MATCH
27,Maharashtra,251315,Murtijapur,Municipality,467.0,Akola,FULL MATCH
27,Maharashtra,251316,Patur,Municipality,467.0,Akola,FULL MATCH
27,Maharashtra,251318,Karanja,Municipality,467.0,Akola,FULL MATCH
27,Maharashtra,276293,Malegaon,Town Panchayat,467.0,Akola,AMBIGUOUS MATCH
27,Maharashtra,276332,Barshitakli,Town Panchayat,467.0,Akola,FULL MATCH
27,Maharashtra,251322,Anjangaon,Municipality,468.0,Amravati,FULL MATCH
27,Maharashtra,251323,Achalpur,Municipality,468.0,Amravati,FULL MATCH
27,Maharashtra,251324,Chandurbazar,Municipality,468.0,Amravati,FULL MATCH
27,Maharashtra,251325,Morshi,Municipality,468.0,Amravati,FULL MATCH
27,Maharashtra,251326,Warud,Municipality,468.0,Amravati,FULL MATCH
27,Maharashtra,251327,Shendurjana,Municipality,468.0,Amravati,FULL MATCH
27,Maharashtra,251328,Amravati,Municipal Corporations,468.0,Amravati,AMBIGUOUS MATCH
27,Maharashtra,251329,Daryapur Banosa,Municipality,468.0,Amravati,FULL MATCH
27,Maharashtra,251330,Chandur,Municipality,468.0,Amravati,FULL MATCH
27,Maharashtra,251331,Dattapur Dhamangaon,Municipality,468.0,Amravati,FULL MATCH
27,Maharashtra,276289,Tiwsa,Town Panchayat,468.0,Amravati,FULL MATCH
27,Maharashtra,276290,Bhatkuli,Town Panchayat,468.0,Amravati,FULL MATCH
27,Maharashtra,276291,Nandgaon Khandeshwar,Town Panchayat,468.0,Amravati,FULL MATCH
27,Maharashtra,276292,Dharni,Town Panchayat,468.0,Amravati,FULL MATCH
27,Maharashtra,276634,Chikhaldara,Municipality,468.0,Amravati,FULL MATCH
27,Maharashtra,303119,Hiwarkhed,Municipality,468.0,Amravati,FULL MATCH
27,Maharashtra,251422,Bhokardan,Municipality,469.0,Chhatrapati Sambhajinagar,FULL MATCH
27,Maharashtra,251423,Jalna,Municipal Corporations,469.0,Chhatrapati Sambhajinagar,AMBIGUOUS MATCH
27,Maharashtra,251424,Ambad,Municipality,469.0,Chhatrapati Sambhajinagar,AMBIGUOUS MATCH
27,Maharashtra,251426,Kannad,Municipality,469.0,Chhatrapati Sambhajinagar,FULL MATCH
27,Maharashtra,251428,Aurangabad,Municipal Corporations,469.0,Chhatrapati Sambhajinagar,FULL MATCH
27,Maharashtra,251430,Khuldabad,Municipality,469.0,Chhatrapati Sambhajinagar,FULL MATCH
27,Maharashtra,251431,Vaijapur,Municipality,469.0,Chhatrapati Sambhajinagar,FULL MATCH
27,Maharashtra,251432,Gangapur,Municipality,469.0,Chhatrapati Sambhajinagar,FULL MATCH
27,Maharashtra,251433,Paithan,Municipality,469.0,Chhatrapati Sambhajinagar,FULL MATCH
27,Maharashtra,251436,Soyagaon,Town Panchayat,469.0,Chhatrapati Sambhajinagar,FULL MATCH
27,Maharashtra,276353,Fulambri,Town Panchayat,469.0,Chhatrapati Sambhajinagar,FULL MATCH
27,Maharashtra,297092,Sillod Municipal Council,Municipality,469.0,Chhatrapati Sambhajinagar,FULL MATCH
27,Maharashtra,251555,Georai,Municipality,470.0,Beed,FULL MATCH
27,Maharashtra,251556,Majalgaon,Municipality,470.0,Beed,FULL MATCH
27,Maharashtra,251557,Bid,Municipality,470.0,Beed,FULL MATCH
27,Maharashtra,251558,Kille Dharur,Municipality,470.0,Beed,FULL MATCH
27,Maharashtra,251559,Parli,Municipality,470.0,Beed,FULL MATCH
27,Maharashtra,251560,Ambajogai,Municipality,470.0,Beed,FULL MATCH
27,Maharashtra,259696,Kaij,Town Panchayat,470.0,Beed,FULL MATCH
27,Maharashtra,275726,Shirur Kasar,Town Panchayat,470.0,Beed,FULL MATCH
27,Maharashtra,275731,Wadvani,Town Panchayat,470.0,Beed,FULL MATCH
27,Maharashtra,275732,Patoda.,Town Panchayat,470.0,Beed,FULL MATCH
27,Maharashtra,248077,Pauni,Municipality,471.0,Bhandara,FULL MATCH
27,Maharashtra,248078,Bhandara,Municipality,471.0,Bhandara,FULL MATCH
27,Maharashtra,248079,Tumsar,Municipality,471.0,Bhandara,FULL MATCH
27,Maharashtra,251353,Ramtek,Municipality,471.0,Bhandara,FULL MATCH
27,Maharashtra,251358,Mahadula,Town Panchayat,471.0,Bhandara,FULL MATCH
27,Maharashtra,251366,Umred,Municipality,471.0,Bhandara,FULL MATCH
27,Maharashtra,251371,Gondiya,Municipality,471.0,Bhandara,FULL MATCH
27,Maharashtra,251510,Goregaon,Town Panchayat,471.0,Bhandara,AMBIGUOUS MATCH
27,Maharashtra,276319,Sakoli,Municipality,471.0,Bhandara,FULL MATCH
27,Maharashtra,276323,Lakhani,Town Panchayat,471.0,Bhandara,FULL MATCH
27,Maharashtra,276324,Lakhandur,Town Panchayat,471.0,Bhandara,FULL MATCH
27,Maharashtra,276325,Mohadi,Town Panchayat,471.0,Bhandara,FULL MATCH
27,Maharashtra,251298,Jalgaon - Jamod,Municipality,472.0,Buldhana,FULL MATCH
27,Maharashtra,251299,Shegaon,Municipality,472.0,Buldhana,FULL MATCH
27,Maharashtra,251300,Nandura,Municipality,472.0,Buldhana,FULL MATCH
27,Maharashtra,251301,Malkapur,Municipality,472.0,Buldhana,FULL MATCH
27,Maharashtra,251302,Khamgaon,Municipality,472.0,Buldhana,FULL MATCH
27,Maharashtra,251303,Mehkar,Municipality,472.0,Buldhana,FULL MATCH
27,Maharashtra,251304,Chikhli,Municipality,472.0,Buldhana,FULL MATCH
27,Maharashtra,251305,Buldana,Municipality,472.0,Buldhana,FULL MATCH
27,Maharashtra,251306,Deulgaon Raja,Municipality,472.0,Buldhana,FULL MATCH
27,Maharashtra,251307,Sindkhed Raja,Municipality,472.0,Buldhana,FULL MATCH
27,Maharashtra,251308,Lonar,Municipality,472.0,Buldhana,FULL MATCH
27,Maharashtra,276274,Sangrampur,Town Panchayat,472.0,Buldhana,FULL MATCH
27,Maharashtra,276275,Motala,Town Panchayat,472.0,Buldhana,FULL MATCH
27,Maharashtra,248080,Municipal Council Gadchiroli,Municipality,473.0,Chandrapur,FULL MATCH
27,Maharashtra,248082,Chandrapur,Municipal Corporations,473.0,Chandrapur,FULL MATCH
27,Maharashtra,251373,Brahmapuri,Municipality,473.0,Chandrapur,FULL MATCH
27,Maharashtra,251375,Bhadravati,Municipality,473.0,Chandrapur,FULL MATCH
27,Maharashtra,251376,Warora,Municipality,473.0,Chandrapur,FULL MATCH
27,Maharashtra,251381,Ballarpur,Municipality,473.0,Chandrapur,FULL MATCH
27,Maharashtra,251382,Mul,Municipality,473.0,Chandrapur,FULL MATCH
27,Maharashtra,251384,Rajura,Municipality,473.0,Chandrapur,FULL MATCH
27,Maharashtra,265713,Chimur,Municipality,473.0,Chandrapur,FULL MATCH
27,Maharashtra,265791,Gadchandur Nagar Parishad,Municipality,473.0,Chandrapur,FULL MATCH
27,Maharashtra,276355,Jiwati,Town Panchayat,473.0,Chandrapur,FULL MATCH
27,Maharashtra,276356,Saoli,Town Panchayat,473.0,Chandrapur,FULL MATCH
27,Maharashtra,276357,Korpana,Town Panchayat,473.0,Chandrapur,FULL MATCH
27,Maharashtra,276358,Gondpimpri,Town Panchayat,473.0,Chandrapur,FULL MATCH
27,Maharashtra,276359,Pombhurna,Town Panchayat,473.0,Chandrapur,FULL MATCH
27,Maharashtra,276361,Nagbhid Muncipal Council,Municipality,473.0,Chandrapur,FULL MATCH
27,Maharashtra,276362,Sindewahi,Town Panchayat,473.0,Chandrapur,FULL MATCH
27,Maharashtra,298902,Ghugus,Municipality,473.0,Chandrapur,FULL MATCH
27,Maharashtra,251278,Nandurbar,Municipality,474.0,Dhule,FULL MATCH
27,Maharashtra,251279,Nawapur,Municipality,474.0,Dhule,FULL MATCH
27,Maharashtra,251280,Shirpur-Warwade,Municipality,474.0,Dhule,FULL MATCH
27,Maharashtra,251281,Dondaicha-Warwade,Municipality,474.0,Dhule,FULL MATCH
27,Maharashtra,251282,Dhule,Municipal Corporations,474.0,Dhule,FULL MATCH
27,Maharashtra,259701,Sindhakeda,Town Panchayat,474.0,Dhule,FULL MATCH
27,Maharashtra,276339,Sakri,Town Panchayat,474.0,Dhule,FULL MATCH
27,Maharashtra,303133,Pimpalner Nagar Pnchayat,Town Panchayat,474.0,Dhule,FULL MATCH
27,Maharashtra,248080,Municipal Council Gadchiroli,Municipality,475.0,Gadchiroli,FULL MATCH
27,Maharashtra,248081,Municipal Council Desaiganj ( Wadsa),Municipality,475.0,Gadchiroli,FULL MATCH
27,Maharashtra,276283,Bhamragad,Town Panchayat,475.0,Gadchiroli,FULL MATCH
27,Maharashtra,276284,Dhanora,Town Panchayat,475.0,Gadchiroli,FULL MATCH
27,Maharashtra,276286,Kurkheda,Town Panchayat,475.0,Gadchiroli,FULL MATCH
27,Maharashtra,276287,Mulchera,Town Panchayat,475.0,Gadchiroli,FULL MATCH
27,Maharashtra,276288,Sironcha,Town Panchayat,475.0,Gadchiroli,FULL MATCH
27,Maharashtra,276327,Aheri,Town Panchayat,475.0,Gadchiroli,FULL MATCH
27,Maharashtra,276329,Chamorshi,Town Panchayat,475.0,Gadchiroli,FULL MATCH
27,Maharashtra,276330,Etapalli,Town Panchayat,475.0,Gadchiroli,FULL MATCH
27,Maharashtra,297866,Municipal Council Armori,Municipality,475.0,Gadchiroli,FULL MATCH
27,Maharashtra,251370,Tirora,Municipality,476.0,Gondia,FULL MATCH
27,Maharashtra,251371,Gondiya,Municipality,476.0,Gondia,FULL MATCH
27,Maharashtra,251510,Goregaon,Town Panchayat,476.0,Gondia,AMBIGUOUS MATCH
27,Maharashtra,276363,Deori,Town Panchayat,476.0,Gondia,FULL MATCH
27,Maharashtra,276364,Amgaon,Municipality,476.0,Gondia,FULL MATCH
27,Maharashtra,276365,Salekasa,Town Panchayat,476.0,Gondia,FULL MATCH
27,Maharashtra,276366,Arjuni,Town Panchayat,476.0,Gondia,FULL MATCH
27,Maharashtra,276368,Sadak-Arjuni,Town Panchayat,476.0,Gondia,FULL MATCH
27,Maharashtra,251399,Hadgaon,Municipality,477.0,Hingoli,FULL MATCH
27,Maharashtra,251411,Hingoli,Municipality,477.0,Hingoli,FULL MATCH
27,Maharashtra,251412,Kalamnuri,Municipality,477.0,Hingoli,FULL MATCH
27,Maharashtra,251413,Basmath,Municipality,477.0,Hingoli,FULL MATCH
27,Maharashtra,251415,Jintur,Municipality,477.0,Hingoli,FULL MATCH
27,Maharashtra,296909,Aundha Nagnath,Town Panchayat,477.0,Hingoli,FULL MATCH
27,Maharashtra,296910,Sengaon,Town Panchayat,477.0,Hingoli,FULL MATCH
27,Maharashtra,251283,Chopda,Municipality,478.0,Jalgaon,FULL MATCH
27,Maharashtra,251284,Yawal,Municipality,478.0,Jalgaon,FULL MATCH
27,Maharashtra,251285,Faizpur,Municipality,478.0,Jalgaon,FULL MATCH
27,Maharashtra,251286,Savda,Municipality,478.0,Jalgaon,FULL MATCH
27,Maharashtra,251287,Raver,Municipality,478.0,Jalgaon,FULL MATCH
27,Maharashtra,251290,Bhusawal,Municipality,478.0,Jalgaon,FULL MATCH
27,Maharashtra,251292,Erandol,Municipality,478.0,Jalgaon,FULL MATCH
27,Maharashtra,251293,Dharangaon,Municipality,478.0,Jalgaon,AMBIGUOUS MATCH
27,Maharashtra,251294,Amalner,Municipality,478.0,Jalgaon,FULL MATCH
27,Maharashtra,251295,Parola,Municipality,478.0,Jalgaon,FULL MATCH
27,Maharashtra,251297,Pachora,Municipality,478.0,Jalgaon,FULL MATCH
27,Maharashtra,253139,Jamner,Municipality,478.0,Jalgaon,FULL MATCH
27,Maharashtra,253140,Bhadgaon,Municipality,478.0,Jalgaon,FULL MATCH
27,Maharashtra,276272,Bodwad,Town Panchayat,478.0,Jalgaon,FULL MATCH
27,Maharashtra,276273,Varangaon,Municipality,478.0,Jalgaon,FULL MATCH
27,Maharashtra,276421,Muktainagar,Town Panchayat,478.0,Jalgaon,FULL MATCH
27,Maharashtra,276571,Jalgaon,Municipal Corporations,478.0,Jalgaon,AMBIGUOUS MATCH
27,Maharashtra,277413,Shendurni,Town Panchayat,478.0,Jalgaon,FULL MATCH
27,Maharashtra,251414,Sailu,Municipality,479.0,Jalna,FULL MATCH
27,Maharashtra,251418,Pathri,Municipality,479.0,Jalna,FULL MATCH
27,Maharashtra,251424,Ambad,Municipality,479.0,Jalna,AMBIGUOUS MATCH
27,Maharashtra,251425,Partur,Municipality,479.0,Jalna,FULL MATCH
27,Maharashtra,275734,Ashti,Town Panchayat,479.0,Jalna,FULL MATCH
27,Maharashtra,276369,Badnapur,Town Panchayat,479.0,Jalna,FULL MATCH
27,Maharashtra,276370,Ghansawangi,Town Panchayat,479.0,Jalna,FULL MATCH
27,Maharashtra,276371,Mantha,Town Panchayat,479.0,Jalna,FULL MATCH
27,Maharashtra,276372,Jafrabad,Town Panchayat,479.0,Jalna,FULL MATCH
27,Maharashtra,251614,Malkapur-Kolhapur,Municipality,480.0,Kolhapur,FULL MATCH
27,Maharashtra,251615,Panhala,Municipality,480.0,Kolhapur,FULL MATCH
27,Maharashtra,251616,Vadgaon Kasba,Municipality,480.0,Kolhapur,FULL MATCH
27,Maharashtra,251619,Ichalkaranji,Municipal Corporations,480.0,Kolhapur,FULL MATCH
27,Maharashtra,251621,Jaysingpur,Municipality,480.0,Kolhapur,FULL MATCH
27,Maharashtra,251622,Kurundvad,Municipality,480.0,Kolhapur,FULL MATCH
27,Maharashtra,251625,Kolhapur,Municipal Corporations,480.0,Kolhapur,AMBIGUOUS MATCH
27,Maharashtra,251628,Kagal,Municipality,480.0,Kolhapur,FULL MATCH
27,Maharashtra,251629,Murgud,Municipality,480.0,Kolhapur,FULL MATCH
27,Maharashtra,251630,Ajara,Town Panchayat,480.0,Kolhapur,FULL MATCH
27,Maharashtra,251631,Gadhinglaj,Municipality,480.0,Kolhapur,FULL MATCH
27,Maharashtra,276296,Hupari,Municipality,480.0,Kolhapur,FULL MATCH
27,Maharashtra,276635,Shirol,Municipality,480.0,Kolhapur,FULL MATCH
27,Maharashtra,290433,Chandgad.,Town Panchayat,480.0,Kolhapur,FULL MATCH
27,Maharashtra,290434,Hatkanangale.,Town Panchayat,480.0,Kolhapur,FULL MATCH
27,Maharashtra,251561,Latur,Municipal Corporations,481.0,Latur,FULL MATCH
27,Maharashtra,251562,Ahmadpur,Municipality,481.0,Latur,FULL MATCH
27,Maharashtra,251563,Ausa,Municipality,481.0,Latur,FULL MATCH
27,Maharashtra,251564,Nilanga,Municipality,481.0,Latur,FULL MATCH
27,Maharashtra,251565,Udgir,Municipality,481.0,Latur,FULL MATCH
27,Maharashtra,276373,Jalkot,Town Panchayat,481.0,Latur,FULL MATCH
27,Maharashtra,276374,Shirur-Anantpal,Town Panchayat,481.0,Latur,FULL MATCH
27,Maharashtra,276375,Chakur,Town Panchayat,481.0,Latur,FULL MATCH
27,Maharashtra,276376,Renapur,Town Panchayat,481.0,Latur,FULL MATCH
27,Maharashtra,276377,Deoni (Bk),Town Panchayat,481.0,Latur,FULL MATCH
27,Maharashtra,251492,Panvel,Municipal Corporations,483.0,Mumbai Suburban,FULL MATCH
27,Maharashtra,251339,Mowad,Municipality,484.0,Nagpur,FULL MATCH
27,Maharashtra,251340,Narkhed,Municipality,484.0,Nagpur,FULL MATCH
27,Maharashtra,251341,Katol,Municipality,484.0,Nagpur,FULL MATCH
27,Maharashtra,251342,Kalameshwar,Municipality,484.0,Nagpur,FULL MATCH
27,Maharashtra,251343,Mohpa,Municipality,484.0,Nagpur,FULL MATCH
27,Maharashtra,251344,Savner,Municipality,484.0,Nagpur,FULL MATCH
27,Maharashtra,251345,Khapa,Municipality,484.0,Nagpur,FULL MATCH
27,Maharashtra,251350,Kanhan - Pipri,Municipality,484.0,Nagpur,FULL MATCH
27,Maharashtra,251353,Ramtek,Municipality,484.0,Nagpur,FULL MATCH
27,Maharashtra,251356,Kamptee,Municipality,484.0,Nagpur,FULL MATCH
27,Maharashtra,251358,Mahadula,Town Panchayat,484.0,Nagpur,FULL MATCH
27,Maharashtra,251359,Wadi,Municipality,484.0,Nagpur,FULL MATCH
27,Maharashtra,251362,Nagpur,Municipal Corporations,484.0,Nagpur,AMBIGUOUS MATCH
27,Maharashtra,251363,Wanadongri,Municipality,484.0,Nagpur,FULL MATCH
27,Maharashtra,251366,Umred,Municipality,484.0,Nagpur,FULL MATCH
27,Maharashtra,259672,Mouda,Town Panchayat,484.0,Nagpur,FULL MATCH
27,Maharashtra,263362,Hingna,Town Panchayat,484.0,Nagpur,FULL MATCH
27,Maharashtra,263363,Bhiwapur,Town Panchayat,484.0,Nagpur,FULL MATCH
27,Maharashtra,263364,Kuhi Nagar Parishad,Town Panchayat,484.0,Nagpur,FULL MATCH
27,Maharashtra,276305,Parshivni,Town Panchayat,484.0,Nagpur,FULL MATCH
27,Maharashtra,277411,Butibori,Town Panchayat,484.0,Nagpur,FULL MATCH
27,Maharashtra,290358,Kadegaon.,Town Panchayat,484.0,Nagpur,AMBIGUOUS MATCH
27,Maharashtra,301078,Besa Pipla Nagar Panchayat,Town Panchayat,484.0,Nagpur,FULL MATCH
27,Maharashtra,301085,Bahadura Nagar Panchayat,Town Panchayat,484.0,Nagpur,FULL MATCH
27,Maharashtra,251398,Kinwat,Municipality,485.0,Nanded,FULL MATCH
27,Maharashtra,251399,Hadgaon,Municipality,485.0,Nanded,FULL MATCH
27,Maharashtra,251401,Nanded-Waghala,Municipal Corporations,485.0,Nanded,FULL MATCH
27,Maharashtra,251402,Mudkhed,Municipality,485.0,Nanded,FULL MATCH
27,Maharashtra,251403,Peth Umri,Municipality,485.0,Nanded,FULL MATCH
27,Maharashtra,251404,Dharmabad,Municipality,485.0,Nanded,FULL MATCH
27,Maharashtra,251405,Kundalwadi,Municipality,485.0,Nanded,FULL MATCH
27,Maharashtra,251406,Biloli,Municipality,485.0,Nanded,FULL MATCH
27,Maharashtra,251407,Loha,Municipality,485.0,Nanded,FULL MATCH
27,Maharashtra,251408,Kandhar,Municipality,485.0,Nanded,FULL MATCH
27,Maharashtra,251409,Mukhed,Municipality,485.0,Nanded,FULL MATCH
27,Maharashtra,251410,Deglur,Municipality,485.0,Nanded,FULL MATCH
27,Maharashtra,258020,Ardhapur,Town Panchayat,485.0,Nanded,FULL MATCH
27,Maharashtra,258024,Mahur,Town Panchayat,485.0,Nanded,FULL MATCH
27,Maharashtra,276333,Shahapur,Town Panchayat,485.0,Nanded,FULL MATCH
27,Maharashtra,276606,Himayatnagar Nagarpanchayat,Town Panchayat,485.0,Nanded,FULL MATCH
27,Maharashtra,276623,Naigaon (Khairgaon),Town Panchayat,485.0,Nanded,FULL MATCH
27,Maharashtra,251275,Talode,Municipality,486.0,Nandurbar,FULL MATCH
27,Maharashtra,251277,Shahade,Municipality,486.0,Nandurbar,FULL MATCH
27,Maharashtra,251278,Nandurbar,Municipality,486.0,Nandurbar,FULL MATCH
27,Maharashtra,251279,Nawapur,Municipality,486.0,Nandurbar,FULL MATCH
27,Maharashtra,251281,Dondaicha-Warwade,Municipality,486.0,Nandurbar,FULL MATCH
27,Maharashtra,276345,Dhadgaon,Town Panchayat,486.0,Nandurbar,FULL MATCH
27,Maharashtra,251434,Surgana,Town Panchayat,487.0,Nashik,FULL MATCH
27,Maharashtra,251435,Satana,Municipality,487.0,Nashik,FULL MATCH
27,Maharashtra,251438,Malegaon,Municipal Corporations,487.0,Nashik,FULL MATCH
27,Maharashtra,251439,Nandgaon,Municipality,487.0,Nashik,FULL MATCH
27,Maharashtra,251440,Manmad,Municipality,487.0,Nashik,FULL MATCH
27,Maharashtra,251441,Trimbak,Municipality,487.0,Nashik,FULL MATCH
27,Maharashtra,251442,Nashik,Municipal Corporations,487.0,Nashik,AMBIGUOUS MATCH
27,Maharashtra,251444,Bhagur,Municipality,487.0,Nashik,FULL MATCH
27,Maharashtra,251445,Igatpuri,Municipality,487.0,Nashik,FULL MATCH
27,Maharashtra,251447,Sinnar,Municipality,487.0,Nashik,FULL MATCH
27,Maharashtra,251450,Yevla,Municipality,487.0,Nashik,FULL MATCH
27,Maharashtra,276276,Dindori,Town Panchayat,487.0,Nashik,FULL MATCH
27,Maharashtra,276277,Deola,Town Panchayat,487.0,Nashik,FULL MATCH
27,Maharashtra,276278,Kalwan,Town Panchayat,487.0,Nashik,FULL MATCH
27,Maharashtra,276279,Niphad,Town Panchayat,487.0,Nashik,FULL MATCH
27,Maharashtra,276280,Peth,Town Panchayat,487.0,Nashik,FULL MATCH
27,Maharashtra,276281,Chandwad,Municipality,487.0,Nashik,FULL MATCH
27,Maharashtra,303075,Pimpalgaon Baswant,Municipality,487.0,Nashik,FULL MATCH
27,Maharashtra,251566,Paranda,Municipality,488.0,Dharashiv,FULL MATCH
27,Maharashtra,251567,Bhum,Municipality,488.0,Dharashiv,FULL MATCH
27,Maharashtra,251568,Kalamb,Municipality,488.0,Dharashiv,FULL MATCH
27,Maharashtra,251570,Tuljapur,Municipality,488.0,Dharashiv,FULL MATCH
27,Maharashtra,251571,Naldurg,Municipality,488.0,Dharashiv,FULL MATCH
27,Maharashtra,251572,Murum,Municipality,488.0,Dharashiv,FULL MATCH
27,Maharashtra,251573,Umarga,Municipality,488.0,Dharashiv,FULL MATCH
27,Maharashtra,266073,Kalamb Nagar Panchayat,Town Panchayat,488.0,Dharashiv,AMBIGUOUS MATCH
27,Maharashtra,276312,Washi,Town Panchayat,488.0,Dharashiv,FULL MATCH
27,Maharashtra,276313,Lohara (Bk),Town Panchayat,488.0,Dharashiv,AMBIGUOUS MATCH
27,Maharashtra,251413,Basmath,Municipality,489.0,Parbhani,FULL MATCH
27,Maharashtra,251414,Sailu,Municipality,489.0,Parbhani,FULL MATCH
27,Maharashtra,251415,Jintur,Municipality,489.0,Parbhani,FULL MATCH
27,Maharashtra,251416,Parbhani,Municipal Corporations,489.0,Parbhani,FULL MATCH
27,Maharashtra,251417,Manwath,Municipality,489.0,Parbhani,FULL MATCH
27,Maharashtra,251418,Pathri,Municipality,489.0,Parbhani,FULL MATCH
27,Maharashtra,251419,Sonpeth,Municipality,489.0,Parbhani,FULL MATCH
27,Maharashtra,251420,Gangakhed,Municipality,489.0,Parbhani,FULL MATCH
27,Maharashtra,251421,Purna,Municipality,489.0,Parbhani,FULL MATCH
27,Maharashtra,251425,Partur,Municipality,489.0,Parbhani,FULL MATCH
27,Maharashtra,275734,Ashti,Town Panchayat,489.0,Parbhani,FULL MATCH
27,Maharashtra,276297,Palam,Town Panchayat,489.0,Parbhani,FULL MATCH
27,Maharashtra,296909,Aundha Nagnath,Town Panchayat,489.0,Parbhani,FULL MATCH
27,Maharashtra,251516,Junnar,Municipality,490.0,Pune,FULL MATCH
27,Maharashtra,251518,Shirur,Municipality,490.0,Pune,FULL MATCH
27,Maharashtra,251520,Chakan,Municipality,490.0,Pune,FULL MATCH
27,Maharashtra,251521,Alandi,Municipality,490.0,Pune,FULL MATCH
27,Maharashtra,251522,Talegaon Dabhade,Municipality,490.0,Pune,FULL MATCH
27,Maharashtra,251526,Lonavala,Municipality,490.0,Pune,FULL MATCH
27,Maharashtra,251528,Pimpri Chinchwad,Municipal Corporations,490.0,Pune,AMBIGUOUS MATCH
27,Maharashtra,251530,Pune,Municipal Corporations,490.0,Pune,AMBIGUOUS MATCH
27,Maharashtra,251531,Daund,Municipality,490.0,Pune,FULL MATCH
27,Maharashtra,251532,Sasvad,Municipality,490.0,Pune,FULL MATCH
27,Maharashtra,251533,Jejuri,Municipality,490.0,Pune,FULL MATCH
27,Maharashtra,251535,Bhor,Municipality,490.0,Pune,FULL MATCH
27,Maharashtra,251536,Baramati,Municipality,490.0,Pune,FULL MATCH
27,Maharashtra,251537,Indapur,Municipality,490.0,Pune,FULL MATCH
27,Maharashtra,276293,Malegaon,Town Panchayat,490.0,Pune,AMBIGUOUS MATCH
27,Maharashtra,276348,Khanapur,Town Panchayat,490.0,Pune,AMBIGUOUS MATCH
27,Maharashtra,276637,Vadgaon Mawal,Town Panchayat,490.0,Pune,FULL MATCH
27,Maharashtra,277475,Wadgaon,Municipality,490.0,Pune,FULL MATCH
27,Maharashtra,296912,Rajgurunagar,Municipality,490.0,Pune,FULL MATCH
27,Maharashtra,298888,Dehu,Town Panchayat,490.0,Pune,FULL MATCH
27,Maharashtra,300391,Manchar,Town Panchayat,490.0,Pune,FULL MATCH
27,Maharashtra,300394,Malegaon Budruk,Town Panchayat,490.0,Pune,FULL MATCH
27,Maharashtra,303134,Fursungi Uruli Devachi,Municipality,490.0,Pune,FULL MATCH
27,Maharashtra,251491,Uran,Municipality,491.0,Raigad,FULL MATCH
27,Maharashtra,251492,Panvel,Municipal Corporations,491.0,Raigad,FULL MATCH
27,Maharashtra,251498,Karjat,Municipality,491.0,Raigad,FULL MATCH
27,Maharashtra,251501,Khopoli,Municipality,491.0,Raigad,FULL MATCH
27,Maharashtra,251502,Pen,Municipality,491.0,Raigad,FULL MATCH
27,Maharashtra,251503,Alibag,Municipality,491.0,Raigad,FULL MATCH
27,Maharashtra,251504,Murud,Municipality,491.0,Raigad,FULL MATCH
27,Maharashtra,251506,Roha Ashtami,Municipality,491.0,Raigad,FULL MATCH
27,Maharashtra,251510,Goregaon,Town Panchayat,491.0,Raigad,AMBIGUOUS MATCH
27,Maharashtra,251511,Shrivardhan,Municipality,491.0,Raigad,FULL MATCH
27,Maharashtra,251512,Mhasla,Town Panchayat,491.0,Raigad,FULL MATCH
27,Maharashtra,251513,Mahad,Municipality,491.0,Raigad,FULL MATCH
27,Maharashtra,275729,Karjat,Town Panchayat,491.0,Raigad,AMBIGUOUS MATCH
27,Maharashtra,276267,Khalapur,Town Panchayat,491.0,Raigad,FULL MATCH
27,Maharashtra,276268,Mangaon,Town Panchayat,491.0,Raigad,FULL MATCH
27,Maharashtra,276270,Tala,Town Panchayat,491.0,Raigad,FULL MATCH
27,Maharashtra,276636,Poladpur,Town Panchayat,491.0,Raigad,FULL MATCH
27,Maharashtra,300027,Pali,Town Panchayat,491.0,Raigad,FULL MATCH
27,Maharashtra,251599,Dapoli Camp,Town Panchayat,492.0,Ratnagiri,FULL MATCH
27,Maharashtra,251601,Khed,Municipality,492.0,Ratnagiri,FULL MATCH
27,Maharashtra,251602,Chiplun,Municipality,492.0,Ratnagiri,FULL MATCH
27,Maharashtra,251604,Guhagar,Town Panchayat,492.0,Ratnagiri,FULL MATCH
27,Maharashtra,251605,Ratnagiri,Municipality,492.0,Ratnagiri,FULL MATCH
27,Maharashtra,251607,Lanja,Town Panchayat,492.0,Ratnagiri,FULL MATCH
27,Maharashtra,251608,Rajapur,Municipality,492.0,Ratnagiri,FULL MATCH
27,Maharashtra,259684,Devrukh,Town Panchayat,492.0,Ratnagiri,FULL MATCH
27,Maharashtra,276295,Mandangad,Town Panchayat,492.0,Ratnagiri,FULL MATCH
27,Maharashtra,251633,Uran Islampur,Municipality,493.0,Sangli,FULL MATCH
27,Maharashtra,251634,Ashta,Municipality,493.0,Sangli,FULL MATCH
27,Maharashtra,251635,Vita,Municipality,493.0,Sangli,FULL MATCH
27,Maharashtra,251636,Tasgaon,Municipality,493.0,Sangli,FULL MATCH
27,Maharashtra,251639,Sangli-Miraj Kupwad,Municipal Corporations,493.0,Sangli,FULL MATCH
27,Maharashtra,259699,Jath,Municipality,493.0,Sangli,FULL MATCH
27,Maharashtra,276346,Kavthemahankal,Town Panchayat,493.0,Sangli,FULL MATCH
27,Maharashtra,276348,Khanapur,Town Panchayat,493.0,Sangli,AMBIGUOUS MATCH
27,Maharashtra,276349,Shirala,Town Panchayat,493.0,Sangli,FULL MATCH
27,Maharashtra,276350,Palus,Municipality,493.0,Sangli,FULL MATCH
27,Maharashtra,290358,Kadegaon.,Town Panchayat,493.0,Sangli,AMBIGUOUS MATCH
27,Maharashtra,300410,Atpadi,Town Panchayat,493.0,Sangli,FULL MATCH
27,Maharashtra,251314,Malkapur,Town Panchayat,494.0,Satara,FULL MATCH
27,Maharashtra,251535,Bhor,Municipality,494.0,Satara,FULL MATCH
27,Maharashtra,251584,Mahabaleshwar,Municipality,494.0,Satara,FULL MATCH
27,Maharashtra,251585,Panchgani,Municipality,494.0,Satara,FULL MATCH
27,Maharashtra,251586,Wai,Municipality,494.0,Satara,FULL MATCH
27,Maharashtra,251588,Phaltan,Municipality,494.0,Satara,FULL MATCH
27,Maharashtra,251589,Mhaswad,Municipality,494.0,Satara,FULL MATCH
27,Maharashtra,251590,Rahimatpur,Municipality,494.0,Satara,FULL MATCH
27,Maharashtra,251593,Satara,Municipality,494.0,Satara,FULL MATCH
27,Maharashtra,251596,Patan,Town Panchayat,494.0,Satara,FULL MATCH
27,Maharashtra,251598,Karad,Municipality,494.0,Satara,FULL MATCH
27,Maharashtra,276381,Koregaon,Town Panchayat,494.0,Satara,FULL MATCH
27,Maharashtra,276383,Khandala,Town Panchayat,494.0,Satara,FULL MATCH
27,Maharashtra,276414,Lonand,Town Panchayat,494.0,Satara,FULL MATCH
27,Maharashtra,276415,Medha,Town Panchayat,494.0,Satara,FULL MATCH
27,Maharashtra,276416,Vaduj,Town Panchayat,494.0,Satara,FULL MATCH
27,Maharashtra,276417,Dahiwadi,Town Panchayat,494.0,Satara,FULL MATCH
27,Maharashtra,251609,Kankavli,Town Panchayat,495.0,Sindhudurg,FULL MATCH
27,Maharashtra,251610,Malwan,Municipality,495.0,Sindhudurg,FULL MATCH
27,Maharashtra,251611,Vengurla,Municipality,495.0,Sindhudurg,FULL MATCH
27,Maharashtra,251612,Kudal,Town Panchayat,495.0,Sindhudurg,FULL MATCH
27,Maharashtra,251613,Sawantwadi,Municipality,495.0,Sindhudurg,FULL MATCH
27,Maharashtra,263834,Vabhave Vaibhavwadi Nagar Panchayat,Town Panchayat,495.0,Sindhudurg,FULL MATCH
27,Maharashtra,263884,Kasai Dodamarg,Town Panchayat,495.0,Sindhudurg,FULL MATCH
27,Maharashtra,276321,Devgad-Jamsande,Town Panchayat,495.0,Sindhudurg,FULL MATCH
27,Maharashtra,251574,Karmala,Municipality,496.0,Solapur,FULL MATCH
27,Maharashtra,251575,Kurduvadi,Municipality,496.0,Solapur,FULL MATCH
27,Maharashtra,251576,Barshi,Municipality,496.0,Solapur,FULL MATCH
27,Maharashtra,251577,Solapur,Municipal Corporations,496.0,Solapur,AMBIGUOUS MATCH
27,Maharashtra,251579,Sangole,Municipality,496.0,Solapur,FULL MATCH
27,Maharashtra,251580,Mangalvedhe,Municipality,496.0,Solapur,FULL MATCH
27,Maharashtra,251581,Akkalkot,Municipality,496.0,Solapur,FULL MATCH
27,Maharashtra,251582,Maindargi,Municipality,496.0,Solapur,FULL MATCH
27,Maharashtra,251583,Dudhani,Municipality,496.0,Solapur,FULL MATCH
27,Maharashtra,276301,Mohol,Municipality,496.0,Solapur,FULL MATCH
27,Maharashtra,276302,Madha,Town Panchayat,496.0,Solapur,FULL MATCH
27,Maharashtra,276303,Malshiras,Town Panchayat,496.0,Solapur,FULL MATCH
27,Maharashtra,297006,Pandharpur,Municipality,496.0,Solapur,FULL MATCH
27,Maharashtra,298893,Mahalung Shripur,Municipality,496.0,Solapur,FULL MATCH
27,Maharashtra,300382,Angar,Town Panchayat,496.0,Solapur,FULL MATCH
27,Maharashtra,300383,Akluj,Municipality,496.0,Solapur,FULL MATCH
27,Maharashtra,300384,Natepute,Town Panchayat,496.0,Solapur,FULL MATCH
27,Maharashtra,300385,Vairag,Town Panchayat,496.0,Solapur,FULL MATCH
27,Maharashtra,251470,Mira-Bhayandar,Municipal Corporations,497.0,Thane,FULL MATCH
27,Maharashtra,251471,Thane,Municipal Corporations,497.0,Thane,AMBIGUOUS MATCH
27,Maharashtra,251477,Bhiwandi,Municipal Corporations,497.0,Thane,FULL MATCH
27,Maharashtra,251483,Kalyan-Dombivli,Municipal Corporations,497.0,Thane,FULL MATCH
27,Maharashtra,251484,Ulhasnagar,Municipal Corporations,497.0,Thane,AMBIGUOUS MATCH
27,Maharashtra,251485,Ambarnath,Municipality,497.0,Thane,FULL MATCH
27,Maharashtra,251486,Badlapur,Municipality,497.0,Thane,FULL MATCH
27,Maharashtra,251487,Murbad,Town Panchayat,497.0,Thane,FULL MATCH
27,Maharashtra,251492,Panvel,Municipal Corporations,497.0,Thane,FULL MATCH
27,Maharashtra,251501,Khopoli,Municipality,497.0,Thane,FULL MATCH
27,Maharashtra,276318,Wada,Town Panchayat,497.0,Thane,FULL MATCH
27,Maharashtra,251332,Arvi,Municipality,498.0,Wardha,FULL MATCH
27,Maharashtra,251333,Sindi,Municipality,498.0,Wardha,FULL MATCH
27,Maharashtra,251334,Wardha,Municipality,498.0,Wardha,FULL MATCH
27,Maharashtra,251336,Pulgaon,Municipality,498.0,Wardha,FULL MATCH
27,Maharashtra,251337,Deoli,Municipality,498.0,Wardha,FULL MATCH
27,Maharashtra,251338,Hinganghat,Municipality,498.0,Wardha,FULL MATCH
27,Maharashtra,276378,Seloo,Town Panchayat,498.0,Wardha,FULL MATCH
27,Maharashtra,276379,Samudrapur,Town Panchayat,498.0,Wardha,FULL MATCH
27,Maharashtra,276380,Ashti (Wardha),Town Panchayat,498.0,Wardha,FULL MATCH
27,Maharashtra,276633,Karanja Wardha,Town Panchayat,498.0,Wardha,FULL MATCH
27,Maharashtra,251315,Murtijapur,Municipality,499.0,Washim,FULL MATCH
27,Maharashtra,251317,Mangrulpir,Municipality,499.0,Washim,FULL MATCH
27,Maharashtra,251318,Karanja,Municipality,499.0,Washim,FULL MATCH
27,Maharashtra,251319,Washim,Municipality,499.0,Washim,FULL MATCH
27,Maharashtra,251320,Risod,Municipality,499.0,Washim,FULL MATCH
27,Maharashtra,276293,Malegaon,Town Panchayat,499.0,Washim,AMBIGUOUS MATCH
27,Maharashtra,276294,Manora,Town Panchayat,499.0,Washim,FULL MATCH
27,Maharashtra,276332,Barshitakli,Town Panchayat,499.0,Washim,FULL MATCH
27,Maharashtra,251386,Yavatmal,Municipality,500.0,Yavatmal,FULL MATCH
27,Maharashtra,251389,Darwha,Municipality,500.0,Yavatmal,FULL MATCH
27,Maharashtra,251390,Digras,Municipality,500.0,Yavatmal,FULL MATCH
27,Maharashtra,251391,Pusad,Municipality,500.0,Yavatmal,FULL MATCH
27,Maharashtra,251393,Umarkhed,Municipality,500.0,Yavatmal,FULL MATCH
27,Maharashtra,251394,Ghatanji,Municipality,500.0,Yavatmal,FULL MATCH
27,Maharashtra,251395,Pandharkawda,Municipality,500.0,Yavatmal,FULL MATCH
27,Maharashtra,251397,Wani,Municipality,500.0,Yavatmal,FULL MATCH
27,Maharashtra,259703,Arni,Municipality,500.0,Yavatmal,FULL MATCH
27,Maharashtra,259704,Ner Nababpur,Municipality,500.0,Yavatmal,FULL MATCH
27,Maharashtra,266073,Kalamb Nagar Panchayat,Town Panchayat,500.0,Yavatmal,AMBIGUOUS MATCH
27,Maharashtra,272842,Babhulgaon Nagar Panchayat,Town Panchayat,500.0,Yavatmal,FULL MATCH
27,Maharashtra,272845,Zari Zamani,Town Panchayat,500.0,Yavatmal,FULL MATCH
27,Maharashtra,276308,Ralegaon,Town Panchayat,500.0,Yavatmal,FULL MATCH
27,Maharashtra,276309,Mahagaon,Town Panchayat,500.0,Yavatmal,FULL MATCH
27,Maharashtra,276310,Maregaon,Town Panchayat,500.0,Yavatmal,FULL MATCH
27,Maharashtra,276313,Lohara (Bk),Town Panchayat,500.0,Yavatmal,AMBIGUOUS MATCH
27,Maharashtra,290430,Dhanki,Town Panchayat,500.0,Yavatmal,FULL MATCH
27,Maharashtra,251451,Dahanu,Municipality,665.0,Palghar,FULL MATCH
27,Maharashtra,251453,Jawhar,Municipality,665.0,Palghar,FULL MATCH
27,Maharashtra,251460,Palghar,Municipality,665.0,Palghar,FULL MATCH
27,Maharashtra,251463,Vasai-Virar,Municipal Corporations,665.0,Palghar,FULL MATCH
27,Maharashtra,276315,Talasari,Town Panchayat,665.0,Palghar,FULL MATCH
27,Maharashtra,276316,Vikramgad,Town Panchayat,665.0,Palghar,FULL MATCH
27,Maharashtra,276317,Mokhada,Town Panchayat,665.0,Palghar,FULL MATCH
27,Maharashtra,276318,Wada,Town Panchayat,665.0,Palghar,FULL MATCH
27,Maharashtra,251296,Chalisgaon,Municipality,,,NO MATCH
27,Maharashtra,251472,Navi Mumbai,Municipal Corporations,,,NO MATCH
27,Maharashtra,251488,Greater Mumbai,Municipal Corporations,,,NO MATCH
27,Maharashtra,251497,Matheran,Municipality,,,NO MATCH
27,Maharashtra,251569,Osmanabad,Municipality,,,NO MATCH
27,Maharashtra,300392,Bhisi,Town Panchayat,,,NO MATCH
27,Maharashtra,301086,Kandri Kanhan Nagar Panchayat,Town Panchayat,,,NO MATCH
28,Andhra Pradesh,248112,Anantapur,Municipal Corporations,502.0,Ananthapuramu,FULL MATCH
28,Andhra Pradesh,248114,Tadipatri,Municipality,502.0,Ananthapuramu,FULL MATCH
28,Andhra Pradesh,248117,Rayadurg,Municipality,502.0,Ananthapuramu,FULL MATCH
28,Andhra Pradesh,251797,Gooty,Municipality,502.0,Ananthapuramu,FULL MATCH
28,Andhra Pradesh,251799,Kalyandurg,Municipality,502.0,Ananthapuramu,FULL MATCH
28,Andhra Pradesh,253252,Pamidi,Town Panchayat,502.0,Ananthapuramu,AMBIGUOUS MATCH
28,Andhra Pradesh,248122,Chittoor,Municipal Corporations,503.0,Chittoor,FULL MATCH
28,Andhra Pradesh,248123,Palamaner,Municipality,503.0,Chittoor,FULL MATCH
28,Andhra Pradesh,248125,Nagari,Municipality,503.0,Chittoor,FULL MATCH
28,Andhra Pradesh,248126,Puttur,Municipality,503.0,Chittoor,FULL MATCH
28,Andhra Pradesh,296257,Kuppam,Municipality,503.0,Chittoor,FULL MATCH
28,Andhra Pradesh,248111,Badvel,Municipality,504.0,Y.S.R. Kadapa,FULL MATCH
28,Andhra Pradesh,251778,Proddatur,Municipality,504.0,Y.S.R. Kadapa,FULL MATCH
28,Andhra Pradesh,251780,Jammalamadugu,Town Panchayat,504.0,Y.S.R. Kadapa,FULL MATCH
28,Andhra Pradesh,251782,Cuddapah,Municipal Corporations,504.0,Y.S.R. Kadapa,FULL MATCH
28,Andhra Pradesh,253101,Pulivendula,Municipality,504.0,Y.S.R. Kadapa,FULL MATCH
28,Andhra Pradesh,253102,Rajampet,Municipality,504.0,Y.S.R. Kadapa,FULL MATCH
28,Andhra Pradesh,253297,Mydukur,Municipality,504.0,Y.S.R. Kadapa,FULL MATCH
28,Andhra Pradesh,251724,Peddapuram,Municipality,505.0,East Godavari,FULL MATCH
28,Andhra Pradesh,251725,Rajahmundry,Municipal Corporations,505.0,East Godavari,AMBIGUOUS MATCH
28,Andhra Pradesh,251732,Mandapeta,Municipality,505.0,East Godavari,FULL MATCH
28,Andhra Pradesh,251733,Ramachandrapuram,Municipality,505.0,East Godavari,AMBIGUOUS MATCH
28,Andhra Pradesh,251736,Kovvur,Municipality,505.0,East Godavari,FULL MATCH
28,Andhra Pradesh,251737,Nidadavole,Municipality,505.0,East Godavari,FULL MATCH
28,Andhra Pradesh,251752,Mangalagiri Tadepalli,Municipal Corporations,506.0,Guntur,FULL MATCH
28,Andhra Pradesh,251757,Guntur,Municipal Corporations,506.0,Guntur,AMBIGUOUS MATCH
28,Andhra Pradesh,251758,Tenali,Municipality,506.0,Guntur,FULL MATCH
28,Andhra Pradesh,251759,Ponnuru,Municipality,506.0,Guntur,FULL MATCH
28,Andhra Pradesh,251747,Gudivada,Municipality,510.0,Krishna,FULL MATCH
28,Andhra Pradesh,251749,Pedana,Municipality,510.0,Krishna,FULL MATCH
28,Andhra Pradesh,254923,Vuyyuru,Town Panchayat,510.0,Krishna,AMBIGUOUS MATCH
28,Andhra Pradesh,299612,Ysr Tadigadapa,Municipality,510.0,Krishna,FULL MATCH
28,Andhra Pradesh,251773,Gudur (Kurnool),Town Panchayat,511.0,Kurnool,AMBIGUOUS MATCH
28,Andhra Pradesh,251787,Yemmiganur,Municipality,511.0,Kurnool,FULL MATCH
28,Andhra Pradesh,251789,Kurnool,Municipal Corporations,511.0,Kurnool,FULL MATCH
28,Andhra Pradesh,251792,Adoni,Municipality,511.0,Kurnool,FULL MATCH
28,Andhra Pradesh,253169,Dhone(M),Municipality,511.0,Kurnool,FULL MATCH
28,Andhra Pradesh,251770,Kavali,Municipality,515.0,Sri Potti Sriramulu Nellore,FULL MATCH
28,Andhra Pradesh,251772,Nellore Municipal Corporation,Municipal Corporations,515.0,Sri Potti Sriramulu Nellore,FULL MATCH
28,Andhra Pradesh,257831,Naidupeta,Municipality,515.0,Sri Potti Sriramulu Nellore,FULL MATCH
28,Andhra Pradesh,258033,Atmakur,Municipality,515.0,Sri Potti Sriramulu Nellore,AMBIGUOUS MATCH
28,Andhra Pradesh,263068,Gudur,Municipality,515.0,Sri Potti Sriramulu Nellore,FULL MATCH
28,Andhra Pradesh,296328,Buchireddypalem,Town Panchayat,515.0,Sri Potti Sriramulu Nellore,AMBIGUOUS MATCH
28,Andhra Pradesh,299713,Alluru,Town Panchayat,515.0,Sri Potti Sriramulu Nellore,AMBIGUOUS MATCH
28,Andhra Pradesh,251695,Palasa Kasibugga,Municipality,517.0,Prakasam,AMBIGUOUS MATCH
28,Andhra Pradesh,251699,Amadalavalasa,Municipality,517.0,Prakasam,AMBIGUOUS MATCH
28,Andhra Pradesh,251711,Nellimarla,Town Panchayat,517.0,Prakasam,AMBIGUOUS MATCH
28,Andhra Pradesh,251766,Ongole,Municipal Corporations,517.0,Prakasam,AMBIGUOUS MATCH
28,Andhra Pradesh,251768,Kandukur,Municipality,517.0,Prakasam,FULL MATCH
28,Andhra Pradesh,251773,Gudur (Kurnool),Town Panchayat,517.0,Prakasam,AMBIGUOUS MATCH
28,Andhra Pradesh,253252,Pamidi,Town Panchayat,517.0,Prakasam,AMBIGUOUS MATCH
28,Andhra Pradesh,253253,Madakasira,Town Panchayat,517.0,Prakasam,AMBIGUOUS MATCH
28,Andhra Pradesh,253254,Puttaparthi,Municipality,517.0,Prakasam,AMBIGUOUS MATCH
28,Andhra Pradesh,253272,Allagadda,Municipality,517.0,Prakasam,AMBIGUOUS MATCH
28,Andhra Pradesh,253273,Nandikotkur,Municipality,517.0,Prakasam,AMBIGUOUS MATCH
28,Andhra Pradesh,253274,Chimakurthy,Municipality,517.0,Prakasam,AMBIGUOUS MATCH
28,Andhra Pradesh,254922,Nandigama,Municipality,517.0,Prakasam,AMBIGUOUS MATCH
28,Andhra Pradesh,254923,Vuyyuru,Town Panchayat,517.0,Prakasam,AMBIGUOUS MATCH
28,Andhra Pradesh,254924,Tiruvuru,Town Panchayat,517.0,Prakasam,AMBIGUOUS MATCH
28,Andhra Pradesh,257868,Addanki,Municipality,517.0,Prakasam,AMBIGUOUS MATCH
28,Andhra Pradesh,296250,Penukonda,Town Panchayat,517.0,Prakasam,AMBIGUOUS MATCH
28,Andhra Pradesh,296256,Akiveedu,Town Panchayat,517.0,Prakasam,AMBIGUOUS MATCH
28,Andhra Pradesh,296260,Bethamcherla,Town Panchayat,517.0,Prakasam,AMBIGUOUS MATCH
28,Andhra Pradesh,296261,Dachepalli,Town Panchayat,517.0,Prakasam,AMBIGUOUS MATCH
28,Andhra Pradesh,296262,Gurajala,Town Panchayat,517.0,Prakasam,AMBIGUOUS MATCH
28,Andhra Pradesh,296328,Buchireddypalem,Town Panchayat,517.0,Prakasam,AMBIGUOUS MATCH
28,Andhra Pradesh,299713,Alluru,Town Panchayat,517.0,Prakasam,AMBIGUOUS MATCH
28,Andhra Pradesh,299715,Chinthalapudi,Town Panchayat,517.0,Prakasam,AMBIGUOUS MATCH
28,Andhra Pradesh,251695,Palasa Kasibugga,Municipality,519.0,Srikakulam,AMBIGUOUS MATCH
28,Andhra Pradesh,251699,Amadalavalasa,Municipality,519.0,Srikakulam,AMBIGUOUS MATCH
28,Andhra Pradesh,251700,Srikakulam,Municipal Corporations,519.0,Srikakulam,FULL MATCH
28,Andhra Pradesh,251702,Bobbili,Municipality,521.0,Vizianagaram,FULL MATCH
28,Andhra Pradesh,251709,Vizianagaram Municipal Corporation,Municipal Corporations,521.0,Vizianagaram,AMBIGUOUS MATCH
28,Andhra Pradesh,251711,Nellimarla,Town Panchayat,521.0,Vizianagaram,AMBIGUOUS MATCH
28,Andhra Pradesh,251738,Tadepalligudem,Municipality,523.0,West Godavari,FULL MATCH
28,Andhra Pradesh,251740,Tanuku,Municipality,523.0,West Godavari,FULL MATCH
28,Andhra Pradesh,251741,Bhimavaram,Municipality,523.0,West Godavari,FULL MATCH
28,Andhra Pradesh,251742,Narasapur,Municipality,523.0,West Godavari,FULL MATCH
28,Andhra Pradesh,296256,Akiveedu,Town Panchayat,523.0,West Godavari,AMBIGUOUS MATCH
28,Andhra Pradesh,251701,Parvathipuram,Municipality,743.0,Parvathipuram Manyam,FULL MATCH
28,Andhra Pradesh,251703,Salur,Municipality,743.0,Parvathipuram Manyam,FULL MATCH
28,Andhra Pradesh,251716,Narsipatnam,Municipality,744.0,Anakapalli,FULL MATCH
28,Andhra Pradesh,251722,Tuni,Municipality,744.0,Anakapalli,FULL MATCH
28,Andhra Pradesh,258054,Yelamanchili,Municipality,744.0,Anakapalli,FULL MATCH
28,Andhra Pradesh,251722,Tuni,Municipality,746.0,Kakinada,FULL MATCH
28,Andhra Pradesh,251724,Peddapuram,Municipality,746.0,Kakinada,FULL MATCH
28,Andhra Pradesh,251727,Samalkot,Municipality,746.0,Kakinada,FULL MATCH
28,Andhra Pradesh,251728,Pithapuram,Municipality,746.0,Kakinada,FULL MATCH
28,Andhra Pradesh,251731,Kakinada,Municipal Corporations,746.0,Kakinada,AMBIGUOUS MATCH
28,Andhra Pradesh,251733,Ramachandrapuram,Municipality,747.0,Dr. B.R. Ambedkar Konaseema,AMBIGUOUS MATCH
28,Andhra Pradesh,251735,Amalapuram,Municipality,747.0,Dr. B.R. Ambedkar Konaseema,FULL MATCH
28,Andhra Pradesh,251739,Eluru,Municipal Corporations,748.0,Eluru,AMBIGUOUS MATCH
28,Andhra Pradesh,257906,Jangareddygudem,Municipality,748.0,Eluru,FULL MATCH
28,Andhra Pradesh,299715,Chinthalapudi,Town Panchayat,748.0,Eluru,AMBIGUOUS MATCH
28,Andhra Pradesh,251746,Vijayawada Municipal Corporation,Municipal Corporations,749.0,Ntr,FULL MATCH
28,Andhra Pradesh,254922,Nandigama,Municipality,749.0,Ntr,AMBIGUOUS MATCH
28,Andhra Pradesh,254924,Tiruvuru,Town Panchayat,749.0,Ntr,AMBIGUOUS MATCH
28,Andhra Pradesh,277319,Jaggiahpet,Municipality,749.0,Ntr,FULL MATCH
28,Andhra Pradesh,296264,Kondapalli,Municipality,749.0,Ntr,FULL MATCH
28,Andhra Pradesh,251760,Bapatla,Municipality,750.0,Bapatla,FULL MATCH
28,Andhra Pradesh,251761,Repalle,Municipality,750.0,Bapatla,FULL MATCH
28,Andhra Pradesh,251751,Macherla,Municipality,751.0,Palnadu,FULL MATCH
28,Andhra Pradesh,251753,Sattenapalle,Municipality,751.0,Palnadu,FULL MATCH
28,Andhra Pradesh,251754,Vinukonda,Municipality,751.0,Palnadu,FULL MATCH
28,Andhra Pradesh,251756,Chilakaluripeta,Municipality,751.0,Palnadu,FULL MATCH
28,Andhra Pradesh,253167,Piduguralla,Municipality,751.0,Palnadu,FULL MATCH
28,Andhra Pradesh,296261,Dachepalli,Town Panchayat,751.0,Palnadu,AMBIGUOUS MATCH
28,Andhra Pradesh,296262,Gurajala,Town Panchayat,751.0,Palnadu,AMBIGUOUS MATCH
28,Andhra Pradesh,248124,Srikalahasti,Municipality,752.0,Tirupati,FULL MATCH
28,Andhra Pradesh,248126,Puttur,Municipality,752.0,Tirupati,FULL MATCH
28,Andhra Pradesh,251774,Venkatagiri,Municipality,752.0,Tirupati,FULL MATCH
28,Andhra Pradesh,253227,Sullurupeta,Municipality,752.0,Tirupati,FULL MATCH
28,Andhra Pradesh,257831,Naidupeta,Municipality,752.0,Tirupati,FULL MATCH
28,Andhra Pradesh,248120,Punganur,Municipality,753.0,Annamayya,FULL MATCH
28,Andhra Pradesh,251786,Rayachoti,Municipality,753.0,Annamayya,FULL MATCH
28,Andhra Pradesh,248115,Dharmavaram,Municipality,754.0,Sri Sathya Sai,AMBIGUOUS MATCH
28,Andhra Pradesh,248116,Kadiri,Municipality,754.0,Sri Sathya Sai,FULL MATCH
28,Andhra Pradesh,248118,Hindupur,Municipality,754.0,Sri Sathya Sai,FULL MATCH
28,Andhra Pradesh,253253,Madakasira,Town Panchayat,754.0,Sri Sathya Sai,AMBIGUOUS MATCH
28,Andhra Pradesh,253254,Puttaparthi,Municipality,754.0,Sri Sathya Sai,AMBIGUOUS MATCH
28,Andhra Pradesh,296250,Penukonda,Town Panchayat,754.0,Sri Sathya Sai,AMBIGUOUS MATCH
28,Andhra Pradesh,251795,Nandyal,Municipality,755.0,Nandyal,AMBIGUOUS MATCH
28,Andhra Pradesh,253169,Dhone(M),Municipality,755.0,Nandyal,FULL MATCH
28,Andhra Pradesh,253270,Atmakur (Kurnool),Municipality,755.0,Nandyal,FULL MATCH
28,Andhra Pradesh,253272,Allagadda,Municipality,755.0,Nandyal,AMBIGUOUS MATCH
28,Andhra Pradesh,253273,Nandikotkur,Municipality,755.0,Nandyal,AMBIGUOUS MATCH
28,Andhra Pradesh,258033,Atmakur,Municipality,755.0,Nandyal,AMBIGUOUS MATCH
28,Andhra Pradesh,296260,Bethamcherla,Town Panchayat,755.0,Nandyal,AMBIGUOUS MATCH
28,Andhra Pradesh,251695,Palasa Kasibugga,Municipality,790.0,Markapuram,AMBIGUOUS MATCH
28,Andhra Pradesh,251696,Ichapuram,Municipality,790.0,Markapuram,FULL MATCH
28,Andhra Pradesh,251698,Rajam,Municipality,790.0,Markapuram,FULL MATCH
28,Andhra Pradesh,251699,Amadalavalasa,Municipality,790.0,Markapuram,AMBIGUOUS MATCH
28,Andhra Pradesh,251711,Nellimarla,Town Panchayat,790.0,Markapuram,AMBIGUOUS MATCH
28,Andhra Pradesh,251773,Gudur (Kurnool),Town Panchayat,790.0,Markapuram,AMBIGUOUS MATCH
28,Andhra Pradesh,251781,Yerraguntla,Town Panchayat,790.0,Markapuram,FULL MATCH
28,Andhra Pradesh,253252,Pamidi,Town Panchayat,790.0,Markapuram,AMBIGUOUS MATCH
28,Andhra Pradesh,253253,Madakasira,Town Panchayat,790.0,Markapuram,AMBIGUOUS MATCH
28,Andhra Pradesh,253254,Puttaparthi,Municipality,790.0,Markapuram,AMBIGUOUS MATCH
28,Andhra Pradesh,253272,Allagadda,Municipality,790.0,Markapuram,AMBIGUOUS MATCH
28,Andhra Pradesh,253273,Nandikotkur,Municipality,790.0,Markapuram,AMBIGUOUS MATCH
28,Andhra Pradesh,253274,Chimakurthy,Municipality,790.0,Markapuram,AMBIGUOUS MATCH
28,Andhra Pradesh,253295,Kanigiri,Municipality,790.0,Markapuram,FULL MATCH
28,Andhra Pradesh,254922,Nandigama,Municipality,790.0,Markapuram,AMBIGUOUS MATCH
28,Andhra Pradesh,254923,Vuyyuru,Town Panchayat,790.0,Markapuram,AMBIGUOUS MATCH
28,Andhra Pradesh,254924,Tiruvuru,Town Panchayat,790.0,Markapuram,AMBIGUOUS MATCH
28,Andhra Pradesh,257868,Addanki,Municipality,790.0,Markapuram,AMBIGUOUS MATCH
28,Andhra Pradesh,257869,Giddalur,Town Panchayat,790.0,Markapuram,FULL MATCH
28,Andhra Pradesh,257967,Palakonda,Town Panchayat,790.0,Markapuram,FULL MATCH
28,Andhra Pradesh,277315,Mummidivaram,Town Panchayat,790.0,Markapuram,FULL MATCH
28,Andhra Pradesh,277316,Gollaprolu,Town Panchayat,790.0,Markapuram,FULL MATCH
28,Andhra Pradesh,277317,Yeleswaram,Town Panchayat,790.0,Markapuram,FULL MATCH
28,Andhra Pradesh,296250,Penukonda,Town Panchayat,790.0,Markapuram,AMBIGUOUS MATCH
28,Andhra Pradesh,296256,Akiveedu,Town Panchayat,790.0,Markapuram,AMBIGUOUS MATCH
28,Andhra Pradesh,296259,Kamalapuram,Town Panchayat,790.0,Markapuram,FULL MATCH
28,Andhra Pradesh,296260,Bethamcherla,Town Panchayat,790.0,Markapuram,AMBIGUOUS MATCH
28,Andhra Pradesh,296261,Dachepalli,Town Panchayat,790.0,Markapuram,AMBIGUOUS MATCH
28,Andhra Pradesh,296262,Gurajala,Town Panchayat,790.0,Markapuram,AMBIGUOUS MATCH
28,Andhra Pradesh,296263,Darsi,Town Panchayat,790.0,Markapuram,FULL MATCH
28,Andhra Pradesh,296328,Buchireddypalem,Town Panchayat,790.0,Markapuram,AMBIGUOUS MATCH
28,Andhra Pradesh,299713,Alluru,Town Panchayat,790.0,Markapuram,AMBIGUOUS MATCH
28,Andhra Pradesh,299714,B Kothakota,Town Panchayat,790.0,Markapuram,FULL MATCH
28,Andhra Pradesh,299715,Chinthalapudi,Town Panchayat,790.0,Markapuram,AMBIGUOUS MATCH
28,Andhra Pradesh,299716,Podili,Town Panchayat,790.0,Markapuram,FULL MATCH
28,Andhra Pradesh,248113,Guntakal,Municipality,,,NO MATCH
28,Andhra Pradesh,248119,Madanapalli,Municipality,,,NO MATCH
28,Andhra Pradesh,248121,Tirupati,Municipal Corporations,,,NO MATCH
28,Andhra Pradesh,251719,Visakhapatnam,Municipal Corporations,,,NO MATCH
28,Andhra Pradesh,251743,Palacole,Municipality,,,NO MATCH
28,Andhra Pradesh,251745,Nuzvid,Municipality,,,NO MATCH
28,Andhra Pradesh,251750,Machilipatnam Municipal Corporation,Municipal Corporations,,,NO MATCH
28,Andhra Pradesh,251755,Narasaraopeta,Municipality,,,NO MATCH
28,Andhra Pradesh,251762,Markapur,Municipality,,,NO MATCH
28,Andhra Pradesh,251763,Chirala,Municipality,,,NO MATCH
29,Karnataka,251816,Konnur,Town Municipal Council,524.0,Bagalkote,AMBIGUOUS MATCH
29,Karnataka,251830,Mahalingpur,Town Municipal Council,524.0,Bagalkote,FULL MATCH
29,Karnataka,251831,Terdal,Town Municipal Council,524.0,Bagalkote,FULL MATCH
29,Karnataka,251832,Jamkhandi,City Municipal Council,524.0,Bagalkote,FULL MATCH
29,Karnataka,251833,Rabkavi-Banhatti,City Municipal Council,524.0,Bagalkote,FULL MATCH
29,Karnataka,251834,Bilgi,Town Panchayat,524.0,Bagalkote,FULL MATCH
29,Karnataka,251835,Mudhol,City Municipal Council,524.0,Bagalkote,FULL MATCH
29,Karnataka,251837,Badami,Town Municipal Council,524.0,Bagalkote,FULL MATCH
29,Karnataka,251838,Guledgudda,Town Municipal Council,524.0,Bagalkote,FULL MATCH
29,Karnataka,251839,Bagalkot,City Municipal Council,524.0,Bagalkote,FULL MATCH
29,Karnataka,251840,Hungund,Town Municipal Council,524.0,Bagalkote,FULL MATCH
29,Karnataka,251841,Ilkal,City Municipal Council,524.0,Bagalkote,FULL MATCH
29,Karnataka,276529,Belagali,Town Panchayat,524.0,Bagalkote,FULL MATCH
29,Karnataka,276597,Aminagad,Town Panchayat,524.0,Bagalkote,FULL MATCH
29,Karnataka,299317,Lokapura,Town Panchayat,524.0,Bagalkote,FULL MATCH
29,Karnataka,301079,Kamatagi,Town Panchayat,524.0,Bagalkote,FULL MATCH
29,Karnataka,251990,Nelamangala,City Municipal Council,525.0,Bengaluru Urban,FULL MATCH
29,Karnataka,253189,Anekal,Town Municipal Council,525.0,Bengaluru Urban,FULL MATCH
29,Karnataka,276463,Hebbugodi,City Municipal Council,525.0,Bengaluru Urban,FULL MATCH
29,Karnataka,276464,Jigani,Town Municipal Council,525.0,Bengaluru Urban,FULL MATCH
29,Karnataka,276533,Chandapura,Town Municipal Council,525.0,Bengaluru Urban,FULL MATCH
29,Karnataka,276537,Bommasandra,Town Municipal Council,525.0,Bengaluru Urban,FULL MATCH
29,Karnataka,276539,Attibele,Town Municipal Council,525.0,Bengaluru Urban,FULL MATCH
29,Karnataka,276600,Bbmp,Municipal Corporations,525.0,Bengaluru Urban,AMBIGUOUS MATCH
29,Karnataka,296975,Madanayakanahalli,City Municipal Council,525.0,Bengaluru Urban,FULL MATCH
29,Karnataka,299169,Bashettihalli,Town Panchayat,525.0,Bengaluru Urban,FULL MATCH
29,Karnataka,299318,Chikkabanavara,Town Municipal Council,525.0,Bengaluru Urban,FULL MATCH
29,Karnataka,299319,Hunasamaranahalli,Town Municipal Council,525.0,Bengaluru Urban,FULL MATCH
29,Karnataka,301176,Doddathoguru,Town Panchayat,525.0,Bengaluru Urban,FULL MATCH
29,Karnataka,301790,Konappanaagrahara,Town Municipal Council,525.0,Bengaluru Urban,FULL MATCH
29,Karnataka,251990,Nelamangala,City Municipal Council,526.0,Bengaluru Rural,FULL MATCH
29,Karnataka,251992,Dod Ballapur,City Municipal Council,526.0,Bengaluru Rural,FULL MATCH
29,Karnataka,251994,Devanahalli,Town Municipal Council,526.0,Bengaluru Rural,FULL MATCH
29,Karnataka,251995,Hosakote,City Municipal Council,526.0,Bengaluru Rural,FULL MATCH
29,Karnataka,276464,Jigani,Town Municipal Council,526.0,Bengaluru Rural,FULL MATCH
29,Karnataka,296975,Madanayakanahalli,City Municipal Council,526.0,Bengaluru Rural,FULL MATCH
29,Karnataka,299169,Bashettihalli,Town Panchayat,526.0,Bengaluru Rural,FULL MATCH
29,Karnataka,251809,Nipani,City Municipal Council,527.0,Belagavi,FULL MATCH
29,Karnataka,251810,Sadalgi,Town Municipal Council,527.0,Belagavi,FULL MATCH
29,Karnataka,251812,Athni,Town Municipal Council,527.0,Belagavi,FULL MATCH
29,Karnataka,251813,Kudchi,Town Municipal Council,527.0,Belagavi,FULL MATCH
29,Karnataka,251814,Raybag,Town Panchayat,527.0,Belagavi,FULL MATCH
29,Karnataka,251815,Mudalgi,Town Municipal Council,527.0,Belagavi,FULL MATCH
29,Karnataka,251816,Konnur,Town Municipal Council,527.0,Belagavi,AMBIGUOUS MATCH
29,Karnataka,251819,Sankeshwar,Town Municipal Council,527.0,Belagavi,FULL MATCH
29,Karnataka,251820,Hukeri,Town Municipal Council,527.0,Belagavi,FULL MATCH
29,Karnataka,251825,Khanapur,Town Panchayat,527.0,Belagavi,FULL MATCH
29,Karnataka,251827,Bail Hongal,Town Municipal Council,527.0,Belagavi,FULL MATCH
29,Karnataka,251828,Saundatti-Yellamma,Town Municipal Council,527.0,Belagavi,FULL MATCH
29,Karnataka,251829,Ramdurg,Town Municipal Council,527.0,Belagavi,FULL MATCH
29,Karnataka,251836,Kerur,Town Panchayat,527.0,Belagavi,FULL MATCH
29,Karnataka,276477,Chinchali,Town Panchayat,527.0,Belagavi,FULL MATCH
29,Karnataka,276483,Kabbur,Town Panchayat,527.0,Belagavi,FULL MATCH
29,Karnataka,276563,Mugalakoda,Town Municipal Council,527.0,Belagavi,FULL MATCH
29,Karnataka,276564,Munavalli,Town Municipal Council,527.0,Belagavi,FULL MATCH
29,Karnataka,276565,Ugar Khurda,Town Municipal Council,527.0,Belagavi,FULL MATCH
29,Karnataka,276567,Kankanavadi,Town Panchayat,527.0,Belagavi,FULL MATCH
29,Karnataka,276568,Chinchali,Town Municipal Council,527.0,Belagavi,FULL MATCH
29,Karnataka,276569,Harogeri,Town Municipal Council,527.0,Belagavi,FULL MATCH
29,Karnataka,276574,Ghataprabha,Town Municipal Council,527.0,Belagavi,FULL MATCH
29,Karnataka,276575,Examba,Town Panchayat,527.0,Belagavi,FULL MATCH
29,Karnataka,276576,Kallolli,Town Panchayat,527.0,Belagavi,FULL MATCH
29,Karnataka,276577,Arabhavi,Town Panchayat,527.0,Belagavi,FULL MATCH
29,Karnataka,276578,Chennammana Kittur,Town Panchayat,527.0,Belagavi,FULL MATCH
29,Karnataka,276579,Shedbala,Town Panchayat,527.0,Belagavi,FULL MATCH
29,Karnataka,276583,Boragaon,Town Panchayat,527.0,Belagavi,FULL MATCH
29,Karnataka,276618,Ainapur,Town Panchayat,527.0,Belagavi,FULL MATCH
29,Karnataka,299329,Ankalagi-Akkathangerahal,Town Panchayat,527.0,Belagavi,FULL MATCH
29,Karnataka,299330,Yaragatti,Town Panchayat,527.0,Belagavi,FULL MATCH
29,Karnataka,299332,Machhe,Town Panchayat,527.0,Belagavi,FULL MATCH
29,Karnataka,299333,Peeranawadi,Town Panchayat,527.0,Belagavi,FULL MATCH
29,Karnataka,299417,Mkhubballi,Town Panchayat,527.0,Belagavi,FULL MATCH
29,Karnataka,301061,Naganur,Town Panchayat,527.0,Belagavi,FULL MATCH
29,Karnataka,251924,Kampli,Town Municipal Council,528.0,Ballari,FULL MATCH
29,Karnataka,251925,Siruguppa,City Municipal Council,528.0,Ballari,FULL MATCH
29,Karnataka,251926,Tekkalakote,Town Panchayat,528.0,Ballari,FULL MATCH
29,Karnataka,251927,Ballari,Municipal Corporations,528.0,Ballari,FULL MATCH
29,Karnataka,251929,Sandur,Town Municipal Council,528.0,Ballari,FULL MATCH
29,Karnataka,251931,Kotturu,Town Panchayat,528.0,Ballari,FULL MATCH
29,Karnataka,276532,Kurugodu,Town Municipal Council,528.0,Ballari,FULL MATCH
29,Karnataka,276534,Kudutini,Town Panchayat,528.0,Ballari,FULL MATCH
29,Karnataka,276538,Kurekuppa,Town Municipal Council,528.0,Ballari,FULL MATCH
29,Karnataka,251864,Basavakalyan,City Municipal Council,529.0,Bidar,FULL MATCH
29,Karnataka,251865,Bhalki,Town Municipal Council,529.0,Bidar,FULL MATCH
29,Karnataka,251866,Aurad,Town Panchayat,529.0,Bidar,FULL MATCH
29,Karnataka,251867,Bidar,City Municipal Council,529.0,Bidar,FULL MATCH
29,Karnataka,251868,Homnabad,Town Municipal Council,529.0,Bidar,FULL MATCH
29,Karnataka,251869,Chitgoppa,Town Municipal Council,529.0,Bidar,FULL MATCH
29,Karnataka,251843,Indi,Town Municipal Council,530.0,Vijayapura,FULL MATCH
29,Karnataka,251844,Sindgi,Town Municipal Council,530.0,Vijayapura,FULL MATCH
29,Karnataka,251845,Basavana Bagevadi,Town Municipal Council,530.0,Vijayapura,FULL MATCH
29,Karnataka,251846,Muddebihal,Town Municipal Council,530.0,Vijayapura,FULL MATCH
29,Karnataka,251847,Talikota,Town Municipal Council,530.0,Vijayapura,FULL MATCH
29,Karnataka,276540,Alamela,Town Panchayat,530.0,Vijayapura,FULL MATCH
29,Karnataka,276541,Managuli,Town Panchayat,530.0,Vijayapura,FULL MATCH
29,Karnataka,276543,Kolhara,Town Panchayat,530.0,Vijayapura,FULL MATCH
29,Karnataka,276544,Nalatavada,Town Panchayat,530.0,Vijayapura,FULL MATCH
29,Karnataka,276557,Nidagundi,Town Panchayat,530.0,Vijayapura,FULL MATCH
29,Karnataka,276558,Devarahipparagi,Town Panchayat,530.0,Vijayapura,FULL MATCH
29,Karnataka,276559,Chadachana,Town Panchayat,530.0,Vijayapura,FULL MATCH
29,Karnataka,297131,Tikota,Town Panchayat,530.0,Vijayapura,FULL MATCH
29,Karnataka,299327,Babaleshwar,Town Panchayat,530.0,Vijayapura,FULL MATCH
29,Karnataka,252052,Tirumakudal - Narsipur,Town Municipal Council,531.0,Chamarajanagar,FULL MATCH
29,Karnataka,252053,Gundlupet,Town Municipal Council,531.0,Chamarajanagar,FULL MATCH
29,Karnataka,252054,Chamarajanagar,City Municipal Council,531.0,Chamarajanagar,FULL MATCH
29,Karnataka,252055,Yelandur,Town Panchayat,531.0,Chamarajanagar,FULL MATCH
29,Karnataka,252056,Kollegal,City Municipal Council,531.0,Chamarajanagar,FULL MATCH
29,Karnataka,253130,Hanur,Town Panchayat,531.0,Chamarajanagar,FULL MATCH
29,Karnataka,251959,Sringeri,Town Panchayat,532.0,Chikkamagaluru,FULL MATCH
29,Karnataka,251960,Koppa,Town Panchayat,532.0,Chikkamagaluru,FULL MATCH
29,Karnataka,251961,Narasimharajapura,Town Panchayat,532.0,Chikkamagaluru,FULL MATCH
29,Karnataka,251962,Tarikere,Town Municipal Council,532.0,Chikkamagaluru,FULL MATCH
29,Karnataka,251963,Birur,Town Municipal Council,532.0,Chikkamagaluru,FULL MATCH
29,Karnataka,251964,Kadur,Town Municipal Council,532.0,Chikkamagaluru,FULL MATCH
29,Karnataka,251965,Chikkamagaluru,City Municipal Council,532.0,Chikkamagaluru,FULL MATCH
29,Karnataka,251967,Kudremukh,Notified Area Council,532.0,Chikkamagaluru,FULL MATCH
29,Karnataka,296977,Ajjampura,Town Panchayat,532.0,Chikkamagaluru,FULL MATCH
29,Karnataka,251932,Molakalmuru,Town Panchayat,533.0,Chitradurga,FULL MATCH
29,Karnataka,251933,Challakere,City Municipal Council,533.0,Chitradurga,FULL MATCH
29,Karnataka,251934,Chitradurga,City Municipal Council,533.0,Chitradurga,FULL MATCH
29,Karnataka,251935,Holalkere,Town Municipal Council,533.0,Chitradurga,FULL MATCH
29,Karnataka,251936,Hosdurga,Town Municipal Council,533.0,Chitradurga,FULL MATCH
29,Karnataka,251937,Hiriyur,City Municipal Council,533.0,Chitradurga,FULL MATCH
29,Karnataka,276542,Nayakanahatti,Town Panchayat,533.0,Chitradurga,FULL MATCH
29,Karnataka,252017,Mulki,Town Panchayat,534.0,Dakshina Kannada,FULL MATCH
29,Karnataka,252018,Mudbidri,Town Municipal Council,534.0,Dakshina Kannada,FULL MATCH
29,Karnataka,252021,Mangaluru,Municipal Corporations,534.0,Dakshina Kannada,FULL MATCH
29,Karnataka,252027,Ullal,City Municipal Council,534.0,Dakshina Kannada,FULL MATCH
29,Karnataka,252029,Someshwar,Town Municipal Council,534.0,Dakshina Kannada,FULL MATCH
29,Karnataka,252033,Bantval,Town Municipal Council,534.0,Dakshina Kannada,FULL MATCH
29,Karnataka,252034,Beltangadi,Town Panchayat,534.0,Dakshina Kannada,FULL MATCH
29,Karnataka,252035,Puttur,City Municipal Council,534.0,Dakshina Kannada,FULL MATCH
29,Karnataka,252036,Sulya,Town Panchayat,534.0,Dakshina Kannada,FULL MATCH
29,Karnataka,276554,Vitla,Town Panchayat,534.0,Dakshina Kannada,FULL MATCH
29,Karnataka,276555,Kotekar,Town Panchayat,534.0,Dakshina Kannada,FULL MATCH
29,Karnataka,296954,Kadaba,Town Panchayat,534.0,Dakshina Kannada,FULL MATCH
29,Karnataka,299320,Bajape,Town Panchayat,534.0,Dakshina Kannada,FULL MATCH
29,Karnataka,299321,Kinnigoli,Town Panchayat,534.0,Dakshina Kannada,FULL MATCH
29,Karnataka,251938,Harihar,City Municipal Council,535.0,Davanagere,FULL MATCH
29,Karnataka,251940,Jagalur,Town Panchayat,535.0,Davanagere,FULL MATCH
29,Karnataka,251941,Davanagere,Municipal Corporations,535.0,Davanagere,FULL MATCH
29,Karnataka,251942,Honnali,Town Municipal Council,535.0,Davanagere,FULL MATCH
29,Karnataka,251943,Channagiri,Town Municipal Council,535.0,Davanagere,FULL MATCH
29,Karnataka,276556,Malebennuru,Town Municipal Council,535.0,Davanagere,FULL MATCH
29,Karnataka,299183,Nyamathi,Town Panchayat,535.0,Davanagere,FULL MATCH
29,Karnataka,251893,Hubballi-Dharwad,Municipal Corporations,536.0,Dharwad,FULL MATCH
29,Karnataka,251894,Alnavar,Town Panchayat,536.0,Dharwad,FULL MATCH
29,Karnataka,251895,Navalgund,Town Municipal Council,536.0,Dharwad,FULL MATCH
29,Karnataka,251896,Annigeri,Town Municipal Council,536.0,Dharwad,FULL MATCH
29,Karnataka,251897,Kalghatgi,Town Panchayat,536.0,Dharwad,FULL MATCH
29,Karnataka,251898,Kundgol,Town Panchayat,536.0,Dharwad,FULL MATCH
29,Karnataka,251884,Nargund,Town Municipal Council,537.0,Gadag,FULL MATCH
29,Karnataka,251885,Ron,Town Municipal Council,537.0,Gadag,FULL MATCH
29,Karnataka,251886,Gajendragarh,Town Municipal Council,537.0,Gadag,FULL MATCH
29,Karnataka,251887,Naregal,Town Panchayat,537.0,Gadag,FULL MATCH
29,Karnataka,251889,Mulgund,Town Panchayat,537.0,Gadag,FULL MATCH
29,Karnataka,251890,Shirahatti,Town Panchayat,537.0,Gadag,FULL MATCH
29,Karnataka,251891,Lakshmeshwar,Town Municipal Council,537.0,Gadag,FULL MATCH
29,Karnataka,251892,Mundargi,Town Municipal Council,537.0,Gadag,FULL MATCH
29,Karnataka,248127,Kalaburagi City Corporation,Municipal Corporations,538.0,Kalaburagi,AMBIGUOUS MATCH
29,Karnataka,251848,Aland,Town Municipal Council,538.0,Kalaburagi,FULL MATCH
29,Karnataka,251849,Afzalpur,Town Municipal Council,538.0,Kalaburagi,FULL MATCH
29,Karnataka,251852,Sedam,Town Municipal Council,538.0,Kalaburagi,FULL MATCH
29,Karnataka,251853,Chittapura,Town Municipal Council,538.0,Kalaburagi,FULL MATCH
29,Karnataka,251854,Shahabad Acc,Notified Area Council,538.0,Kalaburagi,FULL MATCH
29,Karnataka,251855,Shahabad,City Municipal Council,538.0,Kalaburagi,FULL MATCH
29,Karnataka,251856,Wadi,Town Municipal Council,538.0,Kalaburagi,FULL MATCH
29,Karnataka,251858,Jevargi,Town Municipal Council,538.0,Kalaburagi,FULL MATCH
29,Karnataka,251862,Gurmatkal,Town Municipal Council,538.0,Kalaburagi,FULL MATCH
29,Karnataka,296978,Kalagi,Town Panchayat,538.0,Kalaburagi,FULL MATCH
29,Karnataka,297132,Yadrami,Town Panchayat,538.0,Kalaburagi,FULL MATCH
29,Karnataka,301080,Kamalapura Kalburgi,Town Panchayat,538.0,Kalaburagi,FULL MATCH
29,Karnataka,252008,Sakleshpur,Town Municipal Council,539.0,Hassan,FULL MATCH
29,Karnataka,252009,Belur,Town Municipal Council,539.0,Hassan,FULL MATCH
29,Karnataka,252010,Arsikere,City Municipal Council,539.0,Hassan,FULL MATCH
29,Karnataka,252012,Hassan,City Municipal Council,539.0,Hassan,FULL MATCH
29,Karnataka,252013,Alur,Town Panchayat,539.0,Hassan,FULL MATCH
29,Karnataka,252014,Arkalgud,Town Panchayat,539.0,Hassan,FULL MATCH
29,Karnataka,252015,Hole Narsipur,Town Municipal Council,539.0,Hassan,FULL MATCH
29,Karnataka,252016,Channarayapatna,Town Municipal Council,539.0,Hassan,FULL MATCH
29,Karnataka,251912,Shiggaon,Town Municipal Council,540.0,Haveri,FULL MATCH
29,Karnataka,251913,Bankapura,Town Municipal Council,540.0,Haveri,FULL MATCH
29,Karnataka,251914,Savanur,Town Municipal Council,540.0,Haveri,FULL MATCH
29,Karnataka,251915,Hangal,Town Municipal Council,540.0,Haveri,FULL MATCH
29,Karnataka,251916,Haveri,City Municipal Council,540.0,Haveri,FULL MATCH
29,Karnataka,251917,Byadgi,Town Municipal Council,540.0,Haveri,FULL MATCH
29,Karnataka,251918,Hirekerur,Town Panchayat,540.0,Haveri,FULL MATCH
29,Karnataka,251919,Ranibennur,City Municipal Council,540.0,Haveri,FULL MATCH
29,Karnataka,276521,Guttal,Town Panchayat,540.0,Haveri,FULL MATCH
29,Karnataka,296955,Rattihalli,Town Panchayat,540.0,Haveri,FULL MATCH
29,Karnataka,252037,Madikeri,City Municipal Council,541.0,Kodagu,FULL MATCH
29,Karnataka,252038,Somvarpet,Town Panchayat,541.0,Kodagu,FULL MATCH
29,Karnataka,252039,Kushalnagar,Town Municipal Council,541.0,Kodagu,FULL MATCH
29,Karnataka,252040,Virajpet,Town Municipal Council,541.0,Kodagu,FULL MATCH
29,Karnataka,251984,Srinivaspur,Town Municipal Council,542.0,Kolar,FULL MATCH
29,Karnataka,251985,Kolar,City Municipal Council,542.0,Kolar,FULL MATCH
29,Karnataka,251986,Malur,Town Municipal Council,542.0,Kolar,FULL MATCH
29,Karnataka,251989,Mulbagal,City Municipal Council,542.0,Kolar,FULL MATCH
29,Karnataka,299416,Bangarpete,Town Municipal Council,542.0,Kolar,FULL MATCH
29,Karnataka,251879,Yelburga,Town Panchayat,543.0,Koppal,FULL MATCH
29,Karnataka,251880,Kushtagi,Town Municipal Council,543.0,Koppal,FULL MATCH
29,Karnataka,251881,Gangawati,City Municipal Council,543.0,Koppal,FULL MATCH
29,Karnataka,251882,Koppal,City Municipal Council,543.0,Koppal,FULL MATCH
29,Karnataka,276496,Karatagi,Town Municipal Council,543.0,Koppal,FULL MATCH
29,Karnataka,276497,Kukanooru,Town Panchayat,543.0,Koppal,FULL MATCH
29,Karnataka,276599,Kanakgiri,Town Panchayat,543.0,Koppal,FULL MATCH
29,Karnataka,276601,Tavaragera,Town Panchayat,543.0,Koppal,FULL MATCH
29,Karnataka,276604,Bhagyanagara,Town Panchayat,543.0,Koppal,FULL MATCH
29,Karnataka,252001,Krishnarajpet,Town Municipal Council,544.0,Mandya,FULL MATCH
29,Karnataka,252002,Nagamangala,Town Municipal Council,544.0,Mandya,FULL MATCH
29,Karnataka,252003,Pandavapura,Town Municipal Council,544.0,Mandya,FULL MATCH
29,Karnataka,252004,Shrirangapattana,Town Municipal Council,544.0,Mandya,FULL MATCH
29,Karnataka,252005,Mandya,City Municipal Council,544.0,Mandya,FULL MATCH
29,Karnataka,252006,Maddur,Town Municipal Council,544.0,Mandya,FULL MATCH
29,Karnataka,252007,Malavalli,Town Municipal Council,544.0,Mandya,FULL MATCH
29,Karnataka,276602,Belluru,Town Panchayat,544.0,Mandya,FULL MATCH
29,Karnataka,252042,Piriyapatna,Town Municipal Council,545.0,Mysuru,FULL MATCH
29,Karnataka,252043,Hunsur,City Municipal Council,545.0,Mysuru,FULL MATCH
29,Karnataka,252045,Mysuru,Municipal Corporations,545.0,Mysuru,AMBIGUOUS MATCH
29,Karnataka,252049,Heggadadevankote,Town Municipal Council,545.0,Mysuru,FULL MATCH
29,Karnataka,252050,Nanjangud,City Municipal Council,545.0,Mysuru,FULL MATCH
29,Karnataka,252051,Bannur,Town Municipal Council,545.0,Mysuru,FULL MATCH
29,Karnataka,252052,Tirumakudal - Narsipur,Town Municipal Council,545.0,Mysuru,FULL MATCH
29,Karnataka,253132,Saragur,Town Panchayat,545.0,Mysuru,FULL MATCH
29,Karnataka,299322,Rammanahalli,Town Panchayat,545.0,Mysuru,FULL MATCH
29,Karnataka,299323,Kadakola,Town Panchayat,545.0,Mysuru,FULL MATCH
29,Karnataka,299325,Srirampura,Town Panchayat,545.0,Mysuru,FULL MATCH
29,Karnataka,299334,Bogadi,Town Panchayat,545.0,Mysuru,FULL MATCH
29,Karnataka,299335,Hootagalli,City Municipal Council,545.0,Mysuru,FULL MATCH
29,Karnataka,251870,Mudgal,Town Municipal Council,546.0,Raichur,FULL MATCH
29,Karnataka,251871,Lingasugur,Town Municipal Council,546.0,Raichur,FULL MATCH
29,Karnataka,251872,Hatti Gold Mines,Notified Area Council,546.0,Raichur,FULL MATCH
29,Karnataka,251873,Hatti,Town Panchayat,546.0,Raichur,FULL MATCH
29,Karnataka,251874,Devadurga,Town Municipal Council,546.0,Raichur,FULL MATCH
29,Karnataka,251877,Manvi,Town Municipal Council,546.0,Raichur,FULL MATCH
29,Karnataka,251878,Sindhnur,City Municipal Council,546.0,Raichur,FULL MATCH
29,Karnataka,276519,Maski,Town Municipal Council,546.0,Raichur,FULL MATCH
29,Karnataka,276522,Kavital,Town Panchayat,546.0,Raichur,FULL MATCH
29,Karnataka,276523,Balaganur,Town Panchayat,546.0,Raichur,FULL MATCH
29,Karnataka,276524,Turvihal,Town Panchayat,546.0,Raichur,FULL MATCH
29,Karnataka,276605,Siravara,Town Panchayat,546.0,Raichur,FULL MATCH
29,Karnataka,251945,Sagar,City Municipal Council,547.0,Shivamogga,FULL MATCH
29,Karnataka,251946,Sorab,Town Municipal Council,547.0,Shivamogga,FULL MATCH
29,Karnataka,251947,Siralkoppa,Town Municipal Council,547.0,Shivamogga,FULL MATCH
29,Karnataka,251948,Shikarpur,Town Municipal Council,547.0,Shivamogga,FULL MATCH
29,Karnataka,251949,Hosanagara,Town Panchayat,547.0,Shivamogga,FULL MATCH
29,Karnataka,251950,Tirthahalli,Town Panchayat,547.0,Shivamogga,FULL MATCH
29,Karnataka,251951,Shivamogga,Municipal Corporations,547.0,Shivamogga,FULL MATCH
29,Karnataka,251952,Bhadravati,City Municipal Council,547.0,Shivamogga,FULL MATCH
29,Karnataka,263293,Jog-Kargal,Town Panchayat,547.0,Shivamogga,FULL MATCH
29,Karnataka,299180,Holehonnuru,Town Panchayat,547.0,Shivamogga,FULL MATCH
29,Karnataka,299181,Anavatti,Town Panchayat,547.0,Shivamogga,FULL MATCH
29,Karnataka,251968,Chiknayakanhalli,Town Municipal Council,548.0,Tumakuru,FULL MATCH
29,Karnataka,251969,Sira,City Municipal Council,548.0,Tumakuru,FULL MATCH
29,Karnataka,251970,Pavagada,Town Municipal Council,548.0,Tumakuru,FULL MATCH
29,Karnataka,251971,Madhugiri,Town Municipal Council,548.0,Tumakuru,FULL MATCH
29,Karnataka,251972,Koratagere,Town Panchayat,548.0,Tumakuru,FULL MATCH
29,Karnataka,251973,Tumakuru,Municipal Corporations,548.0,Tumakuru,FULL MATCH
29,Karnataka,251974,Gubbi,Town Panchayat,548.0,Tumakuru,FULL MATCH
29,Karnataka,251975,Tiptur,City Municipal Council,548.0,Tumakuru,FULL MATCH
29,Karnataka,251976,Turuvekere,Town Panchayat,548.0,Tumakuru,FULL MATCH
29,Karnataka,251977,Kunigal,Town Municipal Council,548.0,Tumakuru,FULL MATCH
29,Karnataka,297133,Huliyaru,Town Panchayat,548.0,Tumakuru,FULL MATCH
29,Karnataka,251953,Kundapura,Town Municipal Council,549.0,Udupi,FULL MATCH
29,Karnataka,251954,Saligram,Town Panchayat,549.0,Udupi,FULL MATCH
29,Karnataka,251955,Udupi,City Municipal Council,549.0,Udupi,AMBIGUOUS MATCH
29,Karnataka,251958,Karkal,Town Municipal Council,549.0,Udupi,FULL MATCH
29,Karnataka,297129,Bainduru,Town Panchayat,549.0,Udupi,FULL MATCH
29,Karnataka,299179,Shiruru,Town Panchayat,549.0,Udupi,FULL MATCH
29,Karnataka,251899,Dandeli,City Municipal Council,550.0,Uttara Kannada,FULL MATCH
29,Karnataka,251900,Karwar,City Municipal Council,550.0,Uttara Kannada,FULL MATCH
29,Karnataka,251901,Haliyal,Town Municipal Council,550.0,Uttara Kannada,FULL MATCH
29,Karnataka,251903,Yellapur,Town Panchayat,550.0,Uttara Kannada,FULL MATCH
29,Karnataka,251904,Mundgod,Town Panchayat,550.0,Uttara Kannada,FULL MATCH
29,Karnataka,251905,Sirsi,City Municipal Council,550.0,Uttara Kannada,FULL MATCH
29,Karnataka,251906,Ankola,Town Municipal Council,550.0,Uttara Kannada,FULL MATCH
29,Karnataka,251907,Kumta,Town Municipal Council,550.0,Uttara Kannada,FULL MATCH
29,Karnataka,251908,Siddapur,Town Panchayat,550.0,Uttara Kannada,FULL MATCH
29,Karnataka,251909,Honavar,Town Panchayat,550.0,Uttara Kannada,FULL MATCH
29,Karnataka,251911,Bhatkal,Town Municipal Council,550.0,Uttara Kannada,FULL MATCH
29,Karnataka,276572,Jaali,Town Panchayat,550.0,Uttara Kannada,FULL MATCH
29,Karnataka,299328,Manki,Town Panchayat,550.0,Uttara Kannada,FULL MATCH
29,Karnataka,251978,Gauribidanur,City Municipal Council,630.0,Chikkaballapura,FULL MATCH
29,Karnataka,251979,Chik Ballapur,City Municipal Council,630.0,Chikkaballapura,FULL MATCH
29,Karnataka,251980,Gudibanda,Town Panchayat,630.0,Chikkaballapura,FULL MATCH
29,Karnataka,251981,Bagepalli,Town Municipal Council,630.0,Chikkaballapura,FULL MATCH
29,Karnataka,251983,Chintamani,City Municipal Council,630.0,Chikkaballapura,FULL MATCH
29,Karnataka,251996,Magadi,Town Municipal Council,631.0,Bengaluru South,FULL MATCH
29,Karnataka,253185,Channapatna,City Municipal Council,631.0,Bengaluru South,FULL MATCH
29,Karnataka,253186,Ramanagara,City Municipal Council,631.0,Bengaluru South,FULL MATCH
29,Karnataka,253188,Kanakpura,City Municipal Council,631.0,Bengaluru South,FULL MATCH
29,Karnataka,276526,Bidadi,Town Municipal Council,631.0,Bengaluru South,FULL MATCH
29,Karnataka,299326,Harohalli,Town Panchayat,631.0,Bengaluru South,FULL MATCH
29,Karnataka,251859,Shorapur,City Municipal Council,635.0,Yadgir,FULL MATCH
29,Karnataka,251860,Bhimarayanagudi,Notified Area Council,635.0,Yadgir,FULL MATCH
29,Karnataka,251861,Shahpur,City Municipal Council,635.0,Yadgir,FULL MATCH
29,Karnataka,251862,Gurmatkal,Town Municipal Council,635.0,Yadgir,FULL MATCH
29,Karnataka,251863,Yadgir,City Municipal Council,635.0,Yadgir,AMBIGUOUS MATCH
29,Karnataka,276516,Kembhavi,Town Municipal Council,635.0,Yadgir,FULL MATCH
29,Karnataka,276560,Kakkera,Town Municipal Council,635.0,Yadgir,FULL MATCH
29,Karnataka,296976,Hunasagi,Town Panchayat,635.0,Yadgir,FULL MATCH
29,Karnataka,251921,Hoovina Hadagalli,Town Municipal Council,738.0,Vijayanagara,FULL MATCH
29,Karnataka,251922,Hosapete,City Municipal Council,738.0,Vijayanagara,FULL MATCH
29,Karnataka,251924,Kampli,Town Municipal Council,738.0,Vijayanagara,FULL MATCH
29,Karnataka,251930,Kudligi,Town Panchayat,738.0,Vijayanagara,FULL MATCH
29,Karnataka,251931,Kotturu,Town Panchayat,738.0,Vijayanagara,FULL MATCH
29,Karnataka,251939,Harapanahalli,Town Municipal Council,738.0,Vijayanagara,FULL MATCH
29,Karnataka,276470,Hagaribommanahalli,Municipality,738.0,Vijayanagara,FULL MATCH
29,Karnataka,276474,Mariyammanahalli,Town Panchayat,738.0,Vijayanagara,FULL MATCH
29,Karnataka,276535,Hagaribommanahalli,Town Municipal Council,738.0,Vijayanagara,FULL MATCH
29,Karnataka,276611,Kamalapura,Town Municipal Council,738.0,Vijayanagara,FULL MATCH
29,Karnataka,251811,Chikodi,Town Municipal Council,,,NO MATCH
29,Karnataka,251818,Gokak,City Municipal Council,,,NO MATCH
29,Karnataka,251824,Belagavi,Municipal Corporations,,,NO MATCH
29,Karnataka,251842,Vijayapura,Town Municipal Council,,,NO MATCH
29,Karnataka,251876,Raichur,City Municipal Council,,,NO MATCH
29,Karnataka,251888,Gadag-Betigeri,City Municipal Council,,,NO MATCH
29,Karnataka,251982,Sidlaghatta,City Municipal Council,,,NO MATCH
29,Karnataka,251988,Robertson Pet,City Municipal Council,,,NO MATCH
29,Karnataka,251993,Vijayapura,Municipal Corporations,,,NO MATCH
29,Karnataka,299331,Kagawada,Town Panchayat,,,NO MATCH
30,Goa,252057,Pernem,Municipality,551.0,North Goa,FULL MATCH
30,Goa,252061,Mapusa,Municipality,551.0,North Goa,FULL MATCH
30,Goa,252071,City Corporation Panaji,Municipal Corporations,551.0,North Goa,AMBIGUOUS MATCH
30,Goa,252075,Bicholim,Municipality,551.0,North Goa,FULL MATCH
30,Goa,252077,Sankhali,Municipality,551.0,North Goa,FULL MATCH
30,Goa,252079,Valpoi,Municipality,551.0,North Goa,FULL MATCH
30,Goa,252082,Ponda,Municipality,552.0,South Goa,FULL MATCH
30,Goa,252084,Mormugao,Municipality,552.0,South Goa,FULL MATCH
30,Goa,252087,Margao,Municipality,552.0,South Goa,FULL MATCH
30,Goa,252095,Cuncolim,Municipality,552.0,South Goa,FULL MATCH
30,Goa,252096,Curchorem Cacora,Municipality,552.0,South Goa,FULL MATCH
30,Goa,252097,Quepem,Municipality,552.0,South Goa,FULL MATCH
30,Goa,252095,Cuncolim,Municipality,793.0,Kushavati,FULL MATCH
30,Goa,252096,Curchorem Cacora,Municipality,793.0,Kushavati,FULL MATCH
30,Goa,252097,Quepem,Municipality,793.0,Kushavati,FULL MATCH
30,Goa,252099,Sanguem,Municipality,793.0,Kushavati,FULL MATCH
30,Goa,252100,Canacona,Municipality,793.0,Kushavati,FULL MATCH
32,Kerala,252242,Cherthala,Municipality,554.0,Alappuzha,AMBIGUOUS MATCH
32,Kerala,252247,Alappuzha,Municipality,554.0,Alappuzha,AMBIGUOUS MATCH
32,Kerala,252248,Kayamkulam,Municipality,554.0,Alappuzha,AMBIGUOUS MATCH
32,Kerala,252249,Chengannur,Municipality,554.0,Alappuzha,AMBIGUOUS MATCH
32,Kerala,252250,Mavelikkara,Municipality,554.0,Alappuzha,AMBIGUOUS MATCH
32,Kerala,272880,Harippad,Municipality,554.0,Alappuzha,AMBIGUOUS MATCH
32,Kerala,252108,Kasaragod,Municipality,555.0,Ernakulam,AMBIGUOUS MATCH
32,Kerala,252110,Kanhangad,Municipality,555.0,Ernakulam,AMBIGUOUS MATCH
32,Kerala,252111,Payyannur,Municipality,555.0,Ernakulam,AMBIGUOUS MATCH
32,Kerala,252112,Taliparamba,Municipality,555.0,Ernakulam,AMBIGUOUS MATCH
32,Kerala,252125,Kannur,Municipal Corporations,555.0,Ernakulam,AMBIGUOUS MATCH
32,Kerala,252139,Mattannur,Municipality,555.0,Ernakulam,AMBIGUOUS MATCH
32,Kerala,252144,Koothuparamba,Municipality,555.0,Ernakulam,AMBIGUOUS MATCH
32,Kerala,252149,Thalassery,Municipality,555.0,Ernakulam,AMBIGUOUS MATCH
32,Kerala,252155,Kalpetta,Municipality,555.0,Ernakulam,AMBIGUOUS MATCH
32,Kerala,252157,Vatakara,Municipality,555.0,Ernakulam,AMBIGUOUS MATCH
32,Kerala,252159,Koyilandy,Municipality,555.0,Ernakulam,AMBIGUOUS MATCH
32,Kerala,252160,Kozhikode,Municipal Corporations,555.0,Ernakulam,AMBIGUOUS MATCH
32,Kerala,252169,Manjeri,Municipality,555.0,Ernakulam,AMBIGUOUS MATCH
32,Kerala,252170,Malappuram,Municipality,555.0,Ernakulam,AMBIGUOUS MATCH
32,Kerala,252171,Perinthalmanna,Municipality,555.0,Ernakulam,AMBIGUOUS MATCH
32,Kerala,252172,Tirur,Municipality,555.0,Ernakulam,AMBIGUOUS MATCH
32,Kerala,252173,Ponnani,Municipality,555.0,Ernakulam,AMBIGUOUS MATCH
32,Kerala,252174,Shoranur,Municipality,555.0,Ernakulam,AMBIGUOUS MATCH
32,Kerala,252175,Ottappalam,Municipality,555.0,Ernakulam,AMBIGUOUS MATCH
32,Kerala,252176,Palakkad,Municipality,555.0,Ernakulam,AMBIGUOUS MATCH
32,Kerala,252178,Chittur-Thathamangalam,Municipality,555.0,Ernakulam,AMBIGUOUS MATCH
32,Kerala,252180,Kunnamkulam,Municipality,555.0,Ernakulam,AMBIGUOUS MATCH
32,Kerala,252181,Chavakkad,Municipality,555.0,Ernakulam,AMBIGUOUS MATCH
32,Kerala,252184,Guruvayoor,Municipality,555.0,Ernakulam,AMBIGUOUS MATCH
32,Kerala,252194,Thrissur,Municipal Corporations,555.0,Ernakulam,AMBIGUOUS MATCH
32,Kerala,252200,Kodungallur,Municipality,555.0,Ernakulam,AMBIGUOUS MATCH
32,Kerala,252204,Irinjalakuda,Municipality,555.0,Ernakulam,AMBIGUOUS MATCH
32,Kerala,252205,Chalakudy,Municipality,555.0,Ernakulam,AMBIGUOUS MATCH
32,Kerala,252207,Perumbavoor,Municipality,555.0,Ernakulam,AMBIGUOUS MATCH
32,Kerala,252208,Angamaly,Municipality,555.0,Ernakulam,AMBIGUOUS MATCH
32,Kerala,252211,Aluva,Municipality,555.0,Ernakulam,AMBIGUOUS MATCH
32,Kerala,252215,Paravur,Municipality,555.0,Ernakulam,AMBIGUOUS MATCH
32,Kerala,252218,Eloor,Municipality,555.0,Ernakulam,AMBIGUOUS MATCH
32,Kerala,252220,Kochi,Municipal Corporations,555.0,Ernakulam,FULL MATCH
32,Kerala,252224,Kalamassery,Municipality,555.0,Ernakulam,AMBIGUOUS MATCH
32,Kerala,252226,Maradu,Municipality,555.0,Ernakulam,AMBIGUOUS MATCH
32,Kerala,252227,Thrippunithura,Municipality,555.0,Ernakulam,AMBIGUOUS MATCH
32,Kerala,252230,Muvattupuzha,Municipality,555.0,Ernakulam,AMBIGUOUS MATCH
32,Kerala,252231,Kothamangalam,Municipality,555.0,Ernakulam,AMBIGUOUS MATCH
32,Kerala,252233,Thodupuzha,Municipality,555.0,Ernakulam,AMBIGUOUS MATCH
32,Kerala,252234,Palai,Municipality,555.0,Ernakulam,AMBIGUOUS MATCH
32,Kerala,252236,Vaikom,Municipality,555.0,Ernakulam,AMBIGUOUS MATCH
32,Kerala,252238,Kottayam,Municipality,555.0,Ernakulam,AMBIGUOUS MATCH
32,Kerala,252239,Changanassery,Municipality,555.0,Ernakulam,AMBIGUOUS MATCH
32,Kerala,252242,Cherthala,Municipality,555.0,Ernakulam,AMBIGUOUS MATCH
32,Kerala,252247,Alappuzha,Municipality,555.0,Ernakulam,AMBIGUOUS MATCH
32,Kerala,252248,Kayamkulam,Municipality,555.0,Ernakulam,AMBIGUOUS MATCH
32,Kerala,252249,Chengannur,Municipality,555.0,Ernakulam,AMBIGUOUS MATCH
32,Kerala,252250,Mavelikkara,Municipality,555.0,Ernakulam,AMBIGUOUS MATCH
32,Kerala,252251,Thiruvalla,Municipality,555.0,Ernakulam,AMBIGUOUS MATCH
32,Kerala,252252,Pathanamthitta,Municipality,555.0,Ernakulam,AMBIGUOUS MATCH
32,Kerala,252253,Adoor,Municipality,555.0,Ernakulam,AMBIGUOUS MATCH
32,Kerala,252254,Punalur,Municipality,555.0,Ernakulam,AMBIGUOUS MATCH
32,Kerala,252255,Kollam,Municipal Corporations,555.0,Ernakulam,AMBIGUOUS MATCH
32,Kerala,252256,Paravoor,Municipality,555.0,Ernakulam,AMBIGUOUS MATCH
32,Kerala,252257,Varkala,Municipality,555.0,Ernakulam,AMBIGUOUS MATCH
32,Kerala,252258,Attingal,Municipality,555.0,Ernakulam,AMBIGUOUS MATCH
32,Kerala,252259,Nedumangad,Municipality,555.0,Ernakulam,AMBIGUOUS MATCH
32,Kerala,252260,Thiruvananthapuram,Municipal Corporations,555.0,Ernakulam,AMBIGUOUS MATCH
32,Kerala,252261,Neyyattinkara,Municipality,555.0,Ernakulam,AMBIGUOUS MATCH
32,Kerala,259707,Karunagappally,Municipality,555.0,Ernakulam,AMBIGUOUS MATCH
32,Kerala,259708,Thrikkakara,Municipality,555.0,Ernakulam,AMBIGUOUS MATCH
32,Kerala,259709,Kottakkal,Municipality,555.0,Ernakulam,AMBIGUOUS MATCH
32,Kerala,259710,Nilambur,Municipality,555.0,Ernakulam,AMBIGUOUS MATCH
32,Kerala,259711,Nileshwar,Municipality,555.0,Ernakulam,AMBIGUOUS MATCH
32,Kerala,272880,Harippad,Municipality,555.0,Ernakulam,AMBIGUOUS MATCH
32,Kerala,272881,Koothattukulam,Municipality,555.0,Ernakulam,AMBIGUOUS MATCH
32,Kerala,272882,Piravom,Municipality,555.0,Ernakulam,AMBIGUOUS MATCH
32,Kerala,272883,Kattappana,Municipality,555.0,Ernakulam,AMBIGUOUS MATCH
32,Kerala,272884,Sreekandapuram,Municipality,555.0,Ernakulam,AMBIGUOUS MATCH
32,Kerala,272885,Panoor,Municipality,555.0,Ernakulam,AMBIGUOUS MATCH
32,Kerala,272889,Kottarakkara,Municipality,555.0,Ernakulam,AMBIGUOUS MATCH
32,Kerala,272890,Iritty,Municipality,555.0,Ernakulam,AMBIGUOUS MATCH
32,Kerala,272891,Ettumanoor,Municipality,555.0,Ernakulam,AMBIGUOUS MATCH
32,Kerala,272892,Erattupetta,Municipality,555.0,Ernakulam,AMBIGUOUS MATCH
32,Kerala,272896,Payyoli,Municipality,555.0,Ernakulam,AMBIGUOUS MATCH
32,Kerala,272897,Koduvally,Municipality,555.0,Ernakulam,AMBIGUOUS MATCH
32,Kerala,272898,Mukkom,Municipality,555.0,Ernakulam,AMBIGUOUS MATCH
32,Kerala,272899,Ramanattukara,Municipality,555.0,Ernakulam,AMBIGUOUS MATCH
32,Kerala,272900,Feroke,Municipality,555.0,Ernakulam,AMBIGUOUS MATCH
32,Kerala,272901,Kondotty,Municipality,555.0,Ernakulam,AMBIGUOUS MATCH
32,Kerala,272902,Valanchery,Municipality,555.0,Ernakulam,AMBIGUOUS MATCH
32,Kerala,272903,Tirurangadi,Municipality,555.0,Ernakulam,AMBIGUOUS MATCH
32,Kerala,272904,Tanur,Municipality,555.0,Ernakulam,AMBIGUOUS MATCH
32,Kerala,272905,Pattambi,Municipality,555.0,Ernakulam,AMBIGUOUS MATCH
32,Kerala,272906,Cherpulassery,Municipality,555.0,Ernakulam,AMBIGUOUS MATCH
32,Kerala,272907,Mannarkad,Municipality,555.0,Ernakulam,AMBIGUOUS MATCH
32,Kerala,272908,Pandalam,Municipality,555.0,Ernakulam,AMBIGUOUS MATCH
32,Kerala,272909,Wadakkanchery,Municipality,555.0,Ernakulam,AMBIGUOUS MATCH
32,Kerala,272910,Mananthavady,Municipality,555.0,Ernakulam,AMBIGUOUS MATCH
32,Kerala,272911,Sulthanbathery,Municipality,555.0,Ernakulam,AMBIGUOUS MATCH
32,Kerala,272912,Parappanangadi,Municipality,555.0,Ernakulam,AMBIGUOUS MATCH
32,Kerala,272915,Anthur,Municipality,555.0,Ernakulam,AMBIGUOUS MATCH
32,Kerala,252111,Payyannur,Municipality,557.0,Kannur,AMBIGUOUS MATCH
32,Kerala,252112,Taliparamba,Municipality,557.0,Kannur,AMBIGUOUS MATCH
32,Kerala,252125,Kannur,Municipal Corporations,557.0,Kannur,AMBIGUOUS MATCH
32,Kerala,252139,Mattannur,Municipality,557.0,Kannur,AMBIGUOUS MATCH
32,Kerala,252144,Koothuparamba,Municipality,557.0,Kannur,AMBIGUOUS MATCH
32,Kerala,272884,Sreekandapuram,Municipality,557.0,Kannur,AMBIGUOUS MATCH
32,Kerala,272885,Panoor,Municipality,557.0,Kannur,AMBIGUOUS MATCH
32,Kerala,272890,Iritty,Municipality,557.0,Kannur,AMBIGUOUS MATCH
32,Kerala,272915,Anthur,Municipality,557.0,Kannur,AMBIGUOUS MATCH
32,Kerala,252108,Kasaragod,Municipality,558.0,Kasaragod,AMBIGUOUS MATCH
32,Kerala,252110,Kanhangad,Municipality,558.0,Kasaragod,AMBIGUOUS MATCH
32,Kerala,259711,Nileshwar,Municipality,558.0,Kasaragod,AMBIGUOUS MATCH
32,Kerala,252215,Paravur,Municipality,559.0,Kollam,AMBIGUOUS MATCH
32,Kerala,252255,Kollam,Municipal Corporations,559.0,Kollam,AMBIGUOUS MATCH
32,Kerala,259707,Karunagappally,Municipality,559.0,Kollam,AMBIGUOUS MATCH
32,Kerala,272889,Kottarakkara,Municipality,559.0,Kollam,AMBIGUOUS MATCH
32,Kerala,272891,Ettumanoor,Municipality,560.0,Kottayam,AMBIGUOUS MATCH
32,Kerala,252157,Vatakara,Municipality,561.0,Kozhikode,AMBIGUOUS MATCH
32,Kerala,252159,Koyilandy,Municipality,561.0,Kozhikode,AMBIGUOUS MATCH
32,Kerala,252160,Kozhikode,Municipal Corporations,561.0,Kozhikode,AMBIGUOUS MATCH
32,Kerala,272897,Koduvally,Municipality,561.0,Kozhikode,AMBIGUOUS MATCH
32,Kerala,272898,Mukkom,Municipality,561.0,Kozhikode,AMBIGUOUS MATCH
32,Kerala,272899,Ramanattukara,Municipality,561.0,Kozhikode,AMBIGUOUS MATCH
32,Kerala,272900,Feroke,Municipality,561.0,Kozhikode,AMBIGUOUS MATCH
32,Kerala,252169,Manjeri,Municipality,562.0,Malappuram,AMBIGUOUS MATCH
32,Kerala,252170,Malappuram,Municipality,562.0,Malappuram,AMBIGUOUS MATCH
32,Kerala,252171,Perinthalmanna,Municipality,562.0,Malappuram,AMBIGUOUS MATCH
32,Kerala,252172,Tirur,Municipality,562.0,Malappuram,AMBIGUOUS MATCH
32,Kerala,259710,Nilambur,Municipality,562.0,Malappuram,AMBIGUOUS MATCH
32,Kerala,272899,Ramanattukara,Municipality,562.0,Malappuram,AMBIGUOUS MATCH
32,Kerala,272901,Kondotty,Municipality,562.0,Malappuram,AMBIGUOUS MATCH
32,Kerala,272903,Tirurangadi,Municipality,562.0,Malappuram,AMBIGUOUS MATCH
32,Kerala,272904,Tanur,Municipality,562.0,Malappuram,AMBIGUOUS MATCH
32,Kerala,272912,Parappanangadi,Municipality,562.0,Malappuram,AMBIGUOUS MATCH
32,Kerala,252175,Ottappalam,Municipality,563.0,Palakkad,AMBIGUOUS MATCH
32,Kerala,252176,Palakkad,Municipality,563.0,Palakkad,AMBIGUOUS MATCH
32,Kerala,252252,Pathanamthitta,Municipality,564.0,Pathanamthitta,AMBIGUOUS MATCH
32,Kerala,272908,Pandalam,Municipality,564.0,Pathanamthitta,AMBIGUOUS MATCH
32,Kerala,252259,Nedumangad,Municipality,565.0,Thiruvananthapuram,AMBIGUOUS MATCH
32,Kerala,252260,Thiruvananthapuram,Municipal Corporations,565.0,Thiruvananthapuram,AMBIGUOUS MATCH
32,Kerala,252261,Neyyattinkara,Municipality,565.0,Thiruvananthapuram,AMBIGUOUS MATCH
32,Kerala,252180,Kunnamkulam,Municipality,566.0,Thrissur,AMBIGUOUS MATCH
32,Kerala,252181,Chavakkad,Municipality,566.0,Thrissur,AMBIGUOUS MATCH
32,Kerala,252204,Irinjalakuda,Municipality,566.0,Thrissur,AMBIGUOUS MATCH
32,Kerala,272909,Wadakkanchery,Municipality,566.0,Thrissur,AMBIGUOUS MATCH
32,Kerala,272910,Mananthavady,Municipality,567.0,Wayanad,AMBIGUOUS MATCH
32,Kerala,272911,Sulthanbathery,Municipality,567.0,Wayanad,AMBIGUOUS MATCH
33,Tamil Nadu,252277,Thiruverkadu,Municipality,568.0,Chennai,FULL MATCH
33,Tamil Nadu,252283,Naravarikuppam,Town Panchayat,568.0,Chennai,FULL MATCH
33,Tamil Nadu,252294,Greater Chennai Corporation,Municipal Corporations,568.0,Chennai,AMBIGUOUS MATCH
33,Tamil Nadu,252531,Punjaipuliampatti,Municipality,569.0,Coimbatore,FULL MATCH
33,Tamil Nadu,252611,Sirumugai,Town Panchayat,569.0,Coimbatore,FULL MATCH
33,Tamil Nadu,252612,Mettupalayam,Municipality,569.0,Coimbatore,AMBIGUOUS MATCH
33,Tamil Nadu,252613,Karamadai,Municipality,569.0,Coimbatore,FULL MATCH
33,Tamil Nadu,252614,Annur,Town Panchayat,569.0,Coimbatore,FULL MATCH
33,Tamil Nadu,252617,Chettipalayam,Town Panchayat,569.0,Coimbatore,FULL MATCH
33,Tamil Nadu,252627,Mopperipalayam,Town Panchayat,569.0,Coimbatore,FULL MATCH
33,Tamil Nadu,252628,Karumathampatti,Municipality,569.0,Coimbatore,FULL MATCH
33,Tamil Nadu,252629,Irugur,Town Panchayat,569.0,Coimbatore,FULL MATCH
33,Tamil Nadu,252632,Sulur,Town Panchayat,569.0,Coimbatore,FULL MATCH
33,Tamil Nadu,252633,Pallapalayam,Town Panchayat,569.0,Coimbatore,AMBIGUOUS MATCH
33,Tamil Nadu,252634,Kannampalayam,Town Panchayat,569.0,Coimbatore,FULL MATCH
33,Tamil Nadu,252638,Periyanaickenpalayam,Town Panchayat,569.0,Coimbatore,FULL MATCH
33,Tamil Nadu,252641,Idikarai,Town Panchayat,569.0,Coimbatore,FULL MATCH
33,Tamil Nadu,252642,Sarcarsamakulam,Town Panchayat,569.0,Coimbatore,FULL MATCH
33,Tamil Nadu,252653,Coimbatore,Municipal Corporations,569.0,Coimbatore,FULL MATCH
33,Tamil Nadu,252655,Vedapatti,Town Panchayat,569.0,Coimbatore,FULL MATCH
33,Tamil Nadu,252656,Dhaliyur,Town Panchayat,569.0,Coimbatore,FULL MATCH
33,Tamil Nadu,252657,Thondamuthur,Town Panchayat,569.0,Coimbatore,FULL MATCH
33,Tamil Nadu,252658,Alanthurai,Town Panchayat,569.0,Coimbatore,FULL MATCH
33,Tamil Nadu,252659,Pooluvapatti,Town Panchayat,569.0,Coimbatore,FULL MATCH
33,Tamil Nadu,252661,Perur,Town Panchayat,569.0,Coimbatore,FULL MATCH
33,Tamil Nadu,252665,Madukkarai,Municipality,569.0,Coimbatore,FULL MATCH
33,Tamil Nadu,252666,Ettimadai,Town Panchayat,569.0,Coimbatore,FULL MATCH
33,Tamil Nadu,252667,Thirumalayampalayam,Town Panchayat,569.0,Coimbatore,FULL MATCH
33,Tamil Nadu,252668,Othakalmandapam,Town Panchayat,569.0,Coimbatore,FULL MATCH
33,Tamil Nadu,252670,Kinathukadavu,Town Panchayat,569.0,Coimbatore,FULL MATCH
33,Tamil Nadu,252671,Periya Negamam,Town Panchayat,569.0,Coimbatore,FULL MATCH
33,Tamil Nadu,252673,Zamin Uthukuli,Town Panchayat,569.0,Coimbatore,FULL MATCH
33,Tamil Nadu,252674,Pollachi,Municipality,569.0,Coimbatore,FULL MATCH
33,Tamil Nadu,252676,Suleeswaranpatti,Town Panchayat,569.0,Coimbatore,FULL MATCH
33,Tamil Nadu,252677,Samathur,Town Panchayat,569.0,Coimbatore,FULL MATCH
33,Tamil Nadu,252678,Anaimalai,Town Panchayat,569.0,Coimbatore,FULL MATCH
33,Tamil Nadu,252680,Vettaikaranpudur,Town Panchayat,569.0,Coimbatore,FULL MATCH
33,Tamil Nadu,252681,Kottur,Town Panchayat,569.0,Coimbatore,AMBIGUOUS MATCH
33,Tamil Nadu,252903,Thenkarai,Town Panchayat,569.0,Coimbatore,AMBIGUOUS MATCH
33,Tamil Nadu,260290,Narasimhanaickenpalayam,Town Panchayat,569.0,Coimbatore,FULL MATCH
33,Tamil Nadu,252453,Ulundurpettai,Municipality,570.0,Cuddalore,FULL MATCH
33,Tamil Nadu,252768,Melpattampakkam,Town Panchayat,570.0,Cuddalore,FULL MATCH
33,Tamil Nadu,252769,Nellikuppam,Municipality,570.0,Cuddalore,FULL MATCH
33,Tamil Nadu,252770,Panruti,Municipality,570.0,Cuddalore,FULL MATCH
33,Tamil Nadu,252771,Thorapadi,Town Panchayat,570.0,Cuddalore,FULL MATCH
33,Tamil Nadu,252773,Cuddalore,Municipal Corporations,570.0,Cuddalore,FULL MATCH
33,Tamil Nadu,252775,Kurinjipadi,Town Panchayat,570.0,Cuddalore,FULL MATCH
33,Tamil Nadu,252776,Vadalur,Municipality,570.0,Cuddalore,FULL MATCH
33,Tamil Nadu,252777,Parangipettai,Town Panchayat,570.0,Cuddalore,FULL MATCH
33,Tamil Nadu,252778,Sethiathoppu,Town Panchayat,570.0,Cuddalore,FULL MATCH
33,Tamil Nadu,252779,Bhuvanagiri,Town Panchayat,570.0,Cuddalore,FULL MATCH
33,Tamil Nadu,252780,Killai,Town Panchayat,570.0,Cuddalore,FULL MATCH
33,Tamil Nadu,252781,Chidambaram,Municipality,570.0,Cuddalore,FULL MATCH
33,Tamil Nadu,252782,Annamalai Nagar,Town Panchayat,570.0,Cuddalore,FULL MATCH
33,Tamil Nadu,252783,Srimushnam,Town Panchayat,570.0,Cuddalore,FULL MATCH
33,Tamil Nadu,252784,Lalpet,Town Panchayat,570.0,Cuddalore,FULL MATCH
33,Tamil Nadu,252785,Kattumannarkoil,Town Panchayat,570.0,Cuddalore,FULL MATCH
33,Tamil Nadu,252786,Mangalampet,Town Panchayat,570.0,Cuddalore,FULL MATCH
33,Tamil Nadu,252787,Virudhachalam,Municipality,570.0,Cuddalore,FULL MATCH
33,Tamil Nadu,252788,Gangaikondan,Town Panchayat,570.0,Cuddalore,FULL MATCH
33,Tamil Nadu,252789,Tittakudi,Municipality,570.0,Cuddalore,FULL MATCH
33,Tamil Nadu,252790,Pennadam,Town Panchayat,570.0,Cuddalore,FULL MATCH
33,Tamil Nadu,252407,Marandahalli,Town Panchayat,571.0,Dharmapuri,FULL MATCH
33,Tamil Nadu,252408,Karimangalam,Town Panchayat,571.0,Dharmapuri,FULL MATCH
33,Tamil Nadu,252409,Palakkodu,Town Panchayat,571.0,Dharmapuri,FULL MATCH
33,Tamil Nadu,252412,Kambainallur,Town Panchayat,571.0,Dharmapuri,FULL MATCH
33,Tamil Nadu,252413,Harur,Municipality,571.0,Dharmapuri,FULL MATCH
33,Tamil Nadu,252414,Kadathur,Town Panchayat,571.0,Dharmapuri,FULL MATCH
33,Tamil Nadu,252415,B.Mallapuram,Town Panchayat,571.0,Dharmapuri,FULL MATCH
33,Tamil Nadu,252416,Pappireddipatti,Town Panchayat,571.0,Dharmapuri,FULL MATCH
33,Tamil Nadu,252417,Dharmapuri,Municipality,571.0,Dharmapuri,FULL MATCH
33,Tamil Nadu,252419,Pennagaram,Town Panchayat,571.0,Dharmapuri,FULL MATCH
33,Tamil Nadu,252690,Keeranur,Town Panchayat,572.0,Dindigul,FULL MATCH
33,Tamil Nadu,252691,Ayakudi,Town Panchayat,572.0,Dindigul,FULL MATCH
33,Tamil Nadu,252692,Palani,Municipality,572.0,Dindigul,FULL MATCH
33,Tamil Nadu,252693,Neikkarapatti,Town Panchayat,572.0,Dindigul,FULL MATCH
33,Tamil Nadu,252694,Balasamudram,Town Panchayat,572.0,Dindigul,FULL MATCH
33,Tamil Nadu,252695,Oddanchatram,Municipality,572.0,Dindigul,FULL MATCH
33,Tamil Nadu,252696,Palayam,Town Panchayat,572.0,Dindigul,FULL MATCH
33,Tamil Nadu,252697,Vedasandur,Town Panchayat,572.0,Dindigul,FULL MATCH
33,Tamil Nadu,252698,Eriodu,Town Panchayat,572.0,Dindigul,FULL MATCH
33,Tamil Nadu,252699,Ayyalur,Town Panchayat,572.0,Dindigul,FULL MATCH
33,Tamil Nadu,252700,Vadamadurai,Town Panchayat,572.0,Dindigul,FULL MATCH
33,Tamil Nadu,252701,Natham,Town Panchayat,572.0,Dindigul,FULL MATCH
33,Tamil Nadu,252702,Agaram,Town Panchayat,572.0,Dindigul,FULL MATCH
33,Tamil Nadu,252703,Thadikombu,Town Panchayat,572.0,Dindigul,FULL MATCH
33,Tamil Nadu,252704,Sriramapuram,Town Panchayat,572.0,Dindigul,FULL MATCH
33,Tamil Nadu,252705,Kannivadi,Town Panchayat,572.0,Dindigul,FULL MATCH
33,Tamil Nadu,252707,Dindigul,Municipal Corporations,572.0,Dindigul,AMBIGUOUS MATCH
33,Tamil Nadu,252709,Chinnalapatti,Town Panchayat,572.0,Dindigul,FULL MATCH
33,Tamil Nadu,252710,Sithayankottai,Town Panchayat,572.0,Dindigul,FULL MATCH
33,Tamil Nadu,252711,Ayyampalayam,Town Panchayat,572.0,Dindigul,FULL MATCH
33,Tamil Nadu,252712,Pannaikadu,Town Panchayat,572.0,Dindigul,FULL MATCH
33,Tamil Nadu,252713,Kodaikanal,Municipality,572.0,Dindigul,FULL MATCH
33,Tamil Nadu,252714,Ammainaickanur,Town Panchayat,572.0,Dindigul,FULL MATCH
33,Tamil Nadu,252715,Nilakkottai,Town Panchayat,572.0,Dindigul,FULL MATCH
33,Tamil Nadu,252716,Sevugampatti,Town Panchayat,572.0,Dindigul,FULL MATCH
33,Tamil Nadu,252717,Pattiveeranpatti,Town Panchayat,572.0,Dindigul,FULL MATCH
33,Tamil Nadu,252718,Batlagundu,Town Panchayat,572.0,Dindigul,FULL MATCH
33,Tamil Nadu,252506,Pallipalayam,Municipality,573.0,Erode,FULL MATCH
33,Tamil Nadu,252527,Kembainaickenpalayam,Town Panchayat,573.0,Erode,FULL MATCH
33,Tamil Nadu,252528,Sathyamangalam,Municipality,573.0,Erode,FULL MATCH
33,Tamil Nadu,252529,Ariyappampalayam,Town Panchayat,573.0,Erode,FULL MATCH
33,Tamil Nadu,252530,Bhavanisagar,Town Panchayat,573.0,Erode,FULL MATCH
33,Tamil Nadu,252531,Punjaipuliampatti,Municipality,573.0,Erode,FULL MATCH
33,Tamil Nadu,252532,Nerinjipettai,Town Panchayat,573.0,Erode,FULL MATCH
33,Tamil Nadu,252533,Ammapettai,Town Panchayat,573.0,Erode,FULL MATCH
33,Tamil Nadu,252534,Olagadam,Town Panchayat,573.0,Erode,FULL MATCH
33,Tamil Nadu,252535,Anthiyur,Town Panchayat,573.0,Erode,FULL MATCH
33,Tamil Nadu,252536,Athani,Town Panchayat,573.0,Erode,FULL MATCH
33,Tamil Nadu,252537,Appakudal,Town Panchayat,573.0,Erode,FULL MATCH
33,Tamil Nadu,252538,Jambai,Town Panchayat,573.0,Erode,FULL MATCH
33,Tamil Nadu,252539,Bhavani,Municipality,573.0,Erode,FULL MATCH
33,Tamil Nadu,252540,Salangapalayam,Town Panchayat,573.0,Erode,FULL MATCH
33,Tamil Nadu,252541,Periyakodiveri,Town Panchayat,573.0,Erode,FULL MATCH
33,Tamil Nadu,252542,Vaniputhur,Town Panchayat,573.0,Erode,FULL MATCH
33,Tamil Nadu,252543,P.Mettupalayam,Town Panchayat,573.0,Erode,FULL MATCH
33,Tamil Nadu,252544,Kugalur,Town Panchayat,573.0,Erode,FULL MATCH
33,Tamil Nadu,252545,Lakkampatti,Town Panchayat,573.0,Erode,FULL MATCH
33,Tamil Nadu,252546,Kasipalayam (G),Town Panchayat,573.0,Erode,FULL MATCH
33,Tamil Nadu,252547,Gobichettipalayam,Municipality,573.0,Erode,FULL MATCH
33,Tamil Nadu,252549,Kolappalur,Town Panchayat,573.0,Erode,FULL MATCH
33,Tamil Nadu,252550,Nambiyur,Town Panchayat,573.0,Erode,FULL MATCH
33,Tamil Nadu,252551,Pethampalayam,Town Panchayat,573.0,Erode,FULL MATCH
33,Tamil Nadu,252553,Kanjikovil,Town Panchayat,573.0,Erode,FULL MATCH
33,Tamil Nadu,252554,Karumandi Chellipalayam,Town Panchayat,573.0,Erode,FULL MATCH
33,Tamil Nadu,252555,Nallampatti,Town Panchayat,573.0,Erode,FULL MATCH
33,Tamil Nadu,252558,Perundurai,Municipality,573.0,Erode,FULL MATCH
33,Tamil Nadu,252560,Uthukuli,Town Panchayat,573.0,Erode,FULL MATCH
33,Tamil Nadu,252562,Chennimalai,Town Panchayat,573.0,Erode,FULL MATCH
33,Tamil Nadu,252564,Chithode,Town Panchayat,573.0,Erode,FULL MATCH
33,Tamil Nadu,252565,Nasiyanur,Town Panchayat,573.0,Erode,FULL MATCH
33,Tamil Nadu,252568,Erode,Municipal Corporations,573.0,Erode,FULL MATCH
33,Tamil Nadu,252572,Avalpoondurai,Town Panchayat,573.0,Erode,FULL MATCH
33,Tamil Nadu,252573,Modakkurichi,Town Panchayat,573.0,Erode,FULL MATCH
33,Tamil Nadu,252574,Pasur,Town Panchayat,573.0,Erode,FULL MATCH
33,Tamil Nadu,252575,Arachalur,Town Panchayat,573.0,Erode,FULL MATCH
33,Tamil Nadu,252577,Kilambadi,Town Panchayat,573.0,Erode,FULL MATCH
33,Tamil Nadu,252578,Vellottamparappu,Town Panchayat,573.0,Erode,FULL MATCH
33,Tamil Nadu,252580,Kollankoil,Town Panchayat,573.0,Erode,FULL MATCH
33,Tamil Nadu,252581,Unjalur,Town Panchayat,573.0,Erode,FULL MATCH
33,Tamil Nadu,252582,Vengambur,Town Panchayat,573.0,Erode,FULL MATCH
33,Tamil Nadu,252583,Kodumudi,Town Panchayat,573.0,Erode,FULL MATCH
33,Tamil Nadu,252584,Chennasamudram,Town Panchayat,573.0,Erode,FULL MATCH
33,Tamil Nadu,252611,Sirumugai,Town Panchayat,573.0,Erode,FULL MATCH
33,Tamil Nadu,252612,Mettupalayam,Municipality,573.0,Erode,AMBIGUOUS MATCH
33,Tamil Nadu,252614,Annur,Town Panchayat,573.0,Erode,FULL MATCH
33,Tamil Nadu,252633,Pallapalayam,Town Panchayat,573.0,Erode,AMBIGUOUS MATCH
33,Tamil Nadu,252987,Sivagiri,Town Panchayat,573.0,Erode,AMBIGUOUS MATCH
33,Tamil Nadu,252278,Poonamallee,Municipality,574.0,Kancheepuram,FULL MATCH
33,Tamil Nadu,252295,Mangadu,Municipality,574.0,Kancheepuram,FULL MATCH
33,Tamil Nadu,252298,Kundrathur,Municipality,574.0,Kancheepuram,FULL MATCH
33,Tamil Nadu,252299,Sriperumbudur,Municipality,574.0,Kancheepuram,FULL MATCH
33,Tamil Nadu,252329,Nandivaram - Guduvancheri,Municipality,574.0,Kancheepuram,FULL MATCH
33,Tamil Nadu,252336,Kancheepuram,Municipal Corporations,574.0,Kancheepuram,FULL MATCH
33,Tamil Nadu,252341,Walajabad,Town Panchayat,574.0,Kancheepuram,FULL MATCH
33,Tamil Nadu,252342,Uthiramerur,Town Panchayat,574.0,Kancheepuram,FULL MATCH
33,Tamil Nadu,252556,Kunnathur,Town Panchayat,574.0,Kancheepuram,FULL MATCH
33,Tamil Nadu,253032,Kadayal,Town Panchayat,575.0,Kanniyakumari,FULL MATCH
33,Tamil Nadu,253033,Arumanai,Town Panchayat,575.0,Kanniyakumari,FULL MATCH
33,Tamil Nadu,253034,Edaicode,Town Panchayat,575.0,Kanniyakumari,FULL MATCH
33,Tamil Nadu,253035,Palugal,Town Panchayat,575.0,Kanniyakumari,FULL MATCH
33,Tamil Nadu,253036,Kaliyakkavilai,Town Panchayat,575.0,Kanniyakumari,FULL MATCH
33,Tamil Nadu,253037,Pacode,Town Panchayat,575.0,Kanniyakumari,FULL MATCH
33,Tamil Nadu,253038,Kuzhithurai,Municipality,575.0,Kanniyakumari,FULL MATCH
33,Tamil Nadu,253039,Unnamalaikadai,Town Panchayat,575.0,Kanniyakumari,FULL MATCH
33,Tamil Nadu,253041,Puthukkadai,Town Panchayat,575.0,Kanniyakumari,FULL MATCH
33,Tamil Nadu,253042,Kollancode,Municipality,575.0,Kanniyakumari,FULL MATCH
33,Tamil Nadu,253044,Keezhkulam,Town Panchayat,575.0,Kanniyakumari,FULL MATCH
33,Tamil Nadu,253045,Killiyoor,Town Panchayat,575.0,Kanniyakumari,FULL MATCH
33,Tamil Nadu,253046,Karungal,Town Panchayat,575.0,Kanniyakumari,FULL MATCH
33,Tamil Nadu,253048,Thirparappu,Town Panchayat,575.0,Kanniyakumari,FULL MATCH
33,Tamil Nadu,253049,Thiruvattar,Town Panchayat,575.0,Kanniyakumari,FULL MATCH
33,Tamil Nadu,253050,Kulasekaram,Town Panchayat,575.0,Kanniyakumari,FULL MATCH
33,Tamil Nadu,253051,Ponmanai,Town Panchayat,575.0,Kanniyakumari,FULL MATCH
33,Tamil Nadu,253056,Valvaithankoshtam,Town Panchayat,575.0,Kanniyakumari,FULL MATCH
33,Tamil Nadu,253057,Mulagumudu,Town Panchayat,575.0,Kanniyakumari,FULL MATCH
33,Tamil Nadu,253058,Kappiyarai,Town Panchayat,575.0,Kanniyakumari,FULL MATCH
33,Tamil Nadu,253059,Thiruvithancode,Town Panchayat,575.0,Kanniyakumari,FULL MATCH
33,Tamil Nadu,253061,Padmanabhapuram,Municipality,575.0,Kanniyakumari,FULL MATCH
33,Tamil Nadu,253062,Villukuri,Town Panchayat,575.0,Kanniyakumari,FULL MATCH
33,Tamil Nadu,253064,Eraniel,Town Panchayat,575.0,Kanniyakumari,FULL MATCH
33,Tamil Nadu,253065,Kallukuttam,Town Panchayat,575.0,Kanniyakumari,FULL MATCH
33,Tamil Nadu,253066,Neyyoor,Town Panchayat,575.0,Kanniyakumari,FULL MATCH
33,Tamil Nadu,253067,Reethapuram,Town Panchayat,575.0,Kanniyakumari,FULL MATCH
33,Tamil Nadu,253068,Colachel,Municipality,575.0,Kanniyakumari,FULL MATCH
33,Tamil Nadu,253069,Manavalakurichi,Town Panchayat,575.0,Kanniyakumari,FULL MATCH
33,Tamil Nadu,253070,Mandaikadu,Town Panchayat,575.0,Kanniyakumari,FULL MATCH
33,Tamil Nadu,253071,Thingalnagar,Town Panchayat,575.0,Kanniyakumari,FULL MATCH
33,Tamil Nadu,253072,Vellimalai,Town Panchayat,575.0,Kanniyakumari,FULL MATCH
33,Tamil Nadu,253073,Azhagiapandipuram,Town Panchayat,575.0,Kanniyakumari,AMBIGUOUS MATCH
33,Tamil Nadu,253074,Boothapandi,Town Panchayat,575.0,Kanniyakumari,FULL MATCH
33,Tamil Nadu,253075,Thazhakudy,Town Panchayat,575.0,Kanniyakumari,FULL MATCH
33,Tamil Nadu,253076,Aralvaimozhi,Town Panchayat,575.0,Kanniyakumari,FULL MATCH
33,Tamil Nadu,253077,Therur,Town Panchayat,575.0,Kanniyakumari,FULL MATCH
33,Tamil Nadu,253078,Marungur,Town Panchayat,575.0,Kanniyakumari,FULL MATCH
33,Tamil Nadu,253079,Nagercoil,Municipal Corporations,575.0,Kanniyakumari,FULL MATCH
33,Tamil Nadu,253081,Ganapathipuram,Town Panchayat,575.0,Kanniyakumari,FULL MATCH
33,Tamil Nadu,253082,Suchindrum,Town Panchayat,575.0,Kanniyakumari,FULL MATCH
33,Tamil Nadu,253083,Mylaudy,Town Panchayat,575.0,Kanniyakumari,FULL MATCH
33,Tamil Nadu,253085,Puthalam,Town Panchayat,575.0,Kanniyakumari,FULL MATCH
33,Tamil Nadu,253087,Thenthamaraikulam,Town Panchayat,575.0,Kanniyakumari,FULL MATCH
33,Tamil Nadu,253088,Kottaram,Town Panchayat,575.0,Kanniyakumari,FULL MATCH
33,Tamil Nadu,253089,Anjugrammam,Town Panchayat,575.0,Kanniyakumari,FULL MATCH
33,Tamil Nadu,253090,Agastheeswaram,Town Panchayat,575.0,Kanniyakumari,FULL MATCH
33,Tamil Nadu,253091,Kanniyakumari,Municipality,575.0,Kanniyakumari,FULL MATCH
33,Tamil Nadu,260288,Azhagappapuram,Town Panchayat,575.0,Kanniyakumari,FULL MATCH
33,Tamil Nadu,260292,Palappallam,Town Panchayat,575.0,Kanniyakumari,FULL MATCH
33,Tamil Nadu,252552,Pallapalayam,Town Panchayat,576.0,Karur,FULL MATCH
33,Tamil Nadu,252589,Kannivadi,Town Panchayat,576.0,Karur,AMBIGUOUS MATCH
33,Tamil Nadu,252633,Pallapalayam,Town Panchayat,576.0,Karur,AMBIGUOUS MATCH
33,Tamil Nadu,252719,Aravakurichi,Town Panchayat,576.0,Karur,FULL MATCH
33,Tamil Nadu,252720,Pallapatti,Municipality,576.0,Karur,AMBIGUOUS MATCH
33,Tamil Nadu,252723,Punjai Thottakurichi,Town Panchayat,576.0,Karur,FULL MATCH
33,Tamil Nadu,252725,Karur,Municipal Corporations,576.0,Karur,FULL MATCH
33,Tamil Nadu,252726,Puliyur,Town Panchayat,576.0,Karur,FULL MATCH
33,Tamil Nadu,252727,Uppidamangalam,Town Panchayat,576.0,Karur,FULL MATCH
33,Tamil Nadu,252729,Krishnarayapuram,Town Panchayat,576.0,Karur,FULL MATCH
33,Tamil Nadu,252730,P.J. Cholapuram,Town Panchayat,576.0,Karur,FULL MATCH
33,Tamil Nadu,252731,Kulithalai,Municipality,576.0,Karur,FULL MATCH
33,Tamil Nadu,252732,Marudur,Town Panchayat,576.0,Karur,FULL MATCH
33,Tamil Nadu,252733,Nangavaram,Town Panchayat,576.0,Karur,FULL MATCH
33,Tamil Nadu,252819,Cholapuram,Town Panchayat,576.0,Karur,AMBIGUOUS MATCH
33,Tamil Nadu,252843,Iluppur,Town Panchayat,576.0,Karur,AMBIGUOUS MATCH
33,Tamil Nadu,252845,Keeranur,Town Panchayat,576.0,Karur,AMBIGUOUS MATCH
33,Tamil Nadu,252979,Athur,Town Panchayat,576.0,Karur,FULL MATCH
33,Tamil Nadu,300381,Pugalur,Municipality,576.0,Karur,FULL MATCH
33,Tamil Nadu,252399,Hosur,Municipal Corporations,577.0,Krishnagiri,FULL MATCH
33,Tamil Nadu,252401,Bargur,Town Panchayat,577.0,Krishnagiri,FULL MATCH
33,Tamil Nadu,252402,Krishnagiri,Municipality,577.0,Krishnagiri,FULL MATCH
33,Tamil Nadu,252404,Kaveripattinam,Town Panchayat,577.0,Krishnagiri,FULL MATCH
33,Tamil Nadu,252405,Kelamangalam,Town Panchayat,577.0,Krishnagiri,FULL MATCH
33,Tamil Nadu,252406,Denkanikottai,Town Panchayat,577.0,Krishnagiri,FULL MATCH
33,Tamil Nadu,252407,Marandahalli,Town Panchayat,577.0,Krishnagiri,FULL MATCH
33,Tamil Nadu,252408,Karimangalam,Town Panchayat,577.0,Krishnagiri,FULL MATCH
33,Tamil Nadu,252410,Nagojanahalli,Town Panchayat,577.0,Krishnagiri,FULL MATCH
33,Tamil Nadu,252411,Uthangarai,Town Panchayat,577.0,Krishnagiri,FULL MATCH
33,Tamil Nadu,252660,Thenkarai,Town Panchayat,578.0,Madurai,FULL MATCH
33,Tamil Nadu,252664,Vellalur,Town Panchayat,578.0,Madurai,FULL MATCH
33,Tamil Nadu,252870,A.Vellalapatti,Town Panchayat,578.0,Madurai,FULL MATCH
33,Tamil Nadu,252871,Melur,Municipality,578.0,Madurai,FULL MATCH
33,Tamil Nadu,252872,Paravai,Town Panchayat,578.0,Madurai,FULL MATCH
33,Tamil Nadu,252880,Palamedu,Town Panchayat,578.0,Madurai,FULL MATCH
33,Tamil Nadu,252881,Vadipatti,Town Panchayat,578.0,Madurai,FULL MATCH
33,Tamil Nadu,252882,Sholavandan,Town Panchayat,578.0,Madurai,FULL MATCH
33,Tamil Nadu,252883,Alanganallur,Town Panchayat,578.0,Madurai,FULL MATCH
33,Tamil Nadu,252884,Usilampatti,Municipality,578.0,Madurai,FULL MATCH
33,Tamil Nadu,252885,Elumalai,Town Panchayat,578.0,Madurai,FULL MATCH
33,Tamil Nadu,252886,Peraiyur,Town Panchayat,578.0,Madurai,FULL MATCH
33,Tamil Nadu,252887,T.Kallupatti,Town Panchayat,578.0,Madurai,AMBIGUOUS MATCH
33,Tamil Nadu,252888,Tirumangalam,Municipality,578.0,Madurai,FULL MATCH
33,Tamil Nadu,252889,Madurai,Municipal Corporations,578.0,Madurai,FULL MATCH
33,Tamil Nadu,252797,Thittachery,Town Panchayat,579.0,Nagapattinam,FULL MATCH
33,Tamil Nadu,252799,Kilvelur,Town Panchayat,579.0,Nagapattinam,FULL MATCH
33,Tamil Nadu,252800,Velankanni,Town Panchayat,579.0,Nagapattinam,FULL MATCH
33,Tamil Nadu,252801,Thalainayar,Town Panchayat,579.0,Nagapattinam,FULL MATCH
33,Tamil Nadu,252802,Vedaranyam,Municipality,579.0,Nagapattinam,FULL MATCH
33,Tamil Nadu,299500,Nagapattinam,Municipality,579.0,Nagapattinam,FULL MATCH
33,Tamil Nadu,252485,Mallur,Town Panchayat,580.0,Namakkal,FULL MATCH
33,Tamil Nadu,252497,Thammampatti,Town Panchayat,580.0,Namakkal,FULL MATCH
33,Tamil Nadu,252499,Komarapalayam,Municipality,580.0,Namakkal,FULL MATCH
33,Tamil Nadu,252500,Padaiveedu,Town Panchayat,580.0,Namakkal,FULL MATCH
33,Tamil Nadu,252501,Mallasamudram,Town Panchayat,580.0,Namakkal,FULL MATCH
33,Tamil Nadu,252502,Tiruchengode,Municipality,580.0,Namakkal,FULL MATCH
33,Tamil Nadu,252506,Pallipalayam,Municipality,580.0,Namakkal,FULL MATCH
33,Tamil Nadu,252508,Vennanthur,Town Panchayat,580.0,Namakkal,FULL MATCH
33,Tamil Nadu,252509,Athanur,Town Panchayat,580.0,Namakkal,FULL MATCH
33,Tamil Nadu,252510,R.Pudupatti,Town Panchayat,580.0,Namakkal,FULL MATCH
33,Tamil Nadu,252511,Pattanam,Town Panchayat,580.0,Namakkal,FULL MATCH
33,Tamil Nadu,252512,Rasipuram,Municipality,580.0,Namakkal,FULL MATCH
33,Tamil Nadu,252513,Seerapalli,Town Panchayat,580.0,Namakkal,FULL MATCH
33,Tamil Nadu,252514,Namagiripettai,Town Panchayat,580.0,Namakkal,FULL MATCH
33,Tamil Nadu,252515,Pillanallur,Town Panchayat,580.0,Namakkal,FULL MATCH
33,Tamil Nadu,252516,Kalappanaickenpatti,Town Panchayat,580.0,Namakkal,FULL MATCH
33,Tamil Nadu,252518,Namakkal,Municipality,580.0,Namakkal,FULL MATCH
33,Tamil Nadu,252521,Mohanur,Town Panchayat,580.0,Namakkal,FULL MATCH
33,Tamil Nadu,252522,Paramathi,Town Panchayat,580.0,Namakkal,FULL MATCH
33,Tamil Nadu,252523,Velur,Town Panchayat,580.0,Namakkal,FULL MATCH
33,Tamil Nadu,252524,Pothanur,Town Panchayat,580.0,Namakkal,FULL MATCH
33,Tamil Nadu,252525,Pandamangalam,Town Panchayat,580.0,Namakkal,FULL MATCH
33,Tamil Nadu,252526,Venkarai,Town Panchayat,580.0,Namakkal,FULL MATCH
33,Tamil Nadu,252759,Poolambadi,Town Panchayat,581.0,Perambalur,FULL MATCH
33,Tamil Nadu,252760,Arumbavur,Town Panchayat,581.0,Perambalur,FULL MATCH
33,Tamil Nadu,252761,Kurumbalur,Town Panchayat,581.0,Perambalur,FULL MATCH
33,Tamil Nadu,252762,Perambalur,Municipality,581.0,Perambalur,FULL MATCH
33,Tamil Nadu,252763,Labbaikudikadu,Town Panchayat,581.0,Perambalur,FULL MATCH
33,Tamil Nadu,252767,Ariyalur,Municipality,581.0,Perambalur,FULL MATCH
33,Tamil Nadu,252613,Karamadai,Municipality,582.0,Pudukkottai,FULL MATCH
33,Tamil Nadu,252758,Ponnampatti,Town Panchayat,582.0,Pudukkottai,FULL MATCH
33,Tamil Nadu,252843,Iluppur,Town Panchayat,582.0,Pudukkottai,AMBIGUOUS MATCH
33,Tamil Nadu,252844,Annavasal,Town Panchayat,582.0,Pudukkottai,FULL MATCH
33,Tamil Nadu,252845,Keeranur,Town Panchayat,582.0,Pudukkottai,AMBIGUOUS MATCH
33,Tamil Nadu,252848,Pudukkottai,Municipality,582.0,Pudukkottai,AMBIGUOUS MATCH
33,Tamil Nadu,252849,Ponnamaravathi,Town Panchayat,582.0,Pudukkottai,FULL MATCH
33,Tamil Nadu,252850,Arimalam,Town Panchayat,582.0,Pudukkottai,FULL MATCH
33,Tamil Nadu,252851,Karambakkudi,Town Panchayat,582.0,Pudukkottai,FULL MATCH
33,Tamil Nadu,252852,Alangudi,Town Panchayat,582.0,Pudukkottai,AMBIGUOUS MATCH
33,Tamil Nadu,252853,Keeramangalam,Town Panchayat,582.0,Pudukkottai,FULL MATCH
33,Tamil Nadu,252854,Aranthangi,Municipality,582.0,Pudukkottai,FULL MATCH
33,Tamil Nadu,252962,Kovilpatti,Municipality,582.0,Pudukkottai,AMBIGUOUS MATCH
33,Tamil Nadu,252950,Thondi,Town Panchayat,583.0,Ramanathapuram,FULL MATCH
33,Tamil Nadu,252951,R.S.Mangalam,Town Panchayat,583.0,Ramanathapuram,FULL MATCH
33,Tamil Nadu,252953,Mudukulathur,Town Panchayat,583.0,Ramanathapuram,FULL MATCH
33,Tamil Nadu,252954,Abiramam,Town Panchayat,583.0,Ramanathapuram,FULL MATCH
33,Tamil Nadu,252955,Kamuthi,Town Panchayat,583.0,Ramanathapuram,FULL MATCH
33,Tamil Nadu,252956,Sayalgudi,Town Panchayat,583.0,Ramanathapuram,FULL MATCH
33,Tamil Nadu,252958,Keelakarai,Municipality,583.0,Ramanathapuram,FULL MATCH
33,Tamil Nadu,252959,Mandapam,Town Panchayat,583.0,Ramanathapuram,FULL MATCH
33,Tamil Nadu,252974,Perungulam,Town Panchayat,583.0,Ramanathapuram,AMBIGUOUS MATCH
33,Tamil Nadu,253028,Eruvadi,Town Panchayat,583.0,Ramanathapuram,FULL MATCH
33,Tamil Nadu,290447,Rameswaram,Municipality,583.0,Ramanathapuram,FULL MATCH
33,Tamil Nadu,252363,Narasingapuram,Municipality,584.0,Salem,FULL MATCH
33,Tamil Nadu,252416,Pappireddipatti,Town Panchayat,584.0,Salem,FULL MATCH
33,Tamil Nadu,252454,Mecheri,Town Panchayat,584.0,Salem,FULL MATCH
33,Tamil Nadu,252455,Kolathur,Town Panchayat,584.0,Salem,FULL MATCH
33,Tamil Nadu,252456,Veerakkalpudur,Town Panchayat,584.0,Salem,FULL MATCH
33,Tamil Nadu,252459,Nangavalli,Town Panchayat,584.0,Salem,FULL MATCH
33,Tamil Nadu,252460,Vanavasi,Town Panchayat,584.0,Salem,FULL MATCH
33,Tamil Nadu,252462,Jalakandapuram,Town Panchayat,584.0,Salem,FULL MATCH
33,Tamil Nadu,252463,Kadayampatti,Town Panchayat,584.0,Salem,FULL MATCH
33,Tamil Nadu,252464,Omalur,Town Panchayat,584.0,Salem,FULL MATCH
33,Tamil Nadu,252465,Karuppur,Town Panchayat,584.0,Salem,FULL MATCH
33,Tamil Nadu,252466,Tharamangalam,Municipality,584.0,Salem,FULL MATCH
33,Tamil Nadu,252467,Poolampatti,Town Panchayat,584.0,Salem,FULL MATCH
33,Tamil Nadu,252468,Edappadi,Municipality,584.0,Salem,FULL MATCH
33,Tamil Nadu,252469,Konganapuram,Town Panchayat,584.0,Salem,FULL MATCH
33,Tamil Nadu,252470,Edanganasalai,Municipality,584.0,Salem,FULL MATCH
33,Tamil Nadu,252471,Arasiramani,Town Panchayat,584.0,Salem,FULL MATCH
33,Tamil Nadu,252473,Sankari,Municipality,584.0,Salem,FULL MATCH
33,Tamil Nadu,252475,Kannankurichi,Town Panchayat,584.0,Salem,FULL MATCH
33,Tamil Nadu,252481,Panaimarathupatti,Town Panchayat,584.0,Salem,FULL MATCH
33,Tamil Nadu,252483,Attayampatti,Town Panchayat,584.0,Salem,FULL MATCH
33,Tamil Nadu,252484,Papparapatti,Town Panchayat,584.0,Salem,FULL MATCH
33,Tamil Nadu,252485,Mallur,Town Panchayat,584.0,Salem,FULL MATCH
33,Tamil Nadu,252486,Ayothiapattinam,Town Panchayat,584.0,Salem,FULL MATCH
33,Tamil Nadu,252487,Belur,Town Panchayat,584.0,Salem,FULL MATCH
33,Tamil Nadu,252488,Vazhapadi,Town Panchayat,584.0,Salem,FULL MATCH
33,Tamil Nadu,252489,Ethapur,Town Panchayat,584.0,Salem,FULL MATCH
33,Tamil Nadu,252490,Pethanaickenpalayam,Town Panchayat,584.0,Salem,FULL MATCH
33,Tamil Nadu,252491,Attur,Municipality,584.0,Salem,FULL MATCH
33,Tamil Nadu,252493,Keeripatti,Town Panchayat,584.0,Salem,FULL MATCH
33,Tamil Nadu,252494,Veeraganur,Town Panchayat,584.0,Salem,FULL MATCH
33,Tamil Nadu,252495,Thedavur,Town Panchayat,584.0,Salem,FULL MATCH
33,Tamil Nadu,252496,Gangavalli,Town Panchayat,584.0,Salem,FULL MATCH
33,Tamil Nadu,252497,Thammampatti,Town Panchayat,584.0,Salem,FULL MATCH
33,Tamil Nadu,252498,Sentharapatti,Town Panchayat,584.0,Salem,FULL MATCH
33,Tamil Nadu,252520,Erumaipatti,Town Panchayat,584.0,Salem,FULL MATCH
33,Tamil Nadu,252759,Poolambadi,Town Panchayat,584.0,Salem,FULL MATCH
33,Tamil Nadu,260289,Elampillai,Town Panchayat,584.0,Salem,FULL MATCH
33,Tamil Nadu,252855,Nerkuppai,Town Panchayat,585.0,Sivaganga,FULL MATCH
33,Tamil Nadu,252856,Singampuneri,Town Panchayat,585.0,Sivaganga,FULL MATCH
33,Tamil Nadu,252857,Tirupathur,Town Panchayat,585.0,Sivaganga,FULL MATCH
33,Tamil Nadu,252858,Kanadukathan,Town Panchayat,585.0,Sivaganga,FULL MATCH
33,Tamil Nadu,252859,Pallathur,Town Panchayat,585.0,Sivaganga,FULL MATCH
33,Tamil Nadu,252860,Kottaiyur,Town Panchayat,585.0,Sivaganga,FULL MATCH
33,Tamil Nadu,252861,Kandanur,Town Panchayat,585.0,Sivaganga,FULL MATCH
33,Tamil Nadu,252862,Puduvayal,Town Panchayat,585.0,Sivaganga,FULL MATCH
33,Tamil Nadu,252864,Devakottai,Municipality,585.0,Sivaganga,FULL MATCH
33,Tamil Nadu,252865,Nattarasankottai,Town Panchayat,585.0,Sivaganga,FULL MATCH
33,Tamil Nadu,252866,Sivagangai,Municipality,585.0,Sivaganga,FULL MATCH
33,Tamil Nadu,252867,Thirupuvanam,Town Panchayat,585.0,Sivaganga,FULL MATCH
33,Tamil Nadu,252868,Manamadurai,Municipality,585.0,Sivaganga,FULL MATCH
33,Tamil Nadu,252869,Ilayangudi,Town Panchayat,585.0,Sivaganga,FULL MATCH
33,Tamil Nadu,252340,Ayyampettai,Town Panchayat,586.0,Thanjavur,FULL MATCH
33,Tamil Nadu,252795,Kuthalam,Town Panchayat,586.0,Thanjavur,FULL MATCH
33,Tamil Nadu,252803,Valangaiman,Town Panchayat,586.0,Thanjavur,FULL MATCH
33,Tamil Nadu,252813,Muthupet,Town Panchayat,586.0,Thanjavur,FULL MATCH
33,Tamil Nadu,252814,Thiruppanandal,Town Panchayat,586.0,Thanjavur,FULL MATCH
33,Tamil Nadu,252815,Veppathur,Town Panchayat,586.0,Thanjavur,FULL MATCH
33,Tamil Nadu,252816,Thirupuvanam,Town Panchayat,586.0,Thanjavur,FULL MATCH
33,Tamil Nadu,252817,Thiruvidaimarudur,Town Panchayat,586.0,Thanjavur,FULL MATCH
33,Tamil Nadu,252818,Aduthurai,Town Panchayat,586.0,Thanjavur,FULL MATCH
33,Tamil Nadu,252819,Cholapuram,Town Panchayat,586.0,Thanjavur,AMBIGUOUS MATCH
33,Tamil Nadu,252822,Swamimalai,Town Panchayat,586.0,Thanjavur,FULL MATCH
33,Tamil Nadu,252823,Kumbakonam,Municipal Corporations,586.0,Thanjavur,FULL MATCH
33,Tamil Nadu,252824,Thirunageswaram,Town Panchayat,586.0,Thanjavur,FULL MATCH
33,Tamil Nadu,252826,Papanasam,Town Panchayat,586.0,Thanjavur,FULL MATCH
33,Tamil Nadu,252828,Melattur,Town Panchayat,586.0,Thanjavur,FULL MATCH
33,Tamil Nadu,252829,Ammapettai,Town Panchayat,586.0,Thanjavur,FULL MATCH
33,Tamil Nadu,252830,Thiruvaiyaru,Municipality,586.0,Thanjavur,FULL MATCH
33,Tamil Nadu,252831,Thirukkattupalli,Town Panchayat,586.0,Thanjavur,FULL MATCH
33,Tamil Nadu,252832,Melathiruppanthuruthi,Town Panchayat,586.0,Thanjavur,FULL MATCH
33,Tamil Nadu,252833,Thanjavur,Municipal Corporations,586.0,Thanjavur,AMBIGUOUS MATCH
33,Tamil Nadu,252836,Vallam,Town Panchayat,586.0,Thanjavur,FULL MATCH
33,Tamil Nadu,252837,Orathanadu,Town Panchayat,586.0,Thanjavur,FULL MATCH
33,Tamil Nadu,252838,Madukkur,Town Panchayat,586.0,Thanjavur,FULL MATCH
33,Tamil Nadu,252839,Pattukkottai,Municipality,586.0,Thanjavur,FULL MATCH
33,Tamil Nadu,252840,Adiramapattinam,Municipality,586.0,Thanjavur,FULL MATCH
33,Tamil Nadu,252841,Peravurani,Town Panchayat,586.0,Thanjavur,FULL MATCH
33,Tamil Nadu,252842,Perumagalur,Town Panchayat,586.0,Thanjavur,FULL MATCH
33,Tamil Nadu,252852,Alangudi,Town Panchayat,586.0,Thanjavur,AMBIGUOUS MATCH
33,Tamil Nadu,252854,Aranthangi,Municipality,586.0,Thanjavur,FULL MATCH
33,Tamil Nadu,252594,Nelliyalam,Municipality,587.0,The Nilgiris,FULL MATCH
33,Tamil Nadu,252595,Devarshola,Town Panchayat,587.0,The Nilgiris,FULL MATCH
33,Tamil Nadu,252596,Gudalur,Municipality,587.0,The Nilgiris,AMBIGUOUS MATCH
33,Tamil Nadu,252597,O Valley,Town Panchayat,587.0,The Nilgiris,FULL MATCH
33,Tamil Nadu,252598,Sholur,Town Panchayat,587.0,The Nilgiris,FULL MATCH
33,Tamil Nadu,252599,Naduvattam,Town Panchayat,587.0,The Nilgiris,FULL MATCH
33,Tamil Nadu,252600,Udhagamandalam,Municipality,587.0,The Nilgiris,FULL MATCH
33,Tamil Nadu,252601,Kotagiri,Municipality,587.0,The Nilgiris,FULL MATCH
33,Tamil Nadu,252602,Jagathala,Town Panchayat,587.0,The Nilgiris,FULL MATCH
33,Tamil Nadu,252603,Kethi,Town Panchayat,587.0,The Nilgiris,FULL MATCH
33,Tamil Nadu,252605,Coonoor,Municipality,587.0,The Nilgiris,FULL MATCH
33,Tamil Nadu,252607,Adikaratti,Town Panchayat,587.0,The Nilgiris,FULL MATCH
33,Tamil Nadu,252608,Huligal,Town Panchayat,587.0,The Nilgiris,FULL MATCH
33,Tamil Nadu,252609,Bikkatty,Town Panchayat,587.0,The Nilgiris,FULL MATCH
33,Tamil Nadu,252610,Kilkunda,Town Panchayat,587.0,The Nilgiris,FULL MATCH
33,Tamil Nadu,252639,Gudalur,Municipality,587.0,The Nilgiris,AMBIGUOUS MATCH
33,Tamil Nadu,252596,Gudalur,Municipality,588.0,Theni,AMBIGUOUS MATCH
33,Tamil Nadu,252626,Veerapandi,Town Panchayat,588.0,Theni,FULL MATCH
33,Tamil Nadu,252639,Gudalur,Municipality,588.0,Theni,AMBIGUOUS MATCH
33,Tamil Nadu,252681,Kottur,Town Panchayat,588.0,Theni,AMBIGUOUS MATCH
33,Tamil Nadu,252720,Pallapatti,Municipality,588.0,Theni,AMBIGUOUS MATCH
33,Tamil Nadu,252884,Usilampatti,Municipality,588.0,Theni,FULL MATCH
33,Tamil Nadu,252887,T.Kallupatti,Town Panchayat,588.0,Theni,AMBIGUOUS MATCH
33,Tamil Nadu,252895,Boothipuram,Town Panchayat,588.0,Theni,FULL MATCH
33,Tamil Nadu,252896,B. Meenakshipuram,Town Panchayat,588.0,Theni,FULL MATCH
33,Tamil Nadu,252897,Bodinayakanur,Municipality,588.0,Theni,FULL MATCH
33,Tamil Nadu,252898,Melachokkanathapuram,Town Panchayat,588.0,Theni,FULL MATCH
33,Tamil Nadu,252899,Devadanapatti,Town Panchayat,588.0,Theni,FULL MATCH
33,Tamil Nadu,252900,Ganguvarpatti,Town Panchayat,588.0,Theni,FULL MATCH
33,Tamil Nadu,252901,Thamaraikulam,Town Panchayat,588.0,Theni,FULL MATCH
33,Tamil Nadu,252902,Periyakulam,Municipality,588.0,Theni,FULL MATCH
33,Tamil Nadu,252903,Thenkarai,Town Panchayat,588.0,Theni,AMBIGUOUS MATCH
33,Tamil Nadu,252905,Theni-Allinagaram,Municipality,588.0,Theni,FULL MATCH
33,Tamil Nadu,252906,Palani Chettipatti,Town Panchayat,588.0,Theni,FULL MATCH
33,Tamil Nadu,252908,Thevaram,Town Panchayat,588.0,Theni,FULL MATCH
33,Tamil Nadu,252909,Kuchanur,Town Panchayat,588.0,Theni,FULL MATCH
33,Tamil Nadu,252910,Markayankottai,Town Panchayat,588.0,Theni,FULL MATCH
33,Tamil Nadu,252911,Pannaipuram,Town Panchayat,588.0,Theni,FULL MATCH
33,Tamil Nadu,252912,Kombai,Town Panchayat,588.0,Theni,FULL MATCH
33,Tamil Nadu,252913,Chinnamanur,Municipality,588.0,Theni,FULL MATCH
33,Tamil Nadu,252914,Odaipatti,Town Panchayat,588.0,Theni,FULL MATCH
33,Tamil Nadu,252915,Uthamapalayam,Town Panchayat,588.0,Theni,FULL MATCH
33,Tamil Nadu,252916,Hanumanthampatti,Town Panchayat,588.0,Theni,FULL MATCH
33,Tamil Nadu,252917,Pudupatti,Town Panchayat,588.0,Theni,FULL MATCH
33,Tamil Nadu,252918,Cumbum,Municipality,588.0,Theni,FULL MATCH
33,Tamil Nadu,252919,Kamayagoundanpatti,Town Panchayat,588.0,Theni,FULL MATCH
33,Tamil Nadu,252920,Gudalur-Cbe,Municipality,588.0,Theni,FULL MATCH
33,Tamil Nadu,252921,Highways,Town Panchayat,588.0,Theni,FULL MATCH
33,Tamil Nadu,252922,Aundipatti,Town Panchayat,588.0,Theni,FULL MATCH
33,Tamil Nadu,260291,No. 4 Veerapandi,Town Panchayat,588.0,Theni,FULL MATCH
33,Tamil Nadu,252262,Gummidipoondi,Town Panchayat,589.0,Thiruvallur,FULL MATCH
33,Tamil Nadu,252263,Arani,Town Panchayat,589.0,Thiruvallur,FULL MATCH
33,Tamil Nadu,252264,Ponneri,Municipality,589.0,Thiruvallur,FULL MATCH
33,Tamil Nadu,252265,Minjur,Town Panchayat,589.0,Thiruvallur,FULL MATCH
33,Tamil Nadu,252268,Uthukkottai,Town Panchayat,589.0,Thiruvallur,FULL MATCH
33,Tamil Nadu,252269,Tiruttani,Municipality,589.0,Thiruvallur,FULL MATCH
33,Tamil Nadu,252270,Pallipattu,Town Panchayat,589.0,Thiruvallur,FULL MATCH
33,Tamil Nadu,252271,Pothatturpettai,Town Panchayat,589.0,Thiruvallur,FULL MATCH
33,Tamil Nadu,252273,Tiruvallur,Municipality,589.0,Thiruvallur,FULL MATCH
33,Tamil Nadu,252275,Thirunindravur,Municipality,589.0,Thiruvallur,FULL MATCH
33,Tamil Nadu,252276,Avadi,Municipal Corporations,589.0,Thiruvallur,FULL MATCH
33,Tamil Nadu,252277,Thiruverkadu,Municipality,589.0,Thiruvallur,FULL MATCH
33,Tamil Nadu,252278,Poonamallee,Municipality,589.0,Thiruvallur,FULL MATCH
33,Tamil Nadu,252279,Thirumazhisai,Town Panchayat,589.0,Thiruvallur,FULL MATCH
33,Tamil Nadu,252283,Naravarikuppam,Town Panchayat,589.0,Thiruvallur,FULL MATCH
33,Tamil Nadu,252294,Greater Chennai Corporation,Municipal Corporations,589.0,Thiruvallur,AMBIGUOUS MATCH
33,Tamil Nadu,252298,Kundrathur,Municipality,589.0,Thiruvallur,FULL MATCH
33,Tamil Nadu,252299,Sriperumbudur,Municipality,589.0,Thiruvallur,FULL MATCH
33,Tamil Nadu,252319,Tambaram,Municipal Corporations,589.0,Thiruvallur,AMBIGUOUS MATCH
33,Tamil Nadu,252556,Kunnathur,Town Panchayat,589.0,Thiruvallur,FULL MATCH
33,Tamil Nadu,252803,Valangaiman,Town Panchayat,590.0,Thiruvarur,FULL MATCH
33,Tamil Nadu,252804,Kodavasal,Town Panchayat,590.0,Thiruvarur,FULL MATCH
33,Tamil Nadu,252805,Koradacheri,Town Panchayat,590.0,Thiruvarur,FULL MATCH
33,Tamil Nadu,252806,Peralam,Town Panchayat,590.0,Thiruvarur,FULL MATCH
33,Tamil Nadu,252807,Nannilam,Town Panchayat,590.0,Thiruvarur,FULL MATCH
33,Tamil Nadu,252808,Tiruvarur,Municipality,590.0,Thiruvarur,FULL MATCH
33,Tamil Nadu,252809,Needamangalam,Town Panchayat,590.0,Thiruvarur,FULL MATCH
33,Tamil Nadu,252810,Koothanallur,Municipality,590.0,Thiruvarur,FULL MATCH
33,Tamil Nadu,252811,Mannargudi,Municipality,590.0,Thiruvarur,FULL MATCH
33,Tamil Nadu,252812,Thiruthuraipoondi,Municipality,590.0,Thiruvarur,FULL MATCH
33,Tamil Nadu,252813,Muthupet,Town Panchayat,590.0,Thiruvarur,FULL MATCH
33,Tamil Nadu,252822,Swamimalai,Town Panchayat,590.0,Thiruvarur,FULL MATCH
33,Tamil Nadu,252826,Papanasam,Town Panchayat,590.0,Thiruvarur,FULL MATCH
33,Tamil Nadu,252828,Melattur,Town Panchayat,590.0,Thiruvarur,FULL MATCH
33,Tamil Nadu,252852,Alangudi,Town Panchayat,590.0,Thiruvarur,AMBIGUOUS MATCH
33,Tamil Nadu,252734,Thottiyam,Town Panchayat,591.0,Tiruchirappalli,FULL MATCH
33,Tamil Nadu,252735,Kattuputhur,Town Panchayat,591.0,Tiruchirappalli,FULL MATCH
33,Tamil Nadu,252736,Mettupalayam,Town Panchayat,591.0,Tiruchirappalli,FULL MATCH
33,Tamil Nadu,252737,Thathaiyangarpet,Town Panchayat,591.0,Tiruchirappalli,FULL MATCH
33,Tamil Nadu,252738,Musiri,Municipality,591.0,Tiruchirappalli,FULL MATCH
33,Tamil Nadu,252739,Uppiliapuram,Town Panchayat,591.0,Tiruchirappalli,FULL MATCH
33,Tamil Nadu,252740,Balakrishnampatti,Town Panchayat,591.0,Tiruchirappalli,FULL MATCH
33,Tamil Nadu,252741,Thuraiyur,Municipality,591.0,Tiruchirappalli,FULL MATCH
33,Tamil Nadu,252742,S. Kannanur,Town Panchayat,591.0,Tiruchirappalli,FULL MATCH
33,Tamil Nadu,252743,Manachanallur,Town Panchayat,591.0,Tiruchirappalli,FULL MATCH
33,Tamil Nadu,252744,Kallakudi,Town Panchayat,591.0,Tiruchirappalli,FULL MATCH
33,Tamil Nadu,252745,Pullampadi,Town Panchayat,591.0,Tiruchirappalli,FULL MATCH
33,Tamil Nadu,252747,Lalgudi,Municipality,591.0,Tiruchirappalli,FULL MATCH
33,Tamil Nadu,252748,Sirugamani,Town Panchayat,591.0,Tiruchirappalli,FULL MATCH
33,Tamil Nadu,252749,Tiruchirappalli,Municipal Corporations,591.0,Tiruchirappalli,AMBIGUOUS MATCH
33,Tamil Nadu,252752,Koothappar,Town Panchayat,591.0,Tiruchirappalli,FULL MATCH
33,Tamil Nadu,252754,Thuvakudi,Municipality,591.0,Tiruchirappalli,FULL MATCH
33,Tamil Nadu,252757,Manapparai,Municipality,591.0,Tiruchirappalli,FULL MATCH
33,Tamil Nadu,252758,Ponnampatti,Town Panchayat,591.0,Tiruchirappalli,FULL MATCH
33,Tamil Nadu,252759,Poolambadi,Town Panchayat,591.0,Tiruchirappalli,FULL MATCH
33,Tamil Nadu,252760,Arumbavur,Town Panchayat,591.0,Tiruchirappalli,FULL MATCH
33,Tamil Nadu,252962,Kovilpatti,Municipality,591.0,Tiruchirappalli,AMBIGUOUS MATCH
33,Tamil Nadu,260293,Poovalur,Town Panchayat,591.0,Tiruchirappalli,FULL MATCH
33,Tamil Nadu,252961,Kalugumalai,Town Panchayat,592.0,Tirunelveli,FULL MATCH
33,Tamil Nadu,253009,Sankarnagar,Town Panchayat,592.0,Tirunelveli,FULL MATCH
33,Tamil Nadu,253010,Naranammalpuram,Town Panchayat,592.0,Tirunelveli,FULL MATCH
33,Tamil Nadu,253011,Tirunelveli,Municipal Corporations,592.0,Tirunelveli,FULL MATCH
33,Tamil Nadu,253013,Mukkudal,Town Panchayat,592.0,Tirunelveli,FULL MATCH
33,Tamil Nadu,253014,Ambasamudram,Municipality,592.0,Tirunelveli,FULL MATCH
33,Tamil Nadu,253015,Vikramasingapuram,Municipality,592.0,Tirunelveli,FULL MATCH
33,Tamil Nadu,253017,Kallidaikurichi,Town Panchayat,592.0,Tirunelveli,FULL MATCH
33,Tamil Nadu,253018,Veeravanallur,Town Panchayat,592.0,Tirunelveli,FULL MATCH
33,Tamil Nadu,253019,Cheranmahadevi,Town Panchayat,592.0,Tirunelveli,FULL MATCH
33,Tamil Nadu,253021,Melaseval,Town Panchayat,592.0,Tirunelveli,FULL MATCH
33,Tamil Nadu,253022,Gopalasamudram,Town Panchayat,592.0,Tirunelveli,FULL MATCH
33,Tamil Nadu,253023,Manimutharu,Town Panchayat,592.0,Tirunelveli,FULL MATCH
33,Tamil Nadu,253024,Moolaikaraipatti,Town Panchayat,592.0,Tirunelveli,FULL MATCH
33,Tamil Nadu,253026,Nanguneri,Town Panchayat,592.0,Tirunelveli,FULL MATCH
33,Tamil Nadu,253027,Thirukarungudi,Town Panchayat,592.0,Tirunelveli,FULL MATCH
33,Tamil Nadu,253029,Vadakkuvalliyur,Town Panchayat,592.0,Tirunelveli,FULL MATCH
33,Tamil Nadu,253030,Thisayanvilai,Town Panchayat,592.0,Tirunelveli,FULL MATCH
33,Tamil Nadu,253031,Panagudi,Town Panchayat,592.0,Tirunelveli,FULL MATCH
33,Tamil Nadu,253052,Kumarapuram,Town Panchayat,592.0,Tirunelveli,FULL MATCH
33,Tamil Nadu,253073,Azhagiapandipuram,Town Panchayat,592.0,Tirunelveli,AMBIGUOUS MATCH
33,Tamil Nadu,300593,Kalakadu,Municipality,592.0,Tirunelveli,FULL MATCH
33,Tamil Nadu,252375,Timiri,Town Panchayat,593.0,Tiruvannamalai,FULL MATCH
33,Tamil Nadu,252376,Kalavai,Town Panchayat,593.0,Tiruvannamalai,FULL MATCH
33,Tamil Nadu,252420,Kannamangalam,Town Panchayat,593.0,Tiruvannamalai,FULL MATCH
33,Tamil Nadu,252422,Arani,Municipality,593.0,Tiruvannamalai,FULL MATCH
33,Tamil Nadu,252424,Thiruvathipuram,Municipality,593.0,Tiruvannamalai,FULL MATCH
33,Tamil Nadu,252425,Peranamallur,Town Panchayat,593.0,Tiruvannamalai,FULL MATCH
33,Tamil Nadu,252426,Vandavasi,Municipality,593.0,Tiruvannamalai,FULL MATCH
33,Tamil Nadu,252427,Desur,Town Panchayat,593.0,Tiruvannamalai,FULL MATCH
33,Tamil Nadu,252428,Kalambur,Town Panchayat,593.0,Tiruvannamalai,FULL MATCH
33,Tamil Nadu,252429,Polur,Municipality,593.0,Tiruvannamalai,FULL MATCH
33,Tamil Nadu,252430,Chetpet,Town Panchayat,593.0,Tiruvannamalai,FULL MATCH
33,Tamil Nadu,252431,Pudupalayam,Town Panchayat,593.0,Tiruvannamalai,FULL MATCH
33,Tamil Nadu,252432,Chengam,Municipality,593.0,Tiruvannamalai,FULL MATCH
33,Tamil Nadu,252433,Kilpennathur,Town Panchayat,593.0,Tiruvannamalai,FULL MATCH
33,Tamil Nadu,252434,Thiruvannamalai,Municipality,593.0,Tiruvannamalai,FULL MATCH
33,Tamil Nadu,252435,Vettavalam,Town Panchayat,593.0,Tiruvannamalai,FULL MATCH
33,Tamil Nadu,252961,Kalugumalai,Town Panchayat,594.0,Thoothukkudi,FULL MATCH
33,Tamil Nadu,252964,Kadambur,Town Panchayat,594.0,Thoothukkudi,FULL MATCH
33,Tamil Nadu,252965,Kayatharu,Town Panchayat,594.0,Thoothukkudi,FULL MATCH
33,Tamil Nadu,252966,Ettayapuram,Town Panchayat,594.0,Thoothukkudi,FULL MATCH
33,Tamil Nadu,252967,V. Pudur,Town Panchayat,594.0,Thoothukkudi,FULL MATCH
33,Tamil Nadu,252968,Vilathikulam,Town Panchayat,594.0,Thoothukkudi,FULL MATCH
33,Tamil Nadu,252970,Thoothukudi,Municipal Corporations,594.0,Thoothukkudi,FULL MATCH
33,Tamil Nadu,252973,Sayapuram,Town Panchayat,594.0,Thoothukkudi,FULL MATCH
33,Tamil Nadu,252974,Perungulam,Town Panchayat,594.0,Thoothukkudi,AMBIGUOUS MATCH
33,Tamil Nadu,252975,Eral,Town Panchayat,594.0,Thoothukkudi,FULL MATCH
33,Tamil Nadu,252976,Srivaikuntam,Town Panchayat,594.0,Thoothukkudi,FULL MATCH
33,Tamil Nadu,252977,Alwarthirunagiri,Town Panchayat,594.0,Thoothukkudi,FULL MATCH
33,Tamil Nadu,252978,Thenthiruperai,Town Panchayat,594.0,Thoothukkudi,FULL MATCH
33,Tamil Nadu,252980,Kayalpattinam,Municipality,594.0,Thoothukkudi,FULL MATCH
33,Tamil Nadu,252981,Arumuganeri,Town Panchayat,594.0,Thoothukkudi,FULL MATCH
33,Tamil Nadu,252982,Kanam,Town Panchayat,594.0,Thoothukkudi,FULL MATCH
33,Tamil Nadu,252983,Nazerath,Town Panchayat,594.0,Thoothukkudi,FULL MATCH
33,Tamil Nadu,252984,Tiruchendur,Municipality,594.0,Thoothukkudi,FULL MATCH
33,Tamil Nadu,252985,Udangudi,Town Panchayat,594.0,Thoothukkudi,FULL MATCH
33,Tamil Nadu,252986,Sathankulam,Town Panchayat,594.0,Thoothukkudi,FULL MATCH
33,Tamil Nadu,253055,Athur,Town Panchayat,594.0,Thoothukkudi,FULL MATCH
33,Tamil Nadu,252350,Pernambut,Municipality,595.0,Vellore,FULL MATCH
33,Tamil Nadu,252351,Gudiyatham,Municipality,595.0,Vellore,FULL MATCH
33,Tamil Nadu,252359,Thiruvalam,Town Panchayat,595.0,Vellore,FULL MATCH
33,Tamil Nadu,252377,Pallikonda,Town Panchayat,595.0,Vellore,FULL MATCH
33,Tamil Nadu,252381,Vellore,Municipal Corporations,595.0,Vellore,FULL MATCH
33,Tamil Nadu,252388,Pennathur,Town Panchayat,595.0,Vellore,FULL MATCH
33,Tamil Nadu,252389,Odugathur,Town Panchayat,595.0,Vellore,FULL MATCH
33,Tamil Nadu,252391,Ambur,Municipality,595.0,Vellore,FULL MATCH
33,Tamil Nadu,252394,Vaniyambadi,Municipality,595.0,Vellore,FULL MATCH
33,Tamil Nadu,252420,Kannamangalam,Town Panchayat,595.0,Vellore,FULL MATCH
33,Tamil Nadu,252436,Gingee,Town Panchayat,596.0,Viluppuram,FULL MATCH
33,Tamil Nadu,252437,Ananthapuram,Town Panchayat,596.0,Viluppuram,FULL MATCH
33,Tamil Nadu,252438,Tindivanam,Municipality,596.0,Viluppuram,FULL MATCH
33,Tamil Nadu,252439,Marakkanam,Town Panchayat,596.0,Viluppuram,FULL MATCH
33,Tamil Nadu,252440,Kottakuppam,Municipality,596.0,Viluppuram,FULL MATCH
33,Tamil Nadu,252441,Vikravandi,Town Panchayat,596.0,Viluppuram,FULL MATCH
33,Tamil Nadu,252442,Villupuram,Municipality,596.0,Viluppuram,FULL MATCH
33,Tamil Nadu,252443,Valavanur,Town Panchayat,596.0,Viluppuram,FULL MATCH
33,Tamil Nadu,252445,Arakandanallur,Town Panchayat,596.0,Viluppuram,FULL MATCH
33,Tamil Nadu,252447,Thiruvennainallur,Town Panchayat,596.0,Viluppuram,FULL MATCH
33,Tamil Nadu,252450,Thiagadurgam,Town Panchayat,596.0,Viluppuram,FULL MATCH
33,Tamil Nadu,252453,Ulundurpettai,Municipality,596.0,Viluppuram,FULL MATCH
33,Tamil Nadu,252768,Melpattampakkam,Town Panchayat,596.0,Viluppuram,FULL MATCH
33,Tamil Nadu,252923,Rajapalayam,Municipality,597.0,Virudhunagar,FULL MATCH
33,Tamil Nadu,252924,Seithur,Town Panchayat,597.0,Virudhunagar,FULL MATCH
33,Tamil Nadu,252926,Chettiarpatti,Town Panchayat,597.0,Virudhunagar,FULL MATCH
33,Tamil Nadu,252928,S.Kodikulam,Town Panchayat,597.0,Virudhunagar,FULL MATCH
33,Tamil Nadu,252930,Sundarapandiam,Town Panchayat,597.0,Virudhunagar,FULL MATCH
33,Tamil Nadu,252931,Mamsapuram,Town Panchayat,597.0,Virudhunagar,FULL MATCH
33,Tamil Nadu,252932,Srivilliputhur,Municipality,597.0,Virudhunagar,FULL MATCH
33,Tamil Nadu,252938,Sivakasi,Municipal Corporations,597.0,Virudhunagar,FULL MATCH
33,Tamil Nadu,252943,Virudhunagar,Municipality,597.0,Virudhunagar,FULL MATCH
33,Tamil Nadu,252945,Kariapatti,Town Panchayat,597.0,Virudhunagar,FULL MATCH
33,Tamil Nadu,252946,Mallankinaru,Town Panchayat,597.0,Virudhunagar,FULL MATCH
33,Tamil Nadu,252947,Aruppukkottai,Municipality,597.0,Virudhunagar,FULL MATCH
33,Tamil Nadu,252948,Sattur,Municipality,597.0,Virudhunagar,FULL MATCH
33,Tamil Nadu,260677,Watrap,Town Panchayat,597.0,Virudhunagar,FULL MATCH
33,Tamil Nadu,260678,W.Pudhupatti,Town Panchayat,597.0,Virudhunagar,FULL MATCH
33,Tamil Nadu,252744,Kallakudi,Town Panchayat,610.0,Ariyalur,FULL MATCH
33,Tamil Nadu,252764,Varadarajanpettai,Town Panchayat,610.0,Ariyalur,FULL MATCH
33,Tamil Nadu,252765,Jayankondam,Municipality,610.0,Ariyalur,FULL MATCH
33,Tamil Nadu,252766,Udayarpalayam,Town Panchayat,610.0,Ariyalur,FULL MATCH
33,Tamil Nadu,252767,Ariyalur,Municipality,610.0,Ariyalur,FULL MATCH
33,Tamil Nadu,252783,Srimushnam,Town Panchayat,610.0,Ariyalur,FULL MATCH
33,Tamil Nadu,252505,Alampalayam,Town Panchayat,634.0,Tiruppur,FULL MATCH
33,Tamil Nadu,252531,Punjaipuliampatti,Municipality,634.0,Tiruppur,FULL MATCH
33,Tamil Nadu,252538,Jambai,Town Panchayat,634.0,Tiruppur,FULL MATCH
33,Tamil Nadu,252540,Salangapalayam,Town Panchayat,634.0,Tiruppur,FULL MATCH
33,Tamil Nadu,252541,Periyakodiveri,Town Panchayat,634.0,Tiruppur,FULL MATCH
33,Tamil Nadu,252550,Nambiyur,Town Panchayat,634.0,Tiruppur,FULL MATCH
33,Tamil Nadu,252560,Uthukuli,Town Panchayat,634.0,Tiruppur,FULL MATCH
33,Tamil Nadu,252562,Chennimalai,Town Panchayat,634.0,Tiruppur,FULL MATCH
33,Tamil Nadu,252573,Modakkurichi,Town Panchayat,634.0,Tiruppur,FULL MATCH
33,Tamil Nadu,252585,Muthur,Town Panchayat,634.0,Tiruppur,FULL MATCH
33,Tamil Nadu,252587,Vellakoil,Municipality,634.0,Tiruppur,FULL MATCH
33,Tamil Nadu,252588,Rudravathi,Town Panchayat,634.0,Tiruppur,FULL MATCH
33,Tamil Nadu,252589,Kannivadi,Town Panchayat,634.0,Tiruppur,AMBIGUOUS MATCH
33,Tamil Nadu,252590,Mulanur,Town Panchayat,634.0,Tiruppur,FULL MATCH
33,Tamil Nadu,252591,Kolathupalayam,Town Panchayat,634.0,Tiruppur,FULL MATCH
33,Tamil Nadu,252592,Dharapuram,Municipality,634.0,Tiruppur,FULL MATCH
33,Tamil Nadu,252593,Chinnakkampalayam,Town Panchayat,634.0,Tiruppur,FULL MATCH
33,Tamil Nadu,252615,Avinashi,Municipality,634.0,Tiruppur,FULL MATCH
33,Tamil Nadu,252616,Thirumuruganpoondi,Municipality,634.0,Tiruppur,FULL MATCH
33,Tamil Nadu,252630,Samalapuram,Town Panchayat,634.0,Tiruppur,FULL MATCH
33,Tamil Nadu,252633,Pallapalayam,Town Panchayat,634.0,Tiruppur,AMBIGUOUS MATCH
33,Tamil Nadu,252636,Palladam,Municipality,634.0,Tiruppur,FULL MATCH
33,Tamil Nadu,252682,Kaniyur,Town Panchayat,634.0,Tiruppur,FULL MATCH
33,Tamil Nadu,252683,Udumalpet,Municipality,634.0,Tiruppur,FULL MATCH
33,Tamil Nadu,252685,Madathukulam,Town Panchayat,634.0,Tiruppur,FULL MATCH
33,Tamil Nadu,252686,Sankaramanallur,Town Panchayat,634.0,Tiruppur,FULL MATCH
33,Tamil Nadu,252687,Komaralingam,Town Panchayat,634.0,Tiruppur,FULL MATCH
33,Tamil Nadu,252688,Dhali,Town Panchayat,634.0,Tiruppur,FULL MATCH
33,Tamil Nadu,252719,Aravakurichi,Town Panchayat,634.0,Tiruppur,FULL MATCH
33,Tamil Nadu,252845,Keeranur,Town Panchayat,634.0,Tiruppur,AMBIGUOUS MATCH
33,Tamil Nadu,290455,Kangeyam,Municipality,634.0,Tiruppur,FULL MATCH
33,Tamil Nadu,252444,Manalurpet,Town Panchayat,729.0,Kallakurichi,FULL MATCH
33,Tamil Nadu,252446,Tirukkoyilur,Municipality,729.0,Kallakurichi,FULL MATCH
33,Tamil Nadu,252448,Sankarapuram,Town Panchayat,729.0,Kallakurichi,FULL MATCH
33,Tamil Nadu,252449,Vadakkanandal,Town Panchayat,729.0,Kallakurichi,FULL MATCH
33,Tamil Nadu,252450,Thiagadurgam,Town Panchayat,729.0,Kallakurichi,FULL MATCH
33,Tamil Nadu,252451,Kallakurichi,Municipality,729.0,Kallakurichi,FULL MATCH
33,Tamil Nadu,252452,Chinnasalem,Town Panchayat,729.0,Kallakurichi,FULL MATCH
33,Tamil Nadu,252453,Ulundurpettai,Municipality,729.0,Kallakurichi,FULL MATCH
33,Tamil Nadu,252786,Mangalampet,Town Panchayat,729.0,Kallakurichi,FULL MATCH
33,Tamil Nadu,252294,Greater Chennai Corporation,Municipal Corporations,730.0,Chengalpattu,AMBIGUOUS MATCH
33,Tamil Nadu,252319,Tambaram,Municipal Corporations,730.0,Chengalpattu,AMBIGUOUS MATCH
33,Tamil Nadu,252329,Nandivaram - Guduvancheri,Municipality,730.0,Chengalpattu,FULL MATCH
33,Tamil Nadu,252330,Maraimalainagar,Municipality,730.0,Chengalpattu,FULL MATCH
33,Tamil Nadu,252332,Thiruporur,Town Panchayat,730.0,Chengalpattu,FULL MATCH
33,Tamil Nadu,252333,Chengalpattu,Municipality,730.0,Chengalpattu,FULL MATCH
33,Tamil Nadu,252342,Uthiramerur,Town Panchayat,730.0,Chengalpattu,FULL MATCH
33,Tamil Nadu,252343,Tirukalukundram,Town Panchayat,730.0,Chengalpattu,FULL MATCH
33,Tamil Nadu,252344,Mamallapuram,Municipality,730.0,Chengalpattu,FULL MATCH
33,Tamil Nadu,252346,Karunguzhi,Town Panchayat,730.0,Chengalpattu,FULL MATCH
33,Tamil Nadu,252347,Madurantakam,Municipality,730.0,Chengalpattu,FULL MATCH
33,Tamil Nadu,252348,Acharapakkam,Town Panchayat,730.0,Chengalpattu,FULL MATCH
33,Tamil Nadu,252349,Edaikazhinadu,Town Panchayat,730.0,Chengalpattu,FULL MATCH
33,Tamil Nadu,252439,Marakkanam,Town Panchayat,730.0,Chengalpattu,FULL MATCH
33,Tamil Nadu,252359,Thiruvalam,Town Panchayat,731.0,Ranipet,FULL MATCH
33,Tamil Nadu,252360,Sholingur,Municipality,731.0,Ranipet,FULL MATCH
33,Tamil Nadu,252361,Ammoor,Town Panchayat,731.0,Ranipet,FULL MATCH
33,Tamil Nadu,252364,Ranipet,Municipality,731.0,Ranipet,FULL MATCH
33,Tamil Nadu,252365,Walajapet,Municipality,731.0,Ranipet,FULL MATCH
33,Tamil Nadu,252366,Melvisharam,Municipality,731.0,Ranipet,FULL MATCH
33,Tamil Nadu,252367,Arakkonam,Municipality,731.0,Ranipet,AMBIGUOUS MATCH
33,Tamil Nadu,252369,Nemili,Town Panchayat,731.0,Ranipet,FULL MATCH
33,Tamil Nadu,252370,Thakkolam,Town Panchayat,731.0,Ranipet,FULL MATCH
33,Tamil Nadu,252371,Kaveripakkam,Town Panchayat,731.0,Ranipet,FULL MATCH
33,Tamil Nadu,252372,Panapakkam,Town Panchayat,731.0,Ranipet,AMBIGUOUS MATCH
33,Tamil Nadu,252373,Arcot,Municipality,731.0,Ranipet,FULL MATCH
33,Tamil Nadu,252374,Vilapakkam,Town Panchayat,731.0,Ranipet,FULL MATCH
33,Tamil Nadu,252375,Timiri,Town Panchayat,731.0,Ranipet,FULL MATCH
33,Tamil Nadu,252376,Kalavai,Town Panchayat,731.0,Ranipet,FULL MATCH
33,Tamil Nadu,252424,Thiruvathipuram,Municipality,731.0,Ranipet,FULL MATCH
33,Tamil Nadu,252391,Ambur,Municipality,732.0,Tirupathur,FULL MATCH
33,Tamil Nadu,252392,Uthayendram,Town Panchayat,732.0,Tirupathur,FULL MATCH
33,Tamil Nadu,252394,Vaniyambadi,Municipality,732.0,Tirupathur,FULL MATCH
33,Tamil Nadu,252395,Alangayam,Town Panchayat,732.0,Tirupathur,FULL MATCH
33,Tamil Nadu,252396,Natrampalli,Town Panchayat,732.0,Tirupathur,FULL MATCH
33,Tamil Nadu,252397,Jolarpet,Municipality,732.0,Tirupathur,FULL MATCH
33,Tamil Nadu,252398,Thirupathur,Municipality,732.0,Tirupathur,FULL MATCH
33,Tamil Nadu,252517,Senthamangalam,Town Panchayat,733.0,Tenkasi,FULL MATCH
33,Tamil Nadu,252548,Elathur,Town Panchayat,733.0,Tenkasi,FULL MATCH
33,Tamil Nadu,252579,Sivagiri,Town Panchayat,733.0,Tenkasi,FULL MATCH
33,Tamil Nadu,252926,Chettiarpatti,Town Panchayat,733.0,Tenkasi,FULL MATCH
33,Tamil Nadu,252961,Kalugumalai,Town Panchayat,733.0,Tenkasi,FULL MATCH
33,Tamil Nadu,252987,Sivagiri,Town Panchayat,733.0,Tenkasi,AMBIGUOUS MATCH
33,Tamil Nadu,252988,Rayagiri,Town Panchayat,733.0,Tenkasi,FULL MATCH
33,Tamil Nadu,252989,Vasudevanallur,Town Panchayat,733.0,Tenkasi,FULL MATCH
33,Tamil Nadu,252990,Puliangudi,Municipality,733.0,Tenkasi,FULL MATCH
33,Tamil Nadu,252991,Thiruvengadam,Town Panchayat,733.0,Tenkasi,FULL MATCH
33,Tamil Nadu,252992,Sankarankovil,Municipality,733.0,Tenkasi,FULL MATCH
33,Tamil Nadu,252993,Surandai,Municipality,733.0,Tenkasi,FULL MATCH
33,Tamil Nadu,252994,Kadayanallur,Municipality,733.0,Tenkasi,FULL MATCH
33,Tamil Nadu,252995,Sambavar Vadagarai,Town Panchayat,733.0,Tenkasi,FULL MATCH
33,Tamil Nadu,252996,Aygudi,Town Panchayat,733.0,Tenkasi,FULL MATCH
33,Tamil Nadu,252997,Tenkasi,Municipality,733.0,Tenkasi,FULL MATCH
33,Tamil Nadu,252998,Sundarapandiapuram,Town Panchayat,733.0,Tenkasi,FULL MATCH
33,Tamil Nadu,252999,Ilanji,Town Panchayat,733.0,Tenkasi,FULL MATCH
33,Tamil Nadu,253000,Melagaram,Town Panchayat,733.0,Tenkasi,FULL MATCH
33,Tamil Nadu,253001,Courtalam,Town Panchayat,733.0,Tenkasi,FULL MATCH
33,Tamil Nadu,253002,Achampudur,Town Panchayat,733.0,Tenkasi,FULL MATCH
33,Tamil Nadu,253003,Vadakarai Keezhpadugai,Town Panchayat,733.0,Tenkasi,FULL MATCH
33,Tamil Nadu,253004,Panpoli,Town Panchayat,733.0,Tenkasi,FULL MATCH
33,Tamil Nadu,253005,Pudur (S),Town Panchayat,733.0,Tenkasi,FULL MATCH
33,Tamil Nadu,253006,Sengottai,Municipality,733.0,Tenkasi,FULL MATCH
33,Tamil Nadu,253007,Kilapavoor,Town Panchayat,733.0,Tenkasi,FULL MATCH
33,Tamil Nadu,253008,Alangulam,Town Panchayat,733.0,Tenkasi,FULL MATCH
33,Tamil Nadu,253012,Alwarkurichi,Town Panchayat,733.0,Tenkasi,FULL MATCH
33,Tamil Nadu,260663,Nalloor,Town Panchayat,733.0,Tenkasi,FULL MATCH
33,Tamil Nadu,252791,Sirkali,Municipality,735.0,Mayiladuthurai,FULL MATCH
33,Tamil Nadu,252792,Vaitheeswarankoil,Town Panchayat,735.0,Mayiladuthurai,FULL MATCH
33,Tamil Nadu,252793,Manalmedu,Town Panchayat,735.0,Mayiladuthurai,FULL MATCH
33,Tamil Nadu,252794,Mayiladuthurai,Municipality,735.0,Mayiladuthurai,FULL MATCH
33,Tamil Nadu,252795,Kuthalam,Town Panchayat,735.0,Mayiladuthurai,FULL MATCH
33,Tamil Nadu,252796,Tharangambadi,Town Panchayat,735.0,Mayiladuthurai,FULL MATCH
33,Tamil Nadu,252457,Mettur,Municipality,,,NO MATCH
33,Tamil Nadu,252458,P.N.Patti,Town Panchayat,,,NO MATCH
33,Tamil Nadu,252472,Thevur,Town Panchayat,,,NO MATCH
33,Tamil Nadu,252474,Salem,Municipal Corporations,,,NO MATCH
33,Tamil Nadu,252576,Vadugapatti,Town Panchayat,,,NO MATCH
33,Tamil Nadu,252621,Tiruppur,Municipal Corporations,,,NO MATCH
33,Tamil Nadu,252679,Odaiyakulam,Town Panchayat,,,NO MATCH
33,Tamil Nadu,252689,Valparai,Municipality,,,NO MATCH
33,Tamil Nadu,252863,Karaikudi,Municipality,,,NO MATCH
33,Tamil Nadu,252904,Vadugapatti,Town Panchayat,,,NO MATCH
33,Tamil Nadu,252952,Paramakudi,Municipality,,,NO MATCH
33,Tamil Nadu,252957,Ramanathapuram,Municipality,,,NO MATCH
33,Tamil Nadu,253020,Pathamadai,Town Panchayat,,,NO MATCH
33,Tamil Nadu,253053,Kothanallur,Town Panchayat,,,NO MATCH
33,Tamil Nadu,253054,Verkilambi,Town Panchayat,,,NO MATCH
33,Tamil Nadu,253060,Vilavur,Town Panchayat,,,NO MATCH
34,Puducherry,253094,Pondicherry,Municipality,570.0,Cuddalore,AMBIGUOUS MATCH
34,Puducherry,253094,Pondicherry,Municipality,596.0,Viluppuram,AMBIGUOUS MATCH
34,Puducherry,253096,Karaikal,Municipality,598.0,Karaikal,FULL MATCH
34,Puducherry,253094,Pondicherry,Municipality,600.0,Pondicherry,AMBIGUOUS MATCH
34,Puducherry,253095,Mahe,Municipality,600.0,Pondicherry,FULL MATCH
34,Puducherry,253092,Yanam,Municipality,746.0,Kakinada,FULL MATCH
34,Puducherry,253092,Yanam,Municipality,747.0,Dr. B.R. Ambedkar Konaseema,FULL MATCH
34,Puducherry,253093,Ozhukarai,Municipality,,,NO MATCH
35,Andaman And Nicobar Islands,253098,Port Blair,Municipality,602.0,South Andamans,AMBIGUOUS MATCH
36,Telangana,248083,Adilabad,Municipality,501.0,Adilabad,FULL MATCH
36,Telangana,251664,Hyderabad,Municipal Corporations,507.0,Hyderabad,AMBIGUOUS MATCH
36,Telangana,290151,Bollaram,Municipality,507.0,Hyderabad,AMBIGUOUS MATCH
36,Telangana,305331,Malkajgiri Municipal Corporation,Municipal Corporations,507.0,Hyderabad,FULL MATCH
36,Telangana,251653,Karimnagar,Municipal Corporations,508.0,Karimnagar,FULL MATCH
36,Telangana,253265,Huzurabad,Municipality,508.0,Karimnagar,FULL MATCH
36,Telangana,253266,Jammikunta,Municipality,508.0,Karimnagar,FULL MATCH
36,Telangana,253267,Husnabad,Municipality,508.0,Karimnagar,FULL MATCH
36,Telangana,290063,Choppandandi,Municipality,508.0,Karimnagar,FULL MATCH
36,Telangana,290064,Kothapally,Municipality,508.0,Karimnagar,FULL MATCH
36,Telangana,248106,Yellandu,Municipality,509.0,Khammam,FULL MATCH
36,Telangana,248108,Sathupally,Municipality,509.0,Khammam,FULL MATCH
36,Telangana,257876,Madhira,Municipality,509.0,Khammam,FULL MATCH
36,Telangana,290068,Wyra,Municipality,509.0,Khammam,FULL MATCH
36,Telangana,302293,Edulapuram,Municipality,509.0,Khammam,FULL MATCH
36,Telangana,302727,Kalluru,Municipality,509.0,Khammam,FULL MATCH
36,Telangana,263216,Jadcherla,Municipality,512.0,Mahabubnagar,FULL MATCH
36,Telangana,290073,Bhootpur,Municipality,512.0,Mahabubnagar,FULL MATCH
36,Telangana,290074,Kosgi,Municipality,512.0,Mahabubnagar,FULL MATCH
36,Telangana,290138,Kothakota,Municipality,512.0,Mahabubnagar,FULL MATCH
36,Telangana,290140,Atmakur,Municipality,512.0,Mahabubnagar,FULL MATCH
36,Telangana,290142,Amarchinta,Municipality,512.0,Mahabubnagar,FULL MATCH
36,Telangana,302291,Devarakadara,Municipality,512.0,Mahabubnagar,FULL MATCH
36,Telangana,248095,Medak,Municipality,513.0,Medak,FULL MATCH
36,Telangana,260558,Andole Jogipet,Municipality,513.0,Medak,FULL MATCH
36,Telangana,290078,Ramayampet,Municipality,513.0,Medak,FULL MATCH
36,Telangana,290079,Toopran,Municipality,513.0,Medak,FULL MATCH
36,Telangana,290080,Narsapur,Municipality,513.0,Medak,FULL MATCH
36,Telangana,302736,Jinnaram,Municipality,513.0,Medak,FULL MATCH
36,Telangana,251685,Nalgonda,Municipality,514.0,Nalgonda,FULL MATCH
36,Telangana,251686,Devarakonda,Municipality,514.0,Nalgonda,FULL MATCH
36,Telangana,251689,Miryalaguda,Municipality,514.0,Nalgonda,FULL MATCH
36,Telangana,290089,Chityal,Municipality,514.0,Nalgonda,FULL MATCH
36,Telangana,290090,Haliya,Municipality,514.0,Nalgonda,FULL MATCH
36,Telangana,290091,Chandur,Municipality,514.0,Nalgonda,FULL MATCH
36,Telangana,290133,Nereducharla,Municipality,514.0,Nalgonda,FULL MATCH
36,Telangana,294879,Nandikonda,Municipality,514.0,Nalgonda,FULL MATCH
36,Telangana,297095,Nakrekal,Municipality,514.0,Nalgonda,FULL MATCH
36,Telangana,248090,Armoor,Municipality,516.0,Nizamabad,FULL MATCH
36,Telangana,248091,Nizamabad,Municipal Corporations,516.0,Nizamabad,FULL MATCH
36,Telangana,248092,Bodhan,Municipality,516.0,Nizamabad,FULL MATCH
36,Telangana,290093,Bheemgal,Municipality,516.0,Nizamabad,FULL MATCH
36,Telangana,290201,Banswada,Municipality,516.0,Nizamabad,FULL MATCH
36,Telangana,251664,Hyderabad,Municipal Corporations,518.0,Ranga Reddy,AMBIGUOUS MATCH
36,Telangana,254925,Shadnagar,Municipality,518.0,Ranga Reddy,FULL MATCH
36,Telangana,257864,Pedda Amberpet,Municipality,518.0,Ranga Reddy,FULL MATCH
36,Telangana,257865,Badangpet,Municipal Corporations,518.0,Ranga Reddy,FULL MATCH
36,Telangana,258044,Ibrahimpatnam,Municipality,518.0,Ranga Reddy,FULL MATCH
36,Telangana,276409,Jalapally,Municipality,518.0,Ranga Reddy,FULL MATCH
36,Telangana,276410,Meerpet,Municipal Corporations,518.0,Ranga Reddy,FULL MATCH
36,Telangana,290096,Manikonda,Municipality,518.0,Ranga Reddy,FULL MATCH
36,Telangana,290097,Narsingi,Municipality,518.0,Ranga Reddy,FULL MATCH
36,Telangana,290098,Bandlaguda Jagir,Municipal Corporations,518.0,Ranga Reddy,FULL MATCH
36,Telangana,290099,Adibatla,Municipality,518.0,Ranga Reddy,FULL MATCH
36,Telangana,290100,Shankarpally,Municipality,518.0,Ranga Reddy,FULL MATCH
36,Telangana,290102,Thukkuguda,Municipality,518.0,Ranga Reddy,FULL MATCH
36,Telangana,290104,Amangal,Municipality,518.0,Ranga Reddy,FULL MATCH
36,Telangana,290135,Parigi,Municipality,518.0,Ranga Reddy,FULL MATCH
36,Telangana,290149,Shamshabad,Municipality,518.0,Ranga Reddy,AMBIGUOUS MATCH
36,Telangana,290150,Turkayamjal,Municipality,518.0,Ranga Reddy,FULL MATCH
36,Telangana,297017,Kothur,Municipality,518.0,Ranga Reddy,FULL MATCH
36,Telangana,302290,Chevella,Municipality,518.0,Ranga Reddy,FULL MATCH
36,Telangana,302299,Moinabad,Municipality,518.0,Ranga Reddy,FULL MATCH
36,Telangana,251691,Warangal,Municipal Corporations,522.0,Warangal,AMBIGUOUS MATCH
36,Telangana,253275,Narsampet,Municipality,522.0,Warangal,FULL MATCH
36,Telangana,290071,Thorrur,Municipality,522.0,Warangal,FULL MATCH
36,Telangana,290137,Wardhannapet,Municipality,522.0,Warangal,FULL MATCH
36,Telangana,302303,Kesamudram,Municipality,522.0,Warangal,FULL MATCH
36,Telangana,248085,Bhainsa,Municipality,680.0,Nirmal,FULL MATCH
36,Telangana,248089,Nirmal,Municipality,680.0,Nirmal,FULL MATCH
36,Telangana,290092,Khanapur,Municipality,680.0,Nirmal,FULL MATCH
36,Telangana,251651,Jagtial,Municipality,681.0,Jagitial,FULL MATCH
36,Telangana,251652,Korutla,Municipality,681.0,Jagitial,FULL MATCH
36,Telangana,253104,Metpalli,Municipality,681.0,Jagitial,FULL MATCH
36,Telangana,289549,Raikal,Municipality,681.0,Jagitial,FULL MATCH
36,Telangana,290061,Dharmapuri,Municipality,681.0,Jagitial,FULL MATCH
36,Telangana,290063,Choppandandi,Municipality,681.0,Jagitial,FULL MATCH
36,Telangana,251648,Ramagundam,Municipal Corporations,682.0,Peddapalli,FULL MATCH
36,Telangana,253268,Peddapalli,Municipality,682.0,Peddapalli,FULL MATCH
36,Telangana,290063,Choppandandi,Municipality,682.0,Peddapalli,FULL MATCH
36,Telangana,290094,Manthani,Municipality,682.0,Peddapalli,FULL MATCH
36,Telangana,290095,Sulthanabad,Municipality,682.0,Peddapalli,FULL MATCH
36,Telangana,251654,Sircilla,Municipality,683.0,Rajanna Sircilla,FULL MATCH
36,Telangana,253269,Vemulawada,Municipality,683.0,Rajanna Sircilla,FULL MATCH
36,Telangana,248084,Bellampalli,Municipality,684.0,Mancherial,FULL MATCH
36,Telangana,248088,Mandamarri,Municipality,684.0,Mancherial,FULL MATCH
36,Telangana,290075,Chennur,Municipality,684.0,Mancherial,FULL MATCH
36,Telangana,290076,Kyathanpally,Municipality,684.0,Mancherial,FULL MATCH
36,Telangana,290077,Luxettipet,Municipality,684.0,Mancherial,FULL MATCH
36,Telangana,290147,Naspur,Municipality,684.0,Mancherial,FULL MATCH
36,Telangana,248093,Kamareddy,Municipality,685.0,Kamareddy,FULL MATCH
36,Telangana,290067,Yellareddy,Municipality,685.0,Kamareddy,FULL MATCH
36,Telangana,290131,Narayankhed,Municipality,685.0,Kamareddy,FULL MATCH
36,Telangana,290201,Banswada,Municipality,685.0,Kamareddy,FULL MATCH
36,Telangana,302728,Bichkunda,Municipality,685.0,Kamareddy,FULL MATCH
36,Telangana,251691,Warangal,Municipal Corporations,686.0,Hanumakonda,AMBIGUOUS MATCH
36,Telangana,253266,Jammikunta,Municipality,686.0,Hanumakonda,FULL MATCH
36,Telangana,257970,Parkal,Municipality,686.0,Hanumakonda,FULL MATCH
36,Telangana,290137,Wardhannapet,Municipality,686.0,Hanumakonda,FULL MATCH
36,Telangana,302292,Station Ghanpur,Municipality,686.0,Hanumakonda,FULL MATCH
36,Telangana,253291,Bhupalpalle,Municipality,687.0,Jayashankar Bhupalapally,FULL MATCH
36,Telangana,290094,Manthani,Municipality,687.0,Jayashankar Bhupalapally,FULL MATCH
36,Telangana,253275,Narsampet,Municipality,688.0,Mahabubabad,FULL MATCH
36,Telangana,257971,Mahabubabad,Municipality,688.0,Mahabubabad,FULL MATCH
36,Telangana,290069,Dornakal,Municipality,688.0,Mahabubabad,FULL MATCH
36,Telangana,290070,Maripeda,Municipality,688.0,Mahabubabad,FULL MATCH
36,Telangana,290071,Thorrur,Municipality,688.0,Mahabubabad,FULL MATCH
36,Telangana,302303,Kesamudram,Municipality,688.0,Mahabubabad,FULL MATCH
36,Telangana,251690,Jangaon,Municipality,689.0,Jangoan,FULL MATCH
36,Telangana,290132,Cherial,Municipality,689.0,Jangoan,FULL MATCH
36,Telangana,290137,Wardhannapet,Municipality,689.0,Jangoan,FULL MATCH
36,Telangana,302292,Station Ghanpur,Municipality,689.0,Jangoan,FULL MATCH
36,Telangana,248106,Yellandu,Municipality,690.0,Bhadradri Kothagudem,FULL MATCH
36,Telangana,248107,Manugur,Municipality,690.0,Bhadradri Kothagudem,FULL MATCH
36,Telangana,248108,Sathupally,Municipality,690.0,Bhadradri Kothagudem,FULL MATCH
36,Telangana,248109,Kothagudem,Municipality,690.0,Bhadradri Kothagudem,FULL MATCH
36,Telangana,248110,Palwancha,Municipality,690.0,Bhadradri Kothagudem,FULL MATCH
36,Telangana,302289,Aswaraopeta,Municipality,690.0,Bhadradri Kothagudem,FULL MATCH
36,Telangana,248094,Sangareddy,Municipality,691.0,Sangareddy,FULL MATCH
36,Telangana,248098,Sadasivpet,Municipality,691.0,Sangareddy,FULL MATCH
36,Telangana,260558,Andole Jogipet,Municipality,691.0,Sangareddy,FULL MATCH
36,Telangana,290080,Narsapur,Municipality,691.0,Sangareddy,FULL MATCH
36,Telangana,290131,Narayankhed,Municipality,691.0,Sangareddy,FULL MATCH
36,Telangana,290151,Bollaram,Municipality,691.0,Sangareddy,AMBIGUOUS MATCH
36,Telangana,290152,Tellapur,Municipality,691.0,Sangareddy,FULL MATCH
36,Telangana,290153,Ameenpur,Municipality,691.0,Sangareddy,FULL MATCH
36,Telangana,302302,Kohir,Municipality,691.0,Sangareddy,FULL MATCH
36,Telangana,302736,Jinnaram,Municipality,691.0,Sangareddy,FULL MATCH
36,Telangana,248096,Siddipet,Municipality,692.0,Siddipet,FULL MATCH
36,Telangana,253267,Husnabad,Municipality,692.0,Siddipet,FULL MATCH
36,Telangana,254930,Gajwel,Municipality,692.0,Siddipet,FULL MATCH
36,Telangana,260709,Dubbak,Municipality,692.0,Siddipet,FULL MATCH
36,Telangana,290079,Toopran,Municipality,692.0,Siddipet,FULL MATCH
36,Telangana,290132,Cherial,Municipality,692.0,Siddipet,FULL MATCH
36,Telangana,290073,Bhootpur,Municipality,693.0,Wanaparthy,FULL MATCH
36,Telangana,290138,Kothakota,Municipality,693.0,Wanaparthy,FULL MATCH
36,Telangana,290139,Pebbair,Municipality,693.0,Wanaparthy,FULL MATCH
36,Telangana,290140,Atmakur,Municipality,693.0,Wanaparthy,FULL MATCH
36,Telangana,290142,Amarchinta,Municipality,693.0,Wanaparthy,FULL MATCH
36,Telangana,251680,Nagarkurnool,Municipality,694.0,Nagarkurnool,FULL MATCH
36,Telangana,257989,Kollapur,Municipality,694.0,Nagarkurnool,FULL MATCH
36,Telangana,258029,Kalwakurthy,Municipality,694.0,Nagarkurnool,FULL MATCH
36,Telangana,263214,Achampet,Municipality,694.0,Nagarkurnool,FULL MATCH
36,Telangana,248103,Gadwal,Municipality,695.0,Jogulamba Gadwal,FULL MATCH
36,Telangana,257993,Ieeja,Municipality,695.0,Jogulamba Gadwal,FULL MATCH
36,Telangana,290060,Waddepalle,Municipality,695.0,Jogulamba Gadwal,FULL MATCH
36,Telangana,290062,Alampur,Municipality,695.0,Jogulamba Gadwal,FULL MATCH
36,Telangana,251684,Suryapet,Municipality,696.0,Suryapet,FULL MATCH
36,Telangana,253255,Kodad,Municipality,696.0,Suryapet,FULL MATCH
36,Telangana,253257,Huzurnagar,Municipality,696.0,Suryapet,FULL MATCH
36,Telangana,290133,Nereducharla,Municipality,696.0,Suryapet,FULL MATCH
36,Telangana,290134,Thirumalagiri,Municipality,696.0,Suryapet,FULL MATCH
36,Telangana,251682,Bhongir,Municipality,697.0,Yadadri Bhuvanagiri,FULL MATCH
36,Telangana,290134,Thirumalagiri,Municipality,697.0,Yadadri Bhuvanagiri,FULL MATCH
36,Telangana,290141,Mothkur,Municipality,697.0,Yadadri Bhuvanagiri,FULL MATCH
36,Telangana,290143,Choutuppal,Municipality,697.0,Yadadri Bhuvanagiri,FULL MATCH
36,Telangana,290144,Alair,Municipality,697.0,Yadadri Bhuvanagiri,FULL MATCH
36,Telangana,290145,Pochamapally,Municipality,697.0,Yadadri Bhuvanagiri,FULL MATCH
36,Telangana,290146,Yadagirigutta,Municipality,697.0,Yadadri Bhuvanagiri,FULL MATCH
36,Telangana,248099,Tandur,Municipality,698.0,Vikarabad,FULL MATCH
36,Telangana,248100,Vikarabad,Municipality,698.0,Vikarabad,FULL MATCH
36,Telangana,290074,Kosgi,Municipality,698.0,Vikarabad,FULL MATCH
36,Telangana,290135,Parigi,Municipality,698.0,Vikarabad,FULL MATCH
36,Telangana,290136,Kodangal,Municipality,698.0,Vikarabad,FULL MATCH
36,Telangana,248086,Kagaz Nagar,Municipality,699.0,Kumuram Bheem Asifabad,FULL MATCH
36,Telangana,301596,Asifabad,Municipality,699.0,Kumuram Bheem Asifabad,FULL MATCH
36,Telangana,251664,Hyderabad,Municipal Corporations,700.0,Medchal Malkajgiri,AMBIGUOUS MATCH
36,Telangana,263222,Medchal,Municipality,700.0,Medchal Malkajgiri,FULL MATCH
36,Telangana,276410,Meerpet,Municipal Corporations,700.0,Medchal Malkajgiri,FULL MATCH
36,Telangana,276411,Perrzadiguda,Municipal Corporations,700.0,Medchal Malkajgiri,FULL MATCH
36,Telangana,276412,Boduppal,Municipal Corporations,700.0,Medchal Malkajgiri,FULL MATCH
36,Telangana,290081,Dammaiguda,Municipality,700.0,Medchal Malkajgiri,FULL MATCH
36,Telangana,290082,Nagaram,Municipality,700.0,Medchal Malkajgiri,FULL MATCH
36,Telangana,290083,Pocharam,Municipality,700.0,Medchal Malkajgiri,FULL MATCH
36,Telangana,290084,Ghatkesar,Municipality,700.0,Medchal Malkajgiri,FULL MATCH
36,Telangana,290085,Gundlapochampally,Municipality,700.0,Medchal Malkajgiri,FULL MATCH
36,Telangana,290086,Thumkunta,Municipality,700.0,Medchal Malkajgiri,FULL MATCH
36,Telangana,290087,Nizampet,Municipal Corporations,700.0,Medchal Malkajgiri,FULL MATCH
36,Telangana,290088,Kompally,Municipality,700.0,Medchal Malkajgiri,FULL MATCH
36,Telangana,290148,Jawaharnagar,Municipal Corporations,700.0,Medchal Malkajgiri,FULL MATCH
36,Telangana,290151,Bollaram,Municipality,700.0,Medchal Malkajgiri,AMBIGUOUS MATCH
36,Telangana,290154,Dundigal,Municipality,700.0,Medchal Malkajgiri,FULL MATCH
36,Telangana,302710,Muduchinthalapally,Municipality,700.0,Medchal Malkajgiri,FULL MATCH
36,Telangana,302811,Aliyadbad,Municipality,700.0,Medchal Malkajgiri,FULL MATCH
36,Telangana,305331,Malkajgiri Municipal Corporation,Municipal Corporations,700.0,Medchal Malkajgiri,FULL MATCH
36,Telangana,253291,Bhupalpalle,Municipality,720.0,Mulugu,FULL MATCH
36,Telangana,302731,Mulugu,Municipality,720.0,Mulugu,FULL MATCH
36,Telangana,248102,Narayanpet,Municipality,721.0,Narayanpet,FULL MATCH
36,Telangana,290072,Makthal,Municipality,721.0,Narayanpet,FULL MATCH
36,Telangana,290074,Kosgi,Municipality,721.0,Narayanpet,FULL MATCH
36,Telangana,290136,Kodangal,Municipality,721.0,Narayanpet,FULL MATCH
36,Telangana,290142,Amarchinta,Municipality,721.0,Narayanpet,FULL MATCH
36,Telangana,302291,Devarakadara,Municipality,721.0,Narayanpet,FULL MATCH
36,Telangana,302301,Maddur,Municipality,721.0,Narayanpet,FULL MATCH
36,Telangana,248087,Mancherial,Municipality,,,NO MATCH
36,Telangana,248097,Zaheerabad,Municipality,,,NO MATCH
36,Telangana,248101,Mahabubnagar,Municipality,,,NO MATCH
36,Telangana,248104,Wanaparthy,Municipality,,,NO MATCH
36,Telangana,248105,Khammam,Municipal Corporations,,,NO MATCH
37,Ladakh,248177,Leh,Municipality,6.0,Kargil,FULL MATCH
37,Ladakh,248178,Kargil,Municipality,6.0,Kargil,FULL MATCH
37,Ladakh,248177,Leh,Municipality,9.0,Leh Ladakh,FULL MATCH
37,Ladakh,248178,Kargil,Municipality,9.0,Leh Ladakh,FULL MATCH
38,The Dadra And Nagar Haveli And Daman And Diu,251273,Silvassa,Municipality,462.0,Valsad,FULL MATCH
38,The Dadra And Nagar Haveli And Daman And Diu,251272,Daman,Municipality,463.0,Daman,FULL MATCH
38,The Dadra And Nagar Haveli And Daman And Diu,251271,Diu,Municipality,464.0,Diu,FULL MATCH
38,The Dadra And Nagar Haveli And Daman And Diu,251273,Silvassa,Municipality,465.0,Dadra And Nagar Haveli,FULL MATCH
