stateCode,localBodyCode,localBodyName,localBodyType,districtCode,districtName,status
1,248034,Municipal Council Kupwara,Notified Area Council,8,Kupwara,FULL MATCH
1,248035,Municipal Committee Handwara,Municipality,8,Kupwara,FULL MATCH
1,248036,Municipal Committee Banihal,Municipality,621,Ramban,FULL MATCH
1,248037,Municipal Council Ramban,Notified Area Council,621,Ramban,FULL MATCH
1,248038,Municipal Council Doda,Notified Area Council,4,Doda,FULL MATCH
1,248039,Municipal Committee Batote,Municipality,"4, 621",Doda | Ramban,FULL MATCH
1,248040,Municipal Committee Bhaderwah,Municipality,4,Doda,FULL MATCH
1,248041,Municipal Council Kishtwar,Notified Area Council,620,Kishtwar,FULL MATCH
1,248042,Municipal Council Poonch,Notified Area Council,10,Poonch,FULL MATCH
2,248043,Nahan,Municipality,"24, 25",Sirmaur | Solan,FULL MATCH
2,248044,Dalhousie,Municipality,16,Chamba,FULL MATCH
2,248045,Paonta Sahib,Municipality,"24, 25",Sirmaur | Solan,FULL MATCH
2,248046,Chamba,Municipality,16,Chamba,FULL MATCH
2,248047,Rajgarh,Town Panchayat,24,Sirmaur,FULL MATCH
20,248049,Deoghar,Municipal Corporations,324,Deoghar,FULL MATCH
20,248050,Madhupur,Municipality,"324, 326",Deoghar | Dumka,AMBIGUOUS MATCH
20,248051,Godda,Municipality,"326, 330",Dumka | Godda,AMBIGUOUS MATCH
20,248052,Sahibganj,Municipality,"326, 340",Dumka | Sahebganj,AMBIGUOUS MATCH
20,248053,Rajmahal,Town Panchayat,340,Sahebganj,FULL MATCH
20,248054,Dumka,Municipality,326,Dumka,FULL MATCH
20,248055,Chirkunda,Municipality,326,Dumka,FULL MATCH
20,248056,Chas,Municipal Corporations,322,Bokaro,AMBIGUOUS MATCH
20,248057,Gumla,Municipality,326,Dumka,FULL MATCH
21,248058,Kamakhyanagar,Notified Area Council,352,Dhenkanal,FULL MATCH
21,248059,Bhuban,Notified Area Council,352,Dhenkanal,FULL MATCH
21,248060,Dhenkanal,Municipality,352,Dhenkanal,FULL MATCH
22,248061,Kurud,Municipality,377,Dhamtari,FULL MATCH
22,248062,Dhamtari,Municipal Corporations,377,Dhamtari,FULL MATCH
22,248063,Keshkal,Town Panchayat,"381, 643",Uttar Bastar Kanker | Kondagaon,FULL MATCH
22,248064,Narayanpur,Municipality,"381, 637, 643",Uttar Bastar Kanker | Narayanpur | Kondagaon,FULL MATCH
23,248065,Sidhi,Municipality,433,Sidhi,FULL MATCH
23,248066,Singrauli,Municipal Corporations,638,Singrauli,FULL MATCH
23,248067,Rampur Naikin,Town Panchayat,433,Sidhi,FULL MATCH
23,248068,Churhat,Town Panchayat,433,Sidhi,FULL MATCH
23,248069,Sarni,Municipality,394,Betul,FULL MATCH
23,248070,Betul Bazar,Town Panchayat,394,Betul,FULL MATCH
23,248071,Multai,Municipality,394,Betul,FULL MATCH
23,248072,Betul,Municipality,394,Betul,FULL MATCH
23,248073,Amla,Municipality,394,Betul,FULL MATCH
23,248075,"Nagar Palika, Nainpur",Municipality,415,Mandla,FULL MATCH
24,248076,Shahera,Municipality,"454, 669",Panch Mahals | Mahisagar,FULL MATCH
27,248077,Pauni,Municipality,471,Bhandara,FULL MATCH
27,248078,Bhandara,Municipality,471,Bhandara,FULL MATCH
27,248079,Tumsar,Municipality,471,Bhandara,FULL MATCH
27,248080,Municipal Council Gadchiroli,Municipality,"473, 475",Chandrapur | Gadchiroli,FULL MATCH
27,248081,Municipal Council Desaiganj ( Wadsa),Municipality,475,Gadchiroli,FULL MATCH
27,248082,Chandrapur,Municipal Corporations,473,Chandrapur,FULL MATCH
36,248083,Adilabad,Municipality,501,Adilabad,FULL MATCH
36,248084,Bellampalli,Municipality,684,Mancherial,FULL MATCH
36,248085,Bhainsa,Municipality,680,Nirmal,FULL MATCH
36,248086,Kagaz Nagar,Municipality,699,Kumuram Bheem Asifabad,FULL MATCH
36,248087,Mancherial,Municipality,,,NO MATCH
36,248088,Mandamarri,Municipality,684,Mancherial,FULL MATCH
36,248089,Nirmal,Municipality,680,Nirmal,FULL MATCH
36,248090,Armoor,Municipality,516,Nizamabad,FULL MATCH
36,248091,Nizamabad,Municipal Corporations,516,Nizamabad,FULL MATCH
36,248092,Bodhan,Municipality,516,Nizamabad,FULL MATCH
36,248093,Kamareddy,Municipality,685,Kamareddy,FULL MATCH
36,248094,Sangareddy,Municipality,691,Sangareddy,FULL MATCH
36,248095,Medak,Municipality,513,Medak,FULL MATCH
36,248096,Siddipet,Municipality,692,Siddipet,FULL MATCH
36,248097,Zaheerabad,Municipality,,,NO MATCH
36,248098,Sadasivpet,Municipality,691,Sangareddy,FULL MATCH
36,248099,Tandur,Municipality,698,Vikarabad,FULL MATCH
36,248100,Vikarabad,Municipality,698,Vikarabad,FULL MATCH
36,248101,Mahabubnagar,Municipality,,,NO MATCH
36,248102,Narayanpet,Municipality,721,Narayanpet,FULL MATCH
36,248103,Gadwal,Municipality,695,Jogulamba Gadwal,FULL MATCH
36,248104,Wanaparthy,Municipality,,,NO MATCH
36,248105,Khammam,Municipal Corporations,,,NO MATCH
36,248106,Yellandu,Municipality,"509, 690",Khammam | Bhadradri Kothagudem,FULL MATCH
36,248107,Manugur,Municipality,690,Bhadradri Kothagudem,FULL MATCH
36,248108,Sathupally,Municipality,"509, 690",Khammam | Bhadradri Kothagudem,FULL MATCH
36,248109,Kothagudem,Municipality,690,Bhadradri Kothagudem,FULL MATCH
36,248110,Palwancha,Municipality,690,Bhadradri Kothagudem,FULL MATCH
28,248111,Badvel,Municipality,504,Y.S.R. Kadapa,FULL MATCH
28,248112,Anantapur,Municipal Corporations,502,Ananthapuramu,FULL MATCH
28,248113,Guntakal,Municipality,,,NO MATCH
28,248114,Tadipatri,Municipality,502,Ananthapuramu,FULL MATCH
28,248115,Dharmavaram,Municipality,754,Sri Sathya Sai,AMBIGUOUS MATCH
28,248116,Kadiri,Municipality,754,Sri Sathya Sai,FULL MATCH
28,248117,Rayadurg,Municipality,502,Ananthapuramu,FULL MATCH
28,248118,Hindupur,Municipality,754,Sri Sathya Sai,FULL MATCH
28,248119,Madanapalli,Municipality,,,NO MATCH
28,248120,Punganur,Municipality,753,Annamayya,FULL MATCH
28,248121,Tirupati,Municipal Corporations,,,NO MATCH
28,248122,Chittoor,Municipal Corporations,503,Chittoor,FULL MATCH
28,248123,Palamaner,Municipality,503,Chittoor,FULL MATCH
28,248124,Srikalahasti,Municipality,752,Tirupati,FULL MATCH
28,248125,Nagari,Municipality,503,Chittoor,FULL MATCH
28,248126,Puttur,Municipality,"503, 752",Chittoor | Tirupati,FULL MATCH
29,248127,Kalaburagi City Corporation,Municipal Corporations,538,Kalaburagi,AMBIGUOUS MATCH
20,248128,Garhwa,Municipality,"326, 328",Dumka | Garhwa,AMBIGUOUS MATCH
20,248129,Chatra,Municipality,"323, 326",Chatra | Dumka,AMBIGUOUS MATCH
20,248130,Hazaribag,Municipal Corporations,332,Hazaribagh,FULL MATCH
20,248131,Kodarma,Town Panchayat,334,Koderma,FULL MATCH
20,248132,Jhumri Telaiya,Municipality,"326, 334",Dumka | Koderma,AMBIGUOUS MATCH
20,248133,Pakur,Municipality,"326, 337",Dumka | Pakur,AMBIGUOUS MATCH
20,248134,Jamtara,Town Panchayat,324,Deoghar,FULL MATCH
20,248135,Mihijam,Municipality,326,Dumka,FULL MATCH
20,248136,Phusro,Municipality,326,Dumka,FULL MATCH
20,248137,Lohardaga,Municipality,326,Dumka,FULL MATCH
20,248138,Simdega,Municipality,326,Dumka,FULL MATCH
1,248139,Municipal Committee Langate,Municipality,8,Kupwara,FULL MATCH
21,248140,Anugul,Municipality,344,Angul,FULL MATCH
21,248141,Talcher,Municipality,344,Angul,FULL MATCH
21,248142,Athamallik,Notified Area Council,344,Angul,FULL MATCH
22,248143,Bastar,Town Panchayat,374,Bastar,FULL MATCH
9,248145,Domariyaganj,Town Panchayat,182,Siddharthnagar,FULL MATCH
1,248146,Municipal Council Bandipora,Notified Area Council,"3, 623",Baramulla | Bandipora,FULL MATCH
1,248147,Municipal Committee Hajin,Municipality,"3, 8, 623",Baramulla | Kupwara | Bandipora,FULL MATCH
1,248148,Municipal Committee Sumbal,Municipality,"3, 8, 623",Baramulla | Kupwara | Bandipora,FULL MATCH
1,248149,Municipal Council Sopore,Notified Area Council,3,Baramulla,FULL MATCH
1,248150,Municipal Committee Pattan,Municipality,"3, 623",Baramulla | Bandipora,FULL MATCH
1,248151,Municipal Council Baramulla,Notified Area Council,"3, 8",Baramulla | Kupwara,FULL MATCH
1,248152,Municipal Committee Uri,Municipality,3,Baramulla,FULL MATCH
1,248153,Municipal Committee Kunzer,Municipality,3,Baramulla,FULL MATCH
1,248154,Municipal Committee Gulmarg Tangmarg,Municipality,3,Baramulla,FULL MATCH
1,248155,Municipal Council Ganderbal,Notified Area Council,626,Ganderbal,FULL MATCH
1,248156,Srinagar Municipal Corporation,Municipal Corporations,13,Srinagar,AMBIGUOUS MATCH
1,248157,Municipal Committee Magam,Municipality,"2, 3",Budgam | Baramulla,FULL MATCH
1,248158,Municipal Committee Beerwah,Municipality,2,Budgam,FULL MATCH
1,248159,Municipal Council Budgam,Notified Area Council,"2, 13",Budgam | Srinagar,FULL MATCH
1,248160,Municipal Committee Khansahib,Municipality,2,Budgam,FULL MATCH
1,248161,Municipal Committee Chrari Sharief,Municipality,2,Budgam,FULL MATCH
1,248162,Municipal Committee Pampore,Municipality,"11, 13",Pulwama | Srinagar,FULL MATCH
1,248163,Municipal Committee Khrew,Municipality,11,Pulwama,FULL MATCH
1,248164,Municipal Committee Tral,Municipality,11,Pulwama,FULL MATCH
1,248165,Municipal Committee Awantipora,Municipality,11,Pulwama,FULL MATCH
1,248166,Municipal Council Pulwama,Notified Area Council,11,Pulwama,FULL MATCH
1,248167,Municipal Council Shopian,Notified Area Council,625,Shopian,FULL MATCH
1,248168,Municipal Committee Pahalgam,Municipality,1,Anantnag,FULL MATCH
1,248169,Municipal Committee Bijbehara,Municipality,1,Anantnag,FULL MATCH
1,248170,Municipal Committee Mattan,Municipality,1,Anantnag,FULL MATCH
1,248171,Municipal Council Anantnag,Notified Area Council,1,Anantnag,AMBIGUOUS MATCH
1,248172,Municipal Committee Achabal,Municipality,1,Anantnag,FULL MATCH
1,248173,Municipal Committee Kokernag,Municipality,1,Anantnag,FULL MATCH
1,248174,Municipal Council Kulgam,Notified Area Council,622,Kulgam,FULL MATCH
1,248175,Municipal Committee Qazigund,Municipality,1,Anantnag,FULL MATCH
1,248176,Municipal Committee Dooru Verinag,Municipality,1,Anantnag,FULL MATCH
37,248177,Leh,Municipality,"6, 9",Kargil | Leh Ladakh,FULL MATCH
37,248178,Kargil,Municipality,"6, 9",Kargil | Leh Ladakh,FULL MATCH
1,248187,Municipal Committee Thanamandi,Municipality,12,Rajouri,FULL MATCH
1,248190,Municipal Committee Sunderbani,Municipality,12,Rajouri,FULL MATCH
1,248191,Municipal Committee Jourian,Municipality,5,Jammu,FULL MATCH
1,248192,Municipal Committee Akhnoor,Municipality,5,Jammu,FULL MATCH
1,248193,Municipal Committee Khour,Municipality,5,Jammu,FULL MATCH
1,248194,Jammu Municipal Corporation,Municipal Corporations,5,Jammu,AMBIGUOUS MATCH
1,248195,Municipal Committee Ghou-Manhasan,Municipality,5,Jammu,FULL MATCH
1,248196,Municipal Committee R S Pura,Municipality,5,Jammu,FULL MATCH
1,248197,Municipal Committee Bishnah,Municipality,5,Jammu,FULL MATCH
1,248198,Municipal Committee Arnia,Municipality,5,Jammu,FULL MATCH
1,248199,Municipal Committee Bari Brahmana,Municipality,624,Samba,FULL MATCH
1,248201,Municipal Committee Vijaypur,Municipality,624,Samba,FULL MATCH
1,248202,Municipal Council Samba,Notified Area Council,"14, 624",Udhampur | Samba,FULL MATCH
1,248203,Municipal Committee Ramgarh,Municipality,624,Samba,FULL MATCH
1,248204,Municipal Committee Billawar,Municipality,7,Kathua,FULL MATCH
2,248210,Nurpur,Municipality,18,Kangra,FULL MATCH
2,248211,Dharamshala,Municipal Corporations,18,Kangra,FULL MATCH
2,248213,Kangra,Municipality,18,Kangra,FULL MATCH
2,248214,Nagrota Bagwan,Municipality,18,Kangra,FULL MATCH
2,248216,Jawalamukhi,Municipality,18,Kangra,FULL MATCH
2,248217,Palampur,Municipal Corporations,18,Kangra,FULL MATCH
2,248218,Manali,Municipality,20,Kullu,FULL MATCH
2,248219,Kullu,Municipality,20,Kullu,FULL MATCH
2,248220,Bhuntar,Town Panchayat,"20, 22",Kullu | Mandi,FULL MATCH
2,248221,Banjar,Town Panchayat,"20, 22",Kullu | Mandi,FULL MATCH
2,248222,Jogindarnagar,Municipality,22,Mandi,FULL MATCH
2,248223,Sarkaghat,Municipality,22,Mandi,FULL MATCH
2,248224,Sundernagar,Municipality,22,Mandi,FULL MATCH
2,248225,Mandi,Municipal Corporations,"20, 22",Kullu | Mandi,FULL MATCH
2,248226,Rawalsar,Town Panchayat,22,Mandi,FULL MATCH
2,248227,Tira Sujanpur,Municipality,17,Hamirpur,FULL MATCH
2,248228,Nadaun,Town Panchayat,17,Hamirpur,FULL MATCH
2,248229,Hamirpur,Municipality,17,Hamirpur,FULL MATCH
2,248230,Bhota,Town Panchayat,17,Hamirpur,FULL MATCH
2,248231,Daulatpur,Town Panchayat,26,Una,FULL MATCH
2,248232,Gagret,Town Panchayat,26,Una,FULL MATCH
2,248233,Una,Municipality,26,Una,FULL MATCH
2,248234,Mehatpur Basdehra,Municipality,26,Una,FULL MATCH
2,248235,Santokhgarh,Municipality,26,Una,FULL MATCH
2,248236,Ghumarwin,Municipality,15,Bilaspur,FULL MATCH
2,248237,Talai,Town Panchayat,15,Bilaspur,FULL MATCH
2,248238,Naina Devi,Municipality,15,Bilaspur,FULL MATCH
2,248239,Bilaspur,Municipality,15,Bilaspur,FULL MATCH
2,248240,Arki,Town Panchayat,"24, 25",Sirmaur | Solan,FULL MATCH
2,248241,Nalagarh,Municipality,"24, 25",Sirmaur | Solan,FULL MATCH
2,248242,Baddi,Municipality,"24, 25",Sirmaur | Solan,FULL MATCH
2,248243,Parwanoo,Municipality,"24, 25",Sirmaur | Solan,FULL MATCH
2,248244,Solan,Municipal Corporations,"24, 25",Sirmaur | Solan,FULL MATCH
2,248245,Rampur,Municipality,"20, 23",Kullu | Shimla,FULL MATCH
2,248246,Narkanda,Town Panchayat,23,Shimla,FULL MATCH
2,248247,Suni,Town Panchayat,23,Shimla,FULL MATCH
2,248248,Shimla,Municipal Corporations,23,Shimla,FULL MATCH
2,248249,Theog,Municipality,23,Shimla,FULL MATCH
2,248250,Chopal,Town Panchayat,23,Shimla,FULL MATCH
2,248251,Jubbal,Town Panchayat,23,Shimla,FULL MATCH
2,248252,Kotkhai,Town Panchayat,23,Shimla,FULL MATCH
2,248253,Rohru,Municipality,23,Shimla,FULL MATCH
3,248254,Sujanpur,Municipality,"32, 662",Gurdaspur | Pathankot,FULL MATCH
3,248256,Pathankot,Municipal Corporations,32,Gurdaspur,FULL MATCH
3,248259,Dinanagar,Municipality,"32, 662",Gurdaspur | Pathankot,FULL MATCH
3,248260,Gurdaspur,Municipality,32,Gurdaspur,FULL MATCH
3,248262,Dhariwal,Municipality,32,Gurdaspur,FULL MATCH
3,248263,Fatehgarh Churian,Municipality,32,Gurdaspur,FULL MATCH
3,248264,Batala,Municipal Corporations,32,Gurdaspur,FULL MATCH
3,248265,Sri Hargobindpur,Municipality,32,Gurdaspur,FULL MATCH
3,248266,Qadian,Municipality,32,Gurdaspur,FULL MATCH
3,248267,Dera Baba Nanak,Municipality,32,Gurdaspur,FULL MATCH
3,248268,Ramdas,Town Panchayat,27,Amritsar,FULL MATCH
3,248269,Ajnala,Municipality,27,Amritsar,FULL MATCH
3,248270,Raja Sansi,Town Panchayat,27,Amritsar,FULL MATCH
3,248271,Majitha,Town Panchayat,"27, 609",Amritsar | Tarn Taran,FULL MATCH
3,248272,Jandiala Guru,Municipality,"27, 609",Amritsar | Tarn Taran,FULL MATCH
3,248273,Amritsar,Municipal Corporations,27,Amritsar,FULL MATCH
3,248274,Tarn-Taran,Municipality,"27, 609",Amritsar | Tarn Taran,FULL MATCH
3,248275,Bhikhiwind,Town Panchayat,609,Tarn Taran,FULL MATCH
3,248276,Khemkaran,Town Panchayat,"27, 609",Amritsar | Tarn Taran,FULL MATCH
3,248277,Patti,Municipality,609,Tarn Taran,FULL MATCH
3,248278,Rayya,Municipality,609,Tarn Taran,FULL MATCH
3,248280,Begowal,Town Panchayat,35,Kapurthala,FULL MATCH
3,248281,Bhulath,Town Panchayat,"34, 35",Jalandhar | Kapurthala,FULL MATCH
3,248282,Dhilwan,Town Panchayat,35,Kapurthala,FULL MATCH
3,248283,Kapurthala,Municipal Corporations,35,Kapurthala,FULL MATCH
3,248285,Sultanpur Lodhi,Municipality,"34, 35",Jalandhar | Kapurthala,FULL MATCH
3,248286,Phagwara,Municipal Corporations,"34, 35",Jalandhar | Kapurthala,FULL MATCH
3,248287,Lohian Khas,Town Panchayat,"34, 35",Jalandhar | Kapurthala,FULL MATCH
3,248288,Shahkot,Town Panchayat,"34, 35",Jalandhar | Kapurthala,FULL MATCH
3,248289,Nakodar,Municipality,"34, 35",Jalandhar | Kapurthala,FULL MATCH
3,248291,Nurmahal,Municipality,"34, 35",Jalandhar | Kapurthala,FULL MATCH
3,248292,Goraya,Municipality,34,Jalandhar,FULL MATCH
3,248293,Phillaur,Municipality,34,Jalandhar,FULL MATCH
3,248294,Adampur,Municipality,34,Jalandhar,FULL MATCH
3,248295,Alawalpur,Municipality,34,Jalandhar,FULL MATCH
3,248296,Jalandhar,Municipal Corporations,34,Jalandhar,FULL MATCH
3,248298,Bhogpur,Municipality,34,Jalandhar,FULL MATCH
3,248299,Kartarpur,Municipality,"34, 35",Jalandhar | Kapurthala,FULL MATCH
3,248300,Dasua,Municipality,,,NO MATCH
3,248301,Gardhiwala,Municipality,,,NO MATCH
3,248302,Urmar Tanda,Municipality,,,NO MATCH
3,248303,Mukerian,Municipality,,,NO MATCH
3,248305,Talwara,Town Panchayat,,,NO MATCH
3,248306,Hariana,Municipality,,,NO MATCH
3,248308,Hoshiarpur,Municipal Corporations,,,NO MATCH
3,248309,Sham Chaurasi,Municipality,,,NO MATCH
3,248310,Mahilpur,Town Panchayat,,,NO MATCH
3,248311,Garhshankar,Municipality,,,NO MATCH
3,248312,Banga,Municipality,40,Shahid Bhagat Singh Nagar,FULL MATCH
3,248313,Nawanshahr,Municipality,40,Shahid Bhagat Singh Nagar,FULL MATCH
3,248314,Rahon,Municipality,40,Shahid Bhagat Singh Nagar,FULL MATCH
3,248315,Balachaur,Municipality,,,NO MATCH
3,248317,Anandpur Sahib,Municipality,42,Rupnagar,FULL MATCH
3,248319,Rupnagar,Municipality,42,Rupnagar,FULL MATCH
3,248320,Morinda,Municipality,"42, 608",Rupnagar | S.A.S Nagar,FULL MATCH
3,248321,Kurali,Municipality,"42, 608",Rupnagar | S.A.S Nagar,FULL MATCH
3,248324,Kharar,Municipality,608,S.A.S Nagar,FULL MATCH
3,248325,S.A.S.Nagar - Mohali,Municipal Corporations,608,S.A.S Nagar,AMBIGUOUS MATCH
3,248327,Bassi Pathana,Municipality,"30, 41",Fatehgarh Sahib | Patiala,FULL MATCH
3,248328,Sirhind Fatehgarh Sahib,Municipality,30,Fatehgarh Sahib,FULL MATCH
3,248329,Gobindgarh,Municipality,30,Fatehgarh Sahib,FULL MATCH
3,248330,Amloh,Municipality,"30, 41",Fatehgarh Sahib | Patiala,FULL MATCH
3,248331,Khamanon,Town Panchayat,30,Fatehgarh Sahib,FULL MATCH
3,248332,Samrala,Municipality,36,Ludhiana,FULL MATCH
3,248333,Machhiwara,Municipality,36,Ludhiana,FULL MATCH
3,248334,Khanna,Municipality,36,Ludhiana,FULL MATCH
3,248335,Maloud,Town Panchayat,36,Ludhiana,FULL MATCH
3,248336,Payal,Municipality,36,Ludhiana,FULL MATCH
3,248337,Doraha,Municipality,36,Ludhiana,FULL MATCH
3,248338,Ludhiana,Municipal Corporations,36,Ludhiana,FULL MATCH
3,248339,Sahnewal,Municipality,36,Ludhiana,FULL MATCH
3,248340,Mullanpur Dakha,Municipality,36,Ludhiana,FULL MATCH
3,248342,Raikot,Municipality,36,Ludhiana,FULL MATCH
3,248343,Jagraon,Municipality,36,Ludhiana,FULL MATCH
3,248344,Badhni Kalan,Town Panchayat,38,Moga,FULL MATCH
3,248345,Bhagha Purana,Municipality,38,Moga,FULL MATCH
3,248346,Dharamkot,Municipality,"31, 38",Ferozepur | Moga,FULL MATCH
3,248347,Moga,Municipal Corporations,38,Moga,FULL MATCH
3,248348,Makhu,Town Panchayat,"31, 38",Ferozepur | Moga,FULL MATCH
3,248349,Zira,Municipality,"31, 38",Ferozepur | Moga,FULL MATCH
3,248350,Talwandi Bhai,Municipality,31,Ferozepur,FULL MATCH
3,248351,Firozpur,Municipality,31,Ferozepur,FULL MATCH
3,248352,Guru Har Sahai,Municipality,"31, 651",Ferozepur | Fazilka,FULL MATCH
3,248353,Jalalabad,Municipality,"31, 651",Ferozepur | Fazilka,FULL MATCH
3,248354,Fazilka,Municipality,651,Fazilka,FULL MATCH
3,248355,Abohar,Municipal Corporations,651,Fazilka,FULL MATCH
3,248356,Malout,Municipality,39,Sri Muktsar Sahib,FULL MATCH
3,248357,Giddarbaha,Municipality,39,Sri Muktsar Sahib,FULL MATCH
3,248358,Bariwala,Town Panchayat,"29, 39",Faridkot | Sri Muktsar Sahib,FULL MATCH
3,248359,Muktsar,Municipality,39,Sri Muktsar Sahib,FULL MATCH
3,248360,Faridkot,Municipality,29,Faridkot,FULL MATCH
3,248361,Kot Kapura,Municipality,29,Faridkot,FULL MATCH
3,248362,Jaitu,Municipality,"29, 39",Faridkot | Sri Muktsar Sahib,FULL MATCH
3,248363,Rampura Phul,Municipality,"28, 37",Bathinda | Mansa,FULL MATCH
3,248364,Goniana,Municipality,28,Bathinda,FULL MATCH
3,248366,Bhucho Mandi,Municipality,28,Bathinda,FULL MATCH
3,248367,Bathinda,Municipal Corporations,28,Bathinda,FULL MATCH
3,248368,Sangat,Municipality,28,Bathinda,FULL MATCH
3,248369,Kot Fatta,Municipality,28,Bathinda,FULL MATCH
3,248370,Raman,Municipality,"28, 37",Bathinda | Mansa,FULL MATCH
3,248371,Maur,Municipality,"28, 37",Bathinda | Mansa,FULL MATCH
3,248372,Sardulgarh,Town Panchayat,37,Mansa,FULL MATCH
3,248373,Budhlada,Municipality,37,Mansa,FULL MATCH
3,248374,Bareta,Municipality,37,Mansa,FULL MATCH
3,248375,Bhikhi,Town Panchayat,"28, 37",Bathinda | Mansa,FULL MATCH
3,248376,Mansa,Municipality,"28, 37",Bathinda | Mansa,FULL MATCH
3,248377,Bhadaur,Municipality,605,Barnala,FULL MATCH
3,248378,Barnala,Municipality,605,Barnala,FULL MATCH
3,248379,Handiaya,Town Panchayat,605,Barnala,FULL MATCH
3,248380,Tapa,Municipality,605,Barnala,FULL MATCH
3,248381,Dhanaula,Municipality,605,Barnala,FULL MATCH
3,248382,Ahmedgarh,Municipality,737,Malerkotla,FULL MATCH
3,248383,Malerkotla,Municipality,"43, 737",Sangrur | Malerkotla,FULL MATCH
3,248384,Dhuri,Municipality,"43, 605",Sangrur | Barnala,FULL MATCH
3,248385,Longowal,Municipality,"43, 605",Sangrur | Barnala,FULL MATCH
3,248386,Sangrur,Municipality,43,Sangrur,FULL MATCH
3,248387,Bhawanigarh,Municipality,43,Sangrur,FULL MATCH
3,248388,Cheema,Town Panchayat,43,Sangrur,FULL MATCH
3,248389,Dirba,Town Panchayat,43,Sangrur,FULL MATCH
3,248390,Sunam,Municipality,43,Sangrur,FULL MATCH
3,248391,Lehragaga,Municipality,43,Sangrur,FULL MATCH
3,248392,Moonak,Town Panchayat,43,Sangrur,FULL MATCH
3,248393,Khanauri,Town Panchayat,43,Sangrur,FULL MATCH
3,248394,Ghagga,Town Panchayat,41,Patiala,FULL MATCH
3,248395,Patran,Municipality,41,Patiala,FULL MATCH
3,248396,Samana,Municipality,41,Patiala,FULL MATCH
3,248397,Nabha,Municipality,41,Patiala,FULL MATCH
3,248398,Sanaur,Municipality,41,Patiala,FULL MATCH
3,248399,Patiala,Municipal Corporations,41,Patiala,FULL MATCH
3,248402,Ghanaur,Town Panchayat,"30, 41, 608",Fatehgarh Sahib | Patiala | S.A.S Nagar,FULL MATCH
3,248403,Rajpura,Municipality,"41, 608",Patiala | S.A.S Nagar,FULL MATCH
3,248404,Banur,Municipality,"41, 608",Patiala | S.A.S Nagar,FULL MATCH
3,248405,Dera Bassi,Municipality,608,S.A.S Nagar,FULL MATCH
3,248407,Zirakpur,Municipality,608,S.A.S Nagar,FULL MATCH
5,248409,Barkot,Municipality,57,Uttarkashi,FULL MATCH
5,248410,Barahat-Uttarkashi,Municipality,57,Uttarkashi,FULL MATCH
5,248411,Gangotri,Town Panchayat,57,Uttarkashi,FULL MATCH
5,248412,Badrinathpuri,Town Panchayat,47,Chamoli,FULL MATCH
5,248413,Joshimath,Municipality,47,Chamoli,FULL MATCH
5,248414,Chamoli Gopeshwar,Municipality,47,Chamoli,FULL MATCH
5,248415,Nandprayag,Town Panchayat,47,Chamoli,FULL MATCH
5,248416,Gochar,Municipality,"47, 54",Chamoli | Rudraprayag,FULL MATCH
5,248417,Karnaprayag,Municipality,47,Chamoli,FULL MATCH
5,248418,Kedarnath,Town Panchayat,54,Rudraprayag,FULL MATCH
5,248419,Rudraprayag,Municipality,"47, 54",Chamoli | Rudraprayag,FULL MATCH
5,248420,Kirtinagar,Town Panchayat,55,Tehri Garhwal,FULL MATCH
5,248421,Devprayag,Municipality,"52, 55",Pauri Garhwal | Tehri Garhwal,FULL MATCH
5,248422,Tehri,Municipality,"53, 55",Pithoragarh | Tehri Garhwal,FULL MATCH
5,248423,Chamba,Municipality,55,Tehri Garhwal,FULL MATCH
5,248424,Narendranagar,Municipality,55,Tehri Garhwal,FULL MATCH
5,248426,Munikireti-Dhalwala,Municipality,55,Tehri Garhwal,FULL MATCH
5,248427,Vikasnagar,Municipality,49,Dehradun,AMBIGUOUS MATCH
5,248428,Herbertpur,Municipality,49,Dehradun,AMBIGUOUS MATCH
5,248429,Mussoorie,Municipality,49,Dehradun,FULL MATCH
5,248430,Dehradun,Municipal Corporations,49,Dehradun,FULL MATCH
5,248433,Doiwala,Municipality,49,Dehradun,FULL MATCH
5,248434,Rishikesh,Municipal Corporations,,,NO MATCH
5,248437,Srinagar,Municipal Corporations,52,Pauri Garhwal,FULL MATCH
5,248438,Pauri,Municipality,52,Pauri Garhwal,FULL MATCH
5,248440,Dogadda,Municipality,52,Pauri Garhwal,FULL MATCH
5,248441,Kanvnagri Kotdwar,Municipal Corporations,52,Pauri Garhwal,FULL MATCH
5,248444,Dharchula,Municipality,53,Pithoragarh,FULL MATCH
5,248445,Didihat,Municipality,53,Pithoragarh,FULL MATCH
5,248446,Pithoragarh,Municipal Corporations,53,Pithoragarh,FULL MATCH
5,248447,Bageshwar,Municipality,46,Bageshwar,FULL MATCH
5,248448,Dwarahat,Town Panchayat,45,Almora,FULL MATCH
5,248449,Almora,Municipal Corporations,"45, 46",Almora | Bageshwar,FULL MATCH
5,248450,Lohaghat,Municipality,48,Champawat,FULL MATCH
5,248451,Champawat,Municipality,"48, 53",Champawat | Pithoragarh,FULL MATCH
5,248452,Tanakpur,Municipality,"48, 51",Champawat | Nainital,FULL MATCH
5,248454,Nainital,Municipality,51,Nainital,FULL MATCH
5,248455,Bhowali,Municipality,51,Nainital,FULL MATCH
5,248456,Bhimtal,Municipality,51,Nainital,FULL MATCH
5,248457,Ramnagar,Municipality,"45, 51, 56",Almora | Nainital | Udham Singh Nagar,FULL MATCH
5,248458,Kaladhungi,Municipality,51,Nainital,FULL MATCH
5,248459,Haldwani-Cumkathgodam,Municipal Corporations,51,Nainital,FULL MATCH
5,248460,Lalkuan,Town Panchayat,51,Nainital,FULL MATCH
5,248461,Mahua Dabra Haripura,Town Panchayat,56,Udham Singh Nagar,FULL MATCH
5,248462,Jaspur,Municipality,56,Udham Singh Nagar,FULL MATCH
5,248463,Kashipur,Municipal Corporations,56,Udham Singh Nagar,FULL MATCH
5,248465,Mahua Kheraganj,Municipality,56,Udham Singh Nagar,FULL MATCH
5,248466,Sultanpur,Town Panchayat,56,Udham Singh Nagar,FULL MATCH
5,248467,Bajpur,Municipality,"51, 56",Nainital | Udham Singh Nagar,FULL MATCH
5,248468,Kela Khera,Town Panchayat,56,Udham Singh Nagar,FULL MATCH
5,248469,Gadarpur,Municipality,56,Udham Singh Nagar,FULL MATCH
5,248470,Dineshpur,Town Panchayat,56,Udham Singh Nagar,FULL MATCH
5,248471,Rudrapur,Municipal Corporations,56,Udham Singh Nagar,FULL MATCH
5,248474,Kichha,Municipality,56,Udham Singh Nagar,FULL MATCH
5,248475,Shaktigarh,Town Panchayat,56,Udham Singh Nagar,FULL MATCH
5,248476,Sitarganj,Municipality,56,Udham Singh Nagar,FULL MATCH
5,248477,Khatima,Municipality,56,Udham Singh Nagar,FULL MATCH
5,248478,Roorkee,Municipal Corporations,50,Haridwar,FULL MATCH
5,248481,Jhabrera,Town Panchayat,50,Haridwar,FULL MATCH
5,248482,Manglaur,Municipality,50,Haridwar,FULL MATCH
5,248483,Landhaura,Town Panchayat,,,NO MATCH
5,248485,Haridwar,Municipal Corporations,50,Haridwar,FULL MATCH
5,248486,Laksar,Municipality,50,Haridwar,FULL MATCH
6,248487,Kalka,Notified Area Council,70,Panchkula,FULL MATCH
6,248489,Panchkula,Municipal Corporations,70,Panchkula,FULL MATCH
6,248490,Naraingarh,Municipality,58,Ambala,FULL MATCH
6,248491,Ambala,Municipal Corporations,58,Ambala,FULL MATCH
6,248500,Yamunanagar,Municipal Corporations,76,Yamunanagar,FULL MATCH
6,248506,Shahbad,Municipality,68,Kurukshetra,FULL MATCH
6,248507,Pehowa,Municipality,68,Kurukshetra,FULL MATCH
6,248508,Thanesar,Notified Area Council,68,Kurukshetra,FULL MATCH
6,248509,Ladwa,Municipality,68,Kurukshetra,FULL MATCH
6,248510,Cheeka,Municipality,66,Kaithal,FULL MATCH
6,248511,Kaithal,Notified Area Council,66,Kaithal,FULL MATCH
6,248512,Kalayat,Municipality,66,Kaithal,FULL MATCH
6,248513,Pundri,Municipality,66,Kaithal,FULL MATCH
6,248514,Nilokheri,Municipality,67,Karnal,FULL MATCH
6,248515,Taraori,Municipality,67,Karnal,FULL MATCH
6,248516,Indri,Municipality,67,Karnal,FULL MATCH
6,248517,Karnal,Municipal Corporations,67,Karnal,FULL MATCH
6,248519,Assandh,Municipality,67,Karnal,FULL MATCH
6,248520,Gharaunda,Municipality,67,Karnal,FULL MATCH
6,248521,Panipat,Municipal Corporations,,,NO MATCH
6,248526,Samalkha,Notified Area Council,71,Panipat,FULL MATCH
6,248527,Gohana,Notified Area Council,75,Sonipat,FULL MATCH
6,248528,Ganaur,Municipality,75,Sonipat,FULL MATCH
6,248529,Sonipat,Municipal Corporations,75,Sonipat,FULL MATCH
6,248530,Kharkhoda,Municipality,75,Sonipat,FULL MATCH
6,248531,Narwana,Notified Area Council,65,Jind,FULL MATCH
6,248532,Uchana,Municipality,65,Jind,FULL MATCH
6,248533,Jind,Notified Area Council,65,Jind,FULL MATCH
6,248534,Julana,Municipality,65,Jind,FULL MATCH
6,248535,Safidon,Municipality,65,Jind,FULL MATCH
6,248536,Ratia,Municipality,61,Fatehabad,FULL MATCH
6,248537,Tohana,Notified Area Council,61,Fatehabad,FULL MATCH
6,248538,Fatehabad,Notified Area Council,"61, 63, 74",Fatehabad | Hisar | Sirsa,FULL MATCH
6,248539,Mandi Dabwali,Notified Area Council,74,Sirsa,FULL MATCH
6,248540,Kalanwali,Municipality,74,Sirsa,FULL MATCH
6,248541,Sirsa,Notified Area Council,74,Sirsa,FULL MATCH
6,248542,Rania,Municipality,74,Sirsa,FULL MATCH
6,248543,Ellenabad,Municipality,74,Sirsa,FULL MATCH
6,248544,Uklanamandi,Municipality,"61, 63",Fatehabad | Hisar,FULL MATCH
6,248545,Barwala,Municipality,"63, 70, 792",Hisar | Panchkula | Hansi,AMBIGUOUS MATCH
6,248546,Hisar,Municipal Corporations,63,Hisar,FULL MATCH
6,248547,Narnaund,Municipality,"63, 792",Hisar | Hansi,FULL MATCH
6,248548,Hansi,Notified Area Council,"63, 792",Hisar | Hansi,FULL MATCH
6,248549,Bawani Khera,Municipality,59,Bhiwani,FULL MATCH
6,248550,Bhiwani,Notified Area Council,59,Bhiwani,FULL MATCH
6,248552,Siwani,Municipality,59,Bhiwani,FULL MATCH
6,248553,Loharu,Municipality,"59, 701",Bhiwani | Charkhi Dadri,FULL MATCH
6,248554,Charkhi Dadri,Notified Area Council,59,Bhiwani,FULL MATCH
6,248555,Meham,Municipality,73,Rohtak,FULL MATCH
6,248556,Kalanaur,Municipality,73,Rohtak,FULL MATCH
6,248557,Rohtak,Municipal Corporations,73,Rohtak,FULL MATCH
6,248558,Beri,Municipality,"64, 73",Jhajjar | Rohtak,FULL MATCH
6,248560,Bahadurgarh,Notified Area Council,64,Jhajjar,FULL MATCH
6,248562,Jhajjar,Notified Area Council,64,Jhajjar,FULL MATCH
6,248563,Kanina,Municipality,69,Mahendragarh,FULL MATCH
6,248564,Mahendragarh,Municipality,69,Mahendragarh,FULL MATCH
6,248565,Ateli,Municipality,69,Mahendragarh,FULL MATCH
6,248566,Narnaul,Notified Area Council,69,Mahendragarh,FULL MATCH
6,248568,Dharuhera,Municipality,72,Rewari,FULL MATCH
6,248569,Rewari,Notified Area Council,72,Rewari,FULL MATCH
6,248571,Bawal,Municipality,72,Rewari,FULL MATCH
6,248573,Pataudi Jatauli Mandi,Notified Area Council,62,Gurugram,FULL MATCH
6,248574,Farrukhnagar,Municipality,62,Gurugram,FULL MATCH
6,248576,Gurugram,Municipal Corporations,62,Gurugram,FULL MATCH
6,248579,Sohna,Notified Area Council,"62, 604",Gurugram | Nuh,FULL MATCH
6,248580,Taoru,Municipality,"62, 72, 604",Gurugram | Rewari | Nuh,FULL MATCH
6,248581,Nuh,Notified Area Council,604,Nuh,FULL MATCH
6,248582,Ferozepur Jhirka,Municipality,604,Nuh,FULL MATCH
6,248583,Punahana,Municipality,604,Nuh,FULL MATCH
6,248585,Faridabad,Municipal Corporations,60,Faridabad,FULL MATCH
6,248586,Palwal,Notified Area Council,"60, 619",Faridabad | Palwal,FULL MATCH
6,248587,Hathin,Municipality,619,Palwal,FULL MATCH
6,248589,Hodal,Notified Area Council,619,Palwal,FULL MATCH
8,248649,Kesrisinghpur,Town Panchayat,"98, 100, 112, 117",Dholpur | Ganganagar | Rajsamand | Udaipur,AMBIGUOUS MATCH
8,248650,Srikaranpur,Town Panchayat,"98, 100, 101, 112, 117",Dholpur | Ganganagar | Hanumangarh | Rajsamand | Udaipur,AMBIGUOUS MATCH
8,248651,Sri Ganganagar,Municipality,"100, 112, 117, 774",Ganganagar | Rajsamand | Udaipur | Beawar,AMBIGUOUS MATCH
8,248652,Sadulshahar,Town Panchayat,"98, 100, 101, 112, 117",Dholpur | Ganganagar | Hanumangarh | Rajsamand | Udaipur,AMBIGUOUS MATCH
8,248653,Padampur,Town Panchayat,"98, 100, 112, 117",Dholpur | Ganganagar | Rajsamand | Udaipur,AMBIGUOUS MATCH
8,248654,Gajsinghpur,Town Panchayat,"98, 100, 112, 117",Dholpur | Ganganagar | Rajsamand | Udaipur,AMBIGUOUS MATCH
8,248655,Raisinghnagar,Town Panchayat,"98, 100, 101, 112, 117",Dholpur | Ganganagar | Hanumangarh | Rajsamand | Udaipur,AMBIGUOUS MATCH
8,248656,Anupgarh,Town Panchayat,"98, 100, 112, 117",Dholpur | Ganganagar | Rajsamand | Udaipur,AMBIGUOUS MATCH
8,248658,Srivijainagar,Town Panchayat,"98, 100, 101, 112, 117",Dholpur | Ganganagar | Hanumangarh | Rajsamand | Udaipur,AMBIGUOUS MATCH
8,248660,Suratgarh,Town Panchayat,"98, 100, 101, 112, 117",Dholpur | Ganganagar | Hanumangarh | Rajsamand | Udaipur,AMBIGUOUS MATCH
8,248661,Sangaria,Town Panchayat,"98, 100, 101, 107, 112, 117",Dholpur | Ganganagar | Hanumangarh | Jodhpur | Rajsamand | Udaipur,AMBIGUOUS MATCH
8,248662,Hanumangarh,Municipality,"100, 101, 112, 117, 774",Ganganagar | Hanumangarh | Rajsamand | Udaipur | Beawar,AMBIGUOUS MATCH
8,248663,Pilibanga,Town Panchayat,"98, 100, 101, 112, 117",Dholpur | Ganganagar | Hanumangarh | Rajsamand | Udaipur,AMBIGUOUS MATCH
8,248664,Rawatsar,Municipality,"100, 101, 112, 117",Ganganagar | Hanumangarh | Rajsamand | Udaipur,AMBIGUOUS MATCH
8,248665,Nohar,Municipality,"100, 101, 112, 117",Ganganagar | Hanumangarh | Rajsamand | Udaipur,AMBIGUOUS MATCH
8,248666,Bhadra,Municipality,"101, 112, 117",Hanumangarh | Rajsamand | Udaipur,AMBIGUOUS MATCH
8,248667,Bikaner,Municipal Corporations,93,Bikaner,FULL MATCH
8,248668,Deshnoke,Town Panchayat,"93, 98, 112, 117",Bikaner | Dholpur | Rajsamand | Udaipur,AMBIGUOUS MATCH
8,248669,Nokha,Town Panchayat,"93, 98, 112, 117",Bikaner | Dholpur | Rajsamand | Udaipur,AMBIGUOUS MATCH
8,248670,Taranagar,Town Panchayat,"96, 98, 112, 117",Churu | Dholpur | Rajsamand | Udaipur,AMBIGUOUS MATCH
8,248671,Rajgarh (Alwar),Municipality,"87, 112, 117",Alwar | Rajsamand | Udaipur,AMBIGUOUS MATCH
8,248672,Sardarshahar,Town Panchayat,"96, 98, 112, 117",Churu | Dholpur | Rajsamand | Udaipur,AMBIGUOUS MATCH
8,248673,Churu,Municipality,"96, 112, 117, 774",Churu | Rajsamand | Udaipur | Beawar,AMBIGUOUS MATCH
8,248674,Ratannagar,Town Panchayat,"96, 98, 112, 117",Churu | Dholpur | Rajsamand | Udaipur,AMBIGUOUS MATCH
8,248675,Sri Dungargarh,Town Panchayat,"93, 98, 112, 117",Bikaner | Dholpur | Rajsamand | Udaipur,AMBIGUOUS MATCH
8,248676,Ratangarh,Municipality,"96, 112, 117",Churu | Rajsamand | Udaipur,AMBIGUOUS MATCH
8,248677,Rajaldesar,Town Panchayat,"96, 98, 112, 117",Churu | Dholpur | Rajsamand | Udaipur,AMBIGUOUS MATCH
8,248678,Bidasar,Municipality,"96, 112, 117",Churu | Rajsamand | Udaipur,AMBIGUOUS MATCH
8,248679,Chhapar,Town Panchayat,"96, 98, 112, 117",Churu | Dholpur | Rajsamand | Udaipur,AMBIGUOUS MATCH
8,248680,Sujangarh,Municipality,"96, 112, 117, 774",Churu | Rajsamand | Udaipur | Beawar,AMBIGUOUS MATCH
8,248681,Bissau,Town Panchayat,"98, 106, 112, 117",Dholpur | Jhunjhunu | Rajsamand | Udaipur,AMBIGUOUS MATCH
8,248682,Mandawa,Town Panchayat,"98, 106, 112, 117",Dholpur | Jhunjhunu | Rajsamand | Udaipur,AMBIGUOUS MATCH
8,248683,Jhunjhunun,Municipality,"106, 112, 117, 774",Jhunjhunu | Rajsamand | Udaipur | Beawar,AMBIGUOUS MATCH
8,248684,Baggar,Town Panchayat,"98, 106, 112, 117",Dholpur | Jhunjhunu | Rajsamand | Udaipur,AMBIGUOUS MATCH
8,248685,Pilani,Town Panchayat,"98, 106, 112, 117",Dholpur | Jhunjhunu | Rajsamand | Udaipur,AMBIGUOUS MATCH
8,248686,Vidyavihar,Town Panchayat,"98, 112, 117, 777",Dholpur | Rajsamand | Udaipur | Salumbar,AMBIGUOUS MATCH
8,248687,Chirawa,Town Panchayat,"98, 106, 112, 117",Dholpur | Jhunjhunu | Rajsamand | Udaipur,AMBIGUOUS MATCH
8,248688,Surajgarh,Town Panchayat,"98, 106, 112, 117",Dholpur | Jhunjhunu | Rajsamand | Udaipur,AMBIGUOUS MATCH
8,248690,Khetri,Municipality,"106, 112, 117",Jhunjhunu | Rajsamand | Udaipur,AMBIGUOUS MATCH
8,248691,Mukandgarh,Town Panchayat,"98, 106, 112, 117",Dholpur | Jhunjhunu | Rajsamand | Udaipur,AMBIGUOUS MATCH
8,248692,Nawalgarh,Town Panchayat,"98, 106, 112, 117",Dholpur | Jhunjhunu | Rajsamand | Udaipur,AMBIGUOUS MATCH
8,248693,Udaipurwati,Town Panchayat,"98, 106, 112, 117",Dholpur | Jhunjhunu | Rajsamand | Udaipur,AMBIGUOUS MATCH
8,248694,Behror,Town Panchayat,"98, 112, 117, 782",Dholpur | Rajsamand | Udaipur | Kotputli-Behror,AMBIGUOUS MATCH
8,248695,Bhiwadi,Municipality,"112, 117, 770, 774",Rajsamand | Udaipur | Khairthal-Tijara | Beawar,AMBIGUOUS MATCH
8,248696,Tijara,Town Panchayat,"98, 112, 117, 770",Dholpur | Rajsamand | Udaipur | Khairthal-Tijara,AMBIGUOUS MATCH
8,248698,Khairthal-Tijara,Municipality,"112, 117, 770",Rajsamand | Udaipur | Khairthal-Tijara,AMBIGUOUS MATCH
8,248699,Alwar,Municipal Corporations,"87, 112, 117, 774, 782",Alwar | Rajsamand | Udaipur | Beawar | Kotputli-Behror,AMBIGUOUS MATCH
8,248700,Rajgarh(Churu),Town Panchayat,"96, 98, 112, 117",Churu | Dholpur | Rajsamand | Udaipur,AMBIGUOUS MATCH
8,248702,Kherli,Municipality,"87, 112, 117",Alwar | Rajsamand | Udaipur,AMBIGUOUS MATCH
8,248703,Kaman,Town Panchayat,"98, 112, 117, 767",Dholpur | Rajsamand | Udaipur | Deeg,AMBIGUOUS MATCH
8,248704,Nagar,Town Panchayat,"98, 112, 117, 767",Dholpur | Rajsamand | Udaipur | Deeg,AMBIGUOUS MATCH
8,248705,Deeg,Municipality,"91, 112, 117, 767, 774",Bharatpur | Rajsamand | Udaipur | Deeg | Beawar,AMBIGUOUS MATCH
8,248706,Nadbai,Municipality,"91, 112, 117, 767",Bharatpur | Rajsamand | Udaipur | Deeg,AMBIGUOUS MATCH
8,248707,Kumher,Town Panchayat,"98, 112, 117, 767",Dholpur | Rajsamand | Udaipur | Deeg,AMBIGUOUS MATCH
8,248708,Bharatpur,Municipal Corporations,"91, 767",Bharatpur | Deeg,FULL MATCH
8,248709,Bhusawar,Town Panchayat,"91, 98, 112, 117",Bharatpur | Dholpur | Rajsamand | Udaipur,AMBIGUOUS MATCH
8,248710,Weir,Town Panchayat,"91, 98, 112, 117",Bharatpur | Dholpur | Rajsamand | Udaipur,AMBIGUOUS MATCH
8,248711,Bayana,Town Panchayat,"91, 98, 112, 117",Bharatpur | Dholpur | Rajsamand | Udaipur,AMBIGUOUS MATCH
8,248712,Bari,Town Panchayat,"98, 112, 117",Dholpur | Rajsamand | Udaipur,AMBIGUOUS MATCH
8,248713,Dhaulpur,Municipality,"98, 112, 117, 774",Dholpur | Rajsamand | Udaipur | Beawar,AMBIGUOUS MATCH
8,248714,Rajakhera,Town Panchayat,"98, 112, 117",Dholpur | Rajsamand | Udaipur,AMBIGUOUS MATCH
8,248715,Todabhim,Municipality,"108, 112, 117",Karauli | Rajsamand | Udaipur,AMBIGUOUS MATCH
8,248716,Hindaun City,Municipality,"108, 112, 117, 774",Karauli | Rajsamand | Udaipur | Beawar,AMBIGUOUS MATCH
8,248717,Karauli,Municipality,"108, 112, 117, 774",Karauli | Rajsamand | Udaipur | Beawar,AMBIGUOUS MATCH
8,248718,Gangapur City,Municipality,"112, 113, 117, 774",Rajsamand | Sawai Madhopur | Udaipur | Beawar,AMBIGUOUS MATCH
8,248720,Sawai Madhopur,Municipality,"112, 113, 117, 774",Rajsamand | Sawai Madhopur | Udaipur | Beawar,AMBIGUOUS MATCH
8,248722,Bandikui,Municipality,"97, 112, 117",Dausa | Rajsamand | Udaipur,AMBIGUOUS MATCH
8,248725,Dausa,Municipality,"97, 102, 112, 117, 774",Dausa | Jaipur | Rajsamand | Udaipur | Beawar,AMBIGUOUS MATCH
8,248726,Lalsot,Municipality,"97, 112, 117",Dausa | Rajsamand | Udaipur,AMBIGUOUS MATCH
8,248727,Kotputli,Municipality,"112, 117, 774, 782",Rajsamand | Udaipur | Beawar | Kotputli-Behror,AMBIGUOUS MATCH
8,248728,Viratnagar,Town Panchayat,"98, 112, 117, 782",Dholpur | Rajsamand | Udaipur | Kotputli-Behror,AMBIGUOUS MATCH
8,248729,Shahpura,Municipality,"102, 112, 117, 782",Jaipur | Rajsamand | Udaipur | Kotputli-Behror,AMBIGUOUS MATCH
8,248730,Chomu,Town Panchayat,"98, 102, 112, 117",Dholpur | Jaipur | Rajsamand | Udaipur,AMBIGUOUS MATCH
8,248731,Kishangarh Renwal,Town Panchayat,"98, 102, 112, 117",Dholpur | Jaipur | Rajsamand | Udaipur,AMBIGUOUS MATCH
8,248732,Jobner,Town Panchayat,"98, 102, 112, 117",Dholpur | Jaipur | Rajsamand | Udaipur,AMBIGUOUS MATCH
8,248733,Sambhar,Town Panchayat,"98, 102, 112, 117",Dholpur | Jaipur | Rajsamand | Udaipur,AMBIGUOUS MATCH
8,248734,Phulera,Town Panchayat,"98, 102, 112, 117",Dholpur | Jaipur | Rajsamand | Udaipur,AMBIGUOUS MATCH
8,248735,Bagru,Town Panchayat,"98, 102, 112, 117",Dholpur | Jaipur | Rajsamand | Udaipur,AMBIGUOUS MATCH
8,248736,Jaipur Heritage,Municipal Corporations,102,Jaipur,AMBIGUOUS MATCH
8,248737,Chaksu,Town Panchayat,"98, 102, 112, 117",Dholpur | Jaipur | Rajsamand | Udaipur,AMBIGUOUS MATCH
8,248738,Ramgarh,Town Panchayat,"98, 112, 114, 117",Dholpur | Rajsamand | Sikar | Udaipur,AMBIGUOUS MATCH
8,248739,Fatehpur,Town Panchayat,"98, 112, 114, 117",Dholpur | Rajsamand | Sikar | Udaipur,AMBIGUOUS MATCH
8,248740,Lachhmangarh,Municipality,"112, 114, 117",Rajsamand | Sikar | Udaipur,AMBIGUOUS MATCH
8,248741,Sikar,Municipality,"112, 114, 117, 774",Rajsamand | Sikar | Udaipur | Beawar,AMBIGUOUS MATCH
8,248742,Losal,Municipality,"112, 114, 117",Rajsamand | Sikar | Udaipur,AMBIGUOUS MATCH
8,248743,Khandela,Municipality,"112, 114, 117",Rajsamand | Sikar | Udaipur,AMBIGUOUS MATCH
8,248744,Sri Madhopur,Municipality,"112, 114, 117",Rajsamand | Sikar | Udaipur,AMBIGUOUS MATCH
8,248745,Reengus,Town Panchayat,"98, 112, 114, 117",Dholpur | Rajsamand | Sikar | Udaipur,AMBIGUOUS MATCH
8,248746,Neem-Ka-Thana,Municipality,"112, 114, 117",Rajsamand | Sikar | Udaipur,AMBIGUOUS MATCH
8,248747,Ladnu,Town Panchayat,"98, 112, 117, 768",Dholpur | Rajsamand | Udaipur | Didwana-Kuchaman,AMBIGUOUS MATCH
8,248748,Didwana,Town Panchayat,"97, 98, 112, 117, 768",Dausa | Dholpur | Rajsamand | Udaipur | Didwana-Kuchaman,AMBIGUOUS MATCH
8,248749,Nagaur,Municipality,"110, 112, 117, 768, 774",Nagaur | Rajsamand | Udaipur | Didwana-Kuchaman | Beawar,AMBIGUOUS MATCH
8,248751,Mundwa,Town Panchayat,"98, 110, 112, 117",Dholpur | Nagaur | Rajsamand | Udaipur,AMBIGUOUS MATCH
8,248752,Kuchera,Town Panchayat,"98, 110, 112, 117",Dholpur | Nagaur | Rajsamand | Udaipur,AMBIGUOUS MATCH
8,248753,Merta City,Town Panchayat,"98, 110, 112, 117",Dholpur | Nagaur | Rajsamand | Udaipur,AMBIGUOUS MATCH
8,248755,Parbatsar,Town Panchayat,"98, 110, 112, 117, 768",Dholpur | Nagaur | Rajsamand | Udaipur | Didwana-Kuchaman,AMBIGUOUS MATCH
8,248756,Makrana,Municipality,"112, 117, 768, 774",Rajsamand | Udaipur | Didwana-Kuchaman | Beawar,AMBIGUOUS MATCH
8,248757,Kuchaman City,Town Panchayat,"98, 112, 117, 768",Dholpur | Rajsamand | Udaipur | Didwana-Kuchaman,AMBIGUOUS MATCH
8,248758,Nawa,Town Panchayat,"98, 112, 117, 768",Dholpur | Rajsamand | Udaipur | Didwana-Kuchaman,AMBIGUOUS MATCH
8,248759,Phalodi,Town Panchayat,"98, 103, 112, 117, 772",Dholpur | Jaisalmer | Rajsamand | Udaipur | Phalodi,AMBIGUOUS MATCH
8,248760,Jodhpur-South,Municipal Corporations,107,Jodhpur,AMBIGUOUS MATCH
8,248761,Pipar City,Town Panchayat,"98, 107, 112, 117",Dholpur | Jodhpur | Rajsamand | Udaipur,AMBIGUOUS MATCH
8,248762,Bilara,Town Panchayat,"98, 107, 112, 117",Dholpur | Jodhpur | Rajsamand | Udaipur,AMBIGUOUS MATCH
8,248763,Jaisalmer,Municipality,"103, 112, 117, 772, 774",Jaisalmer | Rajsamand | Udaipur | Phalodi | Beawar,AMBIGUOUS MATCH
8,248764,Pokaran,Town Panchayat,"98, 103, 112, 117, 772",Dholpur | Jaisalmer | Rajsamand | Udaipur | Phalodi,AMBIGUOUS MATCH
8,248765,Balotra,Municipality,"112, 117, 774, 775",Rajsamand | Udaipur | Beawar | Balotra,AMBIGUOUS MATCH
8,248766,Barmer,Municipality,"90, 112, 117, 774",Barmer | Rajsamand | Udaipur | Beawar,AMBIGUOUS MATCH
8,248767,Jalore,Municipality,"104, 112, 117, 774",Jalore | Rajsamand | Udaipur | Beawar,AMBIGUOUS MATCH
8,248768,Bhinmal,Town Panchayat,"98, 104, 112, 117",Dholpur | Jalore | Rajsamand | Udaipur,AMBIGUOUS MATCH
8,248769,Sanchore,Town Panchayat,"98, 104, 112, 117",Dholpur | Jalore | Rajsamand | Udaipur,AMBIGUOUS MATCH
8,248770,Sheoganj,Town Panchayat,"98, 112, 115, 117",Dholpur | Rajsamand | Sirohi | Udaipur,AMBIGUOUS MATCH
8,248771,Sirohi,Municipality,"112, 115, 117, 774",Rajsamand | Sirohi | Udaipur | Beawar,AMBIGUOUS MATCH
8,248773,Mount Abu,Town Panchayat,"98, 112, 115, 117",Dholpur | Rajsamand | Sirohi | Udaipur,AMBIGUOUS MATCH
8,248774,Abu Road,Town Panchayat,"98, 112, 115, 117",Dholpur | Rajsamand | Sirohi | Udaipur,AMBIGUOUS MATCH
8,248775,Jaitaran,Town Panchayat,"98, 112, 117, 774",Dholpur | Rajsamand | Udaipur | Beawar,AMBIGUOUS MATCH
8,248776,Sojat,Town Panchayat,"98, 111, 112, 117",Dholpur | Pali | Rajsamand | Udaipur,AMBIGUOUS MATCH
8,248778,Pali,Municipal Corporations,"111, 112, 117, 774",Pali | Rajsamand | Udaipur | Beawar,AMBIGUOUS MATCH
8,248780,Rani,Town Panchayat,"98, 111, 112, 117",Dholpur | Pali | Rajsamand | Udaipur,AMBIGUOUS MATCH
8,248781,Sadri,Town Panchayat,"98, 111, 112, 117",Dholpur | Pali | Rajsamand | Udaipur,AMBIGUOUS MATCH
8,248782,Takhatgarh,Town Panchayat,"98, 111, 112, 117",Dholpur | Pali | Rajsamand | Udaipur,AMBIGUOUS MATCH
8,248783,Sumerpur,Municipality,"111, 112, 117",Pali | Rajsamand | Udaipur,AMBIGUOUS MATCH
8,248784,Falna,Town Panchayat,"98, 111, 112, 117",Dholpur | Pali | Rajsamand | Udaipur,AMBIGUOUS MATCH
8,248785,Bali,Town Panchayat,"98, 111, 112, 117",Dholpur | Pali | Rajsamand | Udaipur,AMBIGUOUS MATCH
8,248786,Kishangarh,Municipality,"86, 112, 117, 774",Ajmer | Rajsamand | Udaipur | Beawar,AMBIGUOUS MATCH
8,248787,Pushkar,Municipality,"86, 112, 117",Ajmer | Rajsamand | Udaipur,AMBIGUOUS MATCH
8,248788,Ajmer,Municipal Corporations,86,Ajmer,AMBIGUOUS MATCH
8,248790,Beawar,Municipality,"112, 117, 774",Rajsamand | Udaipur | Beawar,AMBIGUOUS MATCH
8,248791,Vijainagar,Municipality,"86, 112, 117, 774",Ajmer | Rajsamand | Udaipur | Beawar,AMBIGUOUS MATCH
8,248792,Sarwar,Town Panchayat,"86, 98, 112, 117",Ajmer | Dholpur | Rajsamand | Udaipur,AMBIGUOUS MATCH
8,248793,Kekri,Town Panchayat,"86, 98, 112, 117",Ajmer | Dholpur | Rajsamand | Udaipur,AMBIGUOUS MATCH
8,248794,Malpura,Municipality,"112, 116, 117",Rajsamand | Tonk | Udaipur,AMBIGUOUS MATCH
8,248796,Niwai,Town Panchayat,"98, 112, 116, 117",Dholpur | Rajsamand | Tonk | Udaipur,AMBIGUOUS MATCH
8,248797,Tonk,Municipality,"112, 116, 117, 774",Rajsamand | Tonk | Udaipur | Beawar,AMBIGUOUS MATCH
8,248798,Todaraisingh,Town Panchayat,"98, 112, 116, 117",Dholpur | Rajsamand | Tonk | Udaipur,AMBIGUOUS MATCH
8,248799,Deoli,Municipality,"112, 116, 117",Rajsamand | Tonk | Udaipur,AMBIGUOUS MATCH
8,248800,Uniara,Town Panchayat,"94, 98, 112, 116, 117",Bundi | Dholpur | Rajsamand | Tonk | Udaipur,AMBIGUOUS MATCH
8,248801,Nainwa,Town Panchayat,"94, 98, 112, 117",Bundi | Dholpur | Rajsamand | Udaipur,AMBIGUOUS MATCH
8,248802,Indragarh,Town Panchayat,"94, 98, 112, 117",Bundi | Dholpur | Rajsamand | Udaipur,AMBIGUOUS MATCH
8,248803,Lakheri,Town Panchayat,"94, 98, 112, 117",Bundi | Dholpur | Rajsamand | Udaipur,AMBIGUOUS MATCH
8,248804,Kaprain,Town Panchayat,"94, 98, 112, 117",Bundi | Dholpur | Rajsamand | Udaipur,AMBIGUOUS MATCH
8,248805,Keshoraipatan,Town Panchayat,"94, 98, 112, 117",Bundi | Dholpur | Rajsamand | Udaipur,AMBIGUOUS MATCH
8,248806,Bundi,Municipality,"94, 112, 117, 774",Bundi | Rajsamand | Udaipur | Beawar,AMBIGUOUS MATCH
8,248808,Asind,Town Panchayat,"92, 98, 112, 117, 774",Bhilwara | Dholpur | Rajsamand | Udaipur | Beawar,AMBIGUOUS MATCH
8,248809,Gulabpura,Town Panchayat,"92, 98, 112, 117",Bhilwara | Dholpur | Rajsamand | Udaipur,AMBIGUOUS MATCH
8,248811,Gangapur,Town Panchayat,"92, 98, 112, 117",Bhilwara | Dholpur | Rajsamand | Udaipur,AMBIGUOUS MATCH
8,248812,Bhilwara,Municipal Corporations,"92, 112, 117, 774",Bhilwara | Rajsamand | Udaipur | Beawar,AMBIGUOUS MATCH
8,248813,Jahazpur,Town Panchayat,"92, 98, 112, 117",Bhilwara | Dholpur | Rajsamand | Udaipur,AMBIGUOUS MATCH
8,248814,Mandalgarh,Town Panchayat,"92, 98, 112, 117",Bhilwara | Dholpur | Rajsamand | Udaipur,AMBIGUOUS MATCH
8,248816,Deogarh,Town Panchayat,"98, 112, 117, 774",Dholpur | Rajsamand | Udaipur | Beawar,AMBIGUOUS MATCH
8,248817,Amet,Town Panchayat,"98, 112, 117",Dholpur | Rajsamand | Udaipur,AMBIGUOUS MATCH
8,248818,Rajsamand,Municipality,"112, 117, 774",Rajsamand | Udaipur | Beawar,AMBIGUOUS MATCH
8,248820,Nathdwara,Town Panchayat,"98, 112, 117",Dholpur | Rajsamand | Udaipur,AMBIGUOUS MATCH
8,248821,Fatehnagar,Town Panchayat,"98, 109, 112, 117",Dholpur | Kota | Rajsamand | Udaipur,AMBIGUOUS MATCH
8,248822,Udaipur,Municipal Corporations,"109, 112, 117, 774, 777",Kota | Rajsamand | Udaipur | Beawar | Salumbar,AMBIGUOUS MATCH
8,248823,Bhinder,Town Panchayat,"98, 112, 117, 777",Dholpur | Rajsamand | Udaipur | Salumbar,AMBIGUOUS MATCH
8,248824,Kanor,Town Panchayat,"98, 112, 117, 777",Dholpur | Rajsamand | Udaipur | Salumbar,AMBIGUOUS MATCH
8,248826,Salumbar,Municipality,117,Udaipur,FULL MATCH
8,248831,Dungarpur,Municipality,"99, 112, 117, 774",Dungarpur | Rajsamand | Udaipur | Beawar,AMBIGUOUS MATCH
8,248832,Sagwara,Town Panchayat,"98, 99, 112, 117",Dholpur | Dungarpur | Rajsamand | Udaipur,AMBIGUOUS MATCH
8,248835,Banswara,Municipality,"88, 112, 117, 774",Banswara | Rajsamand | Udaipur | Beawar,AMBIGUOUS MATCH
8,248836,Kushalgarh,Town Panchayat,"88, 98, 112, 117",Banswara | Dholpur | Rajsamand | Udaipur,AMBIGUOUS MATCH
8,248837,Begun,Town Panchayat,"95, 98, 112, 117",Chittorgarh | Dholpur | Rajsamand | Udaipur,AMBIGUOUS MATCH
8,248838,Rawatbhata,Municipality,"95, 112, 117",Chittorgarh | Rajsamand | Udaipur,AMBIGUOUS MATCH
8,248839,Chittorgarh,Municipality,"95, 112, 117, 774",Chittorgarh | Rajsamand | Udaipur | Beawar,AMBIGUOUS MATCH
8,248840,Kapasan,Town Panchayat,"95, 98, 112, 117",Chittorgarh | Dholpur | Rajsamand | Udaipur,AMBIGUOUS MATCH
8,248841,Nimbahera,Town Panchayat,"95, 98, 112, 117",Chittorgarh | Dholpur | Rajsamand | Udaipur,AMBIGUOUS MATCH
8,248842,Chhoti Sadri,Town Panchayat,"98, 112, 117, 629",Dholpur | Rajsamand | Udaipur | Pratapgarh,AMBIGUOUS MATCH
8,248843,Bari Sadri,Town Panchayat,"95, 98, 112, 117, 629",Chittorgarh | Dholpur | Rajsamand | Udaipur | Pratapgarh,AMBIGUOUS MATCH
8,248844,Pratapgarh,Municipality,"87, 112, 117, 629, 774",Alwar | Rajsamand | Udaipur | Pratapgarh | Beawar,AMBIGUOUS MATCH
8,248845,Kota-South,Municipal Corporations,109,Kota,FULL MATCH
8,248847,Kaithoon,Town Panchayat,"98, 109, 112, 117",Dholpur | Kota | Rajsamand | Udaipur,AMBIGUOUS MATCH
8,248851,Ramganj Mandi,Town Panchayat,"98, 109, 112, 117",Dholpur | Kota | Rajsamand | Udaipur,AMBIGUOUS MATCH
8,248855,Sangod,Town Panchayat,"98, 109, 112, 117",Dholpur | Kota | Rajsamand | Udaipur,AMBIGUOUS MATCH
8,248856,Mangrol,Town Panchayat,"89, 98, 112, 117",Baran | Dholpur | Rajsamand | Udaipur,AMBIGUOUS MATCH
8,248857,Anta,Town Panchayat,"89, 98, 109, 112, 117",Baran | Dholpur | Kota | Rajsamand | Udaipur,AMBIGUOUS MATCH
8,248858,Baran,Municipality,"89, 109, 112, 117, 774",Baran | Kota | Rajsamand | Udaipur | Beawar,AMBIGUOUS MATCH
8,248860,Chhabra,Town Panchayat,"89, 98, 112, 117",Baran | Dholpur | Rajsamand | Udaipur,AMBIGUOUS MATCH
8,248862,Jhalawar,Municipality,"105, 112, 117, 774",Jhalawar | Rajsamand | Udaipur | Beawar,AMBIGUOUS MATCH
8,248863,Jhalrapatan,Municipality,"105, 112, 117",Jhalawar | Rajsamand | Udaipur,AMBIGUOUS MATCH
8,248865,Aklera,Town Panchayat,"98, 105, 112, 117",Dholpur | Jhalawar | Rajsamand | Udaipur,AMBIGUOUS MATCH
8,248867,Bhawani Mandi,Town Panchayat,"98, 105, 112, 117",Dholpur | Jhalawar | Rajsamand | Udaipur,AMBIGUOUS MATCH
8,248868,Pirawa,Town Panchayat,"98, 105, 112, 117",Dholpur | Jhalawar | Rajsamand | Udaipur,AMBIGUOUS MATCH
9,248870,Behat,Town Panchayat,177,Saharanpur,FULL MATCH
9,248873,Saharanpur,Municipal Corporations,177,Saharanpur,FULL MATCH
9,248874,Sultanpur Chilkana,Town Panchayat,177,Saharanpur,FULL MATCH
9,248875,Sarsawan,Municipality,177,Saharanpur,FULL MATCH
9,248876,Nakur,Municipality,177,Saharanpur,FULL MATCH
9,248877,Ambehta,Town Panchayat,177,Saharanpur,FULL MATCH
9,248878,Gangoh,Municipality,177,Saharanpur,FULL MATCH
9,248879,Titron,Town Panchayat,177,Saharanpur,FULL MATCH
9,248880,Nanauta,Town Panchayat,177,Saharanpur,FULL MATCH
9,248881,Rampur Maniharan,Town Panchayat,177,Saharanpur,FULL MATCH
9,248882,Deoband,Municipality,177,Saharanpur,FULL MATCH
9,248883,Unn,Town Panchayat,660,Shamli,FULL MATCH
9,248884,Jhinjhana,Town Panchayat,660,Shamli,FULL MATCH
9,248885,Kairana,Municipality,"172, 660",Muzaffarnagar | Shamli,FULL MATCH
9,248886,Kandhla,Municipality,"172, 660",Muzaffarnagar | Shamli,FULL MATCH
9,248887,Ailum,Town Panchayat,"172, 660",Muzaffarnagar | Shamli,FULL MATCH
9,248888,Shamli,Municipality,"172, 660",Muzaffarnagar | Shamli,FULL MATCH
9,248889,Banat,Town Panchayat,"172, 660",Muzaffarnagar | Shamli,FULL MATCH
9,248890,Garhi Pukhta,Town Panchayat,"172, 660",Muzaffarnagar | Shamli,FULL MATCH
9,248891,Thana Bhawan,Town Panchayat,660,Shamli,FULL MATCH
9,248892,Jalalabad(Bijnor),Town Panchayat,"50, 132",Haridwar | Bijnor,FULL MATCH
9,248893,Purquazi,Town Panchayat,172,Muzaffarnagar,FULL MATCH
9,248894,Charthaval,Town Panchayat,172,Muzaffarnagar,FULL MATCH
9,248895,Muzaffarnagar,Municipality,172,Muzaffarnagar,FULL MATCH
9,248896,Sisauli,Town Panchayat,"172, 660",Muzaffarnagar | Shamli,FULL MATCH
9,248897,Budhana,Town Panchayat,172,Muzaffarnagar,FULL MATCH
9,248898,Shahpur,Town Panchayat,172,Muzaffarnagar,FULL MATCH
9,248899,Khatauli,Municipality,172,Muzaffarnagar,FULL MATCH
9,248901,Jansath,Town Panchayat,"172, 660",Muzaffarnagar | Shamli,FULL MATCH
9,248902,Bhokarhedi,Town Panchayat,172,Muzaffarnagar,FULL MATCH
9,248903,Meerapur,Town Panchayat,"172, 660",Muzaffarnagar | Shamli,FULL MATCH
9,248904,Sahanpur,Town Panchayat,132,Bijnor,FULL MATCH
9,248905,Najibabad,Municipality,"50, 132",Haridwar | Bijnor,FULL MATCH
9,248907,Jalalabad(Shamli),Town Panchayat,"172, 660",Muzaffarnagar | Shamli,FULL MATCH
9,248908,Kiratpur,Municipality,132,Bijnor,FULL MATCH
9,248909,Mandawar,Town Panchayat,132,Bijnor,FULL MATCH
9,248910,Bijnor,Municipality,132,Bijnor,FULL MATCH
9,248913,Jhalu,Town Panchayat,132,Bijnor,FULL MATCH
9,248914,Haldaur,Municipality,132,Bijnor,FULL MATCH
9,248915,Nagina,Municipality,132,Bijnor,FULL MATCH
9,248916,Warhapur,Town Panchayat,132,Bijnor,FULL MATCH
9,248917,Afzalgarh,Municipality,132,Bijnor,FULL MATCH
9,248918,Sherkot,Municipality,132,Bijnor,FULL MATCH
9,248919,Dhampur,Municipality,132,Bijnor,FULL MATCH
9,248920,Nehtaur,Municipality,132,Bijnor,FULL MATCH
9,248921,Seohara,Municipality,132,Bijnor,FULL MATCH
9,248922,Sahaspur,Town Panchayat,132,Bijnor,FULL MATCH
9,248923,Noorpur,Municipality,132,Bijnor,FULL MATCH
9,248924,Chandpur,Municipality,132,Bijnor,FULL MATCH
9,248925,Thakurdwara,Municipality,171,Moradabad,FULL MATCH
9,248926,Kanth(Moradabad),Town Panchayat,"154, 171",Amroha | Moradabad,FULL MATCH
9,248927,Umri Kalan,Town Panchayat,"154, 171",Amroha | Moradabad,FULL MATCH
9,248928,Bhojpur Dharampur,Town Panchayat,171,Moradabad,FULL MATCH
9,248929,Moradabad,Municipal Corporations,"154, 171",Amroha | Moradabad,FULL MATCH
9,248930,Kundarki,Town Panchayat,171,Moradabad,FULL MATCH
9,248931,Bilari,Municipality,"171, 659",Moradabad | Sambhal,FULL MATCH
9,248933,Sirsi,Town Panchayat,"171, 659",Moradabad | Sambhal,FULL MATCH
9,248934,Sambhal,Municipality,659,Sambhal,FULL MATCH
9,248935,Bahjoi,Municipality,659,Sambhal,FULL MATCH
9,248936,Narauli,Town Panchayat,"171, 659",Moradabad | Sambhal,FULL MATCH
9,248937,Chandausi,Municipality,659,Sambhal,FULL MATCH
9,248938,Maswasi,Town Panchayat,176,Rampur,FULL MATCH
9,248939,Suar,Municipality,176,Rampur,FULL MATCH
9,248940,Tanda,Municipality,121,Ambedkar Nagar,FULL MATCH
9,248941,Bilaspur,Municipality,176,Rampur,FULL MATCH
9,248942,Kemri,Town Panchayat,,,NO MATCH
9,248943,Rampur,Municipality,176,Rampur,FULL MATCH
9,248944,Shahbad,Town Panchayat,176,Rampur,FULL MATCH
9,248945,Milak,Municipality,176,Rampur,FULL MATCH
9,248946,Dhanaura,Municipality,154,Amroha,FULL MATCH
9,248947,Bachhraon,Municipality,154,Amroha,FULL MATCH
9,248949,Naugawan Sadat,Town Panchayat,154,Amroha,FULL MATCH
9,248950,Amroha,Municipality,"154, 176",Amroha | Rampur,FULL MATCH
9,248951,Joya,Town Panchayat,"154, 659",Amroha | Sambhal,FULL MATCH
9,248952,Hasanpur,Municipality,154,Amroha,FULL MATCH
9,248953,Ujhari,Town Panchayat,"154, 659",Amroha | Sambhal,FULL MATCH
9,248954,Karnawal,Town Panchayat,169,Meerut,FULL MATCH
9,248955,Sardhana,Municipality,169,Meerut,FULL MATCH
9,248956,Daurala,Town Panchayat,169,Meerut,FULL MATCH
9,248957,Lawar,Town Panchayat,169,Meerut,FULL MATCH
9,248958,Phalauda,Town Panchayat,169,Meerut,FULL MATCH
9,248959,Bahsuma,Town Panchayat,169,Meerut,FULL MATCH
9,248960,Hastinapur,Town Panchayat,169,Meerut,FULL MATCH
9,248961,Mawana,Municipality,169,Meerut,FULL MATCH
9,248962,Parikshitgarh,Town Panchayat,169,Meerut,FULL MATCH
9,248963,Kithaur,Town Panchayat,169,Meerut,FULL MATCH
9,248964,Meerut,Municipal Corporations,169,Meerut,FULL MATCH
9,248967,Sewalkhas,Town Panchayat,169,Meerut,FULL MATCH
9,248968,Kharkhoda,Town Panchayat,169,Meerut,FULL MATCH
9,248969,Chhaprauli,Town Panchayat,124,Baghpat,FULL MATCH
9,248970,Tikri,Town Panchayat,124,Baghpat,FULL MATCH
9,248971,Doghat,Town Panchayat,124,Baghpat,FULL MATCH
9,248972,Baraut,Municipality,124,Baghpat,FULL MATCH
9,248973,Baghpat,Municipality,124,Baghpat,FULL MATCH
9,248974,Agarwal Mandi,Town Panchayat,124,Baghpat,FULL MATCH
9,248975,Aminagar Sarai,Town Panchayat,124,Baghpat,FULL MATCH
9,248977,Patla,Town Panchayat,145,Ghaziabad,FULL MATCH
9,248978,Niwari,Town Panchayat,145,Ghaziabad,FULL MATCH
9,248981,Modinagar,Municipality,145,Ghaziabad,FULL MATCH
9,248982,Faridnagar,Town Panchayat,145,Ghaziabad,FULL MATCH
9,248983,Muradnagar,Municipality,"145, 661",Ghaziabad | Hapur,FULL MATCH
9,248985,Loni,Municipality,145,Ghaziabad,FULL MATCH
9,248988,Ghaziabad,Municipal Corporations,145,Ghaziabad,FULL MATCH
9,248989,Dasna,Town Panchayat,"145, 661",Ghaziabad | Hapur,FULL MATCH
9,248990,Pilkhuwa,Municipality,"145, 661",Ghaziabad | Hapur,FULL MATCH
9,248991,Hapur,Municipality,661,Hapur,FULL MATCH
9,248992,Babugarh,Town Panchayat,"145, 661",Ghaziabad | Hapur,FULL MATCH
9,248993,Garhmukteshwar,Municipality,661,Hapur,FULL MATCH
9,248996,Dadri,Municipality,144,Gautam Buddha Nagar,FULL MATCH
9,248997,Bilaspur,Town Panchayat,176,Rampur,FULL MATCH
9,248998,Dankaur,Town Panchayat,144,Gautam Buddha Nagar,FULL MATCH
9,248999,Kakod,Town Panchayat,"134, 144",Bulandshahr | Gautam Buddha Nagar,FULL MATCH
9,249000,Rabupura,Town Panchayat,144,Gautam Buddha Nagar,FULL MATCH
9,249001,Jahangirpur,Town Panchayat,"134, 144",Bulandshahr | Gautam Buddha Nagar,FULL MATCH
9,249002,Jewar,Town Panchayat,144,Gautam Buddha Nagar,FULL MATCH
9,249003,Sikandrabad,Municipality,"134, 144",Bulandshahr | Gautam Buddha Nagar,FULL MATCH
9,249004,Aurangabad,Town Panchayat,"138, 633",Etah | Kasganj,FULL MATCH
9,249005,Bulandshahr,Municipality,134,Bulandshahr,FULL MATCH
9,249006,Gulaothi,Municipality,"134, 144",Bulandshahr | Gautam Buddha Nagar,FULL MATCH
9,249007,Bhawan Bahadur Nagar,Town Panchayat,134,Bulandshahr,FULL MATCH
9,249008,Siana,Municipality,134,Bulandshahr,FULL MATCH
9,249009,Bugrasi,Town Panchayat,134,Bulandshahr,FULL MATCH
9,249010,Khanpur,Town Panchayat,134,Bulandshahr,FULL MATCH
9,249011,Anupshahr,Municipality,134,Bulandshahr,FULL MATCH
9,249012,Jahangirabad,Municipality,134,Bulandshahr,FULL MATCH
9,249013,Debai,Municipality,134,Bulandshahr,FULL MATCH
9,249014,Naraura,Town Panchayat,134,Bulandshahr,FULL MATCH
9,249015,Shikarpur,Municipality,134,Bulandshahr,FULL MATCH
9,249016,Pahasu,Town Panchayat,"134, 144",Bulandshahr | Gautam Buddha Nagar,FULL MATCH
9,249017,Chhatari,Town Panchayat,134,Bulandshahr,FULL MATCH
9,249018,Khurja,Municipality,134,Bulandshahr,FULL MATCH
9,249019,Jatari,Town Panchayat,119,Aligarh,FULL MATCH
9,249020,Khair,Municipality,119,Aligarh,FULL MATCH
9,249022,Atrauli,Municipality,119,Aligarh,FULL MATCH
9,249023,Chharra Rafatpur,Town Panchayat,119,Aligarh,FULL MATCH
9,249024,Harduaganj,Town Panchayat,"119, 163",Aligarh | Hathras,FULL MATCH
9,249025,Aligarh,Municipal Corporations,119,Aligarh,FULL MATCH
9,249026,Jalali,Town Panchayat,119,Aligarh,FULL MATCH
9,249027,Kauriaganj,Town Panchayat,"119, 163",Aligarh | Hathras,FULL MATCH
9,249028,Pilkhana,Town Panchayat,119,Aligarh,FULL MATCH
9,249029,Vijaigarh,Town Panchayat,,,NO MATCH
9,249030,Iglas,Town Panchayat,119,Aligarh,FULL MATCH
9,249031,Beswan,Town Panchayat,119,Aligarh,FULL MATCH
9,249032,Sasni,Town Panchayat,"119, 163",Aligarh | Hathras,FULL MATCH
9,249033,Sikandra Rao,Municipality,"119, 163",Aligarh | Hathras,FULL MATCH
9,249034,Purdilnagar,Town Panchayat,163,Hathras,FULL MATCH
9,249035,Hasayan,Town Panchayat,163,Hathras,FULL MATCH
9,249036,Mendu,Town Panchayat,163,Hathras,FULL MATCH
9,249037,Hathras,Municipality,"119, 163",Aligarh | Hathras,FULL MATCH
9,249038,Mursan,Town Panchayat,119,Aligarh,FULL MATCH
9,249039,Sadabad,Town Panchayat,163,Hathras,FULL MATCH
9,249040,Sahpau,Town Panchayat,163,Hathras,FULL MATCH
9,249041,Kosi Kalan,Municipality,167,Mathura,FULL MATCH
9,249042,Nandgaon,Town Panchayat,167,Mathura,FULL MATCH
9,249043,Barsana,Town Panchayat,167,Mathura,FULL MATCH
9,249044,Chhata,Town Panchayat,167,Mathura,FULL MATCH
9,249045,Chaumuha,Town Panchayat,167,Mathura,FULL MATCH
9,249046,Bajna,Town Panchayat,167,Mathura,FULL MATCH
9,249047,Raya,Town Panchayat,167,Mathura,FULL MATCH
9,249049,Radhakund,Town Panchayat,167,Mathura,FULL MATCH
9,249050,Govardhan,Town Panchayat,167,Mathura,FULL MATCH
9,249051,Saunkh,Town Panchayat,167,Mathura,FULL MATCH
9,249052,Mathura-Vrindavan,Municipal Corporations,167,Mathura,FULL MATCH
9,249055,Gokul,Town Panchayat,167,Mathura,FULL MATCH
9,249056,Mahaban,Town Panchayat,167,Mathura,FULL MATCH
9,249057,Baldeo,Town Panchayat,167,Mathura,FULL MATCH
9,249058,Farah,Town Panchayat,167,Mathura,FULL MATCH
9,249059,Etmadpur,Municipality,118,Agra,FULL MATCH
9,249060,Dayalbagh,Town Panchayat,118,Agra,FULL MATCH
9,249061,Swamibagh,Town Panchayat,118,Agra,FULL MATCH
9,249062,Agra,Municipal Corporations,118,Agra,AMBIGUOUS MATCH
9,249066,Achhnera,Municipality,118,Agra,FULL MATCH
9,249067,Kiraoli,Town Panchayat,118,Agra,FULL MATCH
9,249068,Fatehpur Sikri,Municipality,118,Agra,FULL MATCH
9,249069,Jagner,Town Panchayat,118,Agra,FULL MATCH
9,249070,Khairragarh,Town Panchayat,118,Agra,FULL MATCH
9,249071,Shamsabad,Municipality,141,Farrukhabad,FULL MATCH
9,249072,Fatehabad,Town Panchayat,118,Agra,FULL MATCH
9,249073,Pinahat,Town Panchayat,118,Agra,FULL MATCH
9,249074,Bah,Municipality,118,Agra,FULL MATCH
9,249075,Tundla,Municipality,143,Firozabad,FULL MATCH
9,249079,Firozabad,Municipal Corporations,143,Firozabad,FULL MATCH
9,249080,Fariha,Town Panchayat,143,Firozabad,FULL MATCH
9,249081,Jasrana,Town Panchayat,143,Firozabad,FULL MATCH
9,249082,Shikohabad,Municipality,143,Firozabad,FULL MATCH
9,249083,Sirsaganj,Municipality,143,Firozabad,FULL MATCH
9,249084,Soron,Municipality,633,Kasganj,FULL MATCH
9,249085,Bilram,Town Panchayat,633,Kasganj,FULL MATCH
9,249086,Kaasganj,Municipality,633,Kasganj,FULL MATCH
9,249087,Sahawar,Town Panchayat,633,Kasganj,FULL MATCH
9,249088,Amanpur,Town Panchayat,633,Kasganj,FULL MATCH
9,249089,Mohanpur,Town Panchayat,633,Kasganj,FULL MATCH
9,249090,Ganj Dundwara,Municipality,633,Kasganj,FULL MATCH
9,249091,Patiyali,Town Panchayat,"138, 633",Etah | Kasganj,FULL MATCH
9,249092,Sidhpura,Town Panchayat,"138, 633",Etah | Kasganj,FULL MATCH
9,249093,Bhargain,Town Panchayat,"138, 633",Etah | Kasganj,FULL MATCH
9,249094,Raja Ka Rampur,Town Panchayat,"138, 633",Etah | Kasganj,FULL MATCH
9,249095,Aliganj,Municipality,"138, 633",Etah | Kasganj,FULL MATCH
9,249096,Jaithara,Town Panchayat,138,Etah,FULL MATCH
9,249097,Sakit,Town Panchayat,138,Etah,FULL MATCH
9,249098,Etah,Municipality,138,Etah,FULL MATCH
9,249099,Marehra,Municipality,"138, 633",Etah | Kasganj,FULL MATCH
9,249100,Nidhauli Kalan,Town Panchayat,138,Etah,FULL MATCH
9,249101,Jalesar,Municipality,138,Etah,FULL MATCH
9,249102,Awagarh,Town Panchayat,138,Etah,FULL MATCH
9,249103,Kuraoli,Town Panchayat,166,Mainpuri,FULL MATCH
9,249104,Jyoti Khuria,Town Panchayat,166,Mainpuri,FULL MATCH
9,249105,Ghiraur,Town Panchayat,"143, 166",Firozabad | Mainpuri,FULL MATCH
9,249106,Mainpuri,Municipality,166,Mainpuri,FULL MATCH
9,249107,Karhal,Town Panchayat,166,Mainpuri,FULL MATCH
9,249108,Bhogaon,Town Panchayat,166,Mainpuri,FULL MATCH
9,249109,Bewar,Town Panchayat,"149, 165, 166",Hamirpur | Mahoba | Mainpuri,AMBIGUOUS MATCH
9,249110,Kusmara,Town Panchayat,166,Mainpuri,FULL MATCH
9,249111,Kishni,Town Panchayat,166,Mainpuri,FULL MATCH
9,249112,Gawan,Town Panchayat,659,Sambhal,FULL MATCH
9,249114,Gunnaur,Town Panchayat,"133, 659",Budaun | Sambhal,FULL MATCH
9,249115,Islamnagar,Town Panchayat,"133, 659",Budaun | Sambhal,FULL MATCH
9,249116,Faizganj,Town Panchayat,133,Budaun,FULL MATCH
9,249117,Mundia,Town Panchayat,133,Budaun,FULL MATCH
9,249118,Bisauli,Municipality,133,Budaun,FULL MATCH
9,249119,Saidpur(Badaun),Town Panchayat,133,Budaun,FULL MATCH
9,249120,Wazirganj,Town Panchayat,147,Gonda,FULL MATCH
9,249121,Rudayan,Town Panchayat,"133, 659",Budaun | Sambhal,FULL MATCH
9,249122,Bilsi,Municipality,"133, 659",Budaun | Sambhal,FULL MATCH
9,249123,Sahaswan,Municipality,"133, 659",Budaun | Sambhal,FULL MATCH
9,249124,Kachhla,Town Panchayat,133,Budaun,FULL MATCH
9,249125,Ujhani,Municipality,133,Budaun,FULL MATCH
9,249126,Budaun,Municipality,133,Budaun,FULL MATCH
9,249127,Kunwargaon,Town Panchayat,133,Budaun,FULL MATCH
9,249128,Gulariya,Town Panchayat,133,Budaun,FULL MATCH
9,249129,Sakhanu,Town Panchayat,133,Budaun,FULL MATCH
9,249130,Kakrala,Municipality,133,Budaun,FULL MATCH
9,249131,Allapur,Town Panchayat,133,Budaun,FULL MATCH
9,249133,Usawan,Town Panchayat,133,Budaun,FULL MATCH
9,249134,Usehat,Town Panchayat,133,Budaun,FULL MATCH
9,249135,Bahedi,Municipality,130,Bareilly,FULL MATCH
9,249136,Faridpur(Bareilly),Town Panchayat,130,Bareilly,FULL MATCH
9,249137,Richha,Town Panchayat,130,Bareilly,FULL MATCH
9,249138,Deoranian,Town Panchayat,130,Bareilly,FULL MATCH
9,249139,Shergarh,Town Panchayat,167,Mathura,FULL MATCH
9,249140,Shishgarh,Town Panchayat,130,Bareilly,FULL MATCH
9,249141,Mirganj,Town Panchayat,130,Bareilly,FULL MATCH
9,249142,Fatehganj Pashchimi,Town Panchayat,130,Bareilly,FULL MATCH
9,249143,Shahi,Town Panchayat,130,Bareilly,FULL MATCH
9,249144,Bisharatganj,Town Panchayat,130,Bareilly,FULL MATCH
9,249145,Aonla,Municipality,130,Bareilly,FULL MATCH
9,249146,Sirauli,Town Panchayat,130,Bareilly,FULL MATCH
9,249147,Dhaura Tanda,Town Panchayat,130,Bareilly,FULL MATCH
9,249149,Bareilly,Municipal Corporations,130,Bareilly,FULL MATCH
9,249151,Thiriya Nizamat Khan,Town Panchayat,130,Bareilly,FULL MATCH
9,249152,Rithora,Town Panchayat,130,Bareilly,FULL MATCH
9,249153,Sainthal,Town Panchayat,130,Bareilly,FULL MATCH
9,249154,Nawabganj(Bareilly),Municipality,130,Bareilly,FULL MATCH
9,249155,Fatehganj Purvi,Town Panchayat,130,Bareilly,FULL MATCH
9,249156,Faridpur,Municipality,130,Bareilly,FULL MATCH
9,249157,Gularia Bhindara,Town Panchayat,173,Pilibhit,FULL MATCH
9,249158,Nyoria Husainpur,Town Panchayat,173,Pilibhit,FULL MATCH
9,249159,Jahanabad,Town Panchayat,173,Pilibhit,FULL MATCH
9,249160,Pilibhit,Municipality,173,Pilibhit,FULL MATCH
9,249161,Barkhera,Town Panchayat,173,Pilibhit,FULL MATCH
9,249162,Bisalpur,Municipality,173,Pilibhit,FULL MATCH
9,249163,Bilsanda,Town Panchayat,173,Pilibhit,FULL MATCH
9,249164,Kalinagar,Town Panchayat,173,Pilibhit,FULL MATCH
9,249165,Puranpur,Municipality,173,Pilibhit,FULL MATCH
9,249166,Khutar,Town Panchayat,180,Shahjahanpur,FULL MATCH
9,249167,Powayan,Municipality,180,Shahjahanpur,FULL MATCH
9,249168,Khudaganj,Town Panchayat,"141, 155, 180",Farrukhabad | Kannauj | Shahjahanpur,AMBIGUOUS MATCH
9,249169,Katra,Town Panchayat,174,Pratapgarh,FULL MATCH
9,249170,Tilhar,Municipality,180,Shahjahanpur,FULL MATCH
9,249173,Kanth(Shahjhanpur),Town Panchayat,180,Shahjahanpur,FULL MATCH
9,249174,Jalalabad,Municipality,"155, 180",Kannauj | Shahjahanpur,AMBIGUOUS MATCH
9,249175,Allahganj,Town Panchayat,180,Shahjahanpur,FULL MATCH
9,249176,Palia Kalan,Municipality,159,Kheri,FULL MATCH
9,249177,Singahi Bhiraura,Town Panchayat,159,Kheri,FULL MATCH
9,249178,Mailani,Town Panchayat,159,Kheri,FULL MATCH
9,249179,Gola Gokarannath,Municipality,"148, 159",Gorakhpur | Kheri,FULL MATCH
9,249180,Mohammadi,Municipality,159,Kheri,FULL MATCH
9,249181,Barbar,Town Panchayat,118,Agra,FULL MATCH
9,249182,Lakhimpur,Municipality,159,Kheri,FULL MATCH
9,249183,Kheri,Town Panchayat,159,Kheri,FULL MATCH
9,249184,Oel Dhakwa,Town Panchayat,159,Kheri,FULL MATCH
9,249185,Dhaurahara,Town Panchayat,159,Kheri,FULL MATCH
9,249186,Maholi,Town Panchayat,183,Sitapur,FULL MATCH
9,249187,Misrikh Cum Neemsar,Municipality,183,Sitapur,FULL MATCH
9,249188,Khairabad,Municipality,183,Sitapur,FULL MATCH
9,249189,Sitapur,Municipality,183,Sitapur,FULL MATCH
9,249190,Hargaon,Town Panchayat,183,Sitapur,FULL MATCH
9,249191,Laharpur,Municipality,183,Sitapur,FULL MATCH
9,249192,Tambaur Cum Ahmadabad,Town Panchayat,183,Sitapur,FULL MATCH
9,249193,Biswan,Municipality,183,Sitapur,FULL MATCH
9,249194,Mahmudabad,Municipality,183,Sitapur,FULL MATCH
9,249195,Paintepur,Town Panchayat,183,Sitapur,FULL MATCH
9,249196,Sidhauli,Town Panchayat,183,Sitapur,FULL MATCH
9,249197,Shahabad,Municipality,150,Hardoi,FULL MATCH
9,249198,Pihani,Municipality,150,Hardoi,FULL MATCH
9,249199,Pali (Hardoi),Town Panchayat,150,Hardoi,FULL MATCH
9,249200,Gopamau,Town Panchayat,150,Hardoi,FULL MATCH
9,249201,Hardoi,Municipality,150,Hardoi,FULL MATCH
9,249202,Sandi,Municipality,150,Hardoi,FULL MATCH
9,249203,Bilgram,Municipality,150,Hardoi,FULL MATCH
9,249204,Madhoganj,Town Panchayat,"150, 174",Hardoi | Pratapgarh,AMBIGUOUS MATCH
9,249205,Mallawan,Municipality,150,Hardoi,FULL MATCH
9,249206,Kursath (Unnao),Town Panchayat,186,Unnao,FULL MATCH
9,249207,Kachhauna Patseni,Town Panchayat,150,Hardoi,FULL MATCH
9,249208,Beniganj,Town Panchayat,150,Hardoi,FULL MATCH
9,249209,Sandila,Municipality,150,Hardoi,FULL MATCH
9,249211,Ganj Muradabad,Town Panchayat,"150, 186",Hardoi | Unnao,FULL MATCH
9,249212,Bangarmau,Municipality,186,Unnao,FULL MATCH
9,249213,Fatehpur Chaurasi,Town Panchayat,186,Unnao,FULL MATCH
9,249214,Ugu,Town Panchayat,186,Unnao,FULL MATCH
9,249215,Safipur,Town Panchayat,186,Unnao,FULL MATCH
9,249216,Kursath (Hardoi),Town Panchayat,150,Hardoi,FULL MATCH
9,249217,Auras,Town Panchayat,186,Unnao,FULL MATCH
9,249218,Hyderabad,Town Panchayat,186,Unnao,FULL MATCH
9,249219,Rasulabaad(Unnao),Town Panchayat,186,Unnao,FULL MATCH
9,249220,Mohan,Town Panchayat,186,Unnao,FULL MATCH
9,249221,Nyotini,Town Panchayat,186,Unnao,FULL MATCH
9,249222,Nawabganj (Unnao),Town Panchayat,186,Unnao,FULL MATCH
9,249223,Unnao,Municipality,186,Unnao,FULL MATCH
9,249226,Purwa,Town Panchayat,186,Unnao,FULL MATCH
9,249227,Maurawan,Town Panchayat,186,Unnao,FULL MATCH
9,249228,Bighapur,Town Panchayat,186,Unnao,FULL MATCH
9,249229,Bhagwant Nagar,Town Panchayat,186,Unnao,FULL MATCH
9,249230,Malihabad,Town Panchayat,162,Lucknow,FULL MATCH
9,249231,Mahona,Town Panchayat,162,Lucknow,FULL MATCH
9,249232,Itaunja,Town Panchayat,162,Lucknow,FULL MATCH
9,249233,Kakori,Town Panchayat,162,Lucknow,FULL MATCH
9,249234,Lucknow,Municipal Corporations,162,Lucknow,AMBIGUOUS MATCH
9,249235,Gosainganj (Ayodhya),Town Panchayat,"121, 140",Ambedkar Nagar | Ayodhya,FULL MATCH
9,249236,Amethi(Lucknow),Town Panchayat,162,Lucknow,FULL MATCH
9,249237,Nagram,Town Panchayat,162,Lucknow,FULL MATCH
9,249238,Bachhrawan,Town Panchayat,175,Rae Bareli,FULL MATCH
9,249239,Maharajganj(Azamgarh),Town Panchayat,123,Azamgarh,FULL MATCH
9,249240,Jais,Municipality,"175, 640",Rae Bareli | Amethi,FULL MATCH
9,249241,Rae Bareli,Municipality,175,Rae Bareli,FULL MATCH
9,249242,Lalganj,Town Panchayat,"123, 131, 170, 175, 178",Azamgarh | Basti | Mirzapur | Rae Bareli | Sant Kabir Nagar,AMBIGUOUS MATCH
9,249243,Dalmau,Town Panchayat,175,Rae Bareli,FULL MATCH
9,249244,Unchahar,Town Panchayat,175,Rae Bareli,FULL MATCH
9,249245,Parsadepur,Town Panchayat,175,Rae Bareli,FULL MATCH
9,249246,Salon,Town Panchayat,175,Rae Bareli,FULL MATCH
9,249247,Kampil,Town Panchayat,141,Farrukhabad,FULL MATCH
9,249248,Kaimganj,Municipality,141,Farrukhabad,FULL MATCH
9,249250,Farrukhabad,Municipality,141,Farrukhabad,FULL MATCH
9,249251,Mohammadabad Gohna,Town Panchayat,168,Mau,FULL MATCH
9,249252,Kamalganj,Town Panchayat,"141, 155",Farrukhabad | Kannauj,FULL MATCH
9,249253,Samdhan,Town Panchayat,155,Kannauj,FULL MATCH
9,249254,Gursahaiganj,Municipality,155,Kannauj,FULL MATCH
9,249255,Sikanderpur (Kannauj),Town Panchayat,155,Kannauj,FULL MATCH
9,249256,Chhibramau,Municipality,155,Kannauj,FULL MATCH
9,249257,Saurikh,Town Panchayat,155,Kannauj,FULL MATCH
9,249258,Talgram,Town Panchayat,155,Kannauj,FULL MATCH
9,249259,Kannauj,Municipality,155,Kannauj,FULL MATCH
9,249260,Tirwaganj,Town Panchayat,155,Kannauj,FULL MATCH
9,249261,Jaswantnagar,Municipality,139,Etawah,FULL MATCH
9,249262,Etawah,Municipality,139,Etawah,FULL MATCH
9,249263,Ekdil,Town Panchayat,139,Etawah,FULL MATCH
9,249264,Bharthana,Municipality,"122, 139",Auraiya | Etawah,FULL MATCH
9,249265,Bakewar,Town Panchayat,139,Etawah,FULL MATCH
9,249266,Lakhna,Town Panchayat,139,Etawah,FULL MATCH
9,249267,Bidhuna,Town Panchayat,122,Auraiya,FULL MATCH
9,249268,Achhalda,Town Panchayat,122,Auraiya,FULL MATCH
9,249269,Babarpur Ajitmal,Town Panchayat,"122, 139",Auraiya | Etawah,FULL MATCH
9,249270,Atasu,Town Panchayat,"122, 139",Auraiya | Etawah,FULL MATCH
9,249271,Phaphund,Town Panchayat,122,Auraiya,FULL MATCH
9,249272,Dibiyapur,Town Panchayat,122,Auraiya,FULL MATCH
9,249273,Auraiya,Municipality,122,Auraiya,FULL MATCH
9,249275,Shivli,Town Panchayat,"156, 157",Kanpur Dehat | Kanpur Nagar,FULL MATCH
9,249276,Rura,Town Panchayat,156,Kanpur Dehat,FULL MATCH
9,249277,Akbarpur,Town Panchayat,121,Ambedkar Nagar,FULL MATCH
9,249279,Pukhrayan,Municipality,156,Kanpur Dehat,FULL MATCH
9,249282,Bilhaur,Municipality,"156, 157, 186",Kanpur Dehat | Kanpur Nagar | Unnao,FULL MATCH
9,249283,Shivrajpur,Town Panchayat,"157, 186",Kanpur Nagar | Unnao,FULL MATCH
9,249285,Bithoor,Town Panchayat,157,Kanpur Nagar,FULL MATCH
9,249286,Kanpur,Municipal Corporations,,,NO MATCH
9,249290,Ghatampur,Municipality,"156, 157",Kanpur Dehat | Kanpur Nagar,FULL MATCH
9,249291,Rampura,Town Panchayat,151,Jalaun,FULL MATCH
9,249292,Umri,Town Panchayat,151,Jalaun,FULL MATCH
9,249293,Madhogarh,Town Panchayat,"151, 161",Jalaun | Lalitpur,FULL MATCH
9,249294,Jalaun,Municipality,151,Jalaun,FULL MATCH
9,249295,Kalpi,Municipality,151,Jalaun,FULL MATCH
9,249296,Kadaura,Town Panchayat,151,Jalaun,FULL MATCH
9,249297,Orai,Municipality,"151, 161",Jalaun | Lalitpur,FULL MATCH
9,249298,Kotra,Town Panchayat,"151, 153",Jalaun | Jhansi,FULL MATCH
9,249299,Konch,Municipality,"151, 153",Jalaun | Jhansi,FULL MATCH
9,249300,Nadigaon,Town Panchayat,151,Jalaun,FULL MATCH
9,249301,Samthar,Municipality,"151, 153",Jalaun | Jhansi,FULL MATCH
9,249302,Moth,Town Panchayat,153,Jhansi,FULL MATCH
9,249303,Chirgaon,Municipality,153,Jhansi,FULL MATCH
9,249304,Erich,Town Panchayat,153,Jhansi,FULL MATCH
9,249305,Gursarai,Municipality,153,Jhansi,FULL MATCH
9,249306,Garautha,Town Panchayat,153,Jhansi,FULL MATCH
9,249307,Tondi Fatehpur,Town Panchayat,153,Jhansi,FULL MATCH
9,249308,Mauranipur,Municipality,153,Jhansi,FULL MATCH
9,249309,Ranipur,Town Panchayat,153,Jhansi,FULL MATCH
9,249310,Kathera,Town Panchayat,153,Jhansi,FULL MATCH
9,249311,Barua Sagar,Municipality,153,Jhansi,FULL MATCH
9,249313,Bada Gaon,Town Panchayat,153,Jhansi,FULL MATCH
9,249314,Jhansi,Municipal Corporations,153,Jhansi,FULL MATCH
9,249317,Talbehat,Town Panchayat,161,Lalitpur,FULL MATCH
9,249318,Lalitpur,Municipality,161,Lalitpur,FULL MATCH
9,249319,Pali (Lalitpur),Town Panchayat,161,Lalitpur,FULL MATCH
9,249320,Mahroni,Town Panchayat,161,Lalitpur,FULL MATCH
9,249321,Kurara,Town Panchayat,149,Hamirpur,FULL MATCH
9,249322,Hamirpur,Municipality,149,Hamirpur,FULL MATCH
9,249323,Sumerpur,Town Panchayat,"149, 165",Hamirpur | Mahoba,FULL MATCH
9,249324,Sarila,Town Panchayat,"149, 165",Hamirpur | Mahoba,FULL MATCH
9,249325,Gohand,Town Panchayat,"149, 165",Hamirpur | Mahoba,FULL MATCH
9,249326,Rath,Municipality,"149, 165",Hamirpur | Mahoba,FULL MATCH
9,249327,Maudaha,Municipality,"128, 149, 165",Banda | Hamirpur | Mahoba,FULL MATCH
9,249328,Kulpahar,Town Panchayat,165,Mahoba,FULL MATCH
9,249329,Kharela,Town Panchayat,"149, 165",Hamirpur | Mahoba,FULL MATCH
9,249330,Charkhari,Municipality,165,Mahoba,FULL MATCH
9,249331,Mahoba,Municipality,165,Mahoba,FULL MATCH
9,249332,Kabrai,Town Panchayat,"128, 165",Banda | Mahoba,FULL MATCH
9,249333,Mataundh,Town Panchayat,"128, 165",Banda | Mahoba,FULL MATCH
9,249334,Banda,Municipality,"128, 165",Banda | Mahoba,FULL MATCH
9,249335,Tindwari,Town Panchayat,128,Banda,FULL MATCH
9,249336,Baberu,Town Panchayat,128,Banda,FULL MATCH
9,249337,Oran,Town Panchayat,128,Banda,FULL MATCH
9,249338,Bisanda Buzurg,Town Panchayat,"128, 136",Banda | Chitrakoot,FULL MATCH
9,249339,Atarra,Municipality,128,Banda,FULL MATCH
9,249340,Naraini,Town Panchayat,128,Banda,FULL MATCH
9,249341,Manikpur Sarhat (Chitrakoot),Town Panchayat,136,Chitrakoot,FULL MATCH
9,249342,Chitrakoot Dham - Karwi,Municipality,136,Chitrakoot,FULL MATCH
9,249343,Rajapur,Town Panchayat,136,Chitrakoot,FULL MATCH
9,249344,Kora Jahanabad,Town Panchayat,142,Fatehpur,FULL MATCH
9,249345,Bindki,Municipality,142,Fatehpur,FULL MATCH
9,249346,Bahuwa,Town Panchayat,142,Fatehpur,FULL MATCH
9,249347,Fatehpur(Fatehpur),Municipality,142,Fatehpur,FULL MATCH
9,249348,Khaga,Town Panchayat,142,Fatehpur,FULL MATCH
9,249349,Kishunpur,Town Panchayat,142,Fatehpur,FULL MATCH
9,249350,Manikpur(Pratapgarh),Town Panchayat,174,Pratapgarh,FULL MATCH
9,249351,Kunda,Town Panchayat,174,Pratapgarh,FULL MATCH
9,249352,Antu,Town Panchayat,174,Pratapgarh,FULL MATCH
9,249353,Belha,Municipality,174,Pratapgarh,FULL MATCH
9,249354,Pratapgarh City,Town Panchayat,174,Pratapgarh,FULL MATCH
9,249355,Katra Medniganj,Town Panchayat,174,Pratapgarh,FULL MATCH
9,249356,Patti,Town Panchayat,174,Pratapgarh,FULL MATCH
9,249357,Ajhuwa,Town Panchayat,158,Kaushambi,FULL MATCH
9,249358,Sirathu,Town Panchayat,158,Kaushambi,FULL MATCH
9,249359,Manjhanpur,Municipality,158,Kaushambi,FULL MATCH
9,249360,Karari,Town Panchayat,158,Kaushambi,FULL MATCH
9,249361,Bharwari(Kaushambi),Municipality,158,Kaushambi,FULL MATCH
9,249362,Chail,Town Panchayat,158,Kaushambi,FULL MATCH
9,249363,Sarai Aquil,Town Panchayat,158,Kaushambi,FULL MATCH
9,249364,Mau Aima,Town Panchayat,"120, 174",Prayagraj | Pratapgarh,FULL MATCH
9,249365,Lal Gopal Ganj,Town Panchayat,"120, 174",Prayagraj | Pratapgarh,FULL MATCH
9,249368,Phulpur,Town Panchayat,123,Azamgarh,FULL MATCH
9,249369,Prayagraj,Municipal Corporations,"120, 158",Prayagraj | Kaushambi,AMBIGUOUS MATCH
9,249370,Shankargarh,Town Panchayat,120,Prayagraj,FULL MATCH
9,249372,Handia,Town Panchayat,120,Prayagraj,FULL MATCH
9,249373,Sirsa,Town Panchayat,120,Prayagraj,FULL MATCH
9,249374,Bharatganj,Town Panchayat,120,Prayagraj,FULL MATCH
9,249375,Koraon,Town Panchayat,120,Prayagraj,FULL MATCH
9,249376,Fatehpur(Barabanki),Town Panchayat,129,Bara Banki,FULL MATCH
9,249377,Ramnagar,Town Panchayat,129,Bara Banki,FULL MATCH
9,249378,Dewa,Town Panchayat,129,Bara Banki,FULL MATCH
9,249380,Banki,Town Panchayat,"129, 170",Bara Banki | Mirzapur,AMBIGUOUS MATCH
9,249381,Satrikh,Town Panchayat,129,Bara Banki,FULL MATCH
9,249382,Zaidpur,Town Panchayat,129,Bara Banki,FULL MATCH
9,249384,Tikait Nagar,Town Panchayat,129,Bara Banki,FULL MATCH
9,249385,Dariyabad,Town Panchayat,129,Bara Banki,FULL MATCH
9,249386,Siddhaur,Town Panchayat,129,Bara Banki,FULL MATCH
9,249387,Haidergarh,Town Panchayat,129,Bara Banki,FULL MATCH
9,249388,Rudauli,Municipality,140,Ayodhya,FULL MATCH
9,249389,Bhadarsa,Town Panchayat,140,Ayodhya,FULL MATCH
9,249391,Ayodhya,Municipal Corporations,140,Ayodhya,FULL MATCH
9,249392,Gosainganj (Lucknow),Town Panchayat,162,Lucknow,FULL MATCH
9,249393,Bikapur,Town Panchayat,140,Ayodhya,FULL MATCH
9,249394,Iltifatganj Bazar,Town Panchayat,121,Ambedkar Nagar,FULL MATCH
9,249396,Tanda (Ambedkar Nagar),Municipality,176,Rampur,FULL MATCH
9,249398,Ashrafpur Kichhauchha,Town Panchayat,121,Ambedkar Nagar,FULL MATCH
9,249399,Jalalpur,Municipality,121,Ambedkar Nagar,FULL MATCH
9,249400,Akbarpur,Municipality,121,Ambedkar Nagar,FULL MATCH
9,249401,Musafirkhana,Town Panchayat,"185, 640",Sultanpur | Amethi,FULL MATCH
9,249402,Amethi(Amethi),Town Panchayat,640,Amethi,FULL MATCH
9,249404,Sultanpur,Municipality,"185, 640",Sultanpur | Amethi,FULL MATCH
9,249405,Koeripur,Town Panchayat,185,Sultanpur,FULL MATCH
9,249406,Dostpur,Town Panchayat,185,Sultanpur,FULL MATCH
9,249407,Kadipur,Town Panchayat,185,Sultanpur,FULL MATCH
9,249408,Nanpara,Municipality,125,Bahraich,FULL MATCH
9,249409,Risia Bazar,Town Panchayat,125,Bahraich,FULL MATCH
9,249410,Bahraich,Municipality,125,Bahraich,FULL MATCH
9,249411,Jarwal,Town Panchayat,125,Bahraich,FULL MATCH
9,249412,Sukrauli,Town Panchayat,160,Kushinagar,FULL MATCH
9,249413,Ikauna,Town Panchayat,181,Shrawasti,FULL MATCH
9,249414,Balrampur,Municipality,127,Balrampur,FULL MATCH
9,249415,Tulsipur,Town Panchayat,127,Balrampur,FULL MATCH
9,249416,Pachperwa,Town Panchayat,127,Balrampur,FULL MATCH
9,249417,Utraula,Municipality,127,Balrampur,FULL MATCH
9,249418,Khargupur,Town Panchayat,,,NO MATCH
9,249419,Gonda,Municipality,147,Gonda,FULL MATCH
9,249420,Katra Bazar,Town Panchayat,180,Shahjahanpur,FULL MATCH
9,249421,Colonelganj,Municipality,147,Gonda,FULL MATCH
9,249422,Nawabganj(Gonda),Municipality,147,Gonda,FULL MATCH
9,249423,Mankapur,Town Panchayat,147,Gonda,FULL MATCH
9,249426,Shohratgarh,Town Panchayat,182,Siddharthnagar,FULL MATCH
9,249427,Siddharth Nagar (Tetri Bazar),Municipality,182,Siddharthnagar,FULL MATCH
9,249428,Baansi,Municipality,182,Siddharthnagar,FULL MATCH
9,249429,Harraiya,Town Panchayat,131,Basti,FULL MATCH
9,249430,Basti,Municipality,131,Basti,FULL MATCH
9,249431,Mehdawal,Town Panchayat,178,Sant Kabir Nagar,FULL MATCH
9,249433,Khalilabad,Municipality,"131, 178",Basti | Sant Kabir Nagar,FULL MATCH
9,249434,Maghar,Town Panchayat,178,Sant Kabir Nagar,FULL MATCH
9,249435,Hariharpur,Town Panchayat,"131, 178",Basti | Sant Kabir Nagar,FULL MATCH
9,249436,Nautanwa,Municipality,"148, 164",Gorakhpur | Mahrajganj,FULL MATCH
9,249437,Nichlaul,Town Panchayat,164,Mahrajganj,FULL MATCH
9,249438,Siswa Bazar,Municipality,164,Mahrajganj,FULL MATCH
9,249439,Anandnagar,Town Panchayat,"148, 164",Gorakhpur | Mahrajganj,FULL MATCH
9,249440,Ghughuli,Town Panchayat,164,Mahrajganj,FULL MATCH
9,249441,Maharajganj,Municipality,164,Mahrajganj,FULL MATCH
9,249442,Pipiganj,Town Panchayat,"148, 164",Gorakhpur | Mahrajganj,FULL MATCH
9,249443,Sahjanwa,Town Panchayat,148,Gorakhpur,FULL MATCH
9,249444,Gorakhpur,Municipal Corporations,148,Gorakhpur,FULL MATCH
9,249446,Pipraich,Town Panchayat,148,Gorakhpur,FULL MATCH
9,249447,Mundera Bazar,Town Panchayat,148,Gorakhpur,FULL MATCH
9,249448,Bansgaon,Town Panchayat,148,Gorakhpur,FULL MATCH
9,249449,Gola Bazar,Town Panchayat,148,Gorakhpur,FULL MATCH
9,249450,Barhalganj,Town Panchayat,148,Gorakhpur,FULL MATCH
9,249451,Khadda,Town Panchayat,160,Kushinagar,FULL MATCH
9,249452,Padrauna,Municipality,160,Kushinagar,FULL MATCH
9,249453,Ramkola,Town Panchayat,137,Deoria,FULL MATCH
9,249454,Kaptanganj,Town Panchayat,137,Deoria,FULL MATCH
9,249457,Sewarhi,Town Panchayat,"137, 160",Deoria | Kushinagar,FULL MATCH
9,249458,Gauri Bazar,Town Panchayat,137,Deoria,FULL MATCH
9,249459,Rampur Karkhana,Town Panchayat,137,Deoria,FULL MATCH
9,249460,Deoria,Municipality,"137, 160",Deoria | Kushinagar,FULL MATCH
9,249461,Rudrapur,Town Panchayat,137,Deoria,FULL MATCH
9,249462,Gaura Barhaj,Municipality,137,Deoria,FULL MATCH
9,249463,Badhani Bazar,Town Panchayat,137,Deoria,FULL MATCH
9,249464,Majhauliraj,Town Panchayat,137,Deoria,FULL MATCH
9,249465,Salempur,Town Panchayat,137,Deoria,FULL MATCH
9,249466,Lar,Town Panchayat,137,Deoria,FULL MATCH
9,249467,Bhatpar Rani,Town Panchayat,137,Deoria,FULL MATCH
9,249468,Atraulia,Town Panchayat,123,Azamgarh,FULL MATCH
9,249469,Maharajganj(Raibareilly),Town Panchayat,"175, 640",Rae Bareli | Amethi,FULL MATCH
9,249470,Bilariaganj,Municipality,123,Azamgarh,FULL MATCH
9,249471,Jiyanpur,Town Panchayat,123,Azamgarh,FULL MATCH
9,249472,Azmatgarh,Town Panchayat,123,Azamgarh,FULL MATCH
9,249474,Mubarakpur,Municipality,123,Azamgarh,FULL MATCH
9,249477,Azamgarh,Municipality,123,Azamgarh,FULL MATCH
9,249478,Nizamabad,Town Panchayat,123,Azamgarh,FULL MATCH
9,249479,Sarai Mir,Town Panchayat,123,Azamgarh,FULL MATCH
9,249480,Phoolpur,Town Panchayat,120,Prayagraj,FULL MATCH
9,249481,Katghar Lalganj,Town Panchayat,123,Azamgarh,FULL MATCH
9,249482,Mehnagar,Town Panchayat,123,Azamgarh,FULL MATCH
9,249483,Dohrighat,Town Panchayat,168,Mau,FULL MATCH
9,249484,Amila,Town Panchayat,168,Mau,FULL MATCH
9,249485,Ghosi,Town Panchayat,168,Mau,FULL MATCH
9,249486,Kopaganj,Town Panchayat,168,Mau,FULL MATCH
9,249487,Adari,Town Panchayat,168,Mau,FULL MATCH
9,249488,Maunath Bhanjan,Municipality,168,Mau,FULL MATCH
9,249490,Mohammadabad (Farrukhabad),Town Panchayat,141,Farrukhabad,FULL MATCH
9,249492,Belthara Road,Town Panchayat,126,Ballia,FULL MATCH
9,249493,Sikanderpur (Ballia),Town Panchayat,126,Ballia,FULL MATCH
9,249494,Maniyar,Town Panchayat,126,Ballia,FULL MATCH
9,249495,Rasra,Municipality,126,Ballia,FULL MATCH
9,249496,Chitbara Gaon,Town Panchayat,126,Ballia,FULL MATCH
9,249497,Ballia,Municipality,130,Bareilly,FULL MATCH
9,249498,Bansdih,Town Panchayat,126,Ballia,FULL MATCH
9,249499,Sahatwar,Town Panchayat,126,Ballia,FULL MATCH
9,249500,Reoti,Town Panchayat,126,Ballia,FULL MATCH
9,249501,Shahganj,Municipality,152,Jaunpur,FULL MATCH
9,249502,Kheta Sarai,Town Panchayat,152,Jaunpur,FULL MATCH
9,249503,Mungra Badshahpur,Municipality,152,Jaunpur,FULL MATCH
9,249504,Machhlishahr,Town Panchayat,152,Jaunpur,FULL MATCH
9,249505,Jaunpur,Municipality,152,Jaunpur,FULL MATCH
9,249507,Mariahu,Town Panchayat,152,Jaunpur,FULL MATCH
9,249508,Kerakat,Town Panchayat,152,Jaunpur,FULL MATCH
9,249509,Sadat,Town Panchayat,146,Ghazipur,FULL MATCH
9,249510,Saidpur(Gazipur),Town Panchayat,146,Ghazipur,FULL MATCH
9,249511,Jangipur,Town Panchayat,146,Ghazipur,FULL MATCH
9,249512,Ghazipur,Municipality,146,Ghazipur,FULL MATCH
9,249513,Bahadurganj,Town Panchayat,146,Ghazipur,FULL MATCH
9,249514,Mohammadabad(Gazipur),Municipality,146,Ghazipur,FULL MATCH
9,249515,Dildarnagar Fatehpur Bazar,Town Panchayat,146,Ghazipur,FULL MATCH
9,249516,Zamania,Municipality,146,Ghazipur,FULL MATCH
9,249518,Pt Deen Dayal Nagar(Mughalsarai),Municipality,135,Chandauli,FULL MATCH
9,249520,Chandauli,Town Panchayat,135,Chandauli,FULL MATCH
9,249521,Saiyad Raja,Town Panchayat,135,Chandauli,FULL MATCH
9,249522,Chakia,Town Panchayat,135,Chandauli,FULL MATCH
9,249524,Gangapur,Town Panchayat,187,Varanasi,FULL MATCH
9,249531,Varanasi,Municipal Corporations,"135, 187",Chandauli | Varanasi,AMBIGUOUS MATCH
9,249533,Suriyawan,Town Panchayat,179,Bhadohi,FULL MATCH
9,249534,Nai Bazar,Town Panchayat,179,Bhadohi,FULL MATCH
9,249535,Bhadohi,Municipality,179,Bhadohi,FULL MATCH
9,249536,Gyanpur,Town Panchayat,179,Bhadohi,FULL MATCH
9,249537,Gopi Ganj,Municipality,179,Bhadohi,FULL MATCH
9,249538,Khamaria,Town Panchayat,179,Bhadohi,FULL MATCH
9,249539,Ghosia Bazar,Town Panchayat,179,Bhadohi,FULL MATCH
9,249540,Mirzapur-Cum-Vindhyachal,Municipality,170,Mirzapur,FULL MATCH
9,249542,Kachhwa,Town Panchayat,170,Mirzapur,FULL MATCH
9,249543,Chunar,Municipality,170,Mirzapur,FULL MATCH
9,249545,Ahraura,Municipality,170,Mirzapur,FULL MATCH
9,249546,Ghorawal,Town Panchayat,"170, 184",Mirzapur | Sonbhadra,FULL MATCH
9,249547,Robertsganj,Municipality,184,Sonbhadra,FULL MATCH
9,249548,Chukradhumra,Town Panchayat,184,Sonbhadra,FULL MATCH
9,249549,Chopan,Town Panchayat,184,Sonbhadra,FULL MATCH
9,249550,Obra,Town Panchayat,184,Sonbhadra,FULL MATCH
9,249551,Dudhi,Town Panchayat,184,Sonbhadra,FULL MATCH
9,249552,Renukoot,Town Panchayat,184,Sonbhadra,FULL MATCH
9,249553,Pipri,Town Panchayat,184,Sonbhadra,FULL MATCH
10,249560,Ramnagar,Town Panchayat,211,Pashchim Champaran,FULL MATCH
10,249561,Narkatiaganj,Municipality,211,Pashchim Champaran,FULL MATCH
10,249562,Bagaha,Municipality,211,Pashchim Champaran,FULL MATCH
10,249563,Chanpatia,Town Panchayat,211,Pashchim Champaran,FULL MATCH
10,249564,Bettiah,Municipal Corporations,211,Pashchim Champaran,FULL MATCH
10,249565,Raxaul,Municipality,213,Purbi Champaran,FULL MATCH
10,249566,Sugauli,Town Panchayat,213,Purbi Champaran,FULL MATCH
10,249567,Dhaka,Municipality,213,Purbi Champaran,FULL MATCH
10,249568,Motihari,Municipal Corporations,213,Purbi Champaran,FULL MATCH
10,249570,Areraj,Town Panchayat,213,Purbi Champaran,FULL MATCH
10,249571,Chakia,Municipality,213,Purbi Champaran,FULL MATCH
10,249573,Bairgania,Municipality,221,Sitamarhi,FULL MATCH
10,249574,Belsand,Town Panchayat,"220, 221",Sheohar | Sitamarhi,FULL MATCH
10,249575,Sitamarhi,Municipal Corporations,221,Sitamarhi,FULL MATCH
10,249577,Janakpur Road,Municipality,221,Sitamarhi,FULL MATCH
10,249578,Jainagar,Town Panchayat,206,Madhubani,FULL MATCH
10,249579,Madhubani,Municipal Corporations,206,Madhubani,FULL MATCH
10,249580,Jhanjharpur,Municipality,206,Madhubani,FULL MATCH
10,249581,Ghoghardiha,Town Panchayat,"206, 223",Madhubani | Supaul,FULL MATCH
10,249582,Nirmali,Town Panchayat,223,Supaul,FULL MATCH
10,249583,Birpur,Town Panchayat,223,Supaul,FULL MATCH
10,249584,Supaul,Municipality,223,Supaul,FULL MATCH
10,249585,Jogabani,Municipality,,,NO MATCH
10,249586,Forbesganj,Municipality,188,Araria,FULL MATCH
10,249587,Araria,Municipality,188,Araria,FULL MATCH
10,249588,Thakurganj,Town Panchayat,203,Kishanganj,FULL MATCH
10,249589,Bahadurganj,Town Panchayat,"201, 203",Katihar | Kishanganj,FULL MATCH
10,249590,Kishanganj,Municipality,203,Kishanganj,FULL MATCH
10,249592,Purnea,Municipal Corporations,214,Purnia,FULL MATCH
10,249595,Katihar,Municipal Corporations,201,Katihar,AMBIGUOUS MATCH
10,249596,Manihari,Town Panchayat,"201, 203",Katihar | Kishanganj,FULL MATCH
10,249597,Madhepura,Municipality,205,Madhepura,FULL MATCH
10,249598,Murliganj,Town Panchayat,205,Madhepura,FULL MATCH
10,249599,Saharsa,Municipal Corporations,,,NO MATCH
10,249600,Darbhanga,Municipal Corporations,195,Darbhanga,AMBIGUOUS MATCH
10,249601,Motipur,Municipality,208,Muzaffarpur,FULL MATCH
10,249602,Kanti,Municipality,208,Muzaffarpur,FULL MATCH
10,249603,Muzaffarpur,Municipal Corporations,208,Muzaffarpur,FULL MATCH
10,249604,Kataiya,Town Panchayat,222,Siwan,FULL MATCH
10,249605,Mirganj,Municipality,222,Siwan,FULL MATCH
10,249606,Gopalganj,Municipality,222,Siwan,FULL MATCH
10,249608,Siwan,Municipality,222,Siwan,FULL MATCH
10,249609,Maharajganj,Town Panchayat,222,Siwan,FULL MATCH
10,249610,Mairwa,Town Panchayat,222,Siwan,FULL MATCH
10,249611,Rivilganj,Town Panchayat,218,Saran,FULL MATCH
10,249612,Chapra,Municipal Corporations,218,Saran,FULL MATCH
10,249613,Marhaura,Town Panchayat,218,Saran,FULL MATCH
10,249614,Dighwara,Town Panchayat,218,Saran,FULL MATCH
10,249615,Sonepur,Municipality,"212, 218",Patna | Saran,FULL MATCH
10,249616,Lalganj,Municipality,224,Vaishali,FULL MATCH
10,249617,Hajipur,Municipality,224,Vaishali,FULL MATCH
10,249618,Mahnar,Municipality,224,Vaishali,FULL MATCH
10,249619,Samastipur,Municipal Corporations,217,Samastipur,FULL MATCH
10,249621,Dalsinghsarai,Municipality,217,Samastipur,FULL MATCH
10,249622,Rosera,Municipality,217,Samastipur,FULL MATCH
10,249624,Begusarai,Municipal Corporations,191,Begusarai,FULL MATCH
10,249625,Khagaria,Municipality,202,Khagaria,FULL MATCH
10,249626,Gogri Jamalpur,Municipality,202,Khagaria,FULL MATCH
10,249627,Naugachhia,Municipality,"190, 192, 201, 205, 214",Banka | Bhagalpur | Katihar | Madhepura | Purnia,FULL MATCH
10,249629,Sultanganj,Municipality,"192, 207",Bhagalpur | Munger,FULL MATCH
10,249630,Bhagalpur,Municipal Corporations,192,Bhagalpur,FULL MATCH
10,249632,Amarpur,Town Panchayat,190,Banka,FULL MATCH
10,249633,Banka,Municipality,190,Banka,FULL MATCH
10,249634,Munger,Municipal Corporations,207,Munger,FULL MATCH
10,249635,Jamalpur,Municipality,207,Munger,FULL MATCH
10,249638,Barahiya,Municipality,204,Lakhisarai,FULL MATCH
10,249639,Lakhisarai,Municipality,204,Lakhisarai,FULL MATCH
10,249641,Sheikhpura,Municipality,219,Sheikhpura,FULL MATCH
10,249642,Biharsharif,Municipal Corporations,209,Nalanda,FULL MATCH
10,249643,Hilsa,Municipality,209,Nalanda,FULL MATCH
10,249644,Islampur,Municipality,209,Nalanda,FULL MATCH
10,249646,Silao,Town Panchayat,209,Nalanda,FULL MATCH
10,249647,Maner,Municipality,212,Patna,FULL MATCH
10,249648,Danapur,Municipality,212,Patna,FULL MATCH
10,249649,Khagaul,Municipality,,,NO MATCH
10,249650,Patna,Municipal Corporations,212,Patna,AMBIGUOUS MATCH
10,249651,Phulwari Sharif,Municipality,212,Patna,FULL MATCH
10,249652,Masaurhi,Municipality,212,Patna,FULL MATCH
10,249653,Fatuha,Municipality,212,Patna,FULL MATCH
10,249654,Khusrupur,Town Panchayat,212,Patna,FULL MATCH
10,249656,Barh,Municipality,212,Patna,FULL MATCH
10,249657,Mokama,Municipality,212,Patna,FULL MATCH
10,249658,Shahpur,Town Panchayat,222,Siwan,FULL MATCH
10,249659,Arrah,Municipal Corporations,193,Bhojpur,FULL MATCH
10,249660,Koilwar,Town Panchayat,193,Bhojpur,FULL MATCH
10,249661,Behea,Town Panchayat,193,Bhojpur,FULL MATCH
10,249662,Jagdishpur,Town Panchayat,"190, 192, 193, 211",Banka | Bhagalpur | Bhojpur | Pashchim Champaran,AMBIGUOUS MATCH
10,249663,Piro,Municipality,193,Bhojpur,FULL MATCH
10,249664,Dumraon,Municipality,194,Buxar,FULL MATCH
10,249665,Buxar,Municipality,"193, 194",Bhojpur | Buxar,FULL MATCH
10,249666,Bhabua,Municipality,200,Kaimur (Bhabua),FULL MATCH
10,249667,Koath,Town Panchayat,215,Rohtas,FULL MATCH
10,249668,Bikramganj,Municipality,215,Rohtas,FULL MATCH
10,249669,Nokha,Municipality,215,Rohtas,FULL MATCH
10,249670,Sasaram,Municipal Corporations,215,Rohtas,FULL MATCH
10,249671,Dehri Dalmianagar,Municipality,215,Rohtas,FULL MATCH
10,249672,Jehanabad,Municipality,199,Jehanabad,FULL MATCH
10,249673,Makhdumpur,Town Panchayat,199,Jehanabad,FULL MATCH
10,249674,Daudnagar,Municipality,189,Aurangabad,FULL MATCH
10,249675,Rafiganj,Town Panchayat,189,Aurangabad,FULL MATCH
10,249678,Nabinagar,Town Panchayat,189,Aurangabad,FULL MATCH
10,249679,Tekari,Municipality,196,Gaya,FULL MATCH
10,249680,Gaya,Municipal Corporations,196,Gaya,FULL MATCH
10,249682,Sherghati,Municipality,196,Gaya,FULL MATCH
10,249683,Bodh Gaya,Municipality,196,Gaya,FULL MATCH
10,249684,Nawada,Municipality,210,Nawada,FULL MATCH
10,249685,Warisaliganj,Municipality,209,Nalanda,FULL MATCH
10,249686,Hisua,Municipality,210,Nawada,FULL MATCH
10,249687,Jamui,Municipality,198,Jamui,FULL MATCH
10,249688,Jhajha,Municipality,198,Jamui,FULL MATCH
11,249689,Mangan Nagar Panchayat,Town Panchayat,226,Mangan,FULL MATCH
11,249690,Gyalshing Nagar Panchayat,Town Panchayat,228,Gyalshing,FULL MATCH
11,249692,Namchi Municipal Council,Municipality,227,Namchi,FULL MATCH
11,249693,Nayabazar Jorethang Nagar Panchayat,Town Panchayat,"225, 226, 227, 742",Gangtok | Mangan | Namchi | Soreng,FULL MATCH
11,249694,Gangtok (M Corp.),Municipal Corporations,225,Gangtok,FULL MATCH
11,249695,Singtam (Np),Town Panchayat,"225, 741",Gangtok | Pakyong,FULL MATCH
12,249698,Tawang,Town Panchayat,238,Tawang,FULL MATCH
12,249699,Bomdila,Town Panchayat,242,West Kameng,FULL MATCH
12,249700,Seppa,Town Panchayat,"231, 723, 787",East Kameng | Pakke Kessang | Bichom,FULL MATCH
12,249701,Itanagar,Town Panchayat,237,Papum Pare,FULL MATCH
12,249702,Naharlagun,Town Panchayat,237,Papum Pare,FULL MATCH
12,249703,Ziro,Town Panchayat,786,Keyi Panyor,FULL MATCH
12,249704,Daporijo,Town Panchayat,241,Upper Subansiri,FULL MATCH
12,249705,Along,Town Panchayat,"243, 679",West Siang | Siang,FULL MATCH
12,249706,Basar,Town Panchayat,"243, 724",West Siang | Leparada,FULL MATCH
12,249707,Pasighat,Town Panchayat,"232, 679",East Siang | Siang,AMBIGUOUS MATCH
12,249708,Roing,Town Panchayat,235,Lower Dibang Valley,FULL MATCH
12,249709,Tezu,Town Panchayat,234,Lohit,FULL MATCH
12,249710,Namsai,Town Panchayat,"229, 678",Changlang | Namsai,FULL MATCH
12,249711,Changlang,Town Panchayat,229,Changlang,FULL MATCH
12,249712,Jairampur,Town Panchayat,229,Changlang,FULL MATCH
12,249713,Deomali,Town Panchayat,239,Tirap,FULL MATCH
12,249714,Khonsa,Town Panchayat,239,Tirap,FULL MATCH
13,249715,Mon Town Council,Town Panchayat,247,Mon,FULL MATCH
13,249716,Tuensang Town Council,Town Panchayat,"249, 736, 765",Tuensang | Noklak | Shamator,FULL MATCH
13,249717,Mokokchung Municipal Council,Municipality,"246, 249",Mokokchung | Tuensang,FULL MATCH
13,249718,Zunheboto Town Council,Town Panchayat,251,Zunheboto,FULL MATCH
13,249719,Wokha Town Council,Town Panchayat,250,Wokha,FULL MATCH
13,249720,Dimapur Municipal Council,Municipality,"244, 250, 613, 758, 764",Dimapur | Wokha | Peren | Chumoukedima | Niuland,FULL MATCH
13,249721,Chumukedima Town Council,Town Panchayat,"244, 758, 764",Dimapur | Chumoukedima | Niuland,FULL MATCH
13,249722,Kohima Municipal Council,Municipality,,,NO MATCH
13,249723,Phek Town Council,Town Panchayat,248,Phek,FULL MATCH
15,249761,Zawlnuam,Notified Area Council,266,Mamit,FULL MATCH
15,249762,Mamit,Notified Area Council,266,Mamit,FULL MATCH
15,249763,Lengpui,Notified Area Council,"261, 266",Aizawl | Mamit,FULL MATCH
15,249764,Vairengte,Notified Area Council,263,Kolasib,FULL MATCH
15,249765,Bairabi,Notified Area Council,"263, 266",Kolasib | Mamit,FULL MATCH
15,249766,Kolasib,Notified Area Council,"263, 266",Kolasib | Mamit,FULL MATCH
15,249767,N.Kawnpui,Notified Area Council,263,Kolasib,FULL MATCH
15,249768,Darlawn,Notified Area Council,261,Aizawl,FULL MATCH
15,249769,Sairang,Notified Area Council,"261, 263, 266",Aizawl | Kolasib | Mamit,FULL MATCH
15,249770,Aizawl,Notified Area Council,261,Aizawl,FULL MATCH
15,249771,Saitual,Notified Area Council,"268, 727",Serchhip | Saitual,FULL MATCH
15,249772,Khawzawl,Notified Area Council,728,Khawzawl,FULL MATCH
15,249773,Champhai,Notified Area Council,262,Champhai,FULL MATCH
15,249774,Khawhai,Notified Area Council,"262, 728",Champhai | Khawzawl,AMBIGUOUS MATCH
15,249775,Biate,Notified Area Council,"268, 728",Serchhip | Khawzawl,FULL MATCH
15,249776,Serchhip,Notified Area Council,268,Serchhip,FULL MATCH
15,249777,Thenzawl,Notified Area Council,"265, 268, 726",Lunglei | Serchhip | Hnahthial,FULL MATCH
15,249778,N.Vanlaiphai,Notified Area Council,268,Serchhip,FULL MATCH
15,249779,Tlabung,Notified Area Council,265,Lunglei,FULL MATCH
15,249780,Lunglei,Notified Area Council,"265, 726",Lunglei | Hnahthial,FULL MATCH
15,249781,Hnahthial,Notified Area Council,726,Hnahthial,FULL MATCH
15,249782,Saiha,Notified Area Council,"264, 267",Lawngtlai | Siaha,FULL MATCH
16,249783,Khowai Municipal Council,Municipality,652,Khowai,AMBIGUOUS MATCH
16,249784,Teliamura Municipal Council,Municipality,652,Khowai,FULL MATCH
16,249785,Agartala Municipal Corporation,Municipal Corporations,272,West Tripura,AMBIGUOUS MATCH
16,249786,Ranirbazar Municipal Council,Municipality,272,West Tripura,FULL MATCH
16,249787,Sonamura Nagar Panchayat,Town Panchayat,653,Sepahijala,FULL MATCH
16,249788,Narsingarh,Town Panchayat,272,West Tripura,FULL MATCH
16,249789,Gandhigram,Town Panchayat,272,West Tripura,FULL MATCH
16,249790,Kunjaban,Town Panchayat,272,West Tripura,FULL MATCH
16,249791,Indranagar,Town Panchayat,272,West Tripura,FULL MATCH
16,249792,Jogendranagar,Town Panchayat,272,West Tripura,FULL MATCH
16,249793,Pratapgarh,Town Panchayat,272,West Tripura,FULL MATCH
16,249794,Badharghat,Town Panchayat,272,West Tripura,FULL MATCH
16,249796,Udaipur Municipal Council,Municipality,654,Gomati,FULL MATCH
16,249797,Amarpur Nagar Panchayat,Town Panchayat,"653, 654",Sepahijala | Gomati,FULL MATCH
16,249798,Belonia Municipal Council,Municipality,271,South Tripura,FULL MATCH
16,249799,Sabroom Nagar Panchayat,Town Panchayat,271,South Tripura,FULL MATCH
16,249800,Kamalpur Nagar Panchayat,Town Panchayat,269,Dhalai,FULL MATCH
16,249802,Ambassa Municipal Council,Municipality,269,Dhalai,FULL MATCH
16,249803,Dharmanagar Municipal Council,Municipality,270,North Tripura,FULL MATCH
16,249804,Kailashahar Municipal Council,Municipality,655,Unakoti,FULL MATCH
16,249805,Kumarghat Municipal Council,Municipality,655,Unakoti,FULL MATCH
17,249806,Tura Municipal Board,Municipality,663,South West Garo Hills,FULL MATCH
17,249807,Resubelpara,Municipality,"273, 656",East Garo Hills | North Garo Hills,FULL MATCH
17,249808,Williamnagar,Municipality,"273, 277, 656",East Garo Hills | South Garo Hills | North Garo Hills,FULL MATCH
17,249809,Baghmara,Municipality,277,South Garo Hills,FULL MATCH
17,249810,Nongstoin,Town Panchayat,"276, 279, 658, 740",Ri Bhoi | West Khasi Hills | South West Khasi Hills | Eastern West Khasi Hills,FULL MATCH
17,249811,Mairang,Town Panchayat,"279, 740",West Khasi Hills | Eastern West Khasi Hills,FULL MATCH
17,249812,Nongpoh,Town Panchayat,"276, 277",Ri Bhoi | South Garo Hills,FULL MATCH
17,249814,Shillong,Municipality,274,East Khasi Hills,FULL MATCH
17,249820,Jowai,Municipality,275,West Jaintia Hills,FULL MATCH
18,249821,Gossaigaon,Town Panchayat,294,Kokrajhar,FULL MATCH
18,249823,Basugaon,Town Panchayat,"281, 294",Bongaigaon | Kokrajhar,FULL MATCH
18,249826,Gauripur,Town Panchayat,"285, 707",Dhubri | South Salmara Mancachar,AMBIGUOUS MATCH
18,249827,Dhubri,Municipality,285,Dhubri,FULL MATCH
18,249828,Sapatgram,Town Panchayat,"294, 612",Kokrajhar | Chirang,FULL MATCH
18,249834,Goalpara,Municipality,"281, 287",Bongaigaon | Goalpara,FULL MATCH
18,249836,Bongaigaon,Municipality,281,Bongaigaon,FULL MATCH
18,249838,Abhayapuri,Town Panchayat,"281, 287",Bongaigaon | Goalpara,FULL MATCH
18,249839,Bijni,Town Panchayat,612,Chirang,FULL MATCH
18,249841,Barpeta Road,Municipality,"280, 616, 739",Barpeta | Baksa | Bajali,FULL MATCH
18,249842,Sarbhog,Town Panchayat,"280, 616",Barpeta | Baksa,FULL MATCH
18,249843,Barpeta,Municipality,"280, 739",Barpeta | Bajali,FULL MATCH
18,249844,Howli,Town Panchayat,"280, 616, 739",Barpeta | Baksa | Bajali,FULL MATCH
18,249846,Sarthebari,Town Panchayat,"280, 616, 739",Barpeta | Baksa | Bajali,FULL MATCH
18,249847,Pathsala,Town Panchayat,"280, 739",Barpeta | Bajali,FULL MATCH
18,249851,Palasbari,Municipality,,,NO MATCH
18,249854,Guwahati,Municipal Corporations,,,NO MATCH
18,249855,North Guwahati,Town Panchayat,291,Kamrup,FULL MATCH
18,249857,Tihu,Town Panchayat,"298, 616, 739",Nalbari | Baksa | Bajali,FULL MATCH
18,249858,Nalbari,Municipality,298,Nalbari,FULL MATCH
18,249859,Tangla,Town Panchayat,"283, 301, 617",Darrang | Sonitpur | Udalguri,AMBIGUOUS MATCH
18,249860,Mangaldoi,Municipality,283,Darrang,FULL MATCH
18,249861,Kharupatia,Town Panchayat,"283, 617",Darrang | Udalguri,FULL MATCH
18,249862,Udalguri,Town Panchayat,"301, 617",Sonitpur | Udalguri,FULL MATCH
18,249864,Marigaon,Municipality,297,Nagaon,FULL MATCH
18,249866,Nagaon,Municipality,297,Nagaon,FULL MATCH
18,249869,Kampur Town,Town Panchayat,"297, 709",Nagaon | Hojai,FULL MATCH
18,249870,Hojai,Municipality,709,Hojai,FULL MATCH
18,249871,Doboka,Town Panchayat,709,Hojai,FULL MATCH
18,249872,Lumding,Municipality,"292, 709",Karbi Anglong | Hojai,FULL MATCH
18,249875,Dhekiajuli,Municipality,301,Sonitpur,FULL MATCH
18,249876,Rangapara,Town Panchayat,301,Sonitpur,FULL MATCH
18,249877,Tezpur,Municipality,301,Sonitpur,FULL MATCH
18,249879,Biswanath Chariali,Municipality,705,Biswanath,FULL MATCH
18,249880,Gohpur,Town Panchayat,705,Biswanath,FULL MATCH
18,249881,Bihpuria,Municipality,295,Lakhimpur,FULL MATCH
18,249882,North Lakhimpur,Municipality,,,NO MATCH
18,249883,Dhemaji,Town Panchayat,284,Dhemaji,FULL MATCH
18,249884,Silapathar,Town Panchayat,284,Dhemaji,FULL MATCH
18,249886,Doom Dooma,Town Panchayat,302,Tinsukia,FULL MATCH
18,249887,Makum,Town Panchayat,302,Tinsukia,FULL MATCH
18,249888,Tinsukia,Municipality,302,Tinsukia,FULL MATCH
18,249890,Digboi,Town Panchayat,302,Tinsukia,FULL MATCH
18,249892,Margherita,Town Panchayat,302,Tinsukia,FULL MATCH
18,249896,Dibrugarh,Municipality,286,Dibrugarh,FULL MATCH
18,249898,Chabua,Town Panchayat,286,Dibrugarh,FULL MATCH
18,249902,Moran Town,Municipality,708,Charaideo,FULL MATCH
18,249903,Naharkatiya,Town Panchayat,286,Dibrugarh,FULL MATCH
18,249904,Namrup,Town Panchayat,286,Dibrugarh,AMBIGUOUS MATCH
18,249905,Sibsagar,Municipality,300,Sivasagar,FULL MATCH
18,249906,Amguri,Municipality,"290, 300",Jorhat | Sivasagar,FULL MATCH
18,249907,Nazira,Municipality,"300, 708",Sivasagar | Charaideo,FULL MATCH
18,249908,Sonari,Municipality,708,Charaideo,FULL MATCH
18,249912,Jorhat,Municipality,290,Jorhat,FULL MATCH
18,249915,Mariani,Town Panchayat,290,Jorhat,FULL MATCH
18,249916,Titabor Town,Town Panchayat,290,Jorhat,FULL MATCH
18,249918,Dergaon,Municipality,288,Golaghat,FULL MATCH
18,249919,Golaghat,Municipality,288,Golaghat,FULL MATCH
18,249921,Sarupathar,Town Panchayat,288,Golaghat,FULL MATCH
18,249922,Barpathar,Town Panchayat,288,Golaghat,FULL MATCH
18,249923,Hamren,Town Panchayat,"292, 710",Karbi Anglong | West Karbi Anglong,FULL MATCH
18,249924,Donkamokam,Town Panchayat,710,West Karbi Anglong,FULL MATCH
18,249925,Diphu,Town Panchayat,,,NO MATCH
18,249926,Bokajan,Town Panchayat,292,Karbi Anglong,FULL MATCH
18,249927,Howraghat,Town Panchayat,292,Karbi Anglong,FULL MATCH
18,249928,Dokmoka,Town Panchayat,292,Karbi Anglong,FULL MATCH
18,249929,Umrangso,Town Panchayat,299,Dima Hasao,FULL MATCH
18,249930,Haflong,Town Panchayat,299,Dima Hasao,FULL MATCH
18,249931,Mahur,Town Panchayat,299,Dima Hasao,FULL MATCH
18,249932,Maibong,Town Panchayat,299,Dima Hasao,FULL MATCH
18,249933,Silchar,Municipality,282,Cachar,FULL MATCH
18,249939,Lakhipur Municipality,Municipality,287,Goalpara,FULL MATCH
18,249940,Karimganj,Municipality,293,Sribhumi,FULL MATCH
18,249941,Badarpur,Town Panchayat,293,Sribhumi,FULL MATCH
18,249944,Hailakandi,Municipality,,,NO MATCH
18,249945,Lala,Town Panchayat,289,Hailakandi,FULL MATCH
19,249946,Darjeeling,Municipality,309,Darjeeling,FULL MATCH
19,249947,Kalimpong,Municipality,702,Kalimpong,FULL MATCH
19,249948,Mirik,Notified Area Council,309,Darjeeling,FULL MATCH
19,249949,Kurseong,Municipality,309,Darjeeling,FULL MATCH
19,249955,Mal,Municipality,314,Jalpaiguri,FULL MATCH
19,249956,Jalpaiguri,Municipality,,,NO MATCH
19,249957,Siliguri,Municipal Corporations,309,Darjeeling,AMBIGUOUS MATCH
19,249958,Alipurduar,Municipality,"308, 664",Cooch Behar | Alipurduar,FULL MATCH
19,249970,Dhupguri,Municipality,314,Jalpaiguri,FULL MATCH
19,249972,Haldibari,Municipality,"308, 314",Cooch Behar | Jalpaiguri,FULL MATCH
19,249973,Mekliganj,Municipality,308,Cooch Behar,FULL MATCH
19,249974,Mathabhanga,Municipality,308,Cooch Behar,FULL MATCH
19,249975,Cooch Behar,Municipality,,,NO MATCH
19,249976,Tufanganj,Municipality,308,Cooch Behar,FULL MATCH
19,249977,Dinhata,Municipality,308,Cooch Behar,FULL MATCH
19,249982,Islampore,Municipality,311,Uttar Dinajpur,FULL MATCH
19,249983,Raiganj,Municipality,311,Uttar Dinajpur,FULL MATCH
19,249984,Kaliaganj,Municipality,311,Uttar Dinajpur,FULL MATCH
19,249985,Dalkhola,Municipality,311,Uttar Dinajpur,FULL MATCH
19,249988,Gangarampore,Municipality,"310, 316",Dakshin Dinajpur | Malda,FULL MATCH
19,249989,Balurghat,Municipality,310,Dakshin Dinajpur,FULL MATCH
19,249990,Old Malda,Municipality,316,Malda,FULL MATCH
19,249991,English Bazar,Municipality,316,Malda,FULL MATCH
19,249995,Dhulian,Municipality,319,Murshidabad,FULL MATCH
19,249996,Jangipur,Municipality,319,Murshidabad,FULL MATCH
19,249997,Jiaganj Azimganj,Municipality,319,Murshidabad,FULL MATCH
19,249998,Murshidabad,Municipality,,,NO MATCH
19,249999,Berhampore,Municipality,319,Murshidabad,AMBIGUOUS MATCH
19,250000,Kandi,Municipality,319,Murshidabad,FULL MATCH
19,250001,Beldanga,Municipality,319,Murshidabad,FULL MATCH
19,250024,Rampurhat,Municipality,,,NO MATCH
19,250025,Sainthia,Municipality,"307, 319",Birbhum | Murshidabad,FULL MATCH
19,250026,Suri,Municipality,307,Birbhum,FULL MATCH
19,250027,Dubrajpur,Municipality,307,Birbhum,FULL MATCH
19,250028,Bolpur,Municipality,307,Birbhum,FULL MATCH
19,250032,Asansol,Municipal Corporations,704,Paschim Bardhaman,FULL MATCH
19,250034,Durgapur,Municipal Corporations,704,Paschim Bardhaman,FULL MATCH
19,250035,Katwa,Municipality,306,Purba Bardhaman,FULL MATCH
19,250036,Dainhat,Municipality,"306, 320",Purba Bardhaman | Nadia,FULL MATCH
19,250037,Guskara,Municipality,306,Purba Bardhaman,FULL MATCH
19,250038,Burdwan,Municipality,306,Purba Bardhaman,FULL MATCH
19,250039,Memari,Municipality,306,Purba Bardhaman,FULL MATCH
19,250040,Kalna,Municipality,306,Purba Bardhaman,FULL MATCH
19,250096,Krishnanagar,Municipality,320,Nadia,FULL MATCH
19,250097,Nabadwip,Municipality,320,Nadia,FULL MATCH
19,250098,Taherpur,Notified Area Council,,,NO MATCH
19,250099,Santipur,Municipality,320,Nadia,FULL MATCH
19,250100,Birnagar,Municipality,320,Nadia,FULL MATCH
19,250101,Ranaghat,Municipality,320,Nadia,FULL MATCH
19,250102,Cooper S Camp,Notified Area Council,,,NO MATCH
19,250103,Chakdaha,Municipality,320,Nadia,FULL MATCH
19,250104,Kalyani,Municipality,320,Nadia,AMBIGUOUS MATCH
19,250105,Gayeshpur,Municipality,320,Nadia,AMBIGUOUS MATCH
19,250121,Bongaon,Municipality,303,North 24 Parganas,FULL MATCH
19,250122,Kanchrapara,Municipality,303,North 24 Parganas,FULL MATCH
19,250123,Halisahar,Municipality,303,North 24 Parganas,AMBIGUOUS MATCH
19,250124,Naihati,Municipality,303,North 24 Parganas,AMBIGUOUS MATCH
19,250125,Bhatpara,Municipality,303,North 24 Parganas,AMBIGUOUS MATCH
19,250126,Gobardanga,Municipality,303,North 24 Parganas,FULL MATCH
19,250127,Habra,Municipality,303,North 24 Parganas,FULL MATCH
19,250128,Ashokenagar Kalyangarh,Municipality,303,North 24 Parganas,FULL MATCH
19,250129,Garulia,Municipality,,,NO MATCH
19,250131,North Barrackpore,Municipality,303,North 24 Parganas,AMBIGUOUS MATCH
19,250132,Barrackpur,Municipality,303,North 24 Parganas,AMBIGUOUS MATCH
19,250133,Titagarh,Municipality,303,North 24 Parganas,AMBIGUOUS MATCH
19,250134,Baduria,Municipality,303,North 24 Parganas,FULL MATCH
19,250135,Barasat,Municipality,303,North 24 Parganas,FULL MATCH
19,250136,Madhyamgram,Municipality,,,NO MATCH
19,250137,Khardah,Municipality,303,North 24 Parganas,AMBIGUOUS MATCH
19,250138,Panihati,Municipality,303,North 24 Parganas,AMBIGUOUS MATCH
19,250139,New Barrackpore,Municipality,,,NO MATCH
19,250140,Kamarhati,Municipality,,,NO MATCH
19,250141,Baranagar,Municipality,,,NO MATCH
19,250142,North Dum Dum,Municipality,,,NO MATCH
19,250143,Dum Dum,Municipality,,,NO MATCH
19,250144,South Dum Dum,Municipality,,,NO MATCH
19,250145,Bidhannagar,Municipal Corporations,303,North 24 Parganas,AMBIGUOUS MATCH
19,250147,Basirhat,Municipality,303,North 24 Parganas,FULL MATCH
19,250148,Taki,Municipality,303,North 24 Parganas,FULL MATCH
19,250168,Arambag,Municipality,312,Hooghly,FULL MATCH
19,250169,Tarakeswar,Municipality,312,Hooghly,FULL MATCH
19,250170,Bansberia,Municipality,312,Hooghly,FULL MATCH
19,250171,Hooghly Chinsurah,Municipality,312,Hooghly,FULL MATCH
19,250172,Chandannagar,Municipal Corporations,312,Hooghly,AMBIGUOUS MATCH
19,250173,Bhadreswar,Municipality,312,Hooghly,AMBIGUOUS MATCH
19,250174,Champdany,Municipality,312,Hooghly,AMBIGUOUS MATCH
19,250175,Baidyabati,Municipality,312,Hooghly,FULL MATCH
19,250176,Serampore,Municipality,312,Hooghly,AMBIGUOUS MATCH
19,250177,Rishra,Municipality,312,Hooghly,AMBIGUOUS MATCH
19,250178,Konnagar,Municipality,,,NO MATCH
19,250179,Uttarpara Kotrung,Municipality,312,Hooghly,AMBIGUOUS MATCH
19,250208,Sonamukhi,Municipality,305,Bankura,FULL MATCH
19,250209,Bankura,Municipality,305,Bankura,AMBIGUOUS MATCH
19,250210,Bishnupur,Municipality,305,Bankura,FULL MATCH
19,250213,Raghunathpur,Municipality,321,Purulia,FULL MATCH
19,250214,Jhalda,Municipality,321,Purulia,FULL MATCH
19,250215,Purulia,Municipality,321,Purulia,FULL MATCH
19,250225,Ramjibanpur,Municipality,318,Paschim Medinipur,FULL MATCH
19,250226,Chandrakona,Municipality,318,Paschim Medinipur,FULL MATCH
19,250227,Khirpai,Municipality,318,Paschim Medinipur,FULL MATCH
19,250228,Kharar,Municipality,318,Paschim Medinipur,FULL MATCH
19,250229,Ghatal,Municipality,"312, 318",Hooghly | Paschim Medinipur,FULL MATCH
19,250230,Midnapore,Municipality,318,Paschim Medinipur,FULL MATCH
19,250231,Jhargram,Municipality,703,Jhargram,FULL MATCH
19,250232,Kharagpur,Municipality,318,Paschim Medinipur,AMBIGUOUS MATCH
19,250233,Tamralipta,Municipality,,,NO MATCH
19,250234,Haldia,Municipality,,,NO MATCH
19,250235,Egra,Municipality,317,Purba Medinipur,FULL MATCH
19,250236,Contai,Municipality,317,Purba Medinipur,FULL MATCH
19,250246,Bally,Municipality,313,Howrah,AMBIGUOUS MATCH
19,250247,Howrah,Municipal Corporations,313,Howrah,AMBIGUOUS MATCH
19,250248,Uluberia,Municipality,313,Howrah,AMBIGUOUS MATCH
19,250299,Kolkata,Municipal Corporations,,,NO MATCH
19,250300,Maheshtala,Municipality,304,South 24 Parganas,FULL MATCH
19,250301,Budge Budge,Municipality,304,South 24 Parganas,FULL MATCH
19,250302,Pujali,Municipality,,,NO MATCH
19,250303,Rajpur Sonarpur,Municipality,304,South 24 Parganas,AMBIGUOUS MATCH
19,250304,Baruipur,Municipality,304,South 24 Parganas,FULL MATCH
19,250305,Diamond Harbour,Municipality,304,South 24 Parganas,FULL MATCH
19,250306,Jaynagar Mazilpur,Municipality,304,South 24 Parganas,FULL MATCH
20,250323,Hussainabad,Town Panchayat,"324, 338",Deoghar | Palamu,AMBIGUOUS MATCH
20,250324,Medininagar (Daltonganj) Municipal Corporation,Municipal Corporations,,,NO MATCH
20,250326,Latehar,Town Panchayat,335,Latehar,FULL MATCH
20,250349,Giridih Municipal Corporation,Municipal Corporations,329,Giridih,FULL MATCH
20,250352,Basukinath,Town Panchayat,324,Deoghar,AMBIGUOUS MATCH
20,250378,Dhanbad,Municipal Corporations,325,Dhanbad,AMBIGUOUS MATCH
20,250413,Ranchi,Municipal Corporations,339,Ranchi,FULL MATCH
20,250414,Khunti,Town Panchayat,606,Khunti,FULL MATCH
20,250415,Bundu,Town Panchayat,"323, 332, 339",Chatra | Hazaribagh | Ranchi,AMBIGUOUS MATCH
20,250416,Chakradharpur,Municipality,326,Dumka,FULL MATCH
20,250423,Seraikella,Town Panchayat,341,Saraikela Kharsawan,FULL MATCH
20,250430,Chaibasa,Municipality,326,Dumka,FULL MATCH
20,250433,Mango,Municipal Corporations,,,NO MATCH
20,250434,Jamshedpur,Notified Area Council,327,East Singhbum,FULL MATCH
20,250435,Jugsalai,Municipality,"326, 327",Dumka | East Singhbum,AMBIGUOUS MATCH
20,250445,Chakulia,Town Panchayat,327,East Singhbum,FULL MATCH
21,250446,Padmapur,Notified Area Council,347,Bargarh,FULL MATCH
21,250447,Barapali,Notified Area Council,347,Bargarh,FULL MATCH
21,250448,Bargarh,Municipality,,,NO MATCH
21,250450,Belpahar,Municipality,,,NO MATCH
21,250451,Brajarajnagar,Municipality,357,Jharsuguda,FULL MATCH
21,250452,Jharsuguda,Municipality,357,Jharsuguda,AMBIGUOUS MATCH
21,250453,Kochinda,Notified Area Council,371,Sambalpur,FULL MATCH
21,250454,Redhakhol,Notified Area Council,371,Sambalpur,FULL MATCH
21,250457,Debagarh,Municipality,351,Deogarh,FULL MATCH
21,250458,Sundargarh,Municipality,,,NO MATCH
21,250459,Rajagangapur,Municipality,373,Sundargarh,FULL MATCH
21,250462,Biramitrapur,Municipality,373,Sundargarh,FULL MATCH
21,250467,Raurkela,Municipal Corporations,373,Sundargarh,AMBIGUOUS MATCH
21,250469,Barbil,Municipality,361,Keonjhar,FULL MATCH
21,250471,Joda,Municipality,361,Keonjhar,FULL MATCH
21,250474,Kendujhar,Municipality,,,NO MATCH
21,250476,Anandapur,Municipality,361,Keonjhar,FULL MATCH
21,250478,Rairangpur,Municipality,365,Mayurbhanj,FULL MATCH
21,250479,Udala,Notified Area Council,365,Mayurbhanj,FULL MATCH
21,250480,Karanjia,Notified Area Council,365,Mayurbhanj,FULL MATCH
21,250481,Baripada,Municipality,365,Mayurbhanj,FULL MATCH
21,250482,Jaleswar,Municipality,,,NO MATCH
21,250484,Nilagiri,Notified Area Council,346,Balasore,FULL MATCH
21,250485,Soro,Municipality,346,Balasore,FULL MATCH
21,250486,Baleshwar,Municipality,,,NO MATCH
21,250487,Bhadrak,Municipality,348,Bhadrak,FULL MATCH
21,250489,Basudebpur,Municipality,348,Bhadrak,FULL MATCH
21,250490,Pattamundai,Municipality,360,Kendrapara,FULL MATCH
21,250491,Kendrapara,Municipality,360,Kendrapara,FULL MATCH
21,250494,Choudwar,Municipality,350,Cuttack,FULL MATCH
21,250498,Athagad,Notified Area Council,350,Cuttack,FULL MATCH
21,250500,Banki,Notified Area Council,350,Cuttack,FULL MATCH
21,250501,Cuttack,Municipal Corporations,350,Cuttack,AMBIGUOUS MATCH
21,250502,Vyasanagar,Municipality,356,Jajpur,FULL MATCH
21,250503,Jajapur,Municipality,356,Jajpur,FULL MATCH
21,250510,Khandapada,Notified Area Council,367,Nayagarh,FULL MATCH
21,250512,Nayagarh,Municipality,367,Nayagarh,FULL MATCH
21,250514,Khordha,Municipality,362,Khordha,FULL MATCH
21,250516,Jatani,Municipality,362,Khordha,FULL MATCH
21,250517,Balugaon,Notified Area Council,362,Khordha,FULL MATCH
21,250519,Banapur,Notified Area Council,362,Khordha,FULL MATCH
21,250520,Bhubaneswar,Municipal Corporations,"362, 369",Khordha | Puri,AMBIGUOUS MATCH
21,250521,Pipili,Notified Area Council,369,Puri,FULL MATCH
21,250522,Nimapada,Notified Area Council,369,Puri,FULL MATCH
21,250523,Konark,Notified Area Council,369,Puri,FULL MATCH
21,250524,Puri,Municipality,369,Puri,AMBIGUOUS MATCH
21,250525,Buguda,Notified Area Council,354,Ganjam,FULL MATCH
21,250526,Bhanjanagar,Notified Area Council,354,Ganjam,FULL MATCH
21,250527,Bellaguntha,Notified Area Council,,,NO MATCH
21,250528,Surada,Notified Area Council,354,Ganjam,FULL MATCH
21,250529,Asika,Notified Area Council,354,Ganjam,FULL MATCH
21,250531,Purusottampur,Notified Area Council,354,Ganjam,FULL MATCH
21,250532,Kavisurjyanagar,Notified Area Council,354,Ganjam,FULL MATCH
21,250533,Polasara,Notified Area Council,354,Ganjam,FULL MATCH
21,250534,Kodala,Notified Area Council,354,Ganjam,FULL MATCH
21,250535,Khalikote,Notified Area Council,354,Ganjam,FULL MATCH
21,250536,Rambha,Notified Area Council,354,Ganjam,FULL MATCH
21,250537,Chhatrapur,Notified Area Council,354,Ganjam,AMBIGUOUS MATCH
21,250538,Ganjam,Notified Area Council,354,Ganjam,FULL MATCH
21,250539,Gopalpur,Notified Area Council,354,Ganjam,FULL MATCH
21,250540,Chikiti,Notified Area Council,354,Ganjam,FULL MATCH
21,250541,Digapahandi,Notified Area Council,354,Ganjam,FULL MATCH
21,250542,Hinjilicut,Municipality,354,Ganjam,FULL MATCH
21,250543,Berhampur,Municipal Corporations,354,Ganjam,AMBIGUOUS MATCH
21,250544,Paralakhemundi,Municipality,353,Gajapati,FULL MATCH
21,250545,Kasinagar,Notified Area Council,"353, 354",Gajapati | Ganjam,FULL MATCH
21,250546,Phulabani,Municipality,359,Kandhamal,FULL MATCH
21,250547,G. Udayagiri,Notified Area Council,359,Kandhamal,FULL MATCH
21,250548,Boudhgarh,Notified Area Council,349,Boudh,FULL MATCH
21,250549,Tarbha,Notified Area Council,372,Sonepur,FULL MATCH
21,250550,Sonapur,Municipality,372,Sonepur,FULL MATCH
21,250551,Binika,Notified Area Council,372,Sonepur,FULL MATCH
21,250552,Kantabanji,Notified Area Council,345,Balangir,FULL MATCH
21,250553,Titlagarh,Municipality,345,Balangir,FULL MATCH
21,250554,Patnagarh,Notified Area Council,345,Balangir,FULL MATCH
21,250555,Balangir,Municipality,345,Balangir,AMBIGUOUS MATCH
21,250556,Khariar Road,Notified Area Council,368,Nuapada,FULL MATCH
21,250557,Khariar,Notified Area Council,368,Nuapada,FULL MATCH
21,250558,Bhawanipatna,Municipality,,,NO MATCH
21,250559,Kesinga,Notified Area Council,358,Kalahandi,FULL MATCH
21,250560,Junagarh,Notified Area Council,358,Kalahandi,FULL MATCH
21,250563,Gudari,Notified Area Council,370,Rayagada,FULL MATCH
21,250564,Gunupur,Municipality,370,Rayagada,FULL MATCH
21,250565,Rayagada,Municipality,,,NO MATCH
21,250567,Umarkote,Municipality,366,Nabarangpur,FULL MATCH
21,250569,Nabarangapur,Municipality,,,NO MATCH
21,250570,Kotpad,Notified Area Council,363,Koraput,FULL MATCH
21,250571,Koraput,Municipality,363,Koraput,FULL MATCH
21,250573,Sunabeda,Municipality,363,Koraput,FULL MATCH
21,250574,Jeypur,Municipality,363,Koraput,AMBIGUOUS MATCH
21,250576,Balimela,Notified Area Council,364,Malkangiri,FULL MATCH
22,250578,Chirimiri,Municipal Corporations,"384, 760",Korea | Manendragarh-Chirmiri-Bharatpur(M C B),FULL MATCH
22,250579,Baikunthpur,Municipality,"384, 760",Korea | Manendragarh-Chirmiri-Bharatpur(M C B),FULL MATCH
22,250580,Manendragarh,Municipality,760,Manendragarh-Chirmiri-Bharatpur(M C B),FULL MATCH
22,250581,Khongapani,Town Panchayat,760,Manendragarh-Chirmiri-Bharatpur(M C B),FULL MATCH
22,250582,Jhagrakhand,Town Panchayat,,,NO MATCH
22,250583,Ramanujganj,Municipality,649,Balrampur-Ramanujganj,FULL MATCH
22,250585,Surajpur,Municipality,648,Surajpur,FULL MATCH
22,250586,Vishrampur,Town Panchayat,648,Surajpur,FULL MATCH
22,250588,Ambikapur,Municipal Corporations,389,Surguja,FULL MATCH
22,250590,Jashpur Nagar,Municipality,380,Jashpur,FULL MATCH
22,250591,Pathalgaon,Municipality,"380, 386",Jashpur | Raigarh,FULL MATCH
22,250592,Dharamjaigarh,Town Panchayat,386,Raigarh,FULL MATCH
22,250593,Gharghoda,Town Panchayat,386,Raigarh,FULL MATCH
22,250594,Raigarh,Municipal Corporations,386,Raigarh,FULL MATCH
22,250595,Kharsia,Municipality,386,Raigarh,FULL MATCH
22,250596,Sarangarh,Municipality,763,Sarangarh-Bilaigarh,FULL MATCH
22,250597,Katghora,Municipality,383,Korba,FULL MATCH
22,250598,Korba,Municipal Corporations,383,Korba,FULL MATCH
22,250599,Dipka,Municipality,383,Korba,FULL MATCH
22,250601,Baloda,Town Panchayat,"375, 379",Bilaspur | Janjgir-Champa,FULL MATCH
22,250602,Naila Janjgir,Municipality,"375, 379",Bilaspur | Janjgir-Champa,FULL MATCH
22,250603,Akaltara,Municipality,379,Janjgir-Champa,FULL MATCH
22,250604,Shivrinarayan,Town Panchayat,379,Janjgir-Champa,FULL MATCH
22,250605,Champa,Municipality,"379, 383",Janjgir-Champa | Korba,FULL MATCH
22,250606,Sakti,Municipality,762,Sakti,FULL MATCH
22,250607,Naya Baradwar,Town Panchayat,"379, 762",Janjgir-Champa | Sakti,FULL MATCH
22,250608,Kharod,Town Panchayat,379,Janjgir-Champa,FULL MATCH
22,250609,Pendra,Municipality,734,Gaurela-Pendra-Marwahi,FULL MATCH
22,250610,Gaurella,Municipality,734,Gaurela-Pendra-Marwahi,FULL MATCH
22,250611,Lormi,Municipality,"375, 647",Bilaspur | Mungeli,FULL MATCH
22,250612,Ratanpur,Municipality,"375, 647",Bilaspur | Mungeli,FULL MATCH
22,250613,Kota,Town Panchayat,"375, 647",Bilaspur | Mungeli,FULL MATCH
22,250614,Mungeli,Municipality,647,Mungeli,FULL MATCH
22,250615,Takhatpur,Municipality,"375, 647",Bilaspur | Mungeli,FULL MATCH
22,250616,Bilaspur,Municipal Corporations,375,Bilaspur,FULL MATCH
22,250621,Bodri,Municipality,375,Bilaspur,FULL MATCH
22,250622,Bilha,Town Panchayat,"375, 647",Bilaspur | Mungeli,FULL MATCH
22,250623,Kawardha,Municipality,382,Kabeerdham,FULL MATCH
22,250624,Pandariya,Municipality,382,Kabeerdham,FULL MATCH
22,250625,Gandai,Town Panchayat,"382, 759",Kabeerdham | Khairagarh-Chhuikhadan-Gandai,FULL MATCH
22,250626,Chhuikhadan,Town Panchayat,759,Khairagarh-Chhuikhadan-Gandai,FULL MATCH
22,250628,Dongargarh,Municipality,"388, 761",Rajnandgaon | Mohla-Manpur-Ambagarh Chouki,FULL MATCH
22,250629,Rajnandgaon,Municipal Corporations,388,Rajnandgaon,FULL MATCH
22,250630,Dongargaon,Town Panchayat,388,Rajnandgaon,FULL MATCH
22,250631,Ambagarh Chowki,Town Panchayat,"388, 646, 761",Rajnandgaon | Balod | Mohla-Manpur-Ambagarh Chouki,FULL MATCH
22,250632,Bemetara,Municipality,650,Bemetara,FULL MATCH
22,250633,Than Khamharia,Town Panchayat,650,Bemetara,FULL MATCH
22,250634,Dhamdha,Town Panchayat,"378, 650",Durg | Bemetara,FULL MATCH
22,250635,Ahiwara,Municipality,"378, 650",Durg | Bemetara,FULL MATCH
22,250636,Jamul,Municipality,378,Durg,FULL MATCH
22,250637,Kumhari,Municipality,378,Durg,FULL MATCH
22,250638,Bhilai Charoda,Municipal Corporations,378,Durg,FULL MATCH
22,250639,Bhilai,Municipal Corporations,378,Durg,AMBIGUOUS MATCH
22,250640,Durg,Municipal Corporations,"378, 388",Durg | Rajnandgaon,AMBIGUOUS MATCH
22,250641,Patan,Town Panchayat,378,Durg,FULL MATCH
22,250642,Balod,Municipality,646,Balod,FULL MATCH
22,250643,Dalli Rajhara,Municipality,646,Balod,FULL MATCH
22,250644,Simga,Municipality,"387, 644",Raipur | Balodabazar-Bhatapara,FULL MATCH
22,250645,Kasdol,Town Panchayat,644,Balodabazar-Bhatapara,FULL MATCH
22,250646,Kurra,Town Panchayat,387,Raipur,FULL MATCH
22,250647,Palari,Town Panchayat,644,Balodabazar-Bhatapara,FULL MATCH
22,250648,Baloda Bazar,Municipality,644,Balodabazar-Bhatapara,FULL MATCH
22,250649,Gobra Nawapara,Municipality,"387, 645",Raipur | Gariyaband,FULL MATCH
22,250650,Arang,Municipality,"387, 644",Raipur | Balodabazar-Bhatapara,FULL MATCH
22,250651,Bhatapara,Municipality,644,Balodabazar-Bhatapara,FULL MATCH
22,250652,Kharora,Town Panchayat,"387, 644, 763",Raipur | Balodabazar-Bhatapara | Sarangarh-Bilaigarh,FULL MATCH
22,250653,Raipur,Municipal Corporations,387,Raipur,FULL MATCH
22,250654,Tundra,Town Panchayat,644,Balodabazar-Bhatapara,FULL MATCH
22,250655,Mana Camp,Town Panchayat,387,Raipur,FULL MATCH
22,250656,Bilaigarh,Town Panchayat,"644, 763",Balodabazar-Bhatapara | Sarangarh-Bilaigarh,FULL MATCH
22,250657,Tilda Newra,Municipality,387,Raipur,FULL MATCH
22,250658,Basna,Town Panchayat,385,Mahasamund,FULL MATCH
22,250659,Saraipali,Municipality,385,Mahasamund,FULL MATCH
22,250660,Pithora,Town Panchayat,"385, 644",Mahasamund | Balodabazar-Bhatapara,FULL MATCH
22,250661,Mahasamund,Municipality,385,Mahasamund,FULL MATCH
22,250662,Bagbahara,Municipality,385,Mahasamund,FULL MATCH
22,250663,Kanker,Municipality,"377, 381, 643",Dhamtari | Uttar Bastar Kanker | Kondagaon,FULL MATCH
22,250664,Kondagaon,Municipality,643,Kondagaon,FULL MATCH
22,250665,Jagdalpur,Municipal Corporations,374,Bastar,FULL MATCH
22,250668,Geedam,Town Panchayat,"374, 376",Bastar | Dakshin Bastar Dantewada,FULL MATCH
22,250669,Dantewada,Municipality,"374, 376, 636",Bastar | Dakshin Bastar Dantewada | Bijapur,FULL MATCH
22,250670,Bade Bacheli,Municipality,376,Dakshin Bastar Dantewada,FULL MATCH
22,250671,Kirandul,Municipality,376,Dakshin Bastar Dantewada,FULL MATCH
23,250672,Vijaypur,Town Panchayat,431,Sheopur,FULL MATCH
23,250673,Sheopur,Municipality,431,Sheopur,FULL MATCH
23,250674,Badoda,Town Panchayat,431,Sheopur,FULL MATCH
23,250675,Ambah,Municipality,417,Morena,FULL MATCH
23,250676,Porsa,Municipality,417,Morena,FULL MATCH
23,250677,Morena,Municipal Corporations,417,Morena,FULL MATCH
23,250678,Banmor,Town Panchayat,417,Morena,FULL MATCH
23,250679,Joura,Town Panchayat,417,Morena,FULL MATCH
23,250680,Kailaras,Town Panchayat,417,Morena,FULL MATCH
23,250681,Jhundpura,Town Panchayat,417,Morena,FULL MATCH
23,250682,Sabalgarh,Municipality,417,Morena,FULL MATCH
23,250683,Phuphkalan,Town Panchayat,395,Bhind,FULL MATCH
23,250684,Bhind,Municipality,395,Bhind,FULL MATCH
23,250685,Akoda,Town Panchayat,395,Bhind,FULL MATCH
23,250686,Gormi,Town Panchayat,395,Bhind,FULL MATCH
23,250688,Gohad,Municipality,395,Bhind,FULL MATCH
23,250689,Mau,Town Panchayat,395,Bhind,FULL MATCH
23,250690,Mihona,Town Panchayat,395,Bhind,FULL MATCH
23,250691,Lahar,Municipality,395,Bhind,FULL MATCH
23,250692,Alampur,Town Panchayat,395,Bhind,FULL MATCH
23,250693,Daboh,Town Panchayat,395,Bhind,FULL MATCH
23,250694,Gwalior,Municipal Corporations,407,Gwalior,AMBIGUOUS MATCH
23,250695,Bilaua,Town Panchayat,407,Gwalior,FULL MATCH
23,250697,Pichhore Gwalior,Town Panchayat,407,Gwalior,FULL MATCH
23,250698,Dabra,Municipality,407,Gwalior,FULL MATCH
23,250699,Antari,Town Panchayat,407,Gwalior,FULL MATCH
23,250700,Bhitarwar,Town Panchayat,407,Gwalior,FULL MATCH
23,250701,Seondha,Town Panchayat,401,Datia,FULL MATCH
23,250702,Indergarh,Town Panchayat,401,Datia,FULL MATCH
23,250703,Datia,Municipality,401,Datia,FULL MATCH
23,250704,Bhander,Town Panchayat,401,Datia,FULL MATCH
23,250705,Shivpuri,Municipality,432,Shivpuri,FULL MATCH
23,250706,Narwar,Town Panchayat,432,Shivpuri,FULL MATCH
23,250707,Karera,Town Panchayat,432,Shivpuri,FULL MATCH
23,250708,Kolaras,Town Panchayat,432,Shivpuri,FULL MATCH
23,250709,Badarwas,Town Panchayat,432,Shivpuri,FULL MATCH
23,250710,Pichhore Shivpuri,Town Panchayat,432,Shivpuri,FULL MATCH
23,250711,Khaniyadhana,Town Panchayat,432,Shivpuri,FULL MATCH
23,250712,Isagarh,Town Panchayat,391,Ashoknagar,FULL MATCH
23,250713,Chanderi,Municipality,391,Ashoknagar,FULL MATCH
23,250714,Guna,Municipality,406,Guna,FULL MATCH
23,250715,Ashoknagar,Municipality,391,Ashoknagar,FULL MATCH
23,250716,Raghogarh-Vijaypur,Municipality,406,Guna,FULL MATCH
23,250717,Mungaoli,Town Panchayat,391,Ashoknagar,FULL MATCH
23,250718,Kumbhraj,Town Panchayat,406,Guna,FULL MATCH
23,250719,Aron,Town Panchayat,406,Guna,FULL MATCH
23,250720,Chachaura -Binaganj,Town Panchayat,406,Guna,FULL MATCH
23,250733,Badagaon Shajapur,Town Panchayat,430,Shajapur,FULL MATCH
23,250734,Barigarh,Town Panchayat,398,Chhatarpur,FULL MATCH
23,250735,Lavkush Nagar,Town Panchayat,398,Chhatarpur,FULL MATCH
23,250736,Chandla,Town Panchayat,398,Chhatarpur,FULL MATCH
23,250737,Harpalpur,Town Panchayat,398,Chhatarpur,FULL MATCH
23,250738,Nowgong,Municipality,398,Chhatarpur,FULL MATCH
23,250739,Garhi -Malhara,Town Panchayat,398,Chhatarpur,FULL MATCH
23,250740,Maharajpur,Municipality,398,Chhatarpur,FULL MATCH
23,250741,Chhatarpur,Municipality,398,Chhatarpur,FULL MATCH
23,250742,Rajnagar,Town Panchayat,398,Chhatarpur,FULL MATCH
23,250743,Khajuraho,Town Panchayat,398,Chhatarpur,FULL MATCH
23,250744,Bada -Malhera,Town Panchayat,398,Chhatarpur,FULL MATCH
23,250745,Ghuwara,Town Panchayat,398,Chhatarpur,FULL MATCH
23,250746,Satai,Town Panchayat,398,Chhatarpur,FULL MATCH
23,250747,Bijawar,Town Panchayat,"398, 425",Chhatarpur | Sagar,FULL MATCH
23,250748,Buxwaha,Town Panchayat,398,Chhatarpur,FULL MATCH
23,250749,Ajaygarh,Town Panchayat,420,Panna,FULL MATCH
23,250750,Panna,Municipality,"420, 426",Panna | Satna,FULL MATCH
23,250751,Devendranagar,Town Panchayat,"420, 426",Panna | Satna,FULL MATCH
23,250752,Kakarhati,Town Panchayat,420,Panna,FULL MATCH
23,250753,Amanganj,Town Panchayat,420,Panna,FULL MATCH
23,250754,Pawai,Town Panchayat,"420, 426",Panna | Satna,FULL MATCH
23,250755,Bina,Municipality,425,Sagar,FULL MATCH
23,250756,Chand,Town Panchayat,399,Chhindwara,FULL MATCH
23,250758,Khurai,Municipality,425,Sagar,FULL MATCH
23,250759,Shahgarh,Town Panchayat,425,Sagar,FULL MATCH
23,250760,Banda,Town Panchayat,425,Sagar,FULL MATCH
23,250761,Rahatgarh,Town Panchayat,425,Sagar,FULL MATCH
23,250764,Sagar,Municipal Corporations,425,Sagar,FULL MATCH
23,250766,Makronia Buzurg,Municipality,425,Sagar,FULL MATCH
23,250768,Garhakota,Municipality,425,Sagar,FULL MATCH
23,250769,Rehli,Municipality,425,Sagar,FULL MATCH
23,250770,Deori,Municipality,425,Sagar,FULL MATCH
23,250771,Hatta,Municipality,400,Damoh,FULL MATCH
23,250772,Patharia,Town Panchayat,400,Damoh,FULL MATCH
23,250773,Hindoria,Town Panchayat,400,Damoh,FULL MATCH
23,250774,Damoh,Municipality,400,Damoh,FULL MATCH
23,250777,Chitrakoot,Town Panchayat,426,Satna,FULL MATCH
23,250778,Birsinghpur,Town Panchayat,426,Satna,FULL MATCH
23,250779,Kothi,Town Panchayat,426,Satna,FULL MATCH
23,250780,Jaitwara,Town Panchayat,426,Satna,FULL MATCH
23,250781,Satna,Municipal Corporations,426,Satna,FULL MATCH
23,250782,Nagod,Town Panchayat,426,Satna,FULL MATCH
23,250783,Unchahara,Town Panchayat,426,Satna,FULL MATCH
23,250784,Kotar,Town Panchayat,426,Satna,FULL MATCH
23,250785,Rampur Baghelan,Town Panchayat,"426, 784",Satna | Maihar,FULL MATCH
23,250786,Amarpatan,Town Panchayat,"426, 784",Satna | Maihar,FULL MATCH
23,250787,Maihar,Municipality,"426, 784",Satna | Maihar,FULL MATCH
23,250788,Chakghat,Town Panchayat,424,Rewa,FULL MATCH
23,250789,Teonthar,Town Panchayat,424,Rewa,FULL MATCH
23,250790,Sirmaur,Town Panchayat,424,Rewa,FULL MATCH
23,250791,Semaria,Town Panchayat,424,Rewa,FULL MATCH
23,250792,Baikunthpur,Town Panchayat,424,Rewa,FULL MATCH
23,250793,Mangawan,Town Panchayat,424,Rewa,FULL MATCH
23,250794,Hanumana,Town Panchayat,766,MAUGANJ,FULL MATCH
23,250795,Nai-Garhi,Town Panchayat,766,MAUGANJ,FULL MATCH
23,250796,Mauganj,Town Panchayat,766,MAUGANJ,FULL MATCH
23,250797,Rewa,Municipal Corporations,424,Rewa,FULL MATCH
23,250798,Govindgarh,Town Panchayat,424,Rewa,FULL MATCH
23,250799,Gurh,Town Panchayat,424,Rewa,FULL MATCH
23,250800,Chandia,Town Panchayat,436,Umaria,FULL MATCH
23,250801,Umaria,Municipality,436,Umaria,FULL MATCH
23,250802,Pali,Municipality,436,Umaria,FULL MATCH
23,250803,Nowrozabad - Khodargama,Town Panchayat,436,Umaria,FULL MATCH
23,250804,Khand - Bansagar,Town Panchayat,429,Shahdol,FULL MATCH
23,250805,Beohari,Town Panchayat,429,Shahdol,FULL MATCH
23,250806,Jaisinghnagar,Town Panchayat,425,Sagar,FULL MATCH
23,250807,Shahdol,Municipality,"429, 436",Shahdol | Umaria,FULL MATCH
23,250808,Burhar,Town Panchayat,429,Shahdol,FULL MATCH
23,250809,Dhanpuri,Municipality,,,NO MATCH
23,250815,Devri,Town Panchayat,425,Sagar,FULL MATCH
23,250818,Majhauli,Town Panchayat,433,Sidhi,FULL MATCH
23,250819,Singoli,Town Panchayat,419,Neemuch,FULL MATCH
23,250820,Ratangarh,Town Panchayat,419,Neemuch,FULL MATCH
23,250821,Diken,Town Panchayat,419,Neemuch,FULL MATCH
23,250822,Jawad,Town Panchayat,419,Neemuch,FULL MATCH
23,250823,Neemuch,Municipality,"416, 419",Mandsaur | Neemuch,FULL MATCH
23,250824,Jiran,Town Panchayat,419,Neemuch,FULL MATCH
23,250825,Rampura,Town Panchayat,419,Neemuch,FULL MATCH
23,250826,Manasa,Town Panchayat,"396, 419, 427",Bhopal | Neemuch | Sehore,AMBIGUOUS MATCH
23,250827,Bhanpura,Town Panchayat,"402, 416, 419",Dewas | Mandsaur | Neemuch,AMBIGUOUS MATCH
23,250828,Malhargarh,Town Panchayat,416,Mandsaur,FULL MATCH
23,250829,Narayangarh,Town Panchayat,"416, 419",Mandsaur | Neemuch,FULL MATCH
23,250830,Piplya Mandi,Town Panchayat,"416, 419",Mandsaur | Neemuch,FULL MATCH
23,250831,Garoth,Town Panchayat,416,Mandsaur,FULL MATCH
23,250832,Shamgarh,Town Panchayat,416,Mandsaur,FULL MATCH
23,250833,Mandsaur,Municipality,416,Mandsaur,FULL MATCH
23,250834,Nagri,Town Panchayat,416,Mandsaur,FULL MATCH
23,250835,Sitamau,Town Panchayat,416,Mandsaur,FULL MATCH
23,250836,Piploda,Town Panchayat,423,Ratlam,FULL MATCH
23,250837,Jaora,Municipality,423,Ratlam,FULL MATCH
23,250838,Badawada,Town Panchayat,423,Ratlam,FULL MATCH
23,250839,Alot,Town Panchayat,423,Ratlam,FULL MATCH
23,250840,Tal,Town Panchayat,423,Ratlam,FULL MATCH
23,250841,Sailana,Town Panchayat,423,Ratlam,FULL MATCH
23,250842,Namli,Town Panchayat,423,Ratlam,FULL MATCH
23,250843,Ratlam,Municipal Corporations,423,Ratlam,FULL MATCH
23,250845,Khacharod,Municipality,435,Ujjain,FULL MATCH
23,250846,Nagda,Municipality,435,Ujjain,FULL MATCH
23,250847,Unhel,Town Panchayat,435,Ujjain,FULL MATCH
23,250849,Mahidpur,Municipality,435,Ujjain,FULL MATCH
23,250850,Tarana,Town Panchayat,435,Ujjain,FULL MATCH
23,250851,Ujjain,Municipal Corporations,435,Ujjain,FULL MATCH
23,250852,Badnagar,Municipality,435,Ujjain,FULL MATCH
23,250853,Soyatkalan,Town Panchayat,667,Agar-Malwa,FULL MATCH
23,250854,Susner,Town Panchayat,667,Agar-Malwa,FULL MATCH
23,250855,Nalkheda,Town Panchayat,667,Agar-Malwa,FULL MATCH
23,250857,Badod,Town Panchayat,667,Agar-Malwa,FULL MATCH
23,250858,Agar,Municipality,667,Agar-Malwa,FULL MATCH
23,250859,Kanad,Town Panchayat,667,Agar-Malwa,FULL MATCH
23,250860,Shajapur,Municipality,430,Shajapur,FULL MATCH
23,250861,Maksi,Town Panchayat,430,Shajapur,FULL MATCH
23,250862,Shujalpur,Municipality,430,Shajapur,FULL MATCH
23,250863,Akodia,Town Panchayat,430,Shajapur,FULL MATCH
23,250864,Polaykalan,Town Panchayat,430,Shajapur,FULL MATCH
23,250865,Bhaurasa,Town Panchayat,402,Dewas,FULL MATCH
23,250866,Sonkatch,Town Panchayat,402,Dewas,FULL MATCH
23,250867,Dewas,Municipal Corporations,402,Dewas,FULL MATCH
23,250868,Kannod,Town Panchayat,402,Dewas,FULL MATCH
23,250869,Loharda,Town Panchayat,403,Dhar,FULL MATCH
23,250870,Kantaphod,Town Panchayat,402,Dewas,FULL MATCH
23,250871,Satwas,Town Panchayat,402,Dewas,FULL MATCH
23,250872,Hatpipalya,Town Panchayat,402,Dewas,FULL MATCH
23,250873,Karnawad,Town Panchayat,402,Dewas,FULL MATCH
23,250875,Khategaon,Town Panchayat,402,Dewas,FULL MATCH
23,250876,Thandla,Town Panchayat,412,Jhabua,FULL MATCH
23,250877,Petlawad,Town Panchayat,412,Jhabua,FULL MATCH
23,250879,Jhabua,Municipality,"412, 639",Jhabua | Alirajpur,FULL MATCH
23,250880,Bhavra,Town Panchayat,639,Alirajpur,FULL MATCH
23,250881,Jobat,Town Panchayat,639,Alirajpur,FULL MATCH
23,250882,Alirajpur,Municipality,"412, 639",Jhabua | Alirajpur,FULL MATCH
23,250883,Ranapur,Town Panchayat,"412, 639",Jhabua | Alirajpur,FULL MATCH
23,250884,Badnawar,Town Panchayat,"402, 403",Dewas | Dhar,AMBIGUOUS MATCH
23,250885,Rajgarh,Municipality,"422, 427",Rajgarh | Sehore,FULL MATCH
23,250886,Sardarpur,Town Panchayat,403,Dhar,FULL MATCH
23,250887,Dhar,Municipality,403,Dhar,FULL MATCH
23,250888,Pithampur,Municipality,403,Dhar,FULL MATCH
23,250889,Mandav,Town Panchayat,"402, 403",Dewas | Dhar,AMBIGUOUS MATCH
23,250891,Kukshi,Town Panchayat,"402, 403",Dewas | Dhar,AMBIGUOUS MATCH
23,250892,Manawar,Municipality,403,Dhar,FULL MATCH
23,250893,Dhamnod Ratlam,Town Panchayat,423,Ratlam,FULL MATCH
23,250894,Dharampuri,Town Panchayat,403,Dhar,FULL MATCH
23,250895,Runji -Gautampura,Town Panchayat,410,Indore,FULL MATCH
23,250896,Depalpur,Town Panchayat,"402, 410",Dewas | Indore,AMBIGUOUS MATCH
23,250897,Betma,Town Panchayat,"402, 410",Dewas | Indore,AMBIGUOUS MATCH
23,250898,Sawer,Town Panchayat,"402, 410",Dewas | Indore,AMBIGUOUS MATCH
23,250900,Hatod,Town Panchayat,"402, 410",Dewas | Indore,AMBIGUOUS MATCH
23,250901,Indore,Municipal Corporations,410,Indore,AMBIGUOUS MATCH
23,250904,Rau,Town Panchayat,"402, 410",Dewas | Indore,AMBIGUOUS MATCH
23,250905,Mhowgaon,Town Panchayat,410,Indore,FULL MATCH
23,250906,Manpur,Town Panchayat,"402, 410",Dewas | Indore,AMBIGUOUS MATCH
23,250907,Barwaha,Municipality,414,Khargone (West Nimar),FULL MATCH
23,250908,Sanawad,Municipality,"393, 405, 414",Barwani | Khandwa (East Nimar) | Khargone (West Nimar),FULL MATCH
23,250909,Maheshwar,Town Panchayat,"393, 414",Barwani | Khargone (West Nimar),FULL MATCH
23,250910,Mandleshwar,Town Panchayat,"393, 414",Barwani | Khargone (West Nimar),FULL MATCH
23,250911,Kasrawad,Town Panchayat,"393, 414",Barwani | Khargone (West Nimar),FULL MATCH
23,250912,Bhikangaon,Town Panchayat,"397, 414",Burhanpur | Khargone (West Nimar),FULL MATCH
23,250913,Khargone,Municipality,"393, 397, 414",Barwani | Burhanpur | Khargone (West Nimar),FULL MATCH
23,250914,Barwani,Municipality,"393, 414",Barwani | Khargone (West Nimar),FULL MATCH
23,250915,Anjad,Town Panchayat,"393, 414",Barwani | Khargone (West Nimar),FULL MATCH
23,250916,Rajpur,Town Panchayat,"393, 414",Barwani | Khargone (West Nimar),FULL MATCH
23,250917,Pansemal,Town Panchayat,393,Barwani,FULL MATCH
23,250918,Khetia,Town Panchayat,393,Barwani,FULL MATCH
23,250919,Sendhwa,Municipality,393,Barwani,FULL MATCH
23,250920,Harsud,Town Panchayat,405,Khandwa (East Nimar),FULL MATCH
23,250921,Omkareshwar,Town Panchayat,"405, 414",Khandwa (East Nimar) | Khargone (West Nimar),FULL MATCH
23,250922,Mundi,Town Panchayat,405,Khandwa (East Nimar),FULL MATCH
23,250923,Khandwa,Municipal Corporations,"393, 397, 405, 414",Barwani | Burhanpur | Khandwa (East Nimar) | Khargone (West Nimar),FULL MATCH
23,250924,Pandhana,Town Panchayat,"397, 405, 414",Burhanpur | Khandwa (East Nimar) | Khargone (West Nimar),FULL MATCH
23,250925,Burhanpur,Municipal Corporations,"397, 405",Burhanpur | Khandwa (East Nimar),FULL MATCH
23,250926,Shahpur Burhanpur,Town Panchayat,"397, 405",Burhanpur | Khandwa (East Nimar),FULL MATCH
23,250927,Nepanagar,Municipality,"397, 405",Burhanpur | Khandwa (East Nimar),FULL MATCH
23,250928,Machalpur,Town Panchayat,"393, 396, 414, 422",Barwani | Bhopal | Khargone (West Nimar) | Rajgarh,AMBIGUOUS MATCH
23,250929,Jirapur,Town Panchayat,"396, 422",Bhopal | Rajgarh,FULL MATCH
23,250930,Khilchipur,Town Panchayat,422,Rajgarh,FULL MATCH
23,250931,Rajgarh,Town Panchayat,"422, 427",Rajgarh | Sehore,FULL MATCH
23,250932,Khujner,Town Panchayat,422,Rajgarh,FULL MATCH
23,250933,Suthaliya,Town Panchayat,422,Rajgarh,FULL MATCH
23,250934,Biaora,Municipality,422,Rajgarh,FULL MATCH
23,250935,Pachore,Town Panchayat,422,Rajgarh,FULL MATCH
23,250936,Sarangpur,Municipality,422,Rajgarh,FULL MATCH
23,250937,Narsinghgarh,Municipality,422,Rajgarh,FULL MATCH
23,250938,Boda,Town Panchayat,422,Rajgarh,FULL MATCH
23,250939,Talen,Town Panchayat,422,Rajgarh,FULL MATCH
23,250940,Lateri,Town Panchayat,437,Vidisha,FULL MATCH
23,250941,Sironj,Municipality,437,Vidisha,FULL MATCH
23,250942,Kurwai,Town Panchayat,437,Vidisha,FULL MATCH
23,250944,Vidisha,Municipality,437,Vidisha,FULL MATCH
23,250945,Berasia,Municipality,396,Bhopal,FULL MATCH
23,250946,Bhopal,Municipal Corporations,"396, 421",Bhopal | Raisen,AMBIGUOUS MATCH
23,250947,Sehore,Municipality,427,Sehore,FULL MATCH
23,250948,Jawar,Town Panchayat,"405, 427",Khandwa (East Nimar) | Sehore,AMBIGUOUS MATCH
23,250949,Ashta,Municipality,427,Sehore,FULL MATCH
23,250950,Ichhawar,Town Panchayat,427,Sehore,FULL MATCH
23,250951,Nasrullaganj,Town Panchayat,"396, 427",Bhopal | Sehore,FULL MATCH
23,250952,Budni,Town Panchayat,427,Sehore,FULL MATCH
23,250953,Rehti,Town Panchayat,427,Sehore,FULL MATCH
23,250954,Sanchi,Town Panchayat,421,Raisen,FULL MATCH
23,250955,Raisen,Municipality,"421, 437",Raisen | Vidisha,FULL MATCH
23,250956,Gairatganj,Town Panchayat,421,Raisen,FULL MATCH
23,250957,Begamganj,Municipality,421,Raisen,FULL MATCH
23,250958,Sultanpur,Town Panchayat,421,Raisen,FULL MATCH
23,250959,Mandideep,Municipality,"396, 421",Bhopal | Raisen,FULL MATCH
23,250960,Obedullaganj,Town Panchayat,421,Raisen,FULL MATCH
23,250961,Badi,Town Panchayat,421,Raisen,FULL MATCH
23,250962,Bareli,Town Panchayat,421,Raisen,FULL MATCH
23,250963,Udaipura,Town Panchayat,421,Raisen,FULL MATCH
23,250964,Bhainsdehi,Town Panchayat,394,Betul,FULL MATCH
23,250965,Shahpur Sagar,Town Panchayat,425,Sagar,FULL MATCH
23,250966,Khirkiya,Town Panchayat,408,Harda,FULL MATCH
23,250967,Harda,Municipality,"396, 408",Bhopal | Harda,FULL MATCH
23,250968,Timarni,Town Panchayat,"408, 409",Harda | Narmadapuram,FULL MATCH
23,250969,Seoni-Malwa,Municipality,409,Narmadapuram,FULL MATCH
23,250970,Itarsi,Municipality,409,Narmadapuram,AMBIGUOUS MATCH
23,250974,Narmadapuram,Municipality,409,Narmadapuram,FULL MATCH
23,250975,Babai,Town Panchayat,409,Narmadapuram,FULL MATCH
23,250976,Sohagpur,Town Panchayat,"409, 418",Narmadapuram | Narsimhapur,FULL MATCH
23,250977,Pipariya,Municipality,409,Narmadapuram,FULL MATCH
23,250978,Barhi,Town Panchayat,413,Katni,AMBIGUOUS MATCH
23,250979,Murwara - Katni,Municipal Corporations,"411, 413",Jabalpur | Katni,FULL MATCH
23,250980,Kymore,Town Panchayat,413,Katni,FULL MATCH
23,250981,Vijayraghavgarh,Town Panchayat,413,Katni,FULL MATCH
23,250982,Manjholi Jabalpur,Town Panchayat,"411, 413",Jabalpur | Katni,FULL MATCH
23,250983,Sihora,Municipality,"411, 413, 418",Jabalpur | Katni | Narsimhapur,AMBIGUOUS MATCH
23,250984,Katangi,Town Panchayat,392,Balaghat,FULL MATCH
23,250985,Patan,Town Panchayat,411,Jabalpur,FULL MATCH
23,250986,Shahpura Dindori,Town Panchayat,"404, 415",Dindori | Mandla,FULL MATCH
23,250987,Panagar,Municipality,411,Jabalpur,FULL MATCH
23,250995,Jabalpur,Municipal Corporations,411,Jabalpur,FULL MATCH
23,250996,Bhedaghat,Town Panchayat,411,Jabalpur,FULL MATCH
23,250997,Barela,Town Panchayat,411,Jabalpur,FULL MATCH
23,250998,Gotegaon,Municipality,418,Narsimhapur,FULL MATCH
23,250999,Gadarwara,Municipality,418,Narsimhapur,FULL MATCH
23,251000,Chichli,Town Panchayat,418,Narsimhapur,FULL MATCH
23,251001,Narsimhapur,Municipality,418,Narsimhapur,FULL MATCH
23,251002,Kareli,Municipality,418,Narsimhapur,FULL MATCH
23,251003,Shahpura,Town Panchayat,411,Jabalpur,FULL MATCH
23,251007,Harrai,Town Panchayat,399,Chhindwara,FULL MATCH
23,251008,Amarwara,Municipality,399,Chhindwara,FULL MATCH
23,251009,Chaurai,Municipality,399,Chhindwara,FULL MATCH
23,251010,Jamai,Municipality,399,Chhindwara,FULL MATCH
23,251018,Newton Chikhli Kalan,Town Panchayat,399,Chhindwara,FULL MATCH
23,251022,Dongar Parasia,Municipality,399,Chhindwara,FULL MATCH
23,251023,Chandameta -Butaria,Town Panchayat,,,NO MATCH
23,251025,Badkuhi,Town Panchayat,,,NO MATCH
23,251026,Chhindwara,Municipal Corporations,399,Chhindwara,FULL MATCH
23,251027,Sausar,Municipality,785,Pandhurna,FULL MATCH
23,251028,Mohgaon,Town Panchayat,415,Mandla,FULL MATCH
23,251029,Lodhikheda,Town Panchayat,"399, 785",Chhindwara | Pandhurna,FULL MATCH
23,251030,Pandhurna,Municipality,785,Pandhurna,FULL MATCH
23,251031,Lakhnadon,Town Panchayat,428,Seoni,FULL MATCH
23,251033,Seoni,Municipality,428,Seoni,FULL MATCH
23,251034,Barghat,Town Panchayat,428,Seoni,FULL MATCH
23,251035,Katangi Jabalpur,Town Panchayat,411,Jabalpur,FULL MATCH
23,251037,Waraseoni,Municipality,392,Balaghat,FULL MATCH
23,251040,Balaghat,Municipality,392,Balaghat,FULL MATCH
23,251041,Baihar,Town Panchayat,"392, 428",Balaghat | Seoni,FULL MATCH
23,251042,Malajkhand,Municipality,392,Balaghat,FULL MATCH
24,251044,Rapar,Municipality,449,Kachchh,FULL MATCH
24,251045,Bhachau,Municipality,449,Kachchh,FULL MATCH
24,251046,Anjar,Municipality,449,Kachchh,FULL MATCH
24,251047,Bhuj,Municipality,449,Kachchh,FULL MATCH
24,251048,Mandvi,Municipality,459,Surat,FULL MATCH
24,251050,Gandhidham,Municipal Corporations,449,Kachchh,FULL MATCH
24,251052,Tharad,Municipality,789,Vav-Tharad,FULL MATCH
24,251053,Dhanera,Municipality,"441, 789",Banas Kantha | Vav-Tharad,FULL MATCH
24,251055,Palanpur,Municipality,441,Banas Kantha,FULL MATCH
24,251057,Deesa,Municipality,"441, 789",Banas Kantha | Vav-Tharad,FULL MATCH
24,251058,Radhanpur,Municipality,455,Patan,FULL MATCH
24,251059,Sidhpur,Municipality,455,Patan,FULL MATCH
24,251060,Patan,Municipality,455,Patan,FULL MATCH
24,251061,Harij,Municipality,455,Patan,FULL MATCH
24,251062,Chanasma,Municipality,455,Patan,FULL MATCH
24,251063,Kheralu,Municipality,451,Mahesana,FULL MATCH
24,251064,Unjha,Municipality,451,Mahesana,FULL MATCH
24,251065,Visnagar,Municipality,451,Mahesana,FULL MATCH
24,251066,Vadnagar,Municipality,451,Mahesana,FULL MATCH
24,251067,Vijapur,Municipality,451,Mahesana,FULL MATCH
24,251068,Mahesana,Municipal Corporations,451,Mahesana,FULL MATCH
24,251070,Kadi,Municipality,451,Mahesana,FULL MATCH
24,251071,Khedbrahma,Municipality,458,Sabar Kantha,FULL MATCH
24,251072,Idar,Municipality,458,Sabar Kantha,FULL MATCH
24,251074,Himatnagar,Municipality,458,Sabar Kantha,FULL MATCH
24,251075,Prantij,Municipality,458,Sabar Kantha,FULL MATCH
24,251076,Talod,Municipality,"458, 672",Sabar Kantha | Arvalli,FULL MATCH
24,251077,Modasa,Municipality,672,Arvalli,FULL MATCH
24,251081,Kalol,Municipality,446,Gandhinagar,FULL MATCH
24,251082,Mansa,Municipality,446,Gandhinagar,FULL MATCH
24,251088,Dehgam,Municipality,446,Gandhinagar,FULL MATCH
24,251089,Viramgam,Municipality,"438, 460",Ahmedabad | Surendranagar,FULL MATCH
24,251090,Sanand,Municipality,438,Ahmedabad,FULL MATCH
24,251096,Ahmadabad,Municipal Corporations,"438, 446",Ahmedabad | Gandhinagar,FULL MATCH
24,251108,Dholka,Municipality,438,Ahmedabad,FULL MATCH
24,251109,Bavla,Municipality,438,Ahmedabad,FULL MATCH
24,251110,Dhandhuka,Municipality,438,Ahmedabad,FULL MATCH
24,251111,Halvad,Municipality,"460, 673",Surendranagar | Morbi,FULL MATCH
24,251112,Dhrangadhra,Municipality,"460, 673",Surendranagar | Morbi,FULL MATCH
24,251114,Surendranagar,Municipal Corporations,,,NO MATCH
24,251116,Thangadh,Municipality,460,Surendranagar,FULL MATCH
24,251117,Limbdi,Municipality,"438, 460",Ahmedabad | Surendranagar,FULL MATCH
24,251118,Morbi,Municipal Corporations,673,Morbi,FULL MATCH
24,251119,Wankaner,Municipality,673,Morbi,FULL MATCH
24,251120,Rajkot,Municipal Corporations,"457, 673",Rajkot | Morbi,AMBIGUOUS MATCH
24,251121,Jasdan,Municipality,"439, 457",Amreli | Rajkot,FULL MATCH
24,251122,Gondal,Municipality,457,Rajkot,FULL MATCH
24,251123,Bhayavadar,Municipality,457,Rajkot,FULL MATCH
24,251124,Upleta,Municipality,"447, 448, 456, 457",Jamnagar | Junagadh | Porbandar | Rajkot,FULL MATCH
24,251125,Dhoraji,Municipality,457,Rajkot,FULL MATCH
24,251126,Jetpur Navagadh,Municipality,457,Rajkot,FULL MATCH
24,251127,Okha,Municipality,674,Devbhumi Dwarka,FULL MATCH
24,251129,Dwarka,Municipality,674,Devbhumi Dwarka,FULL MATCH
24,251130,Salaya,Municipality,674,Devbhumi Dwarka,FULL MATCH
24,251131,Khambhalia,Municipality,674,Devbhumi Dwarka,FULL MATCH
24,251132,Sikka,Municipality,447,Jamnagar,FULL MATCH
24,251133,Jamnagar,Municipal Corporations,447,Jamnagar,FULL MATCH
24,251134,Dhrol,Municipality,447,Jamnagar,FULL MATCH
24,251135,Kalavad,Municipality,447,Jamnagar,FULL MATCH
24,251136,Bhanvad,Municipality,"456, 674",Porbandar | Devbhumi Dwarka,FULL MATCH
24,251137,Jamjodhpur,Municipality,"447, 674",Jamnagar | Devbhumi Dwarka,FULL MATCH
24,251138,Porbandar,Municipal Corporations,456,Porbandar,FULL MATCH
24,251141,Ranavav,Municipality,456,Porbandar,FULL MATCH
24,251142,Kutiyana,Municipality,"448, 456",Junagadh | Porbandar,FULL MATCH
24,251143,Bantwa,Municipality,"448, 456",Junagadh | Porbandar,FULL MATCH
24,251144,Manavadar,Municipality,448,Junagadh,FULL MATCH
24,251145,Vanthali,Municipality,448,Junagadh,FULL MATCH
24,251147,Junagadh,Municipal Corporations,"439, 448",Amreli | Junagadh,FULL MATCH
24,251148,Visavadar,Municipality,"448, 675",Junagadh | Gir Somnath,FULL MATCH
24,251149,Keshod,Municipality,448,Junagadh,FULL MATCH
24,251150,Mangrol,Municipality,448,Junagadh,FULL MATCH
24,251151,Chorvad,Municipality,448,Junagadh,FULL MATCH
24,251152,Veraval,Municipality,675,Gir Somnath,FULL MATCH
24,251153,Kodinar,Municipality,675,Gir Somnath,FULL MATCH
24,251154,Una,Municipality,675,Gir Somnath,FULL MATCH
24,251155,Lathi,Municipality,439,Amreli,FULL MATCH
24,251156,Damnagar,Municipality,439,Amreli,FULL MATCH
24,251157,Amreli,Municipality,439,Amreli,FULL MATCH
24,251158,Bagasara,Municipality,439,Amreli,FULL MATCH
24,251159,Chalala,Municipality,439,Amreli,FULL MATCH
24,251160,Savarkundla,Municipality,439,Amreli,FULL MATCH
24,251161,Jafrabad,Municipality,439,Amreli,FULL MATCH
24,251162,Rajula,Municipality,439,Amreli,FULL MATCH
24,251163,Botad,Municipality,676,Botad,FULL MATCH
24,251164,Gadhada,Municipality,676,Botad,FULL MATCH
24,251165,Bhavnagar,Municipal Corporations,443,Bhavnagar,FULL MATCH
24,251166,Sihor,Municipality,443,Bhavnagar,FULL MATCH
24,251167,Gariadhar,Municipality,443,Bhavnagar,FULL MATCH
24,251168,Palitana,Municipality,"439, 443",Amreli | Bhavnagar,FULL MATCH
24,251169,Talaja,Municipality,443,Bhavnagar,FULL MATCH
24,251170,Mahuva,Municipality,443,Bhavnagar,FULL MATCH
24,251171,Umreth,Municipality,"440, 450",Anand | Kheda,FULL MATCH
24,251172,Boriavi,Municipality,440,Anand,FULL MATCH
24,251173,Ode,Municipality,440,Anand,FULL MATCH
24,251174,Anand,Municipal Corporations,440,Anand,FULL MATCH
24,251175,Vallabh Vidyanagar,Municipality,,,NO MATCH
24,251176,Karamsad,Municipality,440,Anand,FULL MATCH
24,251178,Petlad,Municipality,440,Anand,FULL MATCH
24,251179,Khambhat,Municipality,440,Anand,FULL MATCH
24,251180,Borsad,Municipality,440,Anand,FULL MATCH
24,251182,Anklav,Municipality,440,Anand,FULL MATCH
24,251183,Kapadvanj,Municipality,450,Kheda,FULL MATCH
24,251184,Balasinor,Municipality,"440, 450, 669",Anand | Kheda | Mahisagar,FULL MATCH
24,251185,Mehmedabad,Municipality,450,Kheda,FULL MATCH
24,251186,Kheda,Municipality,,,NO MATCH
24,251187,Nadiad,Municipality,450,Kheda,FULL MATCH
24,251188,Chaklasi,Municipality,450,Kheda,FULL MATCH
24,251189,Mahudha,Municipality,450,Kheda,FULL MATCH
24,251190,Dakor,Municipality,450,Kheda,FULL MATCH
24,251191,Santrampur,Municipality,669,Mahisagar,FULL MATCH
24,251192,Lunawada,Municipality,"454, 669",Panch Mahals | Mahisagar,FULL MATCH
24,251193,Godhra,Municipality,,,NO MATCH
24,251194,Kaalol,Municipality,454,Panch Mahals,FULL MATCH
24,251196,Halol,Municipality,454,Panch Mahals,FULL MATCH
24,251197,Jhalod,Municipality,445,Dahod,FULL MATCH
24,251199,Dahod,Municipality,445,Dahod,FULL MATCH
24,251200,Devgadbaria,Municipality,"445, 454",Dahod | Panch Mahals,FULL MATCH
24,251209,Vadodara,Municipal Corporations,461,Vadodara,AMBIGUOUS MATCH
24,251211,Chhota-Udepur,Municipality,"461, 668",Vadodara | Chhotaudepur,FULL MATCH
24,251213,Dabhoi,Municipality,461,Vadodara,FULL MATCH
24,251214,Padra,Municipality,461,Vadodara,FULL MATCH
24,251215,Karjan,Municipality,461,Vadodara,FULL MATCH
24,251216,Rajpipla,Municipality,,,NO MATCH
24,251219,Jambusar,Municipality,"442, 461",Bharuch | Vadodara,FULL MATCH
24,251222,Bharuch,Municipality,442,Bharuch,FULL MATCH
24,251225,Anklesvar,Municipality,,,NO MATCH
24,251230,Songadh,Municipality,"459, 641",Surat | Tapi,FULL MATCH
24,251231,Surat,Municipal Corporations,459,Surat,FULL MATCH
24,251243,Bardoli,Municipality,459,Surat,FULL MATCH
24,251244,Vyara,Municipality,641,Tapi,FULL MATCH
24,251245,Navsari-Vijalpor,Municipal Corporations,453,Navsari,FULL MATCH
24,251249,Gandevi,Municipality,453,Navsari,FULL MATCH
24,251251,Bilimora,Municipality,453,Navsari,FULL MATCH
24,251254,Valsad,Municipality,462,Valsad,FULL MATCH
24,251261,Dharampur,Municipality,462,Valsad,FULL MATCH
24,251262,Pardi,Municipality,462,Valsad,FULL MATCH
24,251264,Vapi,Municipal Corporations,462,Valsad,FULL MATCH
24,251269,Ummargam,Municipality,462,Valsad,FULL MATCH
38,251271,Diu,Municipality,464,Diu,FULL MATCH
38,251272,Daman,Municipality,463,Daman,FULL MATCH
38,251273,Silvassa,Municipality,"462, 465",Valsad | Dadra And Nagar Haveli,FULL MATCH
27,251275,Talode,Municipality,486,Nandurbar,FULL MATCH
27,251277,Shahade,Municipality,486,Nandurbar,FULL MATCH
27,251278,Nandurbar,Municipality,"474, 486",Dhule | Nandurbar,FULL MATCH
27,251279,Nawapur,Municipality,"474, 486",Dhule | Nandurbar,FULL MATCH
27,251280,Shirpur-Warwade,Municipality,474,Dhule,FULL MATCH
27,251281,Dondaicha-Warwade,Municipality,"474, 486",Dhule | Nandurbar,FULL MATCH
27,251282,Dhule,Municipal Corporations,474,Dhule,FULL MATCH
27,251283,Chopda,Municipality,478,Jalgaon,FULL MATCH
27,251284,Yawal,Municipality,478,Jalgaon,FULL MATCH
27,251285,Faizpur,Municipality,478,Jalgaon,FULL MATCH
27,251286,Savda,Municipality,478,Jalgaon,FULL MATCH
27,251287,Raver,Municipality,478,Jalgaon,FULL MATCH
27,251290,Bhusawal,Municipality,478,Jalgaon,FULL MATCH
27,251292,Erandol,Municipality,478,Jalgaon,FULL MATCH
27,251293,Dharangaon,Municipality,"466, 478",Ahilyanagar | Jalgaon,AMBIGUOUS MATCH
27,251294,Amalner,Municipality,478,Jalgaon,FULL MATCH
27,251295,Parola,Municipality,478,Jalgaon,FULL MATCH
27,251296,Chalisgaon,Municipality,,,NO MATCH
27,251297,Pachora,Municipality,478,Jalgaon,FULL MATCH
27,251298,Jalgaon - Jamod,Municipality,472,Buldhana,FULL MATCH
27,251299,Shegaon,Municipality,472,Buldhana,FULL MATCH
27,251300,Nandura,Municipality,472,Buldhana,FULL MATCH
27,251301,Malkapur,Municipality,472,Buldhana,FULL MATCH
27,251302,Khamgaon,Municipality,472,Buldhana,FULL MATCH
27,251303,Mehkar,Municipality,472,Buldhana,FULL MATCH
27,251304,Chikhli,Municipality,472,Buldhana,FULL MATCH
27,251305,Buldana,Municipality,472,Buldhana,FULL MATCH
27,251306,Deulgaon Raja,Municipality,472,Buldhana,FULL MATCH
27,251307,Sindkhed Raja,Municipality,472,Buldhana,FULL MATCH
27,251308,Lonar,Municipality,472,Buldhana,FULL MATCH
27,251309,Telhara,Municipality,467,Akola,FULL MATCH
27,251310,Akot,Municipality,467,Akola,FULL MATCH
27,251311,Balapur,Municipality,467,Akola,FULL MATCH
27,251312,Akola,Municipal Corporations,467,Akola,FULL MATCH
27,251314,Malkapur,Town Panchayat,494,Satara,FULL MATCH
27,251315,Murtijapur,Municipality,"467, 499",Akola | Washim,FULL MATCH
27,251316,Patur,Municipality,467,Akola,FULL MATCH
27,251317,Mangrulpir,Municipality,499,Washim,FULL MATCH
27,251318,Karanja,Municipality,"467, 499",Akola | Washim,FULL MATCH
27,251319,Washim,Municipality,499,Washim,FULL MATCH
27,251320,Risod,Municipality,499,Washim,FULL MATCH
27,251322,Anjangaon,Municipality,468,Amravati,FULL MATCH
27,251323,Achalpur,Municipality,468,Amravati,FULL MATCH
27,251324,Chandurbazar,Municipality,468,Amravati,FULL MATCH
27,251325,Morshi,Municipality,468,Amravati,FULL MATCH
27,251326,Warud,Municipality,468,Amravati,FULL MATCH
27,251327,Shendurjana,Municipality,468,Amravati,FULL MATCH
27,251328,Amravati,Municipal Corporations,468,Amravati,AMBIGUOUS MATCH
27,251329,Daryapur Banosa,Municipality,468,Amravati,FULL MATCH
27,251330,Chandur,Municipality,468,Amravati,FULL MATCH
27,251331,Dattapur Dhamangaon,Municipality,468,Amravati,FULL MATCH
27,251332,Arvi,Municipality,498,Wardha,FULL MATCH
27,251333,Sindi,Municipality,498,Wardha,FULL MATCH
27,251334,Wardha,Municipality,498,Wardha,FULL MATCH
27,251336,Pulgaon,Municipality,498,Wardha,FULL MATCH
27,251337,Deoli,Municipality,498,Wardha,FULL MATCH
27,251338,Hinganghat,Municipality,498,Wardha,FULL MATCH
27,251339,Mowad,Municipality,484,Nagpur,FULL MATCH
27,251340,Narkhed,Municipality,484,Nagpur,FULL MATCH
27,251341,Katol,Municipality,484,Nagpur,FULL MATCH
27,251342,Kalameshwar,Municipality,484,Nagpur,FULL MATCH
27,251343,Mohpa,Municipality,484,Nagpur,FULL MATCH
27,251344,Savner,Municipality,484,Nagpur,FULL MATCH
27,251345,Khapa,Municipality,484,Nagpur,FULL MATCH
27,251350,Kanhan - Pipri,Municipality,484,Nagpur,FULL MATCH
27,251353,Ramtek,Municipality,"471, 484",Bhandara | Nagpur,FULL MATCH
27,251356,Kamptee,Municipality,484,Nagpur,FULL MATCH
27,251358,Mahadula,Town Panchayat,"471, 484",Bhandara | Nagpur,FULL MATCH
27,251359,Wadi,Municipality,484,Nagpur,FULL MATCH
27,251362,Nagpur,Municipal Corporations,484,Nagpur,AMBIGUOUS MATCH
27,251363,Wanadongri,Municipality,484,Nagpur,FULL MATCH
27,251366,Umred,Municipality,"471, 484",Bhandara | Nagpur,FULL MATCH
27,251370,Tirora,Municipality,476,Gondia,FULL MATCH
27,251371,Gondiya,Municipality,"471, 476",Bhandara | Gondia,FULL MATCH
27,251373,Brahmapuri,Municipality,473,Chandrapur,FULL MATCH
27,251375,Bhadravati,Municipality,473,Chandrapur,FULL MATCH
27,251376,Warora,Municipality,473,Chandrapur,FULL MATCH
27,251381,Ballarpur,Municipality,473,Chandrapur,FULL MATCH
27,251382,Mul,Municipality,473,Chandrapur,FULL MATCH
27,251384,Rajura,Municipality,473,Chandrapur,FULL MATCH
27,251386,Yavatmal,Municipality,500,Yavatmal,FULL MATCH
27,251389,Darwha,Municipality,500,Yavatmal,FULL MATCH
27,251390,Digras,Municipality,500,Yavatmal,FULL MATCH
27,251391,Pusad,Municipality,500,Yavatmal,FULL MATCH
27,251393,Umarkhed,Municipality,500,Yavatmal,FULL MATCH
27,251394,Ghatanji,Municipality,500,Yavatmal,FULL MATCH
27,251395,Pandharkawda,Municipality,500,Yavatmal,FULL MATCH
27,251397,Wani,Municipality,500,Yavatmal,FULL MATCH
27,251398,Kinwat,Municipality,485,Nanded,FULL MATCH
27,251399,Hadgaon,Municipality,"477, 485",Hingoli | Nanded,FULL MATCH
27,251401,Nanded-Waghala,Municipal Corporations,485,Nanded,FULL MATCH
27,251402,Mudkhed,Municipality,485,Nanded,FULL MATCH
27,251403,Peth Umri,Municipality,485,Nanded,FULL MATCH
27,251404,Dharmabad,Municipality,485,Nanded,FULL MATCH
27,251405,Kundalwadi,Municipality,485,Nanded,FULL MATCH
27,251406,Biloli,Municipality,485,Nanded,FULL MATCH
27,251407,Loha,Municipality,485,Nanded,FULL MATCH
27,251408,Kandhar,Municipality,485,Nanded,FULL MATCH
27,251409,Mukhed,Municipality,485,Nanded,FULL MATCH
27,251410,Deglur,Municipality,485,Nanded,FULL MATCH
27,251411,Hingoli,Municipality,477,Hingoli,FULL MATCH
27,251412,Kalamnuri,Municipality,477,Hingoli,FULL MATCH
27,251413,Basmath,Municipality,"477, 489",Hingoli | Parbhani,FULL MATCH
27,251414,Sailu,Municipality,"479, 489",Jalna | Parbhani,FULL MATCH
27,251415,Jintur,Municipality,"477, 489",Hingoli | Parbhani,FULL MATCH
27,251416,Parbhani,Municipal Corporations,489,Parbhani,FULL MATCH
27,251417,Manwath,Municipality,489,Parbhani,FULL MATCH
27,251418,Pathri,Municipality,"479, 489",Jalna | Parbhani,FULL MATCH
27,251419,Sonpeth,Municipality,489,Parbhani,FULL MATCH
27,251420,Gangakhed,Municipality,489,Parbhani,FULL MATCH
27,251421,Purna,Municipality,489,Parbhani,FULL MATCH
27,251422,Bhokardan,Municipality,469,Chhatrapati Sambhajinagar,FULL MATCH
27,251423,Jalna,Municipal Corporations,469,Chhatrapati Sambhajinagar,AMBIGUOUS MATCH
27,251424,Ambad,Municipality,"469, 479",Chhatrapati Sambhajinagar | Jalna,AMBIGUOUS MATCH
27,251425,Partur,Municipality,"479, 489",Jalna | Parbhani,FULL MATCH
27,251426,Kannad,Municipality,469,Chhatrapati Sambhajinagar,FULL MATCH
27,251428,Aurangabad,Municipal Corporations,469,Chhatrapati Sambhajinagar,FULL MATCH
27,251430,Khuldabad,Municipality,469,Chhatrapati Sambhajinagar,FULL MATCH
27,251431,Vaijapur,Municipality,469,Chhatrapati Sambhajinagar,FULL MATCH
27,251432,Gangapur,Municipality,469,Chhatrapati Sambhajinagar,FULL MATCH
27,251433,Paithan,Municipality,469,Chhatrapati Sambhajinagar,FULL MATCH
27,251434,Surgana,Town Panchayat,487,Nashik,FULL MATCH
27,251435,Satana,Municipality,487,Nashik,FULL MATCH
27,251436,Soyagaon,Town Panchayat,469,Chhatrapati Sambhajinagar,FULL MATCH
27,251438,Malegaon,Municipal Corporations,487,Nashik,FULL MATCH
27,251439,Nandgaon,Municipality,487,Nashik,FULL MATCH
27,251440,Manmad,Municipality,487,Nashik,FULL MATCH
27,251441,Trimbak,Municipality,487,Nashik,FULL MATCH
27,251442,Nashik,Municipal Corporations,487,Nashik,AMBIGUOUS MATCH
27,251444,Bhagur,Municipality,487,Nashik,FULL MATCH
27,251445,Igatpuri,Municipality,487,Nashik,FULL MATCH
27,251447,Sinnar,Municipality,487,Nashik,FULL MATCH
27,251450,Yevla,Municipality,487,Nashik,FULL MATCH
27,251451,Dahanu,Municipality,665,Palghar,FULL MATCH
27,251453,Jawhar,Municipality,665,Palghar,FULL MATCH
27,251460,Palghar,Municipality,665,Palghar,FULL MATCH
27,251463,Vasai-Virar,Municipal Corporations,665,Palghar,FULL MATCH
27,251470,Mira-Bhayandar,Municipal Corporations,497,Thane,FULL MATCH
27,251471,Thane,Municipal Corporations,497,Thane,AMBIGUOUS MATCH
27,251472,Navi Mumbai,Municipal Corporations,,,NO MATCH
27,251477,Bhiwandi,Municipal Corporations,497,Thane,FULL MATCH
27,251483,Kalyan-Dombivli,Municipal Corporations,497,Thane,FULL MATCH
27,251484,Ulhasnagar,Municipal Corporations,497,Thane,AMBIGUOUS MATCH
27,251485,Ambarnath,Municipality,497,Thane,FULL MATCH
27,251486,Badlapur,Municipality,497,Thane,FULL MATCH
27,251487,Murbad,Town Panchayat,497,Thane,FULL MATCH
27,251488,Greater Mumbai,Municipal Corporations,,,NO MATCH
27,251491,Uran,Municipality,491,Raigad,FULL MATCH
27,251492,Panvel,Municipal Corporations,"483, 491, 497",Mumbai Suburban | Raigad | Thane,FULL MATCH
27,251497,Matheran,Municipality,,,NO MATCH
27,251498,Karjat,Municipality,491,Raigad,FULL MATCH
27,251501,Khopoli,Municipality,"491, 497",Raigad | Thane,FULL MATCH
27,251502,Pen,Municipality,491,Raigad,FULL MATCH
27,251503,Alibag,Municipality,491,Raigad,FULL MATCH
27,251504,Murud,Municipality,491,Raigad,FULL MATCH
27,251506,Roha Ashtami,Municipality,491,Raigad,FULL MATCH
27,251510,Goregaon,Town Panchayat,"471, 476, 491",Bhandara | Gondia | Raigad,AMBIGUOUS MATCH
27,251511,Shrivardhan,Municipality,491,Raigad,FULL MATCH
27,251512,Mhasla,Town Panchayat,491,Raigad,FULL MATCH
27,251513,Mahad,Municipality,491,Raigad,FULL MATCH
27,251516,Junnar,Municipality,490,Pune,FULL MATCH
27,251518,Shirur,Municipality,490,Pune,FULL MATCH
27,251520,Chakan,Municipality,490,Pune,FULL MATCH
27,251521,Alandi,Municipality,490,Pune,FULL MATCH
27,251522,Talegaon Dabhade,Municipality,490,Pune,FULL MATCH
27,251526,Lonavala,Municipality,490,Pune,FULL MATCH
27,251528,Pimpri Chinchwad,Municipal Corporations,490,Pune,AMBIGUOUS MATCH
27,251530,Pune,Municipal Corporations,490,Pune,AMBIGUOUS MATCH
27,251531,Daund,Municipality,490,Pune,FULL MATCH
27,251532,Sasvad,Municipality,490,Pune,FULL MATCH
27,251533,Jejuri,Municipality,490,Pune,FULL MATCH
27,251535,Bhor,Municipality,"490, 494",Pune | Satara,FULL MATCH
27,251536,Baramati,Municipality,490,Pune,FULL MATCH
27,251537,Indapur,Municipality,490,Pune,FULL MATCH
27,251539,Sangamner,Municipality,466,Ahilyanagar,FULL MATCH
27,251540,Kopargaon,Municipality,466,Ahilyanagar,FULL MATCH
27,251542,Shirdi,Town Panchayat,466,Ahilyanagar,FULL MATCH
27,251543,Rahta Pimplas,Municipality,466,Ahilyanagar,FULL MATCH
27,251544,Shrirampur,Municipality,466,Ahilyanagar,FULL MATCH
27,251546,Pathardi,Municipality,466,Ahilyanagar,FULL MATCH
27,251548,Ahmadnagar,Municipal Corporations,466,Ahilyanagar,FULL MATCH
27,251551,Rahuri,Municipality,466,Ahilyanagar,FULL MATCH
27,251552,Deolali Pravara,Municipality,466,Ahilyanagar,FULL MATCH
27,251553,Shrigonda,Municipality,466,Ahilyanagar,FULL MATCH
27,251554,Jamkhed,Municipality,466,Ahilyanagar,FULL MATCH
27,251555,Georai,Municipality,470,Beed,FULL MATCH
27,251556,Majalgaon,Municipality,470,Beed,FULL MATCH
27,251557,Bid,Municipality,470,Beed,FULL MATCH
27,251558,Kille Dharur,Municipality,470,Beed,FULL MATCH
27,251559,Parli,Municipality,470,Beed,FULL MATCH
27,251560,Ambajogai,Municipality,470,Beed,FULL MATCH
27,251561,Latur,Municipal Corporations,481,Latur,FULL MATCH
27,251562,Ahmadpur,Municipality,481,Latur,FULL MATCH
27,251563,Ausa,Municipality,481,Latur,FULL MATCH
27,251564,Nilanga,Municipality,481,Latur,FULL MATCH
27,251565,Udgir,Municipality,481,Latur,FULL MATCH
27,251566,Paranda,Municipality,488,Dharashiv,FULL MATCH
27,251567,Bhum,Municipality,488,Dharashiv,FULL MATCH
27,251568,Kalamb,Municipality,488,Dharashiv,FULL MATCH
27,251569,Osmanabad,Municipality,,,NO MATCH
27,251570,Tuljapur,Municipality,488,Dharashiv,FULL MATCH
27,251571,Naldurg,Municipality,488,Dharashiv,FULL MATCH
27,251572,Murum,Municipality,488,Dharashiv,FULL MATCH
27,251573,Umarga,Municipality,488,Dharashiv,FULL MATCH
27,251574,Karmala,Municipality,496,Solapur,FULL MATCH
27,251575,Kurduvadi,Municipality,496,Solapur,FULL MATCH
27,251576,Barshi,Municipality,496,Solapur,FULL MATCH
27,251577,Solapur,Municipal Corporations,496,Solapur,AMBIGUOUS MATCH
27,251579,Sangole,Municipality,496,Solapur,FULL MATCH
27,251580,Mangalvedhe,Municipality,496,Solapur,FULL MATCH
27,251581,Akkalkot,Municipality,496,Solapur,FULL MATCH
27,251582,Maindargi,Municipality,496,Solapur,FULL MATCH
27,251583,Dudhani,Municipality,496,Solapur,FULL MATCH
27,251584,Mahabaleshwar,Municipality,494,Satara,FULL MATCH
27,251585,Panchgani,Municipality,494,Satara,FULL MATCH
27,251586,Wai,Municipality,494,Satara,FULL MATCH
27,251588,Phaltan,Municipality,494,Satara,FULL MATCH
27,251589,Mhaswad,Municipality,494,Satara,FULL MATCH
27,251590,Rahimatpur,Municipality,494,Satara,FULL MATCH
27,251593,Satara,Municipality,494,Satara,FULL MATCH
27,251596,Patan,Town Panchayat,494,Satara,FULL MATCH
27,251598,Karad,Municipality,494,Satara,FULL MATCH
27,251599,Dapoli Camp,Town Panchayat,492,Ratnagiri,FULL MATCH
27,251601,Khed,Municipality,492,Ratnagiri,FULL MATCH
27,251602,Chiplun,Municipality,492,Ratnagiri,FULL MATCH
27,251604,Guhagar,Town Panchayat,492,Ratnagiri,FULL MATCH
27,251605,Ratnagiri,Municipality,492,Ratnagiri,FULL MATCH
27,251607,Lanja,Town Panchayat,492,Ratnagiri,FULL MATCH
27,251608,Rajapur,Municipality,492,Ratnagiri,FULL MATCH
27,251609,Kankavli,Town Panchayat,495,Sindhudurg,FULL MATCH
27,251610,Malwan,Municipality,495,Sindhudurg,FULL MATCH
27,251611,Vengurla,Municipality,495,Sindhudurg,FULL MATCH
27,251612,Kudal,Town Panchayat,495,Sindhudurg,FULL MATCH
27,251613,Sawantwadi,Municipality,495,Sindhudurg,FULL MATCH
27,251614,Malkapur-Kolhapur,Municipality,480,Kolhapur,FULL MATCH
27,251615,Panhala,Municipality,480,Kolhapur,FULL MATCH
27,251616,Vadgaon Kasba,Municipality,480,Kolhapur,FULL MATCH
27,251619,Ichalkaranji,Municipal Corporations,480,Kolhapur,FULL MATCH
27,251621,Jaysingpur,Municipality,480,Kolhapur,FULL MATCH
27,251622,Kurundvad,Municipality,480,Kolhapur,FULL MATCH
27,251625,Kolhapur,Municipal Corporations,480,Kolhapur,AMBIGUOUS MATCH
27,251628,Kagal,Municipality,480,Kolhapur,FULL MATCH
27,251629,Murgud,Municipality,480,Kolhapur,FULL MATCH
27,251630,Ajara,Town Panchayat,480,Kolhapur,FULL MATCH
27,251631,Gadhinglaj,Municipality,480,Kolhapur,FULL MATCH
27,251633,Uran Islampur,Municipality,493,Sangli,FULL MATCH
27,251634,Ashta,Municipality,493,Sangli,FULL MATCH
27,251635,Vita,Municipality,493,Sangli,FULL MATCH
27,251636,Tasgaon,Municipality,493,Sangli,FULL MATCH
27,251639,Sangli-Miraj Kupwad,Municipal Corporations,493,Sangli,FULL MATCH
36,251648,Ramagundam,Municipal Corporations,682,Peddapalli,FULL MATCH
36,251651,Jagtial,Municipality,681,Jagitial,FULL MATCH
36,251652,Korutla,Municipality,681,Jagitial,FULL MATCH
36,251653,Karimnagar,Municipal Corporations,508,Karimnagar,FULL MATCH
36,251654,Sircilla,Municipality,683,Rajanna Sircilla,FULL MATCH
36,251664,Hyderabad,Municipal Corporations,"507, 518, 700",Hyderabad | Ranga Reddy | Medchal Malkajgiri,AMBIGUOUS MATCH
36,251680,Nagarkurnool,Municipality,694,Nagarkurnool,FULL MATCH
36,251682,Bhongir,Municipality,697,Yadadri Bhuvanagiri,FULL MATCH
36,251684,Suryapet,Municipality,696,Suryapet,FULL MATCH
36,251685,Nalgonda,Municipality,514,Nalgonda,FULL MATCH
36,251686,Devarakonda,Municipality,514,Nalgonda,FULL MATCH
36,251689,Miryalaguda,Municipality,514,Nalgonda,FULL MATCH
36,251690,Jangaon,Municipality,689,Jangoan,FULL MATCH
36,251691,Warangal,Municipal Corporations,"522, 686",Warangal | Hanumakonda,AMBIGUOUS MATCH
28,251695,Palasa Kasibugga,Municipality,"517, 519, 790",Prakasam | Srikakulam | Markapuram,AMBIGUOUS MATCH
28,251696,Ichapuram,Municipality,790,Markapuram,FULL MATCH
28,251698,Rajam,Municipality,790,Markapuram,FULL MATCH
28,251699,Amadalavalasa,Municipality,"517, 519, 790",Prakasam | Srikakulam | Markapuram,AMBIGUOUS MATCH
28,251700,Srikakulam,Municipal Corporations,519,Srikakulam,FULL MATCH
28,251701,Parvathipuram,Municipality,743,Parvathipuram Manyam,FULL MATCH
28,251702,Bobbili,Municipality,521,Vizianagaram,FULL MATCH
28,251703,Salur,Municipality,743,Parvathipuram Manyam,FULL MATCH
28,251709,Vizianagaram Municipal Corporation,Municipal Corporations,521,Vizianagaram,AMBIGUOUS MATCH
28,251711,Nellimarla,Town Panchayat,"517, 521, 790",Prakasam | Vizianagaram | Markapuram,AMBIGUOUS MATCH
28,251716,Narsipatnam,Municipality,744,Anakapalli,FULL MATCH
28,251719,Visakhapatnam,Municipal Corporations,,,NO MATCH
28,251722,Tuni,Municipality,"744, 746",Anakapalli | Kakinada,FULL MATCH
28,251724,Peddapuram,Municipality,"505, 746",East Godavari | Kakinada,FULL MATCH
28,251725,Rajahmundry,Municipal Corporations,505,East Godavari,AMBIGUOUS MATCH
28,251727,Samalkot,Municipality,746,Kakinada,FULL MATCH
28,251728,Pithapuram,Municipality,746,Kakinada,FULL MATCH
28,251731,Kakinada,Municipal Corporations,746,Kakinada,AMBIGUOUS MATCH
28,251732,Mandapeta,Municipality,505,East Godavari,FULL MATCH
28,251733,Ramachandrapuram,Municipality,"505, 747",East Godavari | Dr. B.R. Ambedkar Konaseema,AMBIGUOUS MATCH
28,251735,Amalapuram,Municipality,747,Dr. B.R. Ambedkar Konaseema,FULL MATCH
28,251736,Kovvur,Municipality,505,East Godavari,FULL MATCH
28,251737,Nidadavole,Municipality,505,East Godavari,FULL MATCH
28,251738,Tadepalligudem,Municipality,523,West Godavari,FULL MATCH
28,251739,Eluru,Municipal Corporations,748,Eluru,AMBIGUOUS MATCH
28,251740,Tanuku,Municipality,523,West Godavari,FULL MATCH
28,251741,Bhimavaram,Municipality,523,West Godavari,FULL MATCH
28,251742,Narasapur,Municipality,523,West Godavari,FULL MATCH
28,251743,Palacole,Municipality,,,NO MATCH
28,251745,Nuzvid,Municipality,,,NO MATCH
28,251746,Vijayawada Municipal Corporation,Municipal Corporations,749,Ntr,FULL MATCH
28,251747,Gudivada,Municipality,510,Krishna,FULL MATCH
28,251749,Pedana,Municipality,510,Krishna,FULL MATCH
28,251750,Machilipatnam Municipal Corporation,Municipal Corporations,,,NO MATCH
28,251751,Macherla,Municipality,751,Palnadu,FULL MATCH
28,251752,Mangalagiri Tadepalli,Municipal Corporations,506,Guntur,FULL MATCH
28,251753,Sattenapalle,Municipality,751,Palnadu,FULL MATCH
28,251754,Vinukonda,Municipality,751,Palnadu,FULL MATCH
28,251755,Narasaraopeta,Municipality,,,NO MATCH
28,251756,Chilakaluripeta,Municipality,751,Palnadu,FULL MATCH
28,251757,Guntur,Municipal Corporations,506,Guntur,AMBIGUOUS MATCH
28,251758,Tenali,Municipality,506,Guntur,FULL MATCH
28,251759,Ponnuru,Municipality,506,Guntur,FULL MATCH
28,251760,Bapatla,Municipality,750,Bapatla,FULL MATCH
28,251761,Repalle,Municipality,750,Bapatla,FULL MATCH
28,251762,Markapur,Municipality,,,NO MATCH
28,251763,Chirala,Municipality,,,NO MATCH
28,251766,Ongole,Municipal Corporations,517,Prakasam,AMBIGUOUS MATCH
28,251768,Kandukur,Municipality,517,Prakasam,FULL MATCH
28,251770,Kavali,Municipality,515,Sri Potti Sriramulu Nellore,FULL MATCH
28,251772,Nellore Municipal Corporation,Municipal Corporations,515,Sri Potti Sriramulu Nellore,FULL MATCH
28,251773,Gudur (Kurnool),Town Panchayat,"511, 517, 790",Kurnool | Prakasam | Markapuram,AMBIGUOUS MATCH
28,251774,Venkatagiri,Municipality,752,Tirupati,FULL MATCH
28,251778,Proddatur,Municipality,504,Y.S.R. Kadapa,FULL MATCH
28,251780,Jammalamadugu,Town Panchayat,504,Y.S.R. Kadapa,FULL MATCH
28,251781,Yerraguntla,Town Panchayat,790,Markapuram,FULL MATCH
28,251782,Cuddapah,Municipal Corporations,504,Y.S.R. Kadapa,FULL MATCH
28,251786,Rayachoti,Municipality,753,Annamayya,FULL MATCH
28,251787,Yemmiganur,Municipality,511,Kurnool,FULL MATCH
28,251789,Kurnool,Municipal Corporations,511,Kurnool,FULL MATCH
28,251792,Adoni,Municipality,511,Kurnool,FULL MATCH
28,251795,Nandyal,Municipality,755,Nandyal,AMBIGUOUS MATCH
28,251797,Gooty,Municipality,502,Ananthapuramu,FULL MATCH
28,251799,Kalyandurg,Municipality,502,Ananthapuramu,FULL MATCH
29,251809,Nipani,City Municipal Council,527,Belagavi,FULL MATCH
29,251810,Sadalgi,Town Municipal Council,527,Belagavi,FULL MATCH
29,251811,Chikodi,Town Municipal Council,,,NO MATCH
29,251812,Athni,Town Municipal Council,527,Belagavi,FULL MATCH
29,251813,Kudchi,Town Municipal Council,527,Belagavi,FULL MATCH
29,251814,Raybag,Town Panchayat,527,Belagavi,FULL MATCH
29,251815,Mudalgi,Town Municipal Council,527,Belagavi,FULL MATCH
29,251816,Konnur,Town Municipal Council,"524, 527",Bagalkote | Belagavi,AMBIGUOUS MATCH
29,251818,Gokak,City Municipal Council,,,NO MATCH
29,251819,Sankeshwar,Town Municipal Council,527,Belagavi,FULL MATCH
29,251820,Hukeri,Town Municipal Council,527,Belagavi,FULL MATCH
29,251824,Belagavi,Municipal Corporations,,,NO MATCH
29,251825,Khanapur,Town Panchayat,527,Belagavi,FULL MATCH
29,251827,Bail Hongal,Town Municipal Council,527,Belagavi,FULL MATCH
29,251828,Saundatti-Yellamma,Town Municipal Council,527,Belagavi,FULL MATCH
29,251829,Ramdurg,Town Municipal Council,527,Belagavi,FULL MATCH
29,251830,Mahalingpur,Town Municipal Council,524,Bagalkote,FULL MATCH
29,251831,Terdal,Town Municipal Council,524,Bagalkote,FULL MATCH
29,251832,Jamkhandi,City Municipal Council,524,Bagalkote,FULL MATCH
29,251833,Rabkavi-Banhatti,City Municipal Council,524,Bagalkote,FULL MATCH
29,251834,Bilgi,Town Panchayat,524,Bagalkote,FULL MATCH
29,251835,Mudhol,City Municipal Council,524,Bagalkote,FULL MATCH
29,251836,Kerur,Town Panchayat,527,Belagavi,FULL MATCH
29,251837,Badami,Town Municipal Council,524,Bagalkote,FULL MATCH
29,251838,Guledgudda,Town Municipal Council,524,Bagalkote,FULL MATCH
29,251839,Bagalkot,City Municipal Council,524,Bagalkote,FULL MATCH
29,251840,Hungund,Town Municipal Council,524,Bagalkote,FULL MATCH
29,251841,Ilkal,City Municipal Council,524,Bagalkote,FULL MATCH
29,251842,Vijayapura,Town Municipal Council,,,NO MATCH
29,251843,Indi,Town Municipal Council,530,Vijayapura,FULL MATCH
29,251844,Sindgi,Town Municipal Council,530,Vijayapura,FULL MATCH
29,251845,Basavana Bagevadi,Town Municipal Council,530,Vijayapura,FULL MATCH
29,251846,Muddebihal,Town Municipal Council,530,Vijayapura,FULL MATCH
29,251847,Talikota,Town Municipal Council,530,Vijayapura,FULL MATCH
29,251848,Aland,Town Municipal Council,538,Kalaburagi,FULL MATCH
29,251849,Afzalpur,Town Municipal Council,538,Kalaburagi,FULL MATCH
29,251852,Sedam,Town Municipal Council,538,Kalaburagi,FULL MATCH
29,251853,Chittapura,Town Municipal Council,538,Kalaburagi,FULL MATCH
29,251854,Shahabad Acc,Notified Area Council,538,Kalaburagi,FULL MATCH
29,251855,Shahabad,City Municipal Council,538,Kalaburagi,FULL MATCH
29,251856,Wadi,Town Municipal Council,538,Kalaburagi,FULL MATCH
29,251858,Jevargi,Town Municipal Council,538,Kalaburagi,FULL MATCH
29,251859,Shorapur,City Municipal Council,635,Yadgir,FULL MATCH
29,251860,Bhimarayanagudi,Notified Area Council,635,Yadgir,FULL MATCH
29,251861,Shahpur,City Municipal Council,635,Yadgir,FULL MATCH
29,251862,Gurmatkal,Town Municipal Council,"538, 635",Kalaburagi | Yadgir,FULL MATCH
29,251863,Yadgir,City Municipal Council,635,Yadgir,AMBIGUOUS MATCH
29,251864,Basavakalyan,City Municipal Council,529,Bidar,FULL MATCH
29,251865,Bhalki,Town Municipal Council,529,Bidar,FULL MATCH
29,251866,Aurad,Town Panchayat,529,Bidar,FULL MATCH
29,251867,Bidar,City Municipal Council,529,Bidar,FULL MATCH
29,251868,Homnabad,Town Municipal Council,529,Bidar,FULL MATCH
29,251869,Chitgoppa,Town Municipal Council,529,Bidar,FULL MATCH
29,251870,Mudgal,Town Municipal Council,546,Raichur,FULL MATCH
29,251871,Lingasugur,Town Municipal Council,546,Raichur,FULL MATCH
29,251872,Hatti Gold Mines,Notified Area Council,546,Raichur,FULL MATCH
29,251873,Hatti,Town Panchayat,546,Raichur,FULL MATCH
29,251874,Devadurga,Town Municipal Council,546,Raichur,FULL MATCH
29,251876,Raichur,City Municipal Council,,,NO MATCH
29,251877,Manvi,Town Municipal Council,546,Raichur,FULL MATCH
29,251878,Sindhnur,City Municipal Council,546,Raichur,FULL MATCH
29,251879,Yelburga,Town Panchayat,543,Koppal,FULL MATCH
29,251880,Kushtagi,Town Municipal Council,543,Koppal,FULL MATCH
29,251881,Gangawati,City Municipal Council,543,Koppal,FULL MATCH
29,251882,Koppal,City Municipal Council,543,Koppal,FULL MATCH
29,251884,Nargund,Town Municipal Council,537,Gadag,FULL MATCH
29,251885,Ron,Town Municipal Council,537,Gadag,FULL MATCH
29,251886,Gajendragarh,Town Municipal Council,537,Gadag,FULL MATCH
29,251887,Naregal,Town Panchayat,537,Gadag,FULL MATCH
29,251888,Gadag-Betigeri,City Municipal Council,,,NO MATCH
29,251889,Mulgund,Town Panchayat,537,Gadag,FULL MATCH
29,251890,Shirahatti,Town Panchayat,537,Gadag,FULL MATCH
29,251891,Lakshmeshwar,Town Municipal Council,537,Gadag,FULL MATCH
29,251892,Mundargi,Town Municipal Council,537,Gadag,FULL MATCH
29,251893,Hubballi-Dharwad,Municipal Corporations,536,Dharwad,FULL MATCH
29,251894,Alnavar,Town Panchayat,536,Dharwad,FULL MATCH
29,251895,Navalgund,Town Municipal Council,536,Dharwad,FULL MATCH
29,251896,Annigeri,Town Municipal Council,536,Dharwad,FULL MATCH
29,251897,Kalghatgi,Town Panchayat,536,Dharwad,FULL MATCH
29,251898,Kundgol,Town Panchayat,536,Dharwad,FULL MATCH
29,251899,Dandeli,City Municipal Council,550,Uttara Kannada,FULL MATCH
29,251900,Karwar,City Municipal Council,550,Uttara Kannada,FULL MATCH
29,251901,Haliyal,Town Municipal Council,550,Uttara Kannada,FULL MATCH
29,251903,Yellapur,Town Panchayat,550,Uttara Kannada,FULL MATCH
29,251904,Mundgod,Town Panchayat,550,Uttara Kannada,FULL MATCH
29,251905,Sirsi,City Municipal Council,550,Uttara Kannada,FULL MATCH
29,251906,Ankola,Town Municipal Council,550,Uttara Kannada,FULL MATCH
29,251907,Kumta,Town Municipal Council,550,Uttara Kannada,FULL MATCH
29,251908,Siddapur,Town Panchayat,550,Uttara Kannada,FULL MATCH
29,251909,Honavar,Town Panchayat,550,Uttara Kannada,FULL MATCH
29,251911,Bhatkal,Town Municipal Council,550,Uttara Kannada,FULL MATCH
29,251912,Shiggaon,Town Municipal Council,540,Haveri,FULL MATCH
29,251913,Bankapura,Town Municipal Council,540,Haveri,FULL MATCH
29,251914,Savanur,Town Municipal Council,540,Haveri,FULL MATCH
29,251915,Hangal,Town Municipal Council,540,Haveri,FULL MATCH
29,251916,Haveri,City Municipal Council,540,Haveri,FULL MATCH
29,251917,Byadgi,Town Municipal Council,540,Haveri,FULL MATCH
29,251918,Hirekerur,Town Panchayat,540,Haveri,FULL MATCH
29,251919,Ranibennur,City Municipal Council,540,Haveri,FULL MATCH
29,251921,Hoovina Hadagalli,Town Municipal Council,738,Vijayanagara,FULL MATCH
29,251922,Hosapete,City Municipal Council,738,Vijayanagara,FULL MATCH
29,251924,Kampli,Town Municipal Council,"528, 738",Ballari | Vijayanagara,FULL MATCH
29,251925,Siruguppa,City Municipal Council,528,Ballari,FULL MATCH
29,251926,Tekkalakote,Town Panchayat,528,Ballari,FULL MATCH
29,251927,Ballari,Municipal Corporations,528,Ballari,FULL MATCH
29,251929,Sandur,Town Municipal Council,528,Ballari,FULL MATCH
29,251930,Kudligi,Town Panchayat,738,Vijayanagara,FULL MATCH
29,251931,Kotturu,Town Panchayat,"528, 738",Ballari | Vijayanagara,FULL MATCH
29,251932,Molakalmuru,Town Panchayat,533,Chitradurga,FULL MATCH
29,251933,Challakere,City Municipal Council,533,Chitradurga,FULL MATCH
29,251934,Chitradurga,City Municipal Council,533,Chitradurga,FULL MATCH
29,251935,Holalkere,Town Municipal Council,533,Chitradurga,FULL MATCH
29,251936,Hosdurga,Town Municipal Council,533,Chitradurga,FULL MATCH
29,251937,Hiriyur,City Municipal Council,533,Chitradurga,FULL MATCH
29,251938,Harihar,City Municipal Council,535,Davanagere,FULL MATCH
29,251939,Harapanahalli,Town Municipal Council,738,Vijayanagara,FULL MATCH
29,251940,Jagalur,Town Panchayat,535,Davanagere,FULL MATCH
29,251941,Davanagere,Municipal Corporations,535,Davanagere,FULL MATCH
29,251942,Honnali,Town Municipal Council,535,Davanagere,FULL MATCH
29,251943,Channagiri,Town Municipal Council,535,Davanagere,FULL MATCH
29,251945,Sagar,City Municipal Council,547,Shivamogga,FULL MATCH
29,251946,Sorab,Town Municipal Council,547,Shivamogga,FULL MATCH
29,251947,Siralkoppa,Town Municipal Council,547,Shivamogga,FULL MATCH
29,251948,Shikarpur,Town Municipal Council,547,Shivamogga,FULL MATCH
29,251949,Hosanagara,Town Panchayat,547,Shivamogga,FULL MATCH
29,251950,Tirthahalli,Town Panchayat,547,Shivamogga,FULL MATCH
29,251951,Shivamogga,Municipal Corporations,547,Shivamogga,FULL MATCH
29,251952,Bhadravati,City Municipal Council,547,Shivamogga,FULL MATCH
29,251953,Kundapura,Town Municipal Council,549,Udupi,FULL MATCH
29,251954,Saligram,Town Panchayat,549,Udupi,FULL MATCH
29,251955,Udupi,City Municipal Council,549,Udupi,AMBIGUOUS MATCH
29,251958,Karkal,Town Municipal Council,549,Udupi,FULL MATCH
29,251959,Sringeri,Town Panchayat,532,Chikkamagaluru,FULL MATCH
29,251960,Koppa,Town Panchayat,532,Chikkamagaluru,FULL MATCH
29,251961,Narasimharajapura,Town Panchayat,532,Chikkamagaluru,FULL MATCH
29,251962,Tarikere,Town Municipal Council,532,Chikkamagaluru,FULL MATCH
29,251963,Birur,Town Municipal Council,532,Chikkamagaluru,FULL MATCH
29,251964,Kadur,Town Municipal Council,532,Chikkamagaluru,FULL MATCH
29,251965,Chikkamagaluru,City Municipal Council,532,Chikkamagaluru,FULL MATCH
29,251967,Kudremukh,Notified Area Council,532,Chikkamagaluru,FULL MATCH
29,251968,Chiknayakanhalli,Town Municipal Council,548,Tumakuru,FULL MATCH
29,251969,Sira,City Municipal Council,548,Tumakuru,FULL MATCH
29,251970,Pavagada,Town Municipal Council,548,Tumakuru,FULL MATCH
29,251971,Madhugiri,Town Municipal Council,548,Tumakuru,FULL MATCH
29,251972,Koratagere,Town Panchayat,548,Tumakuru,FULL MATCH
29,251973,Tumakuru,Municipal Corporations,548,Tumakuru,FULL MATCH
29,251974,Gubbi,Town Panchayat,548,Tumakuru,FULL MATCH
29,251975,Tiptur,City Municipal Council,548,Tumakuru,FULL MATCH
29,251976,Turuvekere,Town Panchayat,548,Tumakuru,FULL MATCH
29,251977,Kunigal,Town Municipal Council,548,Tumakuru,FULL MATCH
29,251978,Gauribidanur,City Municipal Council,630,Chikkaballapura,FULL MATCH
29,251979,Chik Ballapur,City Municipal Council,630,Chikkaballapura,FULL MATCH
29,251980,Gudibanda,Town Panchayat,630,Chikkaballapura,FULL MATCH
29,251981,Bagepalli,Town Municipal Council,630,Chikkaballapura,FULL MATCH
29,251982,Sidlaghatta,City Municipal Council,,,NO MATCH
29,251983,Chintamani,City Municipal Council,630,Chikkaballapura,FULL MATCH
29,251984,Srinivaspur,Town Municipal Council,542,Kolar,FULL MATCH
29,251985,Kolar,City Municipal Council,542,Kolar,FULL MATCH
29,251986,Malur,Town Municipal Council,542,Kolar,FULL MATCH
29,251988,Robertson Pet,City Municipal Council,,,NO MATCH
29,251989,Mulbagal,City Municipal Council,542,Kolar,FULL MATCH
29,251990,Nelamangala,City Municipal Council,"525, 526",Bengaluru Urban | Bengaluru Rural,FULL MATCH
29,251992,Dod Ballapur,City Municipal Council,526,Bengaluru Rural,FULL MATCH
29,251993,Vijayapura,Municipal Corporations,,,NO MATCH
29,251994,Devanahalli,Town Municipal Council,526,Bengaluru Rural,FULL MATCH
29,251995,Hosakote,City Municipal Council,526,Bengaluru Rural,FULL MATCH
29,251996,Magadi,Town Municipal Council,631,Bengaluru South,FULL MATCH
29,252001,Krishnarajpet,Town Municipal Council,544,Mandya,FULL MATCH
29,252002,Nagamangala,Town Municipal Council,544,Mandya,FULL MATCH
29,252003,Pandavapura,Town Municipal Council,544,Mandya,FULL MATCH
29,252004,Shrirangapattana,Town Municipal Council,544,Mandya,FULL MATCH
29,252005,Mandya,City Municipal Council,544,Mandya,FULL MATCH
29,252006,Maddur,Town Municipal Council,544,Mandya,FULL MATCH
29,252007,Malavalli,Town Municipal Council,544,Mandya,FULL MATCH
29,252008,Sakleshpur,Town Municipal Council,539,Hassan,FULL MATCH
29,252009,Belur,Town Municipal Council,539,Hassan,FULL MATCH
29,252010,Arsikere,City Municipal Council,539,Hassan,FULL MATCH
29,252012,Hassan,City Municipal Council,539,Hassan,FULL MATCH
29,252013,Alur,Town Panchayat,539,Hassan,FULL MATCH
29,252014,Arkalgud,Town Panchayat,539,Hassan,FULL MATCH
29,252015,Hole Narsipur,Town Municipal Council,539,Hassan,FULL MATCH
29,252016,Channarayapatna,Town Municipal Council,539,Hassan,FULL MATCH
29,252017,Mulki,Town Panchayat,534,Dakshina Kannada,FULL MATCH
29,252018,Mudbidri,Town Municipal Council,534,Dakshina Kannada,FULL MATCH
29,252021,Mangaluru,Municipal Corporations,534,Dakshina Kannada,FULL MATCH
29,252027,Ullal,City Municipal Council,534,Dakshina Kannada,FULL MATCH
29,252029,Someshwar,Town Municipal Council,534,Dakshina Kannada,FULL MATCH
29,252033,Bantval,Town Municipal Council,534,Dakshina Kannada,FULL MATCH
29,252034,Beltangadi,Town Panchayat,534,Dakshina Kannada,FULL MATCH
29,252035,Puttur,City Municipal Council,534,Dakshina Kannada,FULL MATCH
29,252036,Sulya,Town Panchayat,534,Dakshina Kannada,FULL MATCH
29,252037,Madikeri,City Municipal Council,541,Kodagu,FULL MATCH
29,252038,Somvarpet,Town Panchayat,541,Kodagu,FULL MATCH
29,252039,Kushalnagar,Town Municipal Council,541,Kodagu,FULL MATCH
29,252040,Virajpet,Town Municipal Council,541,Kodagu,FULL MATCH
29,252042,Piriyapatna,Town Municipal Council,545,Mysuru,FULL MATCH
29,252043,Hunsur,City Municipal Council,545,Mysuru,FULL MATCH
29,252045,Mysuru,Municipal Corporations,545,Mysuru,AMBIGUOUS MATCH
29,252049,Heggadadevankote,Town Municipal Council,545,Mysuru,FULL MATCH
29,252050,Nanjangud,City Municipal Council,545,Mysuru,FULL MATCH
29,252051,Bannur,Town Municipal Council,545,Mysuru,FULL MATCH
29,252052,Tirumakudal - Narsipur,Town Municipal Council,"531, 545",Chamarajanagar | Mysuru,FULL MATCH
29,252053,Gundlupet,Town Municipal Council,531,Chamarajanagar,FULL MATCH
29,252054,Chamarajanagar,City Municipal Council,531,Chamarajanagar,FULL MATCH
29,252055,Yelandur,Town Panchayat,531,Chamarajanagar,FULL MATCH
29,252056,Kollegal,City Municipal Council,531,Chamarajanagar,FULL MATCH
30,252057,Pernem,Municipality,551,North Goa,FULL MATCH
30,252061,Mapusa,Municipality,551,North Goa,FULL MATCH
30,252071,City Corporation Panaji,Municipal Corporations,551,North Goa,AMBIGUOUS MATCH
30,252075,Bicholim,Municipality,551,North Goa,FULL MATCH
30,252077,Sankhali,Municipality,551,North Goa,FULL MATCH
30,252079,Valpoi,Municipality,551,North Goa,FULL MATCH
30,252082,Ponda,Municipality,552,South Goa,FULL MATCH
30,252084,Mormugao,Municipality,552,South Goa,FULL MATCH
30,252087,Margao,Municipality,552,South Goa,FULL MATCH
30,252095,Cuncolim,Municipality,"552, 793",South Goa | Kushavati,FULL MATCH
30,252096,Curchorem Cacora,Municipality,"552, 793",South Goa | Kushavati,FULL MATCH
30,252097,Quepem,Municipality,"552, 793",South Goa | Kushavati,FULL MATCH
30,252099,Sanguem,Municipality,793,Kushavati,FULL MATCH
30,252100,Canacona,Municipality,793,Kushavati,FULL MATCH
32,252108,Kasaragod,Municipality,"555, 558",Ernakulam | Kasaragod,AMBIGUOUS MATCH
32,252110,Kanhangad,Municipality,"555, 558",Ernakulam | Kasaragod,AMBIGUOUS MATCH
32,252111,Payyannur,Municipality,"555, 557",Ernakulam | Kannur,AMBIGUOUS MATCH
32,252112,Taliparamba,Municipality,"555, 557",Ernakulam | Kannur,AMBIGUOUS MATCH
32,252125,Kannur,Municipal Corporations,"555, 557",Ernakulam | Kannur,AMBIGUOUS MATCH
32,252139,Mattannur,Municipality,"555, 557",Ernakulam | Kannur,AMBIGUOUS MATCH
32,252144,Koothuparamba,Municipality,"555, 557",Ernakulam | Kannur,AMBIGUOUS MATCH
32,252149,Thalassery,Municipality,555,Ernakulam,AMBIGUOUS MATCH
32,252155,Kalpetta,Municipality,555,Ernakulam,AMBIGUOUS MATCH
32,252157,Vatakara,Municipality,"555, 561",Ernakulam | Kozhikode,AMBIGUOUS MATCH
32,252159,Koyilandy,Municipality,"555, 561",Ernakulam | Kozhikode,AMBIGUOUS MATCH
32,252160,Kozhikode,Municipal Corporations,"555, 561",Ernakulam | Kozhikode,AMBIGUOUS MATCH
32,252169,Manjeri,Municipality,"555, 562",Ernakulam | Malappuram,AMBIGUOUS MATCH
32,252170,Malappuram,Municipality,"555, 562",Ernakulam | Malappuram,AMBIGUOUS MATCH
32,252171,Perinthalmanna,Municipality,"555, 562",Ernakulam | Malappuram,AMBIGUOUS MATCH
32,252172,Tirur,Municipality,"555, 562",Ernakulam | Malappuram,AMBIGUOUS MATCH
32,252173,Ponnani,Municipality,555,Ernakulam,AMBIGUOUS MATCH
32,252174,Shoranur,Municipality,555,Ernakulam,AMBIGUOUS MATCH
32,252175,Ottappalam,Municipality,"555, 563",Ernakulam | Palakkad,AMBIGUOUS MATCH
32,252176,Palakkad,Municipality,"555, 563",Ernakulam | Palakkad,AMBIGUOUS MATCH
32,252178,Chittur-Thathamangalam,Municipality,555,Ernakulam,AMBIGUOUS MATCH
32,252180,Kunnamkulam,Municipality,"555, 566",Ernakulam | Thrissur,AMBIGUOUS MATCH
32,252181,Chavakkad,Municipality,"555, 566",Ernakulam | Thrissur,AMBIGUOUS MATCH
32,252184,Guruvayoor,Municipality,555,Ernakulam,AMBIGUOUS MATCH
32,252194,Thrissur,Municipal Corporations,555,Ernakulam,AMBIGUOUS MATCH
32,252200,Kodungallur,Municipality,555,Ernakulam,AMBIGUOUS MATCH
32,252204,Irinjalakuda,Municipality,"555, 566",Ernakulam | Thrissur,AMBIGUOUS MATCH
32,252205,Chalakudy,Municipality,555,Ernakulam,AMBIGUOUS MATCH
32,252207,Perumbavoor,Municipality,555,Ernakulam,AMBIGUOUS MATCH
32,252208,Angamaly,Municipality,555,Ernakulam,AMBIGUOUS MATCH
32,252211,Aluva,Municipality,555,Ernakulam,AMBIGUOUS MATCH
32,252215,Paravur,Municipality,"555, 559",Ernakulam | Kollam,AMBIGUOUS MATCH
32,252218,Eloor,Municipality,555,Ernakulam,AMBIGUOUS MATCH
32,252220,Kochi,Municipal Corporations,555,Ernakulam,FULL MATCH
32,252224,Kalamassery,Municipality,555,Ernakulam,AMBIGUOUS MATCH
32,252226,Maradu,Municipality,555,Ernakulam,AMBIGUOUS MATCH
32,252227,Thrippunithura,Municipality,555,Ernakulam,AMBIGUOUS MATCH
32,252230,Muvattupuzha,Municipality,555,Ernakulam,AMBIGUOUS MATCH
32,252231,Kothamangalam,Municipality,555,Ernakulam,AMBIGUOUS MATCH
32,252233,Thodupuzha,Municipality,555,Ernakulam,AMBIGUOUS MATCH
32,252234,Palai,Municipality,555,Ernakulam,AMBIGUOUS MATCH
32,252236,Vaikom,Municipality,555,Ernakulam,AMBIGUOUS MATCH
32,252238,Kottayam,Municipality,555,Ernakulam,AMBIGUOUS MATCH
32,252239,Changanassery,Municipality,555,Ernakulam,AMBIGUOUS MATCH
32,252242,Cherthala,Municipality,"554, 555",Alappuzha | Ernakulam,AMBIGUOUS MATCH
32,252247,Alappuzha,Municipality,"554, 555",Alappuzha | Ernakulam,AMBIGUOUS MATCH
32,252248,Kayamkulam,Municipality,"554, 555",Alappuzha | Ernakulam,AMBIGUOUS MATCH
32,252249,Chengannur,Municipality,"554, 555",Alappuzha | Ernakulam,AMBIGUOUS MATCH
32,252250,Mavelikkara,Municipality,"554, 555",Alappuzha | Ernakulam,AMBIGUOUS MATCH
32,252251,Thiruvalla,Municipality,555,Ernakulam,AMBIGUOUS MATCH
32,252252,Pathanamthitta,Municipality,"555, 564",Ernakulam | Pathanamthitta,AMBIGUOUS MATCH
32,252253,Adoor,Municipality,555,Ernakulam,AMBIGUOUS MATCH
32,252254,Punalur,Municipality,555,Ernakulam,AMBIGUOUS MATCH
32,252255,Kollam,Municipal Corporations,"555, 559",Ernakulam | Kollam,AMBIGUOUS MATCH
32,252256,Paravoor,Municipality,555,Ernakulam,AMBIGUOUS MATCH
32,252257,Varkala,Municipality,555,Ernakulam,AMBIGUOUS MATCH
32,252258,Attingal,Municipality,555,Ernakulam,AMBIGUOUS MATCH
32,252259,Nedumangad,Municipality,"555, 565",Ernakulam | Thiruvananthapuram,AMBIGUOUS MATCH
32,252260,Thiruvananthapuram,Municipal Corporations,"555, 565",Ernakulam | Thiruvananthapuram,AMBIGUOUS MATCH
32,252261,Neyyattinkara,Municipality,"555, 565",Ernakulam | Thiruvananthapuram,AMBIGUOUS MATCH
33,252262,Gummidipoondi,Town Panchayat,589,Thiruvallur,FULL MATCH
33,252263,Arani,Town Panchayat,589,Thiruvallur,FULL MATCH
33,252264,Ponneri,Municipality,589,Thiruvallur,FULL MATCH
33,252265,Minjur,Town Panchayat,589,Thiruvallur,FULL MATCH
33,252268,Uthukkottai,Town Panchayat,589,Thiruvallur,FULL MATCH
33,252269,Tiruttani,Municipality,589,Thiruvallur,FULL MATCH
33,252270,Pallipattu,Town Panchayat,589,Thiruvallur,FULL MATCH
33,252271,Pothatturpettai,Town Panchayat,589,Thiruvallur,FULL MATCH
33,252273,Tiruvallur,Municipality,589,Thiruvallur,FULL MATCH
33,252275,Thirunindravur,Municipality,589,Thiruvallur,FULL MATCH
33,252276,Avadi,Municipal Corporations,589,Thiruvallur,FULL MATCH
33,252277,Thiruverkadu,Municipality,"568, 589",Chennai | Thiruvallur,FULL MATCH
33,252278,Poonamallee,Municipality,"574, 589",Kancheepuram | Thiruvallur,FULL MATCH
33,252279,Thirumazhisai,Town Panchayat,589,Thiruvallur,FULL MATCH
33,252283,Naravarikuppam,Town Panchayat,"568, 589",Chennai | Thiruvallur,FULL MATCH
33,252294,Greater Chennai Corporation,Municipal Corporations,"568, 589, 730",Chennai | Thiruvallur | Chengalpattu,AMBIGUOUS MATCH
33,252295,Mangadu,Municipality,574,Kancheepuram,FULL MATCH
33,252298,Kundrathur,Municipality,"574, 589",Kancheepuram | Thiruvallur,FULL MATCH
33,252299,Sriperumbudur,Municipality,"574, 589",Kancheepuram | Thiruvallur,FULL MATCH
33,252319,Tambaram,Municipal Corporations,"589, 730",Thiruvallur | Chengalpattu,AMBIGUOUS MATCH
33,252329,Nandivaram - Guduvancheri,Municipality,"574, 730",Kancheepuram | Chengalpattu,FULL MATCH
33,252330,Maraimalainagar,Municipality,730,Chengalpattu,FULL MATCH
33,252332,Thiruporur,Town Panchayat,730,Chengalpattu,FULL MATCH
33,252333,Chengalpattu,Municipality,730,Chengalpattu,FULL MATCH
33,252336,Kancheepuram,Municipal Corporations,574,Kancheepuram,FULL MATCH
33,252340,Ayyampettai,Town Panchayat,586,Thanjavur,FULL MATCH
33,252341,Walajabad,Town Panchayat,574,Kancheepuram,FULL MATCH
33,252342,Uthiramerur,Town Panchayat,"574, 730",Kancheepuram | Chengalpattu,FULL MATCH
33,252343,Tirukalukundram,Town Panchayat,730,Chengalpattu,FULL MATCH
33,252344,Mamallapuram,Municipality,730,Chengalpattu,FULL MATCH
33,252346,Karunguzhi,Town Panchayat,730,Chengalpattu,FULL MATCH
33,252347,Madurantakam,Municipality,730,Chengalpattu,FULL MATCH
33,252348,Acharapakkam,Town Panchayat,730,Chengalpattu,FULL MATCH
33,252349,Edaikazhinadu,Town Panchayat,730,Chengalpattu,FULL MATCH
33,252350,Pernambut,Municipality,595,Vellore,FULL MATCH
33,252351,Gudiyatham,Municipality,595,Vellore,FULL MATCH
33,252359,Thiruvalam,Town Panchayat,"595, 731",Vellore | Ranipet,FULL MATCH
33,252360,Sholingur,Municipality,731,Ranipet,FULL MATCH
33,252361,Ammoor,Town Panchayat,731,Ranipet,FULL MATCH
33,252363,Narasingapuram,Municipality,584,Salem,FULL MATCH
33,252364,Ranipet,Municipality,731,Ranipet,FULL MATCH
33,252365,Walajapet,Municipality,731,Ranipet,FULL MATCH
33,252366,Melvisharam,Municipality,731,Ranipet,FULL MATCH
33,252367,Arakkonam,Municipality,731,Ranipet,AMBIGUOUS MATCH
33,252369,Nemili,Town Panchayat,731,Ranipet,FULL MATCH
33,252370,Thakkolam,Town Panchayat,731,Ranipet,FULL MATCH
33,252371,Kaveripakkam,Town Panchayat,731,Ranipet,FULL MATCH
33,252372,Panapakkam,Town Panchayat,731,Ranipet,AMBIGUOUS MATCH
33,252373,Arcot,Municipality,731,Ranipet,FULL MATCH
33,252374,Vilapakkam,Town Panchayat,731,Ranipet,FULL MATCH
33,252375,Timiri,Town Panchayat,"593, 731",Tiruvannamalai | Ranipet,FULL MATCH
33,252376,Kalavai,Town Panchayat,"593, 731",Tiruvannamalai | Ranipet,FULL MATCH
33,252377,Pallikonda,Town Panchayat,595,Vellore,FULL MATCH
33,252381,Vellore,Municipal Corporations,595,Vellore,FULL MATCH
33,252388,Pennathur,Town Panchayat,595,Vellore,FULL MATCH
33,252389,Odugathur,Town Panchayat,595,Vellore,FULL MATCH
33,252391,Ambur,Municipality,"595, 732",Vellore | Tirupathur,FULL MATCH
33,252392,Uthayendram,Town Panchayat,732,Tirupathur,FULL MATCH
33,252394,Vaniyambadi,Municipality,"595, 732",Vellore | Tirupathur,FULL MATCH
33,252395,Alangayam,Town Panchayat,732,Tirupathur,FULL MATCH
33,252396,Natrampalli,Town Panchayat,732,Tirupathur,FULL MATCH
33,252397,Jolarpet,Municipality,732,Tirupathur,FULL MATCH
33,252398,Thirupathur,Municipality,732,Tirupathur,FULL MATCH
33,252399,Hosur,Municipal Corporations,577,Krishnagiri,FULL MATCH
33,252401,Bargur,Town Panchayat,577,Krishnagiri,FULL MATCH
33,252402,Krishnagiri,Municipality,577,Krishnagiri,FULL MATCH
33,252404,Kaveripattinam,Town Panchayat,577,Krishnagiri,FULL MATCH
33,252405,Kelamangalam,Town Panchayat,577,Krishnagiri,FULL MATCH
33,252406,Denkanikottai,Town Panchayat,577,Krishnagiri,FULL MATCH
33,252407,Marandahalli,Town Panchayat,"571, 577",Dharmapuri | Krishnagiri,FULL MATCH
33,252408,Karimangalam,Town Panchayat,"571, 577",Dharmapuri | Krishnagiri,FULL MATCH
33,252409,Palakkodu,Town Panchayat,571,Dharmapuri,FULL MATCH
33,252410,Nagojanahalli,Town Panchayat,577,Krishnagiri,FULL MATCH
33,252411,Uthangarai,Town Panchayat,577,Krishnagiri,FULL MATCH
33,252412,Kambainallur,Town Panchayat,571,Dharmapuri,FULL MATCH
33,252413,Harur,Municipality,571,Dharmapuri,FULL MATCH
33,252414,Kadathur,Town Panchayat,571,Dharmapuri,FULL MATCH
33,252415,B.Mallapuram,Town Panchayat,571,Dharmapuri,FULL MATCH
33,252416,Pappireddipatti,Town Panchayat,"571, 584",Dharmapuri | Salem,FULL MATCH
33,252417,Dharmapuri,Municipality,571,Dharmapuri,FULL MATCH
33,252419,Pennagaram,Town Panchayat,571,Dharmapuri,FULL MATCH
33,252420,Kannamangalam,Town Panchayat,"593, 595",Tiruvannamalai | Vellore,FULL MATCH
33,252422,Arani,Municipality,593,Tiruvannamalai,FULL MATCH
33,252424,Thiruvathipuram,Municipality,"593, 731",Tiruvannamalai | Ranipet,FULL MATCH
33,252425,Peranamallur,Town Panchayat,593,Tiruvannamalai,FULL MATCH
33,252426,Vandavasi,Municipality,593,Tiruvannamalai,FULL MATCH
33,252427,Desur,Town Panchayat,593,Tiruvannamalai,FULL MATCH
33,252428,Kalambur,Town Panchayat,593,Tiruvannamalai,FULL MATCH
33,252429,Polur,Municipality,593,Tiruvannamalai,FULL MATCH
33,252430,Chetpet,Town Panchayat,593,Tiruvannamalai,FULL MATCH
33,252431,Pudupalayam,Town Panchayat,593,Tiruvannamalai,FULL MATCH
33,252432,Chengam,Municipality,593,Tiruvannamalai,FULL MATCH
33,252433,Kilpennathur,Town Panchayat,593,Tiruvannamalai,FULL MATCH
33,252434,Thiruvannamalai,Municipality,593,Tiruvannamalai,FULL MATCH
33,252435,Vettavalam,Town Panchayat,593,Tiruvannamalai,FULL MATCH
33,252436,Gingee,Town Panchayat,596,Viluppuram,FULL MATCH
33,252437,Ananthapuram,Town Panchayat,596,Viluppuram,FULL MATCH
33,252438,Tindivanam,Municipality,596,Viluppuram,FULL MATCH
33,252439,Marakkanam,Town Panchayat,"596, 730",Viluppuram | Chengalpattu,FULL MATCH
33,252440,Kottakuppam,Municipality,596,Viluppuram,FULL MATCH
33,252441,Vikravandi,Town Panchayat,596,Viluppuram,FULL MATCH
33,252442,Villupuram,Municipality,596,Viluppuram,FULL MATCH
33,252443,Valavanur,Town Panchayat,596,Viluppuram,FULL MATCH
33,252444,Manalurpet,Town Panchayat,729,Kallakurichi,FULL MATCH
33,252445,Arakandanallur,Town Panchayat,596,Viluppuram,FULL MATCH
33,252446,Tirukkoyilur,Municipality,729,Kallakurichi,FULL MATCH
33,252447,Thiruvennainallur,Town Panchayat,596,Viluppuram,FULL MATCH
33,252448,Sankarapuram,Town Panchayat,729,Kallakurichi,FULL MATCH
33,252449,Vadakkanandal,Town Panchayat,729,Kallakurichi,FULL MATCH
33,252450,Thiagadurgam,Town Panchayat,"596, 729",Viluppuram | Kallakurichi,FULL MATCH
33,252451,Kallakurichi,Municipality,729,Kallakurichi,FULL MATCH
33,252452,Chinnasalem,Town Panchayat,729,Kallakurichi,FULL MATCH
33,252453,Ulundurpettai,Municipality,"570, 596, 729",Cuddalore | Viluppuram | Kallakurichi,FULL MATCH
33,252454,Mecheri,Town Panchayat,584,Salem,FULL MATCH
33,252455,Kolathur,Town Panchayat,584,Salem,FULL MATCH
33,252456,Veerakkalpudur,Town Panchayat,584,Salem,FULL MATCH
33,252457,Mettur,Municipality,,,NO MATCH
33,252458,P.N.Patti,Town Panchayat,,,NO MATCH
33,252459,Nangavalli,Town Panchayat,584,Salem,FULL MATCH
33,252460,Vanavasi,Town Panchayat,584,Salem,FULL MATCH
33,252462,Jalakandapuram,Town Panchayat,584,Salem,FULL MATCH
33,252463,Kadayampatti,Town Panchayat,584,Salem,FULL MATCH
33,252464,Omalur,Town Panchayat,584,Salem,FULL MATCH
33,252465,Karuppur,Town Panchayat,584,Salem,FULL MATCH
33,252466,Tharamangalam,Municipality,584,Salem,FULL MATCH
33,252467,Poolampatti,Town Panchayat,584,Salem,FULL MATCH
33,252468,Edappadi,Municipality,584,Salem,FULL MATCH
33,252469,Konganapuram,Town Panchayat,584,Salem,FULL MATCH
33,252470,Edanganasalai,Municipality,584,Salem,FULL MATCH
33,252471,Arasiramani,Town Panchayat,584,Salem,FULL MATCH
33,252472,Thevur,Town Panchayat,,,NO MATCH
33,252473,Sankari,Municipality,584,Salem,FULL MATCH
33,252474,Salem,Municipal Corporations,,,NO MATCH
33,252475,Kannankurichi,Town Panchayat,584,Salem,FULL MATCH
33,252481,Panaimarathupatti,Town Panchayat,584,Salem,FULL MATCH
33,252483,Attayampatti,Town Panchayat,584,Salem,FULL MATCH
33,252484,Papparapatti,Town Panchayat,584,Salem,FULL MATCH
33,252485,Mallur,Town Panchayat,"580, 584",Namakkal | Salem,FULL MATCH
33,252486,Ayothiapattinam,Town Panchayat,584,Salem,FULL MATCH
33,252487,Belur,Town Panchayat,584,Salem,FULL MATCH
33,252488,Vazhapadi,Town Panchayat,584,Salem,FULL MATCH
33,252489,Ethapur,Town Panchayat,584,Salem,FULL MATCH
33,252490,Pethanaickenpalayam,Town Panchayat,584,Salem,FULL MATCH
33,252491,Attur,Municipality,584,Salem,FULL MATCH
33,252493,Keeripatti,Town Panchayat,584,Salem,FULL MATCH
33,252494,Veeraganur,Town Panchayat,584,Salem,FULL MATCH
33,252495,Thedavur,Town Panchayat,584,Salem,FULL MATCH
33,252496,Gangavalli,Town Panchayat,584,Salem,FULL MATCH
33,252497,Thammampatti,Town Panchayat,"580, 584",Namakkal | Salem,FULL MATCH
33,252498,Sentharapatti,Town Panchayat,584,Salem,FULL MATCH
33,252499,Komarapalayam,Municipality,580,Namakkal,FULL MATCH
33,252500,Padaiveedu,Town Panchayat,580,Namakkal,FULL MATCH
33,252501,Mallasamudram,Town Panchayat,580,Namakkal,FULL MATCH
33,252502,Tiruchengode,Municipality,580,Namakkal,FULL MATCH
33,252505,Alampalayam,Town Panchayat,634,Tiruppur,FULL MATCH
33,252506,Pallipalayam,Municipality,"573, 580",Erode | Namakkal,FULL MATCH
33,252508,Vennanthur,Town Panchayat,580,Namakkal,FULL MATCH
33,252509,Athanur,Town Panchayat,580,Namakkal,FULL MATCH
33,252510,R.Pudupatti,Town Panchayat,580,Namakkal,FULL MATCH
33,252511,Pattanam,Town Panchayat,580,Namakkal,FULL MATCH
33,252512,Rasipuram,Municipality,580,Namakkal,FULL MATCH
33,252513,Seerapalli,Town Panchayat,580,Namakkal,FULL MATCH
33,252514,Namagiripettai,Town Panchayat,580,Namakkal,FULL MATCH
33,252515,Pillanallur,Town Panchayat,580,Namakkal,FULL MATCH
33,252516,Kalappanaickenpatti,Town Panchayat,580,Namakkal,FULL MATCH
33,252517,Senthamangalam,Town Panchayat,733,Tenkasi,FULL MATCH
33,252518,Namakkal,Municipality,580,Namakkal,FULL MATCH
33,252520,Erumaipatti,Town Panchayat,584,Salem,FULL MATCH
33,252521,Mohanur,Town Panchayat,580,Namakkal,FULL MATCH
33,252522,Paramathi,Town Panchayat,580,Namakkal,FULL MATCH
33,252523,Velur,Town Panchayat,580,Namakkal,FULL MATCH
33,252524,Pothanur,Town Panchayat,580,Namakkal,FULL MATCH
33,252525,Pandamangalam,Town Panchayat,580,Namakkal,FULL MATCH
33,252526,Venkarai,Town Panchayat,580,Namakkal,FULL MATCH
33,252527,Kembainaickenpalayam,Town Panchayat,573,Erode,FULL MATCH
33,252528,Sathyamangalam,Municipality,573,Erode,FULL MATCH
33,252529,Ariyappampalayam,Town Panchayat,573,Erode,FULL MATCH
33,252530,Bhavanisagar,Town Panchayat,573,Erode,FULL MATCH
33,252531,Punjaipuliampatti,Municipality,"569, 573, 634",Coimbatore | Erode | Tiruppur,FULL MATCH
33,252532,Nerinjipettai,Town Panchayat,573,Erode,FULL MATCH
33,252533,Ammapettai,Town Panchayat,573,Erode,FULL MATCH
33,252534,Olagadam,Town Panchayat,573,Erode,FULL MATCH
33,252535,Anthiyur,Town Panchayat,573,Erode,FULL MATCH
33,252536,Athani,Town Panchayat,573,Erode,FULL MATCH
33,252537,Appakudal,Town Panchayat,573,Erode,FULL MATCH
33,252538,Jambai,Town Panchayat,"573, 634",Erode | Tiruppur,FULL MATCH
33,252539,Bhavani,Municipality,573,Erode,FULL MATCH
33,252540,Salangapalayam,Town Panchayat,"573, 634",Erode | Tiruppur,FULL MATCH
33,252541,Periyakodiveri,Town Panchayat,"573, 634",Erode | Tiruppur,FULL MATCH
33,252542,Vaniputhur,Town Panchayat,573,Erode,FULL MATCH
33,252543,P.Mettupalayam,Town Panchayat,573,Erode,FULL MATCH
33,252544,Kugalur,Town Panchayat,573,Erode,FULL MATCH
33,252545,Lakkampatti,Town Panchayat,573,Erode,FULL MATCH
33,252546,Kasipalayam (G),Town Panchayat,573,Erode,FULL MATCH
33,252547,Gobichettipalayam,Municipality,573,Erode,FULL MATCH
33,252548,Elathur,Town Panchayat,733,Tenkasi,FULL MATCH
33,252549,Kolappalur,Town Panchayat,573,Erode,FULL MATCH
33,252550,Nambiyur,Town Panchayat,"573, 634",Erode | Tiruppur,FULL MATCH
33,252551,Pethampalayam,Town Panchayat,573,Erode,FULL MATCH
33,252552,Pallapalayam,Town Panchayat,576,Karur,FULL MATCH
33,252553,Kanjikovil,Town Panchayat,573,Erode,FULL MATCH
33,252554,Karumandi Chellipalayam,Town Panchayat,573,Erode,FULL MATCH
33,252555,Nallampatti,Town Panchayat,573,Erode,FULL MATCH
33,252556,Kunnathur,Town Panchayat,"574, 589",Kancheepuram | Thiruvallur,FULL MATCH
33,252558,Perundurai,Municipality,573,Erode,FULL MATCH
33,252560,Uthukuli,Town Panchayat,"573, 634",Erode | Tiruppur,FULL MATCH
33,252562,Chennimalai,Town Panchayat,"573, 634",Erode | Tiruppur,FULL MATCH
33,252564,Chithode,Town Panchayat,573,Erode,FULL MATCH
33,252565,Nasiyanur,Town Panchayat,573,Erode,FULL MATCH
33,252568,Erode,Municipal Corporations,573,Erode,FULL MATCH
33,252572,Avalpoondurai,Town Panchayat,573,Erode,FULL MATCH
33,252573,Modakkurichi,Town Panchayat,"573, 634",Erode | Tiruppur,FULL MATCH
33,252574,Pasur,Town Panchayat,573,Erode,FULL MATCH
33,252575,Arachalur,Town Panchayat,573,Erode,FULL MATCH
33,252576,Vadugapatti,Town Panchayat,,,NO MATCH
33,252577,Kilambadi,Town Panchayat,573,Erode,FULL MATCH
33,252578,Vellottamparappu,Town Panchayat,573,Erode,FULL MATCH
33,252579,Sivagiri,Town Panchayat,733,Tenkasi,FULL MATCH
33,252580,Kollankoil,Town Panchayat,573,Erode,FULL MATCH
33,252581,Unjalur,Town Panchayat,573,Erode,FULL MATCH
33,252582,Vengambur,Town Panchayat,573,Erode,FULL MATCH
33,252583,Kodumudi,Town Panchayat,573,Erode,FULL MATCH
33,252584,Chennasamudram,Town Panchayat,573,Erode,FULL MATCH
33,252585,Muthur,Town Panchayat,634,Tiruppur,FULL MATCH
33,252587,Vellakoil,Municipality,634,Tiruppur,FULL MATCH
33,252588,Rudravathi,Town Panchayat,634,Tiruppur,FULL MATCH
33,252589,Kannivadi,Town Panchayat,"576, 634",Karur | Tiruppur,AMBIGUOUS MATCH
33,252590,Mulanur,Town Panchayat,634,Tiruppur,FULL MATCH
33,252591,Kolathupalayam,Town Panchayat,634,Tiruppur,FULL MATCH
33,252592,Dharapuram,Municipality,634,Tiruppur,FULL MATCH
33,252593,Chinnakkampalayam,Town Panchayat,634,Tiruppur,FULL MATCH
33,252594,Nelliyalam,Municipality,587,The Nilgiris,FULL MATCH
33,252595,Devarshola,Town Panchayat,587,The Nilgiris,FULL MATCH
33,252596,Gudalur,Municipality,"587, 588",The Nilgiris | Theni,AMBIGUOUS MATCH
33,252597,O Valley,Town Panchayat,587,The Nilgiris,FULL MATCH
33,252598,Sholur,Town Panchayat,587,The Nilgiris,FULL MATCH
33,252599,Naduvattam,Town Panchayat,587,The Nilgiris,FULL MATCH
33,252600,Udhagamandalam,Municipality,587,The Nilgiris,FULL MATCH
33,252601,Kotagiri,Municipality,587,The Nilgiris,FULL MATCH
33,252602,Jagathala,Town Panchayat,587,The Nilgiris,FULL MATCH
33,252603,Kethi,Town Panchayat,587,The Nilgiris,FULL MATCH
33,252605,Coonoor,Municipality,587,The Nilgiris,FULL MATCH
33,252607,Adikaratti,Town Panchayat,587,The Nilgiris,FULL MATCH
33,252608,Huligal,Town Panchayat,587,The Nilgiris,FULL MATCH
33,252609,Bikkatty,Town Panchayat,587,The Nilgiris,FULL MATCH
33,252610,Kilkunda,Town Panchayat,587,The Nilgiris,FULL MATCH
33,252611,Sirumugai,Town Panchayat,"569, 573",Coimbatore | Erode,FULL MATCH
33,252612,Mettupalayam,Municipality,"569, 573",Coimbatore | Erode,AMBIGUOUS MATCH
33,252613,Karamadai,Municipality,"569, 582",Coimbatore | Pudukkottai,FULL MATCH
33,252614,Annur,Town Panchayat,"569, 573",Coimbatore | Erode,FULL MATCH
33,252615,Avinashi,Municipality,634,Tiruppur,FULL MATCH
33,252616,Thirumuruganpoondi,Municipality,634,Tiruppur,FULL MATCH
33,252617,Chettipalayam,Town Panchayat,569,Coimbatore,FULL MATCH
33,252621,Tiruppur,Municipal Corporations,,,NO MATCH
33,252626,Veerapandi,Town Panchayat,588,Theni,FULL MATCH
33,252627,Mopperipalayam,Town Panchayat,569,Coimbatore,FULL MATCH
33,252628,Karumathampatti,Municipality,569,Coimbatore,FULL MATCH
33,252629,Irugur,Town Panchayat,569,Coimbatore,FULL MATCH
33,252630,Samalapuram,Town Panchayat,634,Tiruppur,FULL MATCH
33,252632,Sulur,Town Panchayat,569,Coimbatore,FULL MATCH
33,252633,Pallapalayam,Town Panchayat,"569, 573, 576, 634",Coimbatore | Erode | Karur | Tiruppur,AMBIGUOUS MATCH
33,252634,Kannampalayam,Town Panchayat,569,Coimbatore,FULL MATCH
33,252636,Palladam,Municipality,634,Tiruppur,FULL MATCH
33,252638,Periyanaickenpalayam,Town Panchayat,569,Coimbatore,FULL MATCH
33,252639,Gudalur,Municipality,"587, 588",The Nilgiris | Theni,AMBIGUOUS MATCH
33,252641,Idikarai,Town Panchayat,569,Coimbatore,FULL MATCH
33,252642,Sarcarsamakulam,Town Panchayat,569,Coimbatore,FULL MATCH
33,252653,Coimbatore,Municipal Corporations,569,Coimbatore,FULL MATCH
33,252655,Vedapatti,Town Panchayat,569,Coimbatore,FULL MATCH
33,252656,Dhaliyur,Town Panchayat,569,Coimbatore,FULL MATCH
33,252657,Thondamuthur,Town Panchayat,569,Coimbatore,FULL MATCH
33,252658,Alanthurai,Town Panchayat,569,Coimbatore,FULL MATCH
33,252659,Pooluvapatti,Town Panchayat,569,Coimbatore,FULL MATCH
33,252660,Thenkarai,Town Panchayat,578,Madurai,FULL MATCH
33,252661,Perur,Town Panchayat,569,Coimbatore,FULL MATCH
33,252664,Vellalur,Town Panchayat,578,Madurai,FULL MATCH
33,252665,Madukkarai,Municipality,569,Coimbatore,FULL MATCH
33,252666,Ettimadai,Town Panchayat,569,Coimbatore,FULL MATCH
33,252667,Thirumalayampalayam,Town Panchayat,569,Coimbatore,FULL MATCH
33,252668,Othakalmandapam,Town Panchayat,569,Coimbatore,FULL MATCH
33,252670,Kinathukadavu,Town Panchayat,569,Coimbatore,FULL MATCH
33,252671,Periya Negamam,Town Panchayat,569,Coimbatore,FULL MATCH
33,252673,Zamin Uthukuli,Town Panchayat,569,Coimbatore,FULL MATCH
33,252674,Pollachi,Municipality,569,Coimbatore,FULL MATCH
33,252676,Suleeswaranpatti,Town Panchayat,569,Coimbatore,FULL MATCH
33,252677,Samathur,Town Panchayat,569,Coimbatore,FULL MATCH
33,252678,Anaimalai,Town Panchayat,569,Coimbatore,FULL MATCH
33,252679,Odaiyakulam,Town Panchayat,,,NO MATCH
33,252680,Vettaikaranpudur,Town Panchayat,569,Coimbatore,FULL MATCH
33,252681,Kottur,Town Panchayat,"569, 588",Coimbatore | Theni,AMBIGUOUS MATCH
33,252682,Kaniyur,Town Panchayat,634,Tiruppur,FULL MATCH
33,252683,Udumalpet,Municipality,634,Tiruppur,FULL MATCH
33,252685,Madathukulam,Town Panchayat,634,Tiruppur,FULL MATCH
33,252686,Sankaramanallur,Town Panchayat,634,Tiruppur,FULL MATCH
33,252687,Komaralingam,Town Panchayat,634,Tiruppur,FULL MATCH
33,252688,Dhali,Town Panchayat,634,Tiruppur,FULL MATCH
33,252689,Valparai,Municipality,,,NO MATCH
33,252690,Keeranur,Town Panchayat,572,Dindigul,FULL MATCH
33,252691,Ayakudi,Town Panchayat,572,Dindigul,FULL MATCH
33,252692,Palani,Municipality,572,Dindigul,FULL MATCH
33,252693,Neikkarapatti,Town Panchayat,572,Dindigul,FULL MATCH
33,252694,Balasamudram,Town Panchayat,572,Dindigul,FULL MATCH
33,252695,Oddanchatram,Municipality,572,Dindigul,FULL MATCH
33,252696,Palayam,Town Panchayat,572,Dindigul,FULL MATCH
33,252697,Vedasandur,Town Panchayat,572,Dindigul,FULL MATCH
33,252698,Eriodu,Town Panchayat,572,Dindigul,FULL MATCH
33,252699,Ayyalur,Town Panchayat,572,Dindigul,FULL MATCH
33,252700,Vadamadurai,Town Panchayat,572,Dindigul,FULL MATCH
33,252701,Natham,Town Panchayat,572,Dindigul,FULL MATCH
33,252702,Agaram,Town Panchayat,572,Dindigul,FULL MATCH
33,252703,Thadikombu,Town Panchayat,572,Dindigul,FULL MATCH
33,252704,Sriramapuram,Town Panchayat,572,Dindigul,FULL MATCH
33,252705,Kannivadi,Town Panchayat,572,Dindigul,FULL MATCH
33,252707,Dindigul,Municipal Corporations,572,Dindigul,AMBIGUOUS MATCH
33,252709,Chinnalapatti,Town Panchayat,572,Dindigul,FULL MATCH
33,252710,Sithayankottai,Town Panchayat,572,Dindigul,FULL MATCH
33,252711,Ayyampalayam,Town Panchayat,572,Dindigul,FULL MATCH
33,252712,Pannaikadu,Town Panchayat,572,Dindigul,FULL MATCH
33,252713,Kodaikanal,Municipality,572,Dindigul,FULL MATCH
33,252714,Ammainaickanur,Town Panchayat,572,Dindigul,FULL MATCH
33,252715,Nilakkottai,Town Panchayat,572,Dindigul,FULL MATCH
33,252716,Sevugampatti,Town Panchayat,572,Dindigul,FULL MATCH
33,252717,Pattiveeranpatti,Town Panchayat,572,Dindigul,FULL MATCH
33,252718,Batlagundu,Town Panchayat,572,Dindigul,FULL MATCH
33,252719,Aravakurichi,Town Panchayat,"576, 634",Karur | Tiruppur,FULL MATCH
33,252720,Pallapatti,Municipality,"576, 588",Karur | Theni,AMBIGUOUS MATCH
33,252723,Punjai Thottakurichi,Town Panchayat,576,Karur,FULL MATCH
33,252725,Karur,Municipal Corporations,576,Karur,FULL MATCH
33,252726,Puliyur,Town Panchayat,576,Karur,FULL MATCH
33,252727,Uppidamangalam,Town Panchayat,576,Karur,FULL MATCH
33,252729,Krishnarayapuram,Town Panchayat,576,Karur,FULL MATCH
33,252730,P.J. Cholapuram,Town Panchayat,576,Karur,FULL MATCH
33,252731,Kulithalai,Municipality,576,Karur,FULL MATCH
33,252732,Marudur,Town Panchayat,576,Karur,FULL MATCH
33,252733,Nangavaram,Town Panchayat,576,Karur,FULL MATCH
33,252734,Thottiyam,Town Panchayat,591,Tiruchirappalli,FULL MATCH
33,252735,Kattuputhur,Town Panchayat,591,Tiruchirappalli,FULL MATCH
33,252736,Mettupalayam,Town Panchayat,591,Tiruchirappalli,FULL MATCH
33,252737,Thathaiyangarpet,Town Panchayat,591,Tiruchirappalli,FULL MATCH
33,252738,Musiri,Municipality,591,Tiruchirappalli,FULL MATCH
33,252739,Uppiliapuram,Town Panchayat,591,Tiruchirappalli,FULL MATCH
33,252740,Balakrishnampatti,Town Panchayat,591,Tiruchirappalli,FULL MATCH
33,252741,Thuraiyur,Municipality,591,Tiruchirappalli,FULL MATCH
33,252742,S. Kannanur,Town Panchayat,591,Tiruchirappalli,FULL MATCH
33,252743,Manachanallur,Town Panchayat,591,Tiruchirappalli,FULL MATCH
33,252744,Kallakudi,Town Panchayat,"591, 610",Tiruchirappalli | Ariyalur,FULL MATCH
33,252745,Pullampadi,Town Panchayat,591,Tiruchirappalli,FULL MATCH
33,252747,Lalgudi,Municipality,591,Tiruchirappalli,FULL MATCH
33,252748,Sirugamani,Town Panchayat,591,Tiruchirappalli,FULL MATCH
33,252749,Tiruchirappalli,Municipal Corporations,591,Tiruchirappalli,AMBIGUOUS MATCH
33,252752,Koothappar,Town Panchayat,591,Tiruchirappalli,FULL MATCH
33,252754,Thuvakudi,Municipality,591,Tiruchirappalli,FULL MATCH
33,252757,Manapparai,Municipality,591,Tiruchirappalli,FULL MATCH
33,252758,Ponnampatti,Town Panchayat,"582, 591",Pudukkottai | Tiruchirappalli,FULL MATCH
33,252759,Poolambadi,Town Panchayat,"581, 584, 591",Perambalur | Salem | Tiruchirappalli,FULL MATCH
33,252760,Arumbavur,Town Panchayat,"581, 591",Perambalur | Tiruchirappalli,FULL MATCH
33,252761,Kurumbalur,Town Panchayat,581,Perambalur,FULL MATCH
33,252762,Perambalur,Municipality,581,Perambalur,FULL MATCH
33,252763,Labbaikudikadu,Town Panchayat,581,Perambalur,FULL MATCH
33,252764,Varadarajanpettai,Town Panchayat,610,Ariyalur,FULL MATCH
33,252765,Jayankondam,Municipality,610,Ariyalur,FULL MATCH
33,252766,Udayarpalayam,Town Panchayat,610,Ariyalur,FULL MATCH
33,252767,Ariyalur,Municipality,"581, 610",Perambalur | Ariyalur,FULL MATCH
33,252768,Melpattampakkam,Town Panchayat,"570, 596",Cuddalore | Viluppuram,FULL MATCH
33,252769,Nellikuppam,Municipality,570,Cuddalore,FULL MATCH
33,252770,Panruti,Municipality,570,Cuddalore,FULL MATCH
33,252771,Thorapadi,Town Panchayat,570,Cuddalore,FULL MATCH
33,252773,Cuddalore,Municipal Corporations,570,Cuddalore,FULL MATCH
33,252775,Kurinjipadi,Town Panchayat,570,Cuddalore,FULL MATCH
33,252776,Vadalur,Municipality,570,Cuddalore,FULL MATCH
33,252777,Parangipettai,Town Panchayat,570,Cuddalore,FULL MATCH
33,252778,Sethiathoppu,Town Panchayat,570,Cuddalore,FULL MATCH
33,252779,Bhuvanagiri,Town Panchayat,570,Cuddalore,FULL MATCH
33,252780,Killai,Town Panchayat,570,Cuddalore,FULL MATCH
33,252781,Chidambaram,Municipality,570,Cuddalore,FULL MATCH
33,252782,Annamalai Nagar,Town Panchayat,570,Cuddalore,FULL MATCH
33,252783,Srimushnam,Town Panchayat,"570, 610",Cuddalore | Ariyalur,FULL MATCH
33,252784,Lalpet,Town Panchayat,570,Cuddalore,FULL MATCH
33,252785,Kattumannarkoil,Town Panchayat,570,Cuddalore,FULL MATCH
33,252786,Mangalampet,Town Panchayat,"570, 729",Cuddalore | Kallakurichi,FULL MATCH
33,252787,Virudhachalam,Municipality,570,Cuddalore,FULL MATCH
33,252788,Gangaikondan,Town Panchayat,570,Cuddalore,FULL MATCH
33,252789,Tittakudi,Municipality,570,Cuddalore,FULL MATCH
33,252790,Pennadam,Town Panchayat,570,Cuddalore,FULL MATCH
33,252791,Sirkali,Municipality,735,Mayiladuthurai,FULL MATCH
33,252792,Vaitheeswarankoil,Town Panchayat,735,Mayiladuthurai,FULL MATCH
33,252793,Manalmedu,Town Panchayat,735,Mayiladuthurai,FULL MATCH
33,252794,Mayiladuthurai,Municipality,735,Mayiladuthurai,FULL MATCH
33,252795,Kuthalam,Town Panchayat,"586, 735",Thanjavur | Mayiladuthurai,FULL MATCH
33,252796,Tharangambadi,Town Panchayat,735,Mayiladuthurai,FULL MATCH
33,252797,Thittachery,Town Panchayat,579,Nagapattinam,FULL MATCH
33,252799,Kilvelur,Town Panchayat,579,Nagapattinam,FULL MATCH
33,252800,Velankanni,Town Panchayat,579,Nagapattinam,FULL MATCH
33,252801,Thalainayar,Town Panchayat,579,Nagapattinam,FULL MATCH
33,252802,Vedaranyam,Municipality,579,Nagapattinam,FULL MATCH
33,252803,Valangaiman,Town Panchayat,"586, 590",Thanjavur | Thiruvarur,FULL MATCH
33,252804,Kodavasal,Town Panchayat,590,Thiruvarur,FULL MATCH
33,252805,Koradacheri,Town Panchayat,590,Thiruvarur,FULL MATCH
33,252806,Peralam,Town Panchayat,590,Thiruvarur,FULL MATCH
33,252807,Nannilam,Town Panchayat,590,Thiruvarur,FULL MATCH
33,252808,Tiruvarur,Municipality,590,Thiruvarur,FULL MATCH
33,252809,Needamangalam,Town Panchayat,590,Thiruvarur,FULL MATCH
33,252810,Koothanallur,Municipality,590,Thiruvarur,FULL MATCH
33,252811,Mannargudi,Municipality,590,Thiruvarur,FULL MATCH
33,252812,Thiruthuraipoondi,Municipality,590,Thiruvarur,FULL MATCH
33,252813,Muthupet,Town Panchayat,"586, 590",Thanjavur | Thiruvarur,FULL MATCH
33,252814,Thiruppanandal,Town Panchayat,586,Thanjavur,FULL MATCH
33,252815,Veppathur,Town Panchayat,586,Thanjavur,FULL MATCH
33,252816,Thirupuvanam,Town Panchayat,586,Thanjavur,FULL MATCH
33,252817,Thiruvidaimarudur,Town Panchayat,586,Thanjavur,FULL MATCH
33,252818,Aduthurai,Town Panchayat,586,Thanjavur,FULL MATCH
33,252819,Cholapuram,Town Panchayat,"576, 586",Karur | Thanjavur,AMBIGUOUS MATCH
33,252822,Swamimalai,Town Panchayat,"586, 590",Thanjavur | Thiruvarur,FULL MATCH
33,252823,Kumbakonam,Municipal Corporations,586,Thanjavur,FULL MATCH
33,252824,Thirunageswaram,Town Panchayat,586,Thanjavur,FULL MATCH
33,252826,Papanasam,Town Panchayat,"586, 590",Thanjavur | Thiruvarur,FULL MATCH
33,252828,Melattur,Town Panchayat,"586, 590",Thanjavur | Thiruvarur,FULL MATCH
33,252829,Ammapettai,Town Panchayat,586,Thanjavur,FULL MATCH
33,252830,Thiruvaiyaru,Municipality,586,Thanjavur,FULL MATCH
33,252831,Thirukkattupalli,Town Panchayat,586,Thanjavur,FULL MATCH
33,252832,Melathiruppanthuruthi,Town Panchayat,586,Thanjavur,FULL MATCH
33,252833,Thanjavur,Municipal Corporations,586,Thanjavur,AMBIGUOUS MATCH
33,252836,Vallam,Town Panchayat,586,Thanjavur,FULL MATCH
33,252837,Orathanadu,Town Panchayat,586,Thanjavur,FULL MATCH
33,252838,Madukkur,Town Panchayat,586,Thanjavur,FULL MATCH
33,252839,Pattukkottai,Municipality,586,Thanjavur,FULL MATCH
33,252840,Adiramapattinam,Municipality,586,Thanjavur,FULL MATCH
33,252841,Peravurani,Town Panchayat,586,Thanjavur,FULL MATCH
33,252842,Perumagalur,Town Panchayat,586,Thanjavur,FULL MATCH
33,252843,Iluppur,Town Panchayat,"576, 582",Karur | Pudukkottai,AMBIGUOUS MATCH
33,252844,Annavasal,Town Panchayat,582,Pudukkottai,FULL MATCH
33,252845,Keeranur,Town Panchayat,"576, 582, 634",Karur | Pudukkottai | Tiruppur,AMBIGUOUS MATCH
33,252848,Pudukkottai,Municipality,582,Pudukkottai,AMBIGUOUS MATCH
33,252849,Ponnamaravathi,Town Panchayat,582,Pudukkottai,FULL MATCH
33,252850,Arimalam,Town Panchayat,582,Pudukkottai,FULL MATCH
33,252851,Karambakkudi,Town Panchayat,582,Pudukkottai,FULL MATCH
33,252852,Alangudi,Town Panchayat,"582, 586, 590",Pudukkottai | Thanjavur | Thiruvarur,AMBIGUOUS MATCH
33,252853,Keeramangalam,Town Panchayat,582,Pudukkottai,FULL MATCH
33,252854,Aranthangi,Municipality,"582, 586",Pudukkottai | Thanjavur,FULL MATCH
33,252855,Nerkuppai,Town Panchayat,585,Sivaganga,FULL MATCH
33,252856,Singampuneri,Town Panchayat,585,Sivaganga,FULL MATCH
33,252857,Tirupathur,Town Panchayat,585,Sivaganga,FULL MATCH
33,252858,Kanadukathan,Town Panchayat,585,Sivaganga,FULL MATCH
33,252859,Pallathur,Town Panchayat,585,Sivaganga,FULL MATCH
33,252860,Kottaiyur,Town Panchayat,585,Sivaganga,FULL MATCH
33,252861,Kandanur,Town Panchayat,585,Sivaganga,FULL MATCH
33,252862,Puduvayal,Town Panchayat,585,Sivaganga,FULL MATCH
33,252863,Karaikudi,Municipality,,,NO MATCH
33,252864,Devakottai,Municipality,585,Sivaganga,FULL MATCH
33,252865,Nattarasankottai,Town Panchayat,585,Sivaganga,FULL MATCH
33,252866,Sivagangai,Municipality,585,Sivaganga,FULL MATCH
33,252867,Thirupuvanam,Town Panchayat,585,Sivaganga,FULL MATCH
33,252868,Manamadurai,Municipality,585,Sivaganga,FULL MATCH
33,252869,Ilayangudi,Town Panchayat,585,Sivaganga,FULL MATCH
33,252870,A.Vellalapatti,Town Panchayat,578,Madurai,FULL MATCH
33,252871,Melur,Municipality,578,Madurai,FULL MATCH
33,252872,Paravai,Town Panchayat,578,Madurai,FULL MATCH
33,252880,Palamedu,Town Panchayat,578,Madurai,FULL MATCH
33,252881,Vadipatti,Town Panchayat,578,Madurai,FULL MATCH
33,252882,Sholavandan,Town Panchayat,578,Madurai,FULL MATCH
33,252883,Alanganallur,Town Panchayat,578,Madurai,FULL MATCH
33,252884,Usilampatti,Municipality,"578, 588",Madurai | Theni,FULL MATCH
33,252885,Elumalai,Town Panchayat,578,Madurai,FULL MATCH
33,252886,Peraiyur,Town Panchayat,578,Madurai,FULL MATCH
33,252887,T.Kallupatti,Town Panchayat,"578, 588",Madurai | Theni,AMBIGUOUS MATCH
33,252888,Tirumangalam,Municipality,578,Madurai,FULL MATCH
33,252889,Madurai,Municipal Corporations,578,Madurai,FULL MATCH
33,252895,Boothipuram,Town Panchayat,588,Theni,FULL MATCH
33,252896,B. Meenakshipuram,Town Panchayat,588,Theni,FULL MATCH
33,252897,Bodinayakanur,Municipality,588,Theni,FULL MATCH
33,252898,Melachokkanathapuram,Town Panchayat,588,Theni,FULL MATCH
33,252899,Devadanapatti,Town Panchayat,588,Theni,FULL MATCH
33,252900,Ganguvarpatti,Town Panchayat,588,Theni,FULL MATCH
33,252901,Thamaraikulam,Town Panchayat,588,Theni,FULL MATCH
33,252902,Periyakulam,Municipality,588,Theni,FULL MATCH
33,252903,Thenkarai,Town Panchayat,"569, 588",Coimbatore | Theni,AMBIGUOUS MATCH
33,252904,Vadugapatti,Town Panchayat,,,NO MATCH
33,252905,Theni-Allinagaram,Municipality,588,Theni,FULL MATCH
33,252906,Palani Chettipatti,Town Panchayat,588,Theni,FULL MATCH
33,252908,Thevaram,Town Panchayat,588,Theni,FULL MATCH
33,252909,Kuchanur,Town Panchayat,588,Theni,FULL MATCH
33,252910,Markayankottai,Town Panchayat,588,Theni,FULL MATCH
33,252911,Pannaipuram,Town Panchayat,588,Theni,FULL MATCH
33,252912,Kombai,Town Panchayat,588,Theni,FULL MATCH
33,252913,Chinnamanur,Municipality,588,Theni,FULL MATCH
33,252914,Odaipatti,Town Panchayat,588,Theni,FULL MATCH
33,252915,Uthamapalayam,Town Panchayat,588,Theni,FULL MATCH
33,252916,Hanumanthampatti,Town Panchayat,588,Theni,FULL MATCH
33,252917,Pudupatti,Town Panchayat,588,Theni,FULL MATCH
33,252918,Cumbum,Municipality,588,Theni,FULL MATCH
33,252919,Kamayagoundanpatti,Town Panchayat,588,Theni,FULL MATCH
33,252920,Gudalur-Cbe,Municipality,588,Theni,FULL MATCH
33,252921,Highways,Town Panchayat,588,Theni,FULL MATCH
33,252922,Aundipatti,Town Panchayat,588,Theni,FULL MATCH
33,252923,Rajapalayam,Municipality,597,Virudhunagar,FULL MATCH
33,252924,Seithur,Town Panchayat,597,Virudhunagar,FULL MATCH
33,252926,Chettiarpatti,Town Panchayat,"597, 733",Virudhunagar | Tenkasi,FULL MATCH
33,252928,S.Kodikulam,Town Panchayat,597,Virudhunagar,FULL MATCH
33,252930,Sundarapandiam,Town Panchayat,597,Virudhunagar,FULL MATCH
33,252931,Mamsapuram,Town Panchayat,597,Virudhunagar,FULL MATCH
33,252932,Srivilliputhur,Municipality,597,Virudhunagar,FULL MATCH
33,252938,Sivakasi,Municipal Corporations,597,Virudhunagar,FULL MATCH
33,252943,Virudhunagar,Municipality,597,Virudhunagar,FULL MATCH
33,252945,Kariapatti,Town Panchayat,597,Virudhunagar,FULL MATCH
33,252946,Mallankinaru,Town Panchayat,597,Virudhunagar,FULL MATCH
33,252947,Aruppukkottai,Municipality,597,Virudhunagar,FULL MATCH
33,252948,Sattur,Municipality,597,Virudhunagar,FULL MATCH
33,252950,Thondi,Town Panchayat,583,Ramanathapuram,FULL MATCH
33,252951,R.S.Mangalam,Town Panchayat,583,Ramanathapuram,FULL MATCH
33,252952,Paramakudi,Municipality,,,NO MATCH
33,252953,Mudukulathur,Town Panchayat,583,Ramanathapuram,FULL MATCH
33,252954,Abiramam,Town Panchayat,583,Ramanathapuram,FULL MATCH
33,252955,Kamuthi,Town Panchayat,583,Ramanathapuram,FULL MATCH
33,252956,Sayalgudi,Town Panchayat,583,Ramanathapuram,FULL MATCH
33,252957,Ramanathapuram,Municipality,,,NO MATCH
33,252958,Keelakarai,Municipality,583,Ramanathapuram,FULL MATCH
33,252959,Mandapam,Town Panchayat,583,Ramanathapuram,FULL MATCH
33,252961,Kalugumalai,Town Panchayat,"592, 594, 733",Tirunelveli | Thoothukkudi | Tenkasi,FULL MATCH
33,252962,Kovilpatti,Municipality,"582, 591",Pudukkottai | Tiruchirappalli,AMBIGUOUS MATCH
33,252964,Kadambur,Town Panchayat,594,Thoothukkudi,FULL MATCH
33,252965,Kayatharu,Town Panchayat,594,Thoothukkudi,FULL MATCH
33,252966,Ettayapuram,Town Panchayat,594,Thoothukkudi,FULL MATCH
33,252967,V. Pudur,Town Panchayat,594,Thoothukkudi,FULL MATCH
33,252968,Vilathikulam,Town Panchayat,594,Thoothukkudi,FULL MATCH
33,252970,Thoothukudi,Municipal Corporations,594,Thoothukkudi,FULL MATCH
33,252973,Sayapuram,Town Panchayat,594,Thoothukkudi,FULL MATCH
33,252974,Perungulam,Town Panchayat,"583, 594",Ramanathapuram | Thoothukkudi,AMBIGUOUS MATCH
33,252975,Eral,Town Panchayat,594,Thoothukkudi,FULL MATCH
33,252976,Srivaikuntam,Town Panchayat,594,Thoothukkudi,FULL MATCH
33,252977,Alwarthirunagiri,Town Panchayat,594,Thoothukkudi,FULL MATCH
33,252978,Thenthiruperai,Town Panchayat,594,Thoothukkudi,FULL MATCH
33,252979,Athur,Town Panchayat,576,Karur,FULL MATCH
33,252980,Kayalpattinam,Municipality,594,Thoothukkudi,FULL MATCH
33,252981,Arumuganeri,Town Panchayat,594,Thoothukkudi,FULL MATCH
33,252982,Kanam,Town Panchayat,594,Thoothukkudi,FULL MATCH
33,252983,Nazerath,Town Panchayat,594,Thoothukkudi,FULL MATCH
33,252984,Tiruchendur,Municipality,594,Thoothukkudi,FULL MATCH
33,252985,Udangudi,Town Panchayat,594,Thoothukkudi,FULL MATCH
33,252986,Sathankulam,Town Panchayat,594,Thoothukkudi,FULL MATCH
33,252987,Sivagiri,Town Panchayat,"573, 733",Erode | Tenkasi,AMBIGUOUS MATCH
33,252988,Rayagiri,Town Panchayat,733,Tenkasi,FULL MATCH
33,252989,Vasudevanallur,Town Panchayat,733,Tenkasi,FULL MATCH
33,252990,Puliangudi,Municipality,733,Tenkasi,FULL MATCH
33,252991,Thiruvengadam,Town Panchayat,733,Tenkasi,FULL MATCH
33,252992,Sankarankovil,Municipality,733,Tenkasi,FULL MATCH
33,252993,Surandai,Municipality,733,Tenkasi,FULL MATCH
33,252994,Kadayanallur,Municipality,733,Tenkasi,FULL MATCH
33,252995,Sambavar Vadagarai,Town Panchayat,733,Tenkasi,FULL MATCH
33,252996,Aygudi,Town Panchayat,733,Tenkasi,FULL MATCH
33,252997,Tenkasi,Municipality,733,Tenkasi,FULL MATCH
33,252998,Sundarapandiapuram,Town Panchayat,733,Tenkasi,FULL MATCH
33,252999,Ilanji,Town Panchayat,733,Tenkasi,FULL MATCH
33,253000,Melagaram,Town Panchayat,733,Tenkasi,FULL MATCH
33,253001,Courtalam,Town Panchayat,733,Tenkasi,FULL MATCH
33,253002,Achampudur,Town Panchayat,733,Tenkasi,FULL MATCH
33,253003,Vadakarai Keezhpadugai,Town Panchayat,733,Tenkasi,FULL MATCH
33,253004,Panpoli,Town Panchayat,733,Tenkasi,FULL MATCH
33,253005,Pudur (S),Town Panchayat,733,Tenkasi,FULL MATCH
33,253006,Sengottai,Municipality,733,Tenkasi,FULL MATCH
33,253007,Kilapavoor,Town Panchayat,733,Tenkasi,FULL MATCH
33,253008,Alangulam,Town Panchayat,733,Tenkasi,FULL MATCH
33,253009,Sankarnagar,Town Panchayat,592,Tirunelveli,FULL MATCH
33,253010,Naranammalpuram,Town Panchayat,592,Tirunelveli,FULL MATCH
33,253011,Tirunelveli,Municipal Corporations,592,Tirunelveli,FULL MATCH
33,253012,Alwarkurichi,Town Panchayat,733,Tenkasi,FULL MATCH
33,253013,Mukkudal,Town Panchayat,592,Tirunelveli,FULL MATCH
33,253014,Ambasamudram,Municipality,592,Tirunelveli,FULL MATCH
33,253015,Vikramasingapuram,Municipality,592,Tirunelveli,FULL MATCH
33,253017,Kallidaikurichi,Town Panchayat,592,Tirunelveli,FULL MATCH
33,253018,Veeravanallur,Town Panchayat,592,Tirunelveli,FULL MATCH
33,253019,Cheranmahadevi,Town Panchayat,592,Tirunelveli,FULL MATCH
33,253020,Pathamadai,Town Panchayat,,,NO MATCH
33,253021,Melaseval,Town Panchayat,592,Tirunelveli,FULL MATCH
33,253022,Gopalasamudram,Town Panchayat,592,Tirunelveli,FULL MATCH
33,253023,Manimutharu,Town Panchayat,592,Tirunelveli,FULL MATCH
33,253024,Moolaikaraipatti,Town Panchayat,592,Tirunelveli,FULL MATCH
33,253026,Nanguneri,Town Panchayat,592,Tirunelveli,FULL MATCH
33,253027,Thirukarungudi,Town Panchayat,592,Tirunelveli,FULL MATCH
33,253028,Eruvadi,Town Panchayat,583,Ramanathapuram,FULL MATCH
33,253029,Vadakkuvalliyur,Town Panchayat,592,Tirunelveli,FULL MATCH
33,253030,Thisayanvilai,Town Panchayat,592,Tirunelveli,FULL MATCH
33,253031,Panagudi,Town Panchayat,592,Tirunelveli,FULL MATCH
33,253032,Kadayal,Town Panchayat,575,Kanniyakumari,FULL MATCH
33,253033,Arumanai,Town Panchayat,575,Kanniyakumari,FULL MATCH
33,253034,Edaicode,Town Panchayat,575,Kanniyakumari,FULL MATCH
33,253035,Palugal,Town Panchayat,575,Kanniyakumari,FULL MATCH
33,253036,Kaliyakkavilai,Town Panchayat,575,Kanniyakumari,FULL MATCH
33,253037,Pacode,Town Panchayat,575,Kanniyakumari,FULL MATCH
33,253038,Kuzhithurai,Municipality,575,Kanniyakumari,FULL MATCH
33,253039,Unnamalaikadai,Town Panchayat,575,Kanniyakumari,FULL MATCH
33,253041,Puthukkadai,Town Panchayat,575,Kanniyakumari,FULL MATCH
33,253042,Kollancode,Municipality,575,Kanniyakumari,FULL MATCH
33,253044,Keezhkulam,Town Panchayat,575,Kanniyakumari,FULL MATCH
33,253045,Killiyoor,Town Panchayat,575,Kanniyakumari,FULL MATCH
33,253046,Karungal,Town Panchayat,575,Kanniyakumari,FULL MATCH
33,253048,Thirparappu,Town Panchayat,575,Kanniyakumari,FULL MATCH
33,253049,Thiruvattar,Town Panchayat,575,Kanniyakumari,FULL MATCH
33,253050,Kulasekaram,Town Panchayat,575,Kanniyakumari,FULL MATCH
33,253051,Ponmanai,Town Panchayat,575,Kanniyakumari,FULL MATCH
33,253052,Kumarapuram,Town Panchayat,592,Tirunelveli,FULL MATCH
33,253053,Kothanallur,Town Panchayat,,,NO MATCH
33,253054,Verkilambi,Town Panchayat,,,NO MATCH
33,253055,Athur,Town Panchayat,594,Thoothukkudi,FULL MATCH
33,253056,Valvaithankoshtam,Town Panchayat,575,Kanniyakumari,FULL MATCH
33,253057,Mulagumudu,Town Panchayat,575,Kanniyakumari,FULL MATCH
33,253058,Kappiyarai,Town Panchayat,575,Kanniyakumari,FULL MATCH
33,253059,Thiruvithancode,Town Panchayat,575,Kanniyakumari,FULL MATCH
33,253060,Vilavur,Town Panchayat,,,NO MATCH
33,253061,Padmanabhapuram,Municipality,575,Kanniyakumari,FULL MATCH
33,253062,Villukuri,Town Panchayat,575,Kanniyakumari,FULL MATCH
33,253064,Eraniel,Town Panchayat,575,Kanniyakumari,FULL MATCH
33,253065,Kallukuttam,Town Panchayat,575,Kanniyakumari,FULL MATCH
33,253066,Neyyoor,Town Panchayat,575,Kanniyakumari,FULL MATCH
33,253067,Reethapuram,Town Panchayat,575,Kanniyakumari,FULL MATCH
33,253068,Colachel,Municipality,575,Kanniyakumari,FULL MATCH
33,253069,Manavalakurichi,Town Panchayat,575,Kanniyakumari,FULL MATCH
33,253070,Mandaikadu,Town Panchayat,575,Kanniyakumari,FULL MATCH
33,253071,Thingalnagar,Town Panchayat,575,Kanniyakumari,FULL MATCH
33,253072,Vellimalai,Town Panchayat,575,Kanniyakumari,FULL MATCH
33,253073,Azhagiapandipuram,Town Panchayat,"575, 592",Kanniyakumari | Tirunelveli,AMBIGUOUS MATCH
33,253074,Boothapandi,Town Panchayat,575,Kanniyakumari,FULL MATCH
33,253075,Thazhakudy,Town Panchayat,575,Kanniyakumari,FULL MATCH
33,253076,Aralvaimozhi,Town Panchayat,575,Kanniyakumari,FULL MATCH
33,253077,Therur,Town Panchayat,575,Kanniyakumari,FULL MATCH
33,253078,Marungur,Town Panchayat,575,Kanniyakumari,FULL MATCH
33,253079,Nagercoil,Municipal Corporations,575,Kanniyakumari,FULL MATCH
33,253081,Ganapathipuram,Town Panchayat,575,Kanniyakumari,FULL MATCH
33,253082,Suchindrum,Town Panchayat,575,Kanniyakumari,FULL MATCH
33,253083,Mylaudy,Town Panchayat,575,Kanniyakumari,FULL MATCH
33,253085,Puthalam,Town Panchayat,575,Kanniyakumari,FULL MATCH
33,253087,Thenthamaraikulam,Town Panchayat,575,Kanniyakumari,FULL MATCH
33,253088,Kottaram,Town Panchayat,575,Kanniyakumari,FULL MATCH
33,253089,Anjugrammam,Town Panchayat,575,Kanniyakumari,FULL MATCH
33,253090,Agastheeswaram,Town Panchayat,575,Kanniyakumari,FULL MATCH
33,253091,Kanniyakumari,Municipality,575,Kanniyakumari,FULL MATCH
34,253092,Yanam,Municipality,"746, 747",Kakinada | Dr. B.R. Ambedkar Konaseema,FULL MATCH
34,253093,Ozhukarai,Municipality,,,NO MATCH
34,253094,Pondicherry,Municipality,"570, 596, 600",Cuddalore | Viluppuram | Pondicherry,AMBIGUOUS MATCH
34,253095,Mahe,Municipality,600,Pondicherry,FULL MATCH
34,253096,Karaikal,Municipality,598,Karaikal,FULL MATCH
35,253098,Port Blair,Municipality,602,South Andamans,AMBIGUOUS MATCH
21,253100,Sambalpur,Municipal Corporations,371,Sambalpur,AMBIGUOUS MATCH
28,253101,Pulivendula,Municipality,504,Y.S.R. Kadapa,FULL MATCH
28,253102,Rajampet,Municipality,504,Y.S.R. Kadapa,FULL MATCH
24,253103,Bhabhar,Municipality,"441, 789",Banas Kantha | Vav-Tharad,FULL MATCH
36,253104,Metpalli,Municipality,681,Jagitial,FULL MATCH
22,253105,Tumgaon,Town Panchayat,385,Mahasamund,FULL MATCH
22,253106,Aamdi,Town Panchayat,377,Dhamtari,FULL MATCH
22,253107,Bhakhara,Town Panchayat,377,Dhamtari,FULL MATCH
22,253108,Magarlod,Town Panchayat,377,Dhamtari,FULL MATCH
22,253109,Nagri,Town Panchayat,377,Dhamtari,FULL MATCH
22,253110,Pali,Town Panchayat,"375, 383",Bilaspur | Korba,FULL MATCH
22,253111,Churikala,Town Panchayat,383,Korba,FULL MATCH
22,253112,Chhuriya,Town Panchayat,388,Rajnandgaon,FULL MATCH
9,253113,Hathgam,Town Panchayat,142,Fatehpur,FULL MATCH
22,253114,Bhatgaon,Town Panchayat,"378, 388, 648",Durg | Rajnandgaon | Surajpur,AMBIGUOUS MATCH
22,253115,Jarhi,Town Panchayat,648,Surajpur,FULL MATCH
22,253116,Wadrafnagar,Town Panchayat,649,Balrampur-Ramanujganj,FULL MATCH
22,253117,Rajpur,Town Panchayat,649,Balrampur-Ramanujganj,FULL MATCH
22,253118,Kusmi,Town Panchayat,"649, 650",Balrampur-Ramanujganj | Bemetara,AMBIGUOUS MATCH
22,253119,Balrampur,Municipality,649,Balrampur-Ramanujganj,FULL MATCH
22,253120,Sitapur,Town Panchayat,389,Surguja,FULL MATCH
22,253121,Lakhanpur,Town Panchayat,389,Surguja,FULL MATCH
3,253122,Mudki,Town Panchayat,31,Ferozepur,FULL MATCH
22,253123,Pratappur,Town Panchayat,648,Surajpur,FULL MATCH
3,253124,Talwandi Sabo,Town Panchayat,"28, 37",Bathinda | Mansa,FULL MATCH
23,253125,Silwani,Town Panchayat,"409, 421",Narmadapuram | Raisen,AMBIGUOUS MATCH
24,253126,Vallabhipur,Municipality,"443, 676",Bhavnagar | Botad,FULL MATCH
24,253127,Bayad,Municipality,672,Arvalli,FULL MATCH
24,253128,Vadali,Municipality,458,Sabar Kantha,FULL MATCH
29,253130,Hanur,Town Panchayat,531,Chamarajanagar,FULL MATCH
9,253131,Subeha,Town Panchayat,129,Bara Banki,FULL MATCH
29,253132,Saragur,Town Panchayat,545,Mysuru,FULL MATCH
23,253134,Kukdeshwar,Town Panchayat,419,Neemuch,FULL MATCH
24,253135,Maliya Miyana,Municipality,673,Morbi,FULL MATCH
1,253136,Municipal Committee Chadoora,Municipality,2,Budgam,FULL MATCH
24,253137,Chotila,Municipality,"457, 460",Rajkot | Surendranagar,FULL MATCH
24,253138,Patdi,Municipality,460,Surendranagar,FULL MATCH
27,253139,Jamner,Municipality,478,Jalgaon,FULL MATCH
27,253140,Bhadgaon,Municipality,478,Jalgaon,FULL MATCH
1,253142,Municipal Committee Surankote,Municipality,10,Poonch,FULL MATCH
24,253143,Raval,Municipality,674,Devbhumi Dwarka,FULL MATCH
22,253144,Charama,Town Panchayat,"377, 381",Dhamtari | Uttar Bastar Kanker,FULL MATCH
22,253145,Bhanupratappur,Town Panchayat,"381, 637",Uttar Bastar Kanker | Narayanpur,FULL MATCH
22,253146,Pakhajur,Town Panchayat,381,Uttar Bastar Kanker,FULL MATCH
24,253147,Babra,Municipality,"439, 450",Amreli | Kheda,AMBIGUOUS MATCH
22,253148,Nawagarh,Town Panchayat,"375, 379",Bilaspur | Janjgir-Champa,FULL MATCH
22,253149,Saja,Town Panchayat,650,Bemetara,FULL MATCH
22,253150,Parpodi,Town Panchayat,"378, 650",Durg | Bemetara,FULL MATCH
22,253151,Devkar,Town Panchayat,650,Bemetara,FULL MATCH
22,253152,Berla,Town Panchayat,"378, 650",Durg | Bemetara,FULL MATCH
22,253153,Utai,Town Panchayat,378,Durg,FULL MATCH
22,253154,Gunderdehi,Town Panchayat,"378, 646",Durg | Balod,FULL MATCH
22,253155,Arjunda,Town Panchayat,"378, 646",Durg | Balod,FULL MATCH
22,253156,Dondi,Town Panchayat,646,Balod,FULL MATCH
22,253157,Chikhlakasa,Town Panchayat,646,Balod,FULL MATCH
22,253158,Gurur,Town Panchayat,646,Balod,FULL MATCH
22,253159,Dondilohara,Town Panchayat,646,Balod,FULL MATCH
22,253160,Maro,Town Panchayat,650,Bemetara,FULL MATCH
23,253162,Lanji,Town Panchayat,392,Balaghat,FULL MATCH
24,253164,Thara,Municipality,441,Banas Kantha,FULL MATCH
20,253166,Adityapur,Municipal Corporations,341,Saraikela Kharsawan,FULL MATCH
28,253167,Piduguralla,Municipality,751,Palnadu,FULL MATCH
28,253169,Dhone(M),Municipality,"511, 755",Kurnool | Nandyal,FULL MATCH
23,253170,Niwas,Town Panchayat,415,Mandla,FULL MATCH
23,253171,Bhuwa Bichhia,Town Panchayat,415,Mandla,FULL MATCH
22,253172,Pathariya,Town Panchayat,647,Mungeli,FULL MATCH
22,253174,Malhar,Town Panchayat,"375, 379",Bilaspur | Janjgir-Champa,FULL MATCH
22,253176,Sargaon,Town Panchayat,"375, 647",Bilaspur | Mungeli,FULL MATCH
22,253177,Abhanpur,Municipality,"377, 387, 645",Dhamtari | Raipur | Gariyaband,FULL MATCH
22,253178,Rajim,Town Panchayat,"377, 387, 645",Dhamtari | Raipur | Gariyaband,FULL MATCH
22,253179,Birgaon,Municipal Corporations,387,Raipur,FULL MATCH
22,253180,Fingeswar,Town Panchayat,645,Gariyaband,FULL MATCH
22,253181,Churra,Town Panchayat,645,Gariyaband,FULL MATCH
22,253182,Gariabandh,Municipality,"377, 645",Dhamtari | Gariyaband,FULL MATCH
22,253183,Bhatgaon,Town Panchayat,763,Sarangarh-Bilaigarh,FULL MATCH
22,253184,Lavan,Town Panchayat,644,Balodabazar-Bhatapara,FULL MATCH
29,253185,Channapatna,City Municipal Council,631,Bengaluru South,FULL MATCH
29,253186,Ramanagara,City Municipal Council,631,Bengaluru South,FULL MATCH
29,253188,Kanakpura,City Municipal Council,631,Bengaluru South,FULL MATCH
29,253189,Anekal,Town Municipal Council,525,Bengaluru Urban,FULL MATCH
22,253191,Premnagar,Town Panchayat,648,Surajpur,FULL MATCH
23,253193,Kotma,Municipality,"390, 429",Anuppur | Shahdol,FULL MATCH
23,253194,Bijuri,Municipality,390,Anuppur,FULL MATCH
23,253195,Amarkantak,Town Panchayat,390,Anuppur,FULL MATCH
23,253196,Jaithari,Town Panchayat,390,Anuppur,FULL MATCH
23,253197,Pasan,Municipality,390,Anuppur,FULL MATCH
22,253198,Kunkuri,Town Panchayat,380,Jashpur,FULL MATCH
22,253199,Kotba,Town Panchayat,"380, 386",Jashpur | Raigarh,FULL MATCH
22,253200,Bagicha,Town Panchayat,380,Jashpur,FULL MATCH
13,253201,Longleng Town Council,Town Panchayat,615,Longleng,FULL MATCH
13,253202,Kiphire Town Council,Town Panchayat,"614, 765",Kiphire | Shamator,FULL MATCH
13,253203,Naginimora Town Council,Town Panchayat,"247, 615",Mon | Longleng,FULL MATCH
13,253204,Peren Town Council,Town Panchayat,613,Peren,FULL MATCH
13,253205,Jalukie Town Council,Town Panchayat,613,Peren,FULL MATCH
13,253206,Tuli Town Council,Town Panchayat,"246, 615",Mokokchung | Longleng,FULL MATCH
13,253207,Changtongya Town Council,Town Panchayat,246,Mokokchung,FULL MATCH
13,253209,Tseminyu Town Council,Town Panchayat,"251, 757",Zunheboto | Tseminyu,FULL MATCH
13,253210,Pfutsero Town Council,Town Panchayat,248,Phek,FULL MATCH
18,253211,Dhakuakhana,Town Panchayat,295,Lakhimpur,FULL MATCH
18,253212,Narayanpur,Town Panchayat,295,Lakhimpur,FULL MATCH
13,253213,Medziphema Town Council,Town Panchayat,"613, 758",Peren | Chumoukedima,FULL MATCH
18,253214,Simaluguri,Town Panchayat,"300, 708",Sivasagar | Charaideo,FULL MATCH
22,253215,Barsoor,Town Panchayat,"374, 376",Bastar | Dakshin Bastar Dantewada,FULL MATCH
22,253216,Sukma,Municipality,642,Sukma,FULL MATCH
22,253217,Konta,Town Panchayat,642,Sukma,FULL MATCH
22,253218,Dornapal,Town Panchayat,642,Sukma,FULL MATCH
10,253219,Sahebganj,Municipality,"208, 218",Muzaffarpur | Saran,AMBIGUOUS MATCH
22,253220,Nai Ladri,Town Panchayat,760,Manendragarh-Chirmiri-Bharatpur(M C B),FULL MATCH
3,253222,Mallanwala,Town Panchayat,31,Ferozepur,FULL MATCH
24,253223,Amod,Municipality,"442, 461",Bharuch | Vadodara,FULL MATCH
24,253224,Thasra,Municipality,450,Kheda,FULL MATCH
24,253225,Kathlal,Municipality,450,Kheda,FULL MATCH
24,253226,Kanajari,Municipality,450,Kheda,FULL MATCH
28,253227,Sullurupeta,Municipality,752,Tirupati,FULL MATCH
20,253228,Manjhiaon,Town Panchayat,328,Garhwa,FULL MATCH
19,253229,Panskura,Municipality,"317, 318",Purba Medinipur | Paschim Medinipur,FULL MATCH
24,253230,Sojitra,Municipality,"440, 450",Anand | Kheda,FULL MATCH
20,253231,Bishrampur,Municipality,"326, 338",Dumka | Palamu,AMBIGUOUS MATCH
24,253241,Barwala,Municipality,676,Botad,FULL MATCH
22,253244,Bijapur,Municipality,"376, 636",Dakshin Bastar Dantewada | Bijapur,FULL MATCH
22,253245,Bhairamgarh,Town Panchayat,636,Bijapur,FULL MATCH
22,253246,Bhopalpatnam,Town Panchayat,636,Bijapur,FULL MATCH
24,253247,Savli,Municipality,461,Vadodara,FULL MATCH
22,253248,Antagarh,Town Panchayat,381,Uttar Bastar Kanker,FULL MATCH
22,253249,Narharpur,Town Panchayat,"377, 381",Dhamtari | Uttar Bastar Kanker,FULL MATCH
19,253250,Nalhati,Municipality,307,Birbhum,FULL MATCH
23,253251,Palsud,Town Panchayat,"393, 414",Barwani | Khargone (West Nimar),FULL MATCH
28,253252,Pamidi,Town Panchayat,"502, 517, 790",Ananthapuramu | Prakasam | Markapuram,AMBIGUOUS MATCH
28,253253,Madakasira,Town Panchayat,"517, 754, 790",Prakasam | Sri Sathya Sai | Markapuram,AMBIGUOUS MATCH
28,253254,Puttaparthi,Municipality,"517, 754, 790",Prakasam | Sri Sathya Sai | Markapuram,AMBIGUOUS MATCH
36,253255,Kodad,Municipality,696,Suryapet,FULL MATCH
36,253257,Huzurnagar,Municipality,696,Suryapet,FULL MATCH
18,253264,Bakalia,Town Panchayat,292,Karbi Anglong,FULL MATCH
36,253265,Huzurabad,Municipality,508,Karimnagar,FULL MATCH
36,253266,Jammikunta,Municipality,"508, 686",Karimnagar | Hanumakonda,FULL MATCH
36,253267,Husnabad,Municipality,"508, 692",Karimnagar | Siddipet,FULL MATCH
36,253268,Peddapalli,Municipality,682,Peddapalli,FULL MATCH
36,253269,Vemulawada,Municipality,683,Rajanna Sircilla,FULL MATCH
28,253270,Atmakur (Kurnool),Municipality,755,Nandyal,FULL MATCH
28,253272,Allagadda,Municipality,"517, 755, 790",Prakasam | Nandyal | Markapuram,AMBIGUOUS MATCH
28,253273,Nandikotkur,Municipality,"517, 755, 790",Prakasam | Nandyal | Markapuram,AMBIGUOUS MATCH
28,253274,Chimakurthy,Municipality,"517, 790",Prakasam | Markapuram,AMBIGUOUS MATCH
36,253275,Narsampet,Municipality,"522, 688",Warangal | Mahabubabad,FULL MATCH
22,253276,Baramkela,Town Panchayat,763,Sarangarh-Bilaigarh,FULL MATCH
22,253277,Saria,Town Panchayat,763,Sarangarh-Bilaigarh,FULL MATCH
22,253278,Pussore,Town Panchayat,386,Raigarh,FULL MATCH
22,253279,Lailunga,Town Panchayat,"380, 386",Jashpur | Raigarh,FULL MATCH
22,253280,Kirodimal Nagar,Town Panchayat,386,Raigarh,FULL MATCH
10,253281,Arwal,Municipality,"189, 611",Aurangabad | Arwal,FULL MATCH
22,253283,Nawagarh,Town Panchayat,650,Bemetara,FULL MATCH
22,253284,Jaijaipur,Town Panchayat,762,Sakti,FULL MATCH
22,253285,Chandrapur,Town Panchayat,762,Sakti,FULL MATCH
22,253286,Dhabhara,Town Panchayat,762,Sakti,FULL MATCH
22,253287,Saragaon,Town Panchayat,379,Janjgir-Champa,FULL MATCH
22,253288,Rahoud,Town Panchayat,379,Janjgir-Champa,FULL MATCH
22,253289,Adbhar,Town Panchayat,762,Sakti,FULL MATCH
36,253291,Bhupalpalle,Municipality,"687, 720",Jayashankar Bhupalapally | Mulugu,FULL MATCH
28,253295,Kanigiri,Municipality,790,Markapuram,FULL MATCH
6,253296,Nissing,Municipality,67,Karnal,FULL MATCH
28,253297,Mydukur,Municipality,504,Y.S.R. Kadapa,FULL MATCH
6,253298,Sampla,Municipality,73,Rohtak,FULL MATCH
28,254922,Nandigama,Municipality,"517, 749, 790",Prakasam | Ntr | Markapuram,AMBIGUOUS MATCH
28,254923,Vuyyuru,Town Panchayat,"510, 517, 790",Krishna | Prakasam | Markapuram,AMBIGUOUS MATCH
28,254924,Tiruvuru,Town Panchayat,"517, 749, 790",Prakasam | Ntr | Markapuram,AMBIGUOUS MATCH
36,254925,Shadnagar,Municipality,518,Ranga Reddy,FULL MATCH
1,254926,Municipal Committee Thathri,Municipality,"4, 620",Doda | Kishtwar,FULL MATCH
36,254930,Gajwel,Municipality,692,Siddipet,FULL MATCH
9,257826,Uska Bazar,Town Panchayat,182,Siddharthnagar,FULL MATCH
28,257831,Naidupeta,Municipality,"515, 752",Sri Potti Sriramulu Nellore | Tirupati,FULL MATCH
36,257864,Pedda Amberpet,Municipality,518,Ranga Reddy,FULL MATCH
36,257865,Badangpet,Municipal Corporations,518,Ranga Reddy,FULL MATCH
28,257868,Addanki,Municipality,"517, 790",Prakasam | Markapuram,AMBIGUOUS MATCH
28,257869,Giddalur,Town Panchayat,790,Markapuram,FULL MATCH
36,257876,Madhira,Municipality,509,Khammam,FULL MATCH
28,257906,Jangareddygudem,Municipality,748,Eluru,FULL MATCH
28,257967,Palakonda,Town Panchayat,790,Markapuram,FULL MATCH
36,257970,Parkal,Municipality,686,Hanumakonda,FULL MATCH
36,257971,Mahabubabad,Municipality,688,Mahabubabad,FULL MATCH
36,257989,Kollapur,Municipality,694,Nagarkurnool,FULL MATCH
36,257993,Ieeja,Municipality,695,Jogulamba Gadwal,FULL MATCH
27,258020,Ardhapur,Town Panchayat,485,Nanded,FULL MATCH
27,258024,Mahur,Town Panchayat,485,Nanded,FULL MATCH
36,258029,Kalwakurthy,Municipality,694,Nagarkurnool,FULL MATCH
28,258033,Atmakur,Municipality,"515, 755",Sri Potti Sriramulu Nellore | Nandyal,AMBIGUOUS MATCH
36,258044,Ibrahimpatnam,Municipality,518,Ranga Reddy,FULL MATCH
28,258054,Yelamanchili,Municipality,744,Anakapalli,FULL MATCH
21,259201,Nuapada,Notified Area Council,368,Nuapada,FULL MATCH
27,259672,Mouda,Town Panchayat,484,Nagpur,FULL MATCH
21,259680,Hindol,Notified Area Council,"344, 352",Angul | Dhenkanal,FULL MATCH
27,259684,Devrukh,Town Panchayat,492,Ratnagiri,FULL MATCH
22,259685,Shivpur Charcha,Municipality,"384, 760",Korea | Manendragarh-Chirmiri-Bharatpur(M C B),FULL MATCH
6,259688,Nangal Chaudhary,Municipality,69,Mahendragarh,FULL MATCH
27,259696,Kaij,Town Panchayat,470,Beed,FULL MATCH
27,259697,Bhokar,Municipality,466,Ahilyanagar,FULL MATCH
27,259699,Jath,Municipality,493,Sangli,FULL MATCH
27,259701,Sindhakeda,Town Panchayat,474,Dhule,FULL MATCH
27,259703,Arni,Municipality,500,Yavatmal,FULL MATCH
27,259704,Ner Nababpur,Municipality,500,Yavatmal,FULL MATCH
21,259705,Attabira,Notified Area Council,347,Bargarh,FULL MATCH
32,259707,Karunagappally,Municipality,"555, 559",Ernakulam | Kollam,AMBIGUOUS MATCH
32,259708,Thrikkakara,Municipality,555,Ernakulam,AMBIGUOUS MATCH
32,259709,Kottakkal,Municipality,555,Ernakulam,AMBIGUOUS MATCH
32,259710,Nilambur,Municipality,"555, 562",Ernakulam | Malappuram,AMBIGUOUS MATCH
32,259711,Nileshwar,Municipality,"555, 558",Ernakulam | Kasaragod,AMBIGUOUS MATCH
5,259820,Pokhari,Town Panchayat,47,Chamoli,FULL MATCH
5,259826,Berinag,Municipality,53,Pithoragarh,FULL MATCH
18,259861,Chapakhowa,Town Panchayat,302,Tinsukia,FULL MATCH
5,259921,Kapkot,Town Panchayat,46,Bageshwar,FULL MATCH
5,260112,Gairsain,Town Panchayat,47,Chamoli,FULL MATCH
33,260288,Azhagappapuram,Town Panchayat,575,Kanniyakumari,FULL MATCH
33,260289,Elampillai,Town Panchayat,584,Salem,FULL MATCH
33,260290,Narasimhanaickenpalayam,Town Panchayat,569,Coimbatore,FULL MATCH
33,260291,No. 4 Veerapandi,Town Panchayat,588,Theni,FULL MATCH
33,260292,Palappallam,Town Panchayat,575,Kanniyakumari,FULL MATCH
33,260293,Poovalur,Town Panchayat,591,Tiruchirappalli,FULL MATCH
10,260469,Bisahi,Municipality,221,Sitamarhi,FULL MATCH
36,260558,Andole Jogipet,Municipality,"513, 691",Medak | Sangareddy,FULL MATCH
33,260663,Nalloor,Town Panchayat,733,Tenkasi,FULL MATCH
33,260677,Watrap,Town Panchayat,597,Virudhunagar,FULL MATCH
33,260678,W.Pudhupatti,Town Panchayat,597,Virudhunagar,FULL MATCH
36,260709,Dubbak,Municipality,692,Siddipet,FULL MATCH
3,260770,Bhai Rupa,Town Panchayat,28,Bathinda,FULL MATCH
3,260771,Mehraj,Town Panchayat,28,Bathinda,FULL MATCH
3,260778,Lehra Mohabat,Town Panchayat,28,Bathinda,FULL MATCH
3,260779,Nathana,Town Panchayat,28,Bathinda,FULL MATCH
3,260780,Kotha Guru,Town Panchayat,28,Bathinda,FULL MATCH
3,260781,Maluka,Town Panchayat,28,Bathinda,FULL MATCH
3,260782,Kot Shamir,Town Panchayat,28,Bathinda,FULL MATCH
3,261446,Kiratpur Sahib,Town Panchayat,42,Rupnagar,FULL MATCH
3,261450,Chamkaur Sahib,Town Panchayat,42,Rupnagar,FULL MATCH
16,261687,Jirania Nagar Panchayat,Town Panchayat,272,West Tripura,FULL MATCH
16,261688,Panisagar Nagar Panchayat,Town Panchayat,270,North Tripura,FULL MATCH
16,261689,Santirbazar Municipal Council,Municipality,271,South Tripura,FULL MATCH
16,261690,Bishalgarh Municipal Council,Municipality,653,Sepahijala,FULL MATCH
16,261691,Melaghar Municipal Council,Municipality,653,Sepahijala,FULL MATCH
16,261692,Mohanpur Municipal Council,Municipality,272,West Tripura,FULL MATCH
3,261762,Bhadson,Town Panchayat,"30, 41",Fatehgarh Sahib | Patiala,FULL MATCH
22,262094,Khairagarh Municipality,Municipality,759,Khairagarh-Chhuikhadan-Gandai,FULL MATCH
6,262119,Rajound,Municipality,66,Kaithal,FULL MATCH
6,262120,Bhuna,Municipality,61,Fatehabad,FULL MATCH
5,262832,Ghansali,Town Panchayat,55,Tehri Garhwal,FULL MATCH
5,262841,Purola,Municipality,57,Uttarkashi,FULL MATCH
5,262842,Chiniyalisaur,Municipality,"55, 57",Tehri Garhwal | Uttarkashi,FULL MATCH
5,262843,Swargashram Jonk,Town Panchayat,52,Pauri Garhwal,FULL MATCH
5,262847,Bhagwanpur,Town Panchayat,50,Haridwar,FULL MATCH
5,262858,Shivalik Nagar,Municipality,50,Haridwar,AMBIGUOUS MATCH
5,262882,Satpuli,Town Panchayat,52,Pauri Garhwal,FULL MATCH
5,262883,Gangolihat,Municipality,53,Pithoragarh,FULL MATCH
18,262892,Patacharkuchi,Town Panchayat,"280, 739",Barpeta | Bajali,FULL MATCH
5,262901,Ukhimath,Town Panchayat,54,Rudraprayag,FULL MATCH
5,262902,Augustmuni,Town Panchayat,54,Rudraprayag,FULL MATCH
23,262903,Shahganj,Town Panchayat,,,NO MATCH
3,262906,Joga,Town Panchayat,"28, 37",Bathinda | Mansa,FULL MATCH
23,262908,Kurawar,Town Panchayat,422,Rajgarh,FULL MATCH
5,262922,Banbasa,Town Panchayat,"48, 56",Champawat | Udham Singh Nagar,FULL MATCH
23,262977,Shadora,Town Panchayat,391,Ashoknagar,FULL MATCH
21,262987,Dasapalla,Notified Area Council,367,Nayagarh,FULL MATCH
3,262988,Nihal Singh Wala,Town Panchayat,38,Moga,FULL MATCH
3,262989,Kot Ise Khan,Town Panchayat,"31, 38",Ferozepur | Moga,FULL MATCH
23,262992,Chhapiheda,Town Panchayat,422,Rajgarh,FULL MATCH
23,262993,Samsabad,Town Panchayat,437,Vidisha,FULL MATCH
21,262994,Ranapur,Notified Area Council,367,Nayagarh,FULL MATCH
21,263000,Champua,Notified Area Council,361,Keonjhar,FULL MATCH
21,263005,Baliguda,Notified Area Council,359,Kandhamal,FULL MATCH
21,263006,Tusura,Notified Area Council,345,Balangir,FULL MATCH
8,263007,Itawa,Town Panchayat,"98, 109, 112, 117",Dholpur | Kota | Rajsamand | Udaipur,AMBIGUOUS MATCH
8,263008,Roopbas,Town Panchayat,"91, 98, 112, 117",Bharatpur | Dholpur | Rajsamand | Udaipur,AMBIGUOUS MATCH
21,263009,Dharmagarh,Notified Area Council,358,Kalahandi,FULL MATCH
23,263010,Pankhedi Kalapipal,Town Panchayat,430,Shajapur,FULL MATCH
18,263017,Teoktc,Town Panchayat,290,Jorhat,FULL MATCH
23,263020,Bankhedi,Town Panchayat,"409, 418",Narmadapuram | Narsimhapur,FULL MATCH
28,263068,Gudur,Municipality,515,Sri Potti Sriramulu Nellore,FULL MATCH
23,263072,Bichhua,Town Panchayat,"399, 785",Chhindwara | Pandhurna,FULL MATCH
23,263154,Nayagoan,Town Panchayat,419,Neemuch,FULL MATCH
23,263155,Sarwaniya Maharaj,Town Panchayat,419,Neemuch,FULL MATCH
23,263205,Makdon,Town Panchayat,435,Ujjain,FULL MATCH
23,263211,Bairad,Town Panchayat,432,Shivpuri,FULL MATCH
36,263214,Achampet,Municipality,694,Nagarkurnool,FULL MATCH
36,263216,Jadcherla,Municipality,512,Mahabubnagar,FULL MATCH
23,263217,Sainkheda,Town Panchayat,"394, 399",Betul | Chhindwara,FULL MATCH
23,263218,Chicholi,Town Panchayat,394,Betul,FULL MATCH
36,263222,Medchal,Municipality,700,Medchal Malkajgiri,FULL MATCH
29,263293,Jog-Kargal,Town Panchayat,547,Shivamogga,FULL MATCH
21,263324,Paradeep,Municipality,355,Jagatsinghapur,FULL MATCH
21,263336,Jagatsinghpur,Municipality,"350, 355",Cuttack | Jagatsinghapur,FULL MATCH
21,263345,Malkangiri,Municipality,364,Malkangiri,FULL MATCH
9,263348,Derapur,Town Panchayat,156,Kanpur Dehat,FULL MATCH
9,263350,Babralaa,Town Panchayat,659,Sambhal,FULL MATCH
9,263351,Bkt,Town Panchayat,162,Lucknow,FULL MATCH
9,263352,Rasulabaad(Kanpur Dehat),Town Panchayat,156,Kanpur Dehat,FULL MATCH
9,263353,Amraudhaa,Town Panchayat,156,Kanpur Dehat,FULL MATCH
9,263354,Jhinjhak,Municipality,156,Kanpur Dehat,FULL MATCH
9,263355,Sikandara,Town Panchayat,156,Kanpur Dehat,FULL MATCH
9,263356,Mahul,Town Panchayat,123,Azamgarh,FULL MATCH
9,263358,Badlapur,Town Panchayat,152,Jaunpur,FULL MATCH
9,263359,Rudhauli Bazar,Town Panchayat,"131, 182",Basti | Siddharthnagar,FULL MATCH
23,263361,Athner,Town Panchayat,394,Betul,FULL MATCH
27,263362,Hingna,Town Panchayat,484,Nagpur,FULL MATCH
27,263363,Bhiwapur,Town Panchayat,484,Nagpur,FULL MATCH
27,263364,Kuhi Nagar Parishad,Town Panchayat,484,Nagpur,FULL MATCH
27,263834,Vabhave Vaibhavwadi Nagar Panchayat,Town Panchayat,495,Sindhudurg,FULL MATCH
27,263884,Kasai Dodamarg,Town Panchayat,495,Sindhudurg,FULL MATCH
22,265121,Farasgaon,Town Panchayat,643,Kondagaon,FULL MATCH
10,265437,Parsa Bazar,Town Panchayat,"212, 218",Patna | Saran,AMBIGUOUS MATCH
10,265438,Ekma Bazar,Town Panchayat,218,Saran,FULL MATCH
27,265713,Chimur,Municipality,473,Chandrapur,FULL MATCH
27,265791,Gadchandur Nagar Parishad,Municipality,473,Chandrapur,FULL MATCH
23,265847,Anuppur Np,Municipality,"390, 429",Anuppur | Shahdol,FULL MATCH
27,266073,Kalamb Nagar Panchayat,Town Panchayat,"488, 500",Dharashiv | Yavatmal,AMBIGUOUS MATCH
9,270654,Walidpur,Town Panchayat,168,Mau,FULL MATCH
18,271990,Raha,Town Panchayat,297,Nagaon,FULL MATCH
27,272842,Babhulgaon Nagar Panchayat,Town Panchayat,500,Yavatmal,FULL MATCH
27,272845,Zari Zamani,Town Panchayat,500,Yavatmal,FULL MATCH
6,272866,Barara,Municipality,58,Ambala,FULL MATCH
32,272880,Harippad,Municipality,"554, 555",Alappuzha | Ernakulam,AMBIGUOUS MATCH
32,272881,Koothattukulam,Municipality,555,Ernakulam,AMBIGUOUS MATCH
32,272882,Piravom,Municipality,555,Ernakulam,AMBIGUOUS MATCH
32,272883,Kattappana,Municipality,555,Ernakulam,AMBIGUOUS MATCH
32,272884,Sreekandapuram,Municipality,"555, 557",Ernakulam | Kannur,AMBIGUOUS MATCH
32,272885,Panoor,Municipality,"555, 557",Ernakulam | Kannur,AMBIGUOUS MATCH
32,272889,Kottarakkara,Municipality,"555, 559",Ernakulam | Kollam,AMBIGUOUS MATCH
32,272890,Iritty,Municipality,"555, 557",Ernakulam | Kannur,AMBIGUOUS MATCH
32,272891,Ettumanoor,Municipality,"555, 560",Ernakulam | Kottayam,AMBIGUOUS MATCH
32,272892,Erattupetta,Municipality,555,Ernakulam,AMBIGUOUS MATCH
32,272896,Payyoli,Municipality,555,Ernakulam,AMBIGUOUS MATCH
32,272897,Koduvally,Municipality,"555, 561",Ernakulam | Kozhikode,AMBIGUOUS MATCH
32,272898,Mukkom,Municipality,"555, 561",Ernakulam | Kozhikode,AMBIGUOUS MATCH
32,272899,Ramanattukara,Municipality,"555, 561, 562",Ernakulam | Kozhikode | Malappuram,AMBIGUOUS MATCH
32,272900,Feroke,Municipality,"555, 561",Ernakulam | Kozhikode,AMBIGUOUS MATCH
32,272901,Kondotty,Municipality,"555, 562",Ernakulam | Malappuram,AMBIGUOUS MATCH
32,272902,Valanchery,Municipality,555,Ernakulam,AMBIGUOUS MATCH
32,272903,Tirurangadi,Municipality,"555, 562",Ernakulam | Malappuram,AMBIGUOUS MATCH
32,272904,Tanur,Municipality,"555, 562",Ernakulam | Malappuram,AMBIGUOUS MATCH
32,272905,Pattambi,Municipality,555,Ernakulam,AMBIGUOUS MATCH
32,272906,Cherpulassery,Municipality,555,Ernakulam,AMBIGUOUS MATCH
32,272907,Mannarkad,Municipality,555,Ernakulam,AMBIGUOUS MATCH
32,272908,Pandalam,Municipality,"555, 564",Ernakulam | Pathanamthitta,AMBIGUOUS MATCH
32,272909,Wadakkanchery,Municipality,"555, 566",Ernakulam | Thrissur,AMBIGUOUS MATCH
32,272910,Mananthavady,Municipality,"555, 567",Ernakulam | Wayanad,AMBIGUOUS MATCH
32,272911,Sulthanbathery,Municipality,"555, 567",Ernakulam | Wayanad,AMBIGUOUS MATCH
32,272912,Parappanangadi,Municipality,"555, 562",Ernakulam | Malappuram,AMBIGUOUS MATCH
32,272915,Anthur,Municipality,"555, 557",Ernakulam | Kannur,AMBIGUOUS MATCH
19,273006,Haringhata,Municipality,320,Nadia,AMBIGUOUS MATCH
19,273007,Domkal,Municipality,319,Murshidabad,FULL MATCH
23,273379,Meghnagar New,Town Panchayat,412,Jhabua,FULL MATCH
22,273465,Pipariya,Town Panchayat,382,Kabeerdham,FULL MATCH
22,273466,Bodla,Town Panchayat,382,Kabeerdham,FULL MATCH
22,273467,Pandatarai,Town Panchayat,382,Kabeerdham,FULL MATCH
22,273468,Sahaspur-Lohara,Town Panchayat,382,Kabeerdham,FULL MATCH
3,273471,Amargarh,Town Panchayat,"43, 737",Sangrur | Malerkotla,FULL MATCH
3,274218,Nadala,Town Panchayat,"34, 35",Jalandhar | Kapurthala,FULL MATCH
23,274350,Nemawar,Town Panchayat,402,Dewas,FULL MATCH
5,274457,Bhikiyasain,Town Panchayat,45,Almora,FULL MATCH
6,274458,Radaur,Municipality,"58, 76",Ambala | Yamunanagar,FULL MATCH
5,274461,Naugaon,Town Panchayat,57,Uttarkashi,FULL MATCH
2,274794,Nerchowk,Municipality,22,Mandi,FULL MATCH
2,274797,Baijnath-Paprola,Town Panchayat,18,Kangra,FULL MATCH
20,274814,Ramgarh Nagar Parishad,Municipality,"326, 607",Dumka | Ramgarh,AMBIGUOUS MATCH
20,274815,Nagar Untari Nagar Panchayat,Town Panchayat,328,Garhwa,FULL MATCH
9,274820,Khoda Makanpur,Municipality,145,Ghaziabad,FULL MATCH
9,274822,Yeida,Notified Area Council,"144, 145",Gautam Buddha Nagar | Ghaziabad,FULL MATCH
9,274823,Gnida,Notified Area Council,144,Gautam Buddha Nagar,FULL MATCH
2,275535,Jawali,Town Panchayat,18,Kangra,FULL MATCH
5,275633,Selaqui(Central Hope Town),Town Panchayat,,,NO MATCH
5,275661,Nanakmatta,Town Panchayat,56,Udham Singh Nagar,FULL MATCH
5,275665,Tharali,Town Panchayat,47,Chamoli,FULL MATCH
5,275670,Piran Kaliyar,Town Panchayat,50,Haridwar,FULL MATCH
8,275691,Mahwa,Municipality,"97, 112, 117",Dausa | Rajsamand | Udaipur,AMBIGUOUS MATCH
27,275726,Shirur Kasar,Town Panchayat,470,Beed,FULL MATCH
27,275728,Akole,Town Panchayat,466,Ahilyanagar,FULL MATCH
27,275729,Karjat,Town Panchayat,"466, 491",Ahilyanagar | Raigad,AMBIGUOUS MATCH
27,275730,Parner,Town Panchayat,466,Ahilyanagar,FULL MATCH
27,275731,Wadvani,Town Panchayat,470,Beed,FULL MATCH
27,275732,Patoda.,Town Panchayat,470,Beed,FULL MATCH
27,275734,Ashti,Town Panchayat,"479, 489",Jalna | Parbhani,FULL MATCH
24,276024,Kadodara,Municipality,459,Surat,FULL MATCH
24,276026,Tarsadi,Municipality,"442, 459",Bharuch | Surat,FULL MATCH
13,276216,Aboi Town Council,Town Panchayat,247,Mon,FULL MATCH
13,276217,East Dimapur Town Council,Town Panchayat,"244, 250, 613, 758, 764",Dimapur | Wokha | Peren | Chumoukedima | Niuland,FULL MATCH
13,276218,Longkhim Town Council,Town Panchayat,249,Tuensang,FULL MATCH
13,276219,Bhandari Town Council,Town Panchayat,250,Wokha,FULL MATCH
13,276220,Chozuba Town Council,Town Panchayat,"248, 251",Phek | Zunheboto,FULL MATCH
13,276221,Mangkolemba Town Council,Town Panchayat,246,Mokokchung,FULL MATCH
13,276222,Meluri Town Council,Town Panchayat,788,Meluri,FULL MATCH
13,276223,Noklak Town Council,Town Panchayat,"249, 736, 765",Tuensang | Noklak | Shamator,FULL MATCH
13,276224,Pungro Town Council,Town Panchayat,"614, 765",Kiphire | Shamator,FULL MATCH
13,276225,Shamator Town Council,Town Panchayat,"249, 736, 765",Tuensang | Noklak | Shamator,FULL MATCH
13,276226,Tening Town Council,Town Panchayat,613,Peren,FULL MATCH
13,276227,Tizit Town Council,Town Panchayat,247,Mon,FULL MATCH
13,276228,Tobu Town Council,Town Panchayat,247,Mon,FULL MATCH
27,276267,Khalapur,Town Panchayat,491,Raigad,FULL MATCH
27,276268,Mangaon,Town Panchayat,491,Raigad,FULL MATCH
27,276270,Tala,Town Panchayat,491,Raigad,FULL MATCH
27,276272,Bodwad,Town Panchayat,478,Jalgaon,FULL MATCH
27,276273,Varangaon,Municipality,478,Jalgaon,FULL MATCH
27,276274,Sangrampur,Town Panchayat,472,Buldhana,FULL MATCH
27,276275,Motala,Town Panchayat,472,Buldhana,FULL MATCH
27,276276,Dindori,Town Panchayat,487,Nashik,FULL MATCH
27,276277,Deola,Town Panchayat,487,Nashik,FULL MATCH
27,276278,Kalwan,Town Panchayat,487,Nashik,FULL MATCH
27,276279,Niphad,Town Panchayat,487,Nashik,FULL MATCH
27,276280,Peth,Town Panchayat,487,Nashik,FULL MATCH
27,276281,Chandwad,Municipality,487,Nashik,FULL MATCH
27,276283,Bhamragad,Town Panchayat,475,Gadchiroli,FULL MATCH
27,276284,Dhanora,Town Panchayat,475,Gadchiroli,FULL MATCH
27,276286,Kurkheda,Town Panchayat,475,Gadchiroli,FULL MATCH
27,276287,Mulchera,Town Panchayat,475,Gadchiroli,FULL MATCH
27,276288,Sironcha,Town Panchayat,475,Gadchiroli,FULL MATCH
27,276289,Tiwsa,Town Panchayat,468,Amravati,FULL MATCH
27,276290,Bhatkuli,Town Panchayat,468,Amravati,FULL MATCH
27,276291,Nandgaon Khandeshwar,Town Panchayat,468,Amravati,FULL MATCH
27,276292,Dharni,Town Panchayat,468,Amravati,FULL MATCH
27,276293,Malegaon,Town Panchayat,"467, 490, 499",Akola | Pune | Washim,AMBIGUOUS MATCH
27,276294,Manora,Town Panchayat,499,Washim,FULL MATCH
27,276295,Mandangad,Town Panchayat,492,Ratnagiri,FULL MATCH
27,276296,Hupari,Municipality,480,Kolhapur,FULL MATCH
27,276297,Palam,Town Panchayat,489,Parbhani,FULL MATCH
27,276301,Mohol,Municipality,496,Solapur,FULL MATCH
27,276302,Madha,Town Panchayat,496,Solapur,FULL MATCH
27,276303,Malshiras,Town Panchayat,496,Solapur,FULL MATCH
27,276305,Parshivni,Town Panchayat,484,Nagpur,FULL MATCH
27,276308,Ralegaon,Town Panchayat,500,Yavatmal,FULL MATCH
27,276309,Mahagaon,Town Panchayat,500,Yavatmal,FULL MATCH
27,276310,Maregaon,Town Panchayat,500,Yavatmal,FULL MATCH
27,276312,Washi,Town Panchayat,488,Dharashiv,FULL MATCH
27,276313,Lohara (Bk),Town Panchayat,"488, 500",Dharashiv | Yavatmal,AMBIGUOUS MATCH
27,276315,Talasari,Town Panchayat,665,Palghar,FULL MATCH
27,276316,Vikramgad,Town Panchayat,665,Palghar,FULL MATCH
27,276317,Mokhada,Town Panchayat,665,Palghar,FULL MATCH
27,276318,Wada,Town Panchayat,"497, 665",Thane | Palghar,FULL MATCH
27,276319,Sakoli,Municipality,471,Bhandara,FULL MATCH
27,276320,Nevasa,Town Panchayat,466,Ahilyanagar,FULL MATCH
27,276321,Devgad-Jamsande,Town Panchayat,495,Sindhudurg,FULL MATCH
27,276323,Lakhani,Town Panchayat,471,Bhandara,FULL MATCH
27,276324,Lakhandur,Town Panchayat,471,Bhandara,FULL MATCH
27,276325,Mohadi,Town Panchayat,471,Bhandara,FULL MATCH
27,276327,Aheri,Town Panchayat,475,Gadchiroli,FULL MATCH
27,276329,Chamorshi,Town Panchayat,475,Gadchiroli,FULL MATCH
27,276330,Etapalli,Town Panchayat,475,Gadchiroli,FULL MATCH
27,276331,Shevgaon,Municipality,466,Ahilyanagar,FULL MATCH
27,276332,Barshitakli,Town Panchayat,"467, 499",Akola | Washim,FULL MATCH
27,276333,Shahapur,Town Panchayat,485,Nanded,FULL MATCH
27,276339,Sakri,Town Panchayat,474,Dhule,FULL MATCH
27,276345,Dhadgaon,Town Panchayat,486,Nandurbar,FULL MATCH
27,276346,Kavthemahankal,Town Panchayat,493,Sangli,FULL MATCH
27,276348,Khanapur,Town Panchayat,"490, 493",Pune | Sangli,AMBIGUOUS MATCH
27,276349,Shirala,Town Panchayat,493,Sangli,FULL MATCH
27,276350,Palus,Municipality,493,Sangli,FULL MATCH
20,276352,Kapali,Municipality,326,Dumka,AMBIGUOUS MATCH
27,276353,Fulambri,Town Panchayat,469,Chhatrapati Sambhajinagar,FULL MATCH
27,276355,Jiwati,Town Panchayat,473,Chandrapur,FULL MATCH
27,276356,Saoli,Town Panchayat,473,Chandrapur,FULL MATCH
27,276357,Korpana,Town Panchayat,473,Chandrapur,FULL MATCH
27,276358,Gondpimpri,Town Panchayat,473,Chandrapur,FULL MATCH
27,276359,Pombhurna,Town Panchayat,473,Chandrapur,FULL MATCH
27,276361,Nagbhid Muncipal Council,Municipality,473,Chandrapur,FULL MATCH
27,276362,Sindewahi,Town Panchayat,473,Chandrapur,FULL MATCH
27,276363,Deori,Town Panchayat,476,Gondia,FULL MATCH
27,276364,Amgaon,Municipality,476,Gondia,FULL MATCH
27,276365,Salekasa,Town Panchayat,476,Gondia,FULL MATCH
27,276366,Arjuni,Town Panchayat,476,Gondia,FULL MATCH
27,276368,Sadak-Arjuni,Town Panchayat,476,Gondia,FULL MATCH
27,276369,Badnapur,Town Panchayat,479,Jalna,FULL MATCH
27,276370,Ghansawangi,Town Panchayat,479,Jalna,FULL MATCH
27,276371,Mantha,Town Panchayat,479,Jalna,FULL MATCH
27,276372,Jafrabad,Town Panchayat,479,Jalna,FULL MATCH
27,276373,Jalkot,Town Panchayat,481,Latur,FULL MATCH
27,276374,Shirur-Anantpal,Town Panchayat,481,Latur,FULL MATCH
27,276375,Chakur,Town Panchayat,481,Latur,FULL MATCH
27,276376,Renapur,Town Panchayat,481,Latur,FULL MATCH
27,276377,Deoni (Bk),Town Panchayat,481,Latur,FULL MATCH
27,276378,Seloo,Town Panchayat,498,Wardha,FULL MATCH
27,276379,Samudrapur,Town Panchayat,498,Wardha,FULL MATCH
27,276380,Ashti (Wardha),Town Panchayat,498,Wardha,FULL MATCH
27,276381,Koregaon,Town Panchayat,494,Satara,FULL MATCH
27,276383,Khandala,Town Panchayat,494,Satara,FULL MATCH
4,276386,Chandigarh,Municipal Corporations,608,S.A.S Nagar,AMBIGUOUS MATCH
6,276399,Jakhal Mandi,Municipality,61,Fatehabad,FULL MATCH
7,276400,East Delhi Municipal Corporation,Municipal Corporations,"78, 80, 81",East | North | North East,AMBIGUOUS MATCH
7,276401,North Delhi Municipal Corporation,Municipal Corporations,"82, 84, 85, 794",North West | South West | West | Outer North,AMBIGUOUS MATCH
7,276402,South Delhi Municipal Corporation,Municipal Corporations,"83, 84, 85, 670",South | South West | West | South East,AMBIGUOUS MATCH
10,276405,Kochas,Town Panchayat,215,Rohtas,FULL MATCH
10,276406,Barsoi,Town Panchayat,201,Katihar,FULL MATCH
36,276409,Jalapally,Municipality,518,Ranga Reddy,FULL MATCH
36,276410,Meerpet,Municipal Corporations,"518, 700",Ranga Reddy | Medchal Malkajgiri,FULL MATCH
36,276411,Perrzadiguda,Municipal Corporations,700,Medchal Malkajgiri,FULL MATCH
36,276412,Boduppal,Municipal Corporations,700,Medchal Malkajgiri,FULL MATCH
27,276414,Lonand,Town Panchayat,494,Satara,FULL MATCH
27,276415,Medha,Town Panchayat,494,Satara,FULL MATCH
27,276416,Vaduj,Town Panchayat,494,Satara,FULL MATCH
27,276417,Dahiwadi,Town Panchayat,494,Satara,FULL MATCH
27,276421,Muktainagar,Town Panchayat,478,Jalgaon,FULL MATCH
9,276425,Gauriganj,Municipality,640,Amethi,FULL MATCH
10,276429,Harnaut,Town Panchayat,209,Nalanda,FULL MATCH
21,276434,Odogaon,Notified Area Council,367,Nayagarh,FULL MATCH
24,276440,Gandhinagar,Municipal Corporations,,,NO MATCH
7,276447,New Delhi Municipal Council,NCT Municipal Council,,,NO MATCH
5,276459,Pipalkoti,Town Panchayat,47,Chamoli,FULL MATCH
29,276463,Hebbugodi,City Municipal Council,525,Bengaluru Urban,FULL MATCH
29,276464,Jigani,Town Municipal Council,"525, 526",Bengaluru Urban | Bengaluru Rural,FULL MATCH
29,276470,Hagaribommanahalli,Municipality,738,Vijayanagara,FULL MATCH
29,276474,Mariyammanahalli,Town Panchayat,738,Vijayanagara,FULL MATCH
29,276477,Chinchali,Town Panchayat,527,Belagavi,FULL MATCH
29,276483,Kabbur,Town Panchayat,527,Belagavi,FULL MATCH
29,276496,Karatagi,Town Municipal Council,543,Koppal,FULL MATCH
29,276497,Kukanooru,Town Panchayat,543,Koppal,FULL MATCH
14,276498,Thoubal,Municipality,259,Thoubal,FULL MATCH
14,276500,Kakching,Municipality,"253, 711",Chandel | Kakching,FULL MATCH
14,276501,Bishnupur,Municipality,"252, 714",Bishnupur | Noney,FULL MATCH
14,276502,Lilong (Thoubal),Municipality,259,Thoubal,FULL MATCH
14,276503,Jiribam,Municipality,"713, 714, 715",Jiribam | Noney | Pherzawl,FULL MATCH
14,276505,Kumbi,Municipality,,,NO MATCH
14,276506,Oinam,Municipality,256,Imphal West,FULL MATCH
14,276508,Lamlai,Municipality,"255, 717",Imphal East | Kamjong,FULL MATCH
14,276509,Shikhong Sekmai,Municipality,"256, 712",Imphal West | Kangpokpi,FULL MATCH
14,276510,Sugunu,Municipality,"253, 711",Chandel | Kakching,FULL MATCH
14,276511,Wangjing Lamding,Municipality,259,Thoubal,FULL MATCH
14,276513,Yairipok,Municipality,"255, 259, 717",Imphal East | Thoubal | Kamjong,FULL MATCH
14,276514,Moirang,Municipality,,,NO MATCH
14,276515,Nambol,Municipality,256,Imphal West,FULL MATCH
29,276516,Kembhavi,Town Municipal Council,635,Yadgir,FULL MATCH
29,276519,Maski,Town Municipal Council,546,Raichur,FULL MATCH
29,276521,Guttal,Town Panchayat,540,Haveri,FULL MATCH
29,276522,Kavital,Town Panchayat,546,Raichur,FULL MATCH
29,276523,Balaganur,Town Panchayat,546,Raichur,FULL MATCH
29,276524,Turvihal,Town Panchayat,546,Raichur,FULL MATCH
14,276525,Kwakta,Municipality,256,Imphal West,FULL MATCH
29,276526,Bidadi,Town Municipal Council,631,Bengaluru South,FULL MATCH
14,276527,Andro,Municipality,"255, 259, 717",Imphal East | Thoubal | Kamjong,FULL MATCH
29,276529,Belagali,Town Panchayat,524,Bagalkote,FULL MATCH
14,276530,Ningthoukhong,Municipality,,,NO MATCH
29,276532,Kurugodu,Town Municipal Council,528,Ballari,FULL MATCH
29,276533,Chandapura,Town Municipal Council,525,Bengaluru Urban,FULL MATCH
29,276534,Kudutini,Town Panchayat,528,Ballari,FULL MATCH
29,276535,Hagaribommanahalli,Town Municipal Council,738,Vijayanagara,FULL MATCH
14,276536,Kakching Khunou,Municipality,"253, 711",Chandel | Kakching,FULL MATCH
29,276537,Bommasandra,Town Municipal Council,525,Bengaluru Urban,FULL MATCH
29,276538,Kurekuppa,Town Municipal Council,528,Ballari,FULL MATCH
29,276539,Attibele,Town Municipal Council,525,Bengaluru Urban,FULL MATCH
29,276540,Alamela,Town Panchayat,530,Vijayapura,FULL MATCH
29,276541,Managuli,Town Panchayat,530,Vijayapura,FULL MATCH
29,276542,Nayakanahatti,Town Panchayat,533,Chitradurga,FULL MATCH
29,276543,Kolhara,Town Panchayat,530,Vijayapura,FULL MATCH
29,276544,Nalatavada,Town Panchayat,530,Vijayapura,FULL MATCH
14,276545,Lamsang,Municipality,"256, 712",Imphal West | Kangpokpi,FULL MATCH
14,276546,Heirok,Municipality,259,Thoubal,FULL MATCH
14,276547,Imphal,Municipal Corporations,"255, 256",Imphal East | Imphal West,FULL MATCH
14,276548,Lilong (Imphal West),Municipality,"255, 256, 259",Imphal East | Imphal West | Thoubal,FULL MATCH
14,276549,Wangoi,Municipality,256,Imphal West,FULL MATCH
14,276550,Thongkhong Laxmi,Municipality,256,Imphal West,FULL MATCH
14,276551,Samourou,Municipality,256,Imphal West,FULL MATCH
14,276552,Mayang Imphal,Municipality,"256, 259",Imphal West | Thoubal,FULL MATCH
14,276553,Sekmai,Municipality,"256, 712",Imphal West | Kangpokpi,FULL MATCH
29,276554,Vitla,Town Panchayat,534,Dakshina Kannada,FULL MATCH
29,276555,Kotekar,Town Panchayat,534,Dakshina Kannada,FULL MATCH
29,276556,Malebennuru,Town Municipal Council,535,Davanagere,FULL MATCH
29,276557,Nidagundi,Town Panchayat,530,Vijayapura,FULL MATCH
29,276558,Devarahipparagi,Town Panchayat,530,Vijayapura,FULL MATCH
29,276559,Chadachana,Town Panchayat,530,Vijayapura,FULL MATCH
29,276560,Kakkera,Town Municipal Council,635,Yadgir,FULL MATCH
3,276562,Bhagta Bhai Ka Nagar Panchayat,Town Panchayat,28,Bathinda,FULL MATCH
29,276563,Mugalakoda,Town Municipal Council,527,Belagavi,FULL MATCH
29,276564,Munavalli,Town Municipal Council,527,Belagavi,FULL MATCH
29,276565,Ugar Khurda,Town Municipal Council,527,Belagavi,FULL MATCH
29,276567,Kankanavadi,Town Panchayat,527,Belagavi,FULL MATCH
29,276568,Chinchali,Town Municipal Council,527,Belagavi,FULL MATCH
29,276569,Harogeri,Town Municipal Council,527,Belagavi,FULL MATCH
27,276571,Jalgaon,Municipal Corporations,478,Jalgaon,AMBIGUOUS MATCH
29,276572,Jaali,Town Panchayat,550,Uttara Kannada,FULL MATCH
29,276574,Ghataprabha,Town Municipal Council,527,Belagavi,FULL MATCH
29,276575,Examba,Town Panchayat,527,Belagavi,FULL MATCH
29,276576,Kallolli,Town Panchayat,527,Belagavi,FULL MATCH
29,276577,Arabhavi,Town Panchayat,527,Belagavi,FULL MATCH
29,276578,Chennammana Kittur,Town Panchayat,527,Belagavi,FULL MATCH
29,276579,Shedbala,Town Panchayat,527,Belagavi,FULL MATCH
1,276581,Municipal Council Kathua,Notified Area Council,,,NO MATCH
29,276583,Boragaon,Town Panchayat,527,Belagavi,FULL MATCH
1,276584,Municipal Committee Lakhanpur,Municipality,7,Kathua,FULL MATCH
1,276585,Municipal Committee Basohli,Municipality,7,Kathua,FULL MATCH
1,276586,Municipal Committee Parole,Municipality,7,Kathua,FULL MATCH
1,276587,Municipal Council Udhampur,Notified Area Council,14,Udhampur,FULL MATCH
1,276588,Municipal Committee Chenani,Municipality,14,Udhampur,FULL MATCH
1,276589,Municipal Committee Ramnagar,Municipality,14,Udhampur,FULL MATCH
1,276590,Municipal Council Reasi,Notified Area Council,627,Reasi,FULL MATCH
1,276591,Municipal Committee Katra,Municipality,627,Reasi,FULL MATCH
1,276592,Municipal Council Rajouri,Notified Area Council,12,Rajouri,FULL MATCH
1,276593,Municipal Committee Nowshera,Municipality,12,Rajouri,FULL MATCH
1,276594,Municipal Committee Hiranagar,Municipality,7,Kathua,FULL MATCH
29,276597,Aminagad,Town Panchayat,524,Bagalkote,FULL MATCH
29,276599,Kanakgiri,Town Panchayat,543,Koppal,FULL MATCH
29,276600,Bbmp,Municipal Corporations,525,Bengaluru Urban,AMBIGUOUS MATCH
29,276601,Tavaragera,Town Panchayat,543,Koppal,FULL MATCH
29,276602,Belluru,Town Panchayat,544,Mandya,FULL MATCH
29,276604,Bhagyanagara,Town Panchayat,543,Koppal,FULL MATCH
29,276605,Siravara,Town Panchayat,546,Raichur,FULL MATCH
27,276606,Himayatnagar Nagarpanchayat,Town Panchayat,485,Nanded,FULL MATCH
29,276611,Kamalapura,Town Municipal Council,738,Vijayanagara,FULL MATCH
5,276616,Tilwara,Town Panchayat,54,Rudraprayag,FULL MATCH
29,276618,Ainapur,Town Panchayat,527,Belagavi,FULL MATCH
12,276621,Itanagar,Municipal Corporations,237,Papum Pare,FULL MATCH
12,276622,Pasighat,Municipality,232,East Siang,FULL MATCH
27,276623,Naigaon (Khairgaon),Town Panchayat,485,Nanded,FULL MATCH
2,276625,Karsog,Town Panchayat,22,Mandi,FULL MATCH
2,276626,Dehra,Municipality,18,Kangra,FULL MATCH
2,276627,Chowari,Town Panchayat,16,Chamba,FULL MATCH
21,276628,Bijepur,Notified Area Council,347,Bargarh,FULL MATCH
21,276631,Chandabali,Notified Area Council,348,Bhadrak,FULL MATCH
21,276632,Dhamanagar,Notified Area Council,348,Bhadrak,FULL MATCH
27,276633,Karanja Wardha,Town Panchayat,498,Wardha,FULL MATCH
27,276634,Chikhaldara,Municipality,468,Amravati,FULL MATCH
27,276635,Shirol,Municipality,480,Kolhapur,FULL MATCH
27,276636,Poladpur,Town Panchayat,491,Raigad,FULL MATCH
27,276637,Vadgaon Mawal,Town Panchayat,490,Pune,FULL MATCH
2,276639,Tahliwal,Town Panchayat,26,Una,FULL MATCH
10,276642,Benipur,Municipality,195,Darbhanga,FULL MATCH
10,276643,Bihat,Municipality,,,NO MATCH
10,276644,Bikarm,Town Panchayat,212,Patna,FULL MATCH
10,276645,Naubatpur,Town Panchayat,212,Patna,FULL MATCH
10,276646,Nasriganj,Town Panchayat,215,Rohtas,FULL MATCH
3,276647,Fatehgarh Panjtoor,Town Panchayat,"31, 38",Ferozepur | Moga,FULL MATCH
10,276648,Mohaniya,Town Panchayat,200,Kaimur (Bhabua),FULL MATCH
10,277098,Bakhtiyarpur,Municipality,212,Patna,FULL MATCH
10,277103,Barbigha,Municipality,"209, 219",Nalanda | Sheikhpura,FULL MATCH
10,277125,Mahua,Municipality,224,Vaishali,FULL MATCH
10,277126,Kesaria,Town Panchayat,213,Purbi Champaran,FULL MATCH
10,277127,Pakri Dayal,Town Panchayat,213,Purbi Champaran,FULL MATCH
10,277128,Mehsi,Town Panchayat,213,Purbi Champaran,FULL MATCH
10,277129,Bakhri,Municipality,191,Begusarai,FULL MATCH
10,277130,Teghara,Municipality,191,Begusarai,FULL MATCH
10,277131,Barauli,Municipality,222,Siwan,FULL MATCH
10,277133,Banmankhi,Municipality,"188, 214",Araria | Purnia,FULL MATCH
10,277134,Kahalgaon,Town Panchayat,192,Bhagalpur,FULL MATCH
20,277135,Domchanch,Town Panchayat,"332, 334",Hazaribagh | Koderma,FULL MATCH
10,277136,Balia,Municipality,191,Begusarai,FULL MATCH
20,277137,Barharwa,Town Panchayat,340,Sahebganj,FULL MATCH
20,277138,Dhanwar,Town Panchayat,329,Giridih,FULL MATCH
9,277139,Sonauli,Town Panchayat,164,Mahrajganj,FULL MATCH
18,277143,Rangia,Municipality,"291, 756",Kamrup | Tamulpur,FULL MATCH
18,277144,Bokakhat,Municipality,288,Golaghat,FULL MATCH
18,277145,Dhing,Municipality,297,Nagaon,FULL MATCH
18,277146,Demow,Town Panchayat,300,Sivasagar,FULL MATCH
18,277147,Goreswar,Town Panchayat,"291, 756",Kamrup | Tamulpur,FULL MATCH
18,277148,Langhin,Town Panchayat,292,Karbi Anglong,FULL MATCH
18,277149,Majuli,Town Panchayat,"288, 706",Golaghat | Majuli,FULL MATCH
18,277150,Ramkrishna Nagar,Town Panchayat,293,Sribhumi,FULL MATCH
18,277151,Sootea,Town Panchayat,"301, 705",Sonitpur | Biswanath,FULL MATCH
18,277152,Sonai,Town Panchayat,282,Cachar,FULL MATCH
5,277162,Gularbhoj,Town Panchayat,"51, 56",Nainital | Udham Singh Nagar,FULL MATCH
5,277163,Chamiyala,Town Panchayat,55,Tehri Garhwal,FULL MATCH
5,277164,Gaja,Town Panchayat,55,Tehri Garhwal,FULL MATCH
24,277165,Bareja,Municipality,438,Ahmedabad,FULL MATCH
24,277167,Saputara,Notified Area Council,444,Dangs,FULL MATCH
24,277169,Mandvi Kachchh,Municipality,"449, 450",Kachchh | Kheda,AMBIGUOUS MATCH
24,277170,Talala,Municipality,"448, 675",Junagadh | Gir Somnath,FULL MATCH
24,277171,Sutrapada,Municipality,675,Gir Somnath,FULL MATCH
5,277183,Lambgaon,Town Panchayat,"55, 57",Tehri Garhwal | Uttarkashi,FULL MATCH
9,277185,Bairia,Town Panchayat,126,Ballia,FULL MATCH
9,277186,Belhara,Town Panchayat,"129, 170",Bara Banki | Mirzapur,AMBIGUOUS MATCH
9,277188,Eka,Town Panchayat,143,Firozabad,FULL MATCH
9,277189,Chirayakot,Town Panchayat,"123, 168",Azamgarh | Mau,FULL MATCH
5,277190,Ranikhet Chiliyanaula,Municipality,45,Almora,FULL MATCH
9,277192,Raniganj,Town Panchayat,174,Pratapgarh,FULL MATCH
3,277194,Nayan Gaon,Municipality,,,NO MATCH
3,277196,Nangal,Municipality,42,Rupnagar,FULL MATCH
3,277197,Mamdot,Town Panchayat,31,Ferozepur,FULL MATCH
3,277198,Arniwala Shekh Suban,Town Panchayat,651,Fazilka,FULL MATCH
3,277199,Boha,Town Panchayat,37,Mansa,FULL MATCH
3,277200,Bilga,Town Panchayat,34,Jalandhar,FULL MATCH
3,277201,Mehatpur,Town Panchayat,"34, 35",Jalandhar | Kapurthala,FULL MATCH
3,277202,Norat Jamal Singh,Town Panchayat,"32, 662",Gurdaspur | Pathankot,FULL MATCH
3,277203,Lalru,Municipality,608,S.A.S Nagar,FULL MATCH
8,277231,Degana,Town Panchayat,"98, 110, 112, 117, 768",Dholpur | Nagaur | Rajsamand | Udaipur | Didwana-Kuchaman,AMBIGUOUS MATCH
8,277232,Nasirabad,Municipality,"86, 112, 117",Ajmer | Rajsamand | Udaipur,AMBIGUOUS MATCH
8,277233,Kishangarhbas,Town Panchayat,"98, 112, 117, 770",Dholpur | Rajsamand | Udaipur | Khairthal-Tijara,AMBIGUOUS MATCH
8,277234,Pindwara,Town Panchayat,"98, 112, 115, 117",Dholpur | Rajsamand | Sirohi | Udaipur,AMBIGUOUS MATCH
8,277235,Shahpura..(Bhilwara),Town Panchayat,"92, 98, 112, 117",Bhilwara | Dholpur | Rajsamand | Udaipur,AMBIGUOUS MATCH
23,277237,Badonee,Town Panchayat,401,Datia,FULL MATCH
28,277315,Mummidivaram,Town Panchayat,790,Markapuram,FULL MATCH
28,277316,Gollaprolu,Town Panchayat,790,Markapuram,FULL MATCH
28,277317,Yeleswaram,Town Panchayat,790,Markapuram,FULL MATCH
15,277318,Aizawl Municipal Co-Operation,Municipal Corporations,"261, 727",Aizawl | Saitual,AMBIGUOUS MATCH
28,277319,Jaggiahpet,Municipality,749,Ntr,FULL MATCH
27,277411,Butibori,Town Panchayat,484,Nagpur,FULL MATCH
27,277413,Shendurni,Town Panchayat,478,Jalgaon,FULL MATCH
27,277475,Wadgaon,Municipality,490,Pune,FULL MATCH
9,277531,Laalganj,Town Panchayat,"170, 174",Mirzapur | Pratapgarh,AMBIGUOUS MATCH
8,277601,Khatushyamji,Town Panchayat,"98, 112, 114, 117",Dholpur | Rajsamand | Sikar | Udaipur,AMBIGUOUS MATCH
8,277602,Partapur -Garhi,Town Panchayat,"88, 98, 112, 117",Banswara | Dholpur | Rajsamand | Udaipur,AMBIGUOUS MATCH
17,279714,Khliehriat,Town Panchayat,"275, 657",West Jaintia Hills | East Jaintia Hills,FULL MATCH
9,281989,Bariyarpur,Town Panchayat,137,Deoria,FULL MATCH
17,282009,Mawkyrwat,Town Panchayat,658,South West Khasi Hills,FULL MATCH
9,289237,Bankti,Town Panchayat,131,Basti,FULL MATCH
19,289244,Buniadpur,Municipality,310,Dakshin Dinajpur,FULL MATCH
6,289251,Kundli,Municipality,75,Sonipat,FULL MATCH
6,289253,Ismailabad,Municipality,68,Kurukshetra,FULL MATCH
6,289254,Sadhaura,Municipality,76,Yamunanagar,FULL MATCH
23,289259,Mandla,Municipality,415,Mandla,FULL MATCH
23,289260,Bamhni Banjar,Town Panchayat,415,Mandla,FULL MATCH
36,289549,Raikal,Municipality,681,Jagitial,FULL MATCH
18,289552,Sonai,Municipality,282,Cachar,FULL MATCH
18,289553,Ramkrishnanagar,Municipality,293,Sribhumi,FULL MATCH
23,289710,Pohari,Town Panchayat,432,Shivpuri,FULL MATCH
10,290025,Aurangabad,Municipality,189,Aurangabad,FULL MATCH
10,290059,Sursand,Town Panchayat,221,Sitamarhi,FULL MATCH
36,290060,Waddepalle,Municipality,695,Jogulamba Gadwal,FULL MATCH
36,290061,Dharmapuri,Municipality,681,Jagitial,FULL MATCH
36,290062,Alampur,Municipality,695,Jogulamba Gadwal,FULL MATCH
36,290063,Choppandandi,Municipality,"508, 681, 682",Karimnagar | Jagitial | Peddapalli,FULL MATCH
36,290064,Kothapally,Municipality,508,Karimnagar,FULL MATCH
36,290067,Yellareddy,Municipality,685,Kamareddy,FULL MATCH
36,290068,Wyra,Municipality,509,Khammam,FULL MATCH
36,290069,Dornakal,Municipality,688,Mahabubabad,FULL MATCH
36,290070,Maripeda,Municipality,688,Mahabubabad,FULL MATCH
36,290071,Thorrur,Municipality,"522, 688",Warangal | Mahabubabad,FULL MATCH
36,290072,Makthal,Municipality,721,Narayanpet,FULL MATCH
36,290073,Bhootpur,Municipality,"512, 693",Mahabubnagar | Wanaparthy,FULL MATCH
36,290074,Kosgi,Municipality,"512, 698, 721",Mahabubnagar | Vikarabad | Narayanpet,FULL MATCH
36,290075,Chennur,Municipality,684,Mancherial,FULL MATCH
36,290076,Kyathanpally,Municipality,684,Mancherial,FULL MATCH
36,290077,Luxettipet,Municipality,684,Mancherial,FULL MATCH
36,290078,Ramayampet,Municipality,513,Medak,FULL MATCH
36,290079,Toopran,Municipality,"513, 692",Medak | Siddipet,FULL MATCH
36,290080,Narsapur,Municipality,"513, 691",Medak | Sangareddy,FULL MATCH
36,290081,Dammaiguda,Municipality,700,Medchal Malkajgiri,FULL MATCH
36,290082,Nagaram,Municipality,700,Medchal Malkajgiri,FULL MATCH
36,290083,Pocharam,Municipality,700,Medchal Malkajgiri,FULL MATCH
36,290084,Ghatkesar,Municipality,700,Medchal Malkajgiri,FULL MATCH
36,290085,Gundlapochampally,Municipality,700,Medchal Malkajgiri,FULL MATCH
36,290086,Thumkunta,Municipality,700,Medchal Malkajgiri,FULL MATCH
36,290087,Nizampet,Municipal Corporations,700,Medchal Malkajgiri,FULL MATCH
36,290088,Kompally,Municipality,700,Medchal Malkajgiri,FULL MATCH
36,290089,Chityal,Municipality,514,Nalgonda,FULL MATCH
36,290090,Haliya,Municipality,514,Nalgonda,FULL MATCH
36,290091,Chandur,Municipality,514,Nalgonda,FULL MATCH
36,290092,Khanapur,Municipality,680,Nirmal,FULL MATCH
36,290093,Bheemgal,Municipality,516,Nizamabad,FULL MATCH
36,290094,Manthani,Municipality,"682, 687",Peddapalli | Jayashankar Bhupalapally,FULL MATCH
36,290095,Sulthanabad,Municipality,682,Peddapalli,FULL MATCH
36,290096,Manikonda,Municipality,518,Ranga Reddy,FULL MATCH
36,290097,Narsingi,Municipality,518,Ranga Reddy,FULL MATCH
36,290098,Bandlaguda Jagir,Municipal Corporations,518,Ranga Reddy,FULL MATCH
36,290099,Adibatla,Municipality,518,Ranga Reddy,FULL MATCH
36,290100,Shankarpally,Municipality,518,Ranga Reddy,FULL MATCH
36,290102,Thukkuguda,Municipality,518,Ranga Reddy,FULL MATCH
36,290104,Amangal,Municipality,518,Ranga Reddy,FULL MATCH
36,290131,Narayankhed,Municipality,"685, 691",Kamareddy | Sangareddy,FULL MATCH
36,290132,Cherial,Municipality,"689, 692",Jangoan | Siddipet,FULL MATCH
36,290133,Nereducharla,Municipality,"514, 696",Nalgonda | Suryapet,FULL MATCH
36,290134,Thirumalagiri,Municipality,"696, 697",Suryapet | Yadadri Bhuvanagiri,FULL MATCH
36,290135,Parigi,Municipality,"518, 698",Ranga Reddy | Vikarabad,FULL MATCH
36,290136,Kodangal,Municipality,"698, 721",Vikarabad | Narayanpet,FULL MATCH
36,290137,Wardhannapet,Municipality,"522, 686, 689",Warangal | Hanumakonda | Jangoan,FULL MATCH
36,290138,Kothakota,Municipality,"512, 693",Mahabubnagar | Wanaparthy,FULL MATCH
36,290139,Pebbair,Municipality,693,Wanaparthy,FULL MATCH
36,290140,Atmakur,Municipality,"512, 693",Mahabubnagar | Wanaparthy,FULL MATCH
36,290141,Mothkur,Municipality,697,Yadadri Bhuvanagiri,FULL MATCH
36,290142,Amarchinta,Municipality,"512, 693, 721",Mahabubnagar | Wanaparthy | Narayanpet,FULL MATCH
36,290143,Choutuppal,Municipality,697,Yadadri Bhuvanagiri,FULL MATCH
36,290144,Alair,Municipality,697,Yadadri Bhuvanagiri,FULL MATCH
36,290145,Pochamapally,Municipality,697,Yadadri Bhuvanagiri,FULL MATCH
36,290146,Yadagirigutta,Municipality,697,Yadadri Bhuvanagiri,FULL MATCH
36,290147,Naspur,Municipality,684,Mancherial,FULL MATCH
36,290148,Jawaharnagar,Municipal Corporations,700,Medchal Malkajgiri,FULL MATCH
36,290149,Shamshabad,Municipality,518,Ranga Reddy,AMBIGUOUS MATCH
36,290150,Turkayamjal,Municipality,518,Ranga Reddy,FULL MATCH
36,290151,Bollaram,Municipality,"507, 691, 700",Hyderabad | Sangareddy | Medchal Malkajgiri,AMBIGUOUS MATCH
36,290152,Tellapur,Municipality,691,Sangareddy,FULL MATCH
36,290153,Ameenpur,Municipality,691,Sangareddy,FULL MATCH
36,290154,Dundigal,Municipality,700,Medchal Malkajgiri,FULL MATCH
36,290201,Banswada,Municipality,"516, 685",Nizamabad | Kamareddy,FULL MATCH
9,290250,Pakbara,Town Panchayat,"154, 171, 659",Amroha | Moradabad | Sambhal,FULL MATCH
9,290251,Dhakia,Town Panchayat,"132, 171",Bijnor | Moradabad,AMBIGUOUS MATCH
23,290253,Lidhorakhas,Town Panchayat,434,Tikamgarh,FULL MATCH
23,290256,Kari,Town Panchayat,434,Tikamgarh,FULL MATCH
23,290257,Jatara,Town Panchayat,434,Tikamgarh,FULL MATCH
23,290258,Badagaon,Town Panchayat,434,Tikamgarh,FULL MATCH
23,290271,Tonk Khurd,Town Panchayat,402,Dewas,FULL MATCH
23,290272,Pipalrawan,Town Panchayat,402,Dewas,FULL MATCH
23,290276,Baldevgarh,Town Panchayat,"420, 434",Panna | Tikamgarh,FULL MATCH
23,290285,Tikamgarh,Municipality,434,Tikamgarh,FULL MATCH
23,290306,Khargapur,Town Panchayat,434,Tikamgarh,FULL MATCH
23,290323,Jeron Khalsa,Town Panchayat,"434, 722",Tikamgarh | Niwari,FULL MATCH
23,290343,Palera,Town Panchayat,434,Tikamgarh,FULL MATCH
27,290358,Kadegaon.,Town Panchayat,"484, 493",Nagpur | Sangli,AMBIGUOUS MATCH
20,290364,Badaki Suriya,Town Panchayat,329,Giridih,FULL MATCH
23,290379,Dhamnod- Dhar,Town Panchayat,402,Dewas,FULL MATCH
23,290381,Suwasra,Town Panchayat,416,Mandsaur,FULL MATCH
23,290382,Niwari,Town Panchayat,"415, 434, 722",Mandla | Tikamgarh | Niwari,AMBIGUOUS MATCH
23,290383,Kothri,Town Panchayat,427,Sehore,FULL MATCH
23,290389,Bagali,Town Panchayat,402,Dewas,FULL MATCH
23,290390,Dindori,Town Panchayat,404,Dindori,FULL MATCH
23,290392,Mehgaon,Town Panchayat,395,Bhind,FULL MATCH
23,290394,Dahi,Town Panchayat,403,Dhar,FULL MATCH
23,290395,Pipla Narayanwar,Town Panchayat,785,Pandhurna,FULL MATCH
23,290429,Tendukheda- Narsimhapur,Town Panchayat,418,Narsimhapur,FULL MATCH
27,290430,Dhanki,Town Panchayat,500,Yavatmal,FULL MATCH
6,290431,Ambala Sadar,Notified Area Council,58,Ambala,FULL MATCH
8,290432,Thanagaji,Town Panchayat,"87, 98, 112, 117, 782",Alwar | Dholpur | Rajsamand | Udaipur | Kotputli-Behror,AMBIGUOUS MATCH
27,290433,Chandgad.,Town Panchayat,480,Kolhapur,FULL MATCH
27,290434,Hatkanangale.,Town Panchayat,480,Kolhapur,FULL MATCH
33,290447,Rameswaram,Municipality,583,Ramanathapuram,FULL MATCH
33,290455,Kangeyam,Municipality,634,Tiruppur,FULL MATCH
11,290460,Rangpo (Np),Town Panchayat,741,Pakyong,AMBIGUOUS MATCH
23,290462,Tendukheda- Damoh,Town Panchayat,400,Damoh,FULL MATCH
23,293808,Damua,Municipality,399,Chhindwara,FULL MATCH
23,293809,Ganjbasoda,Municipality,437,Vidisha,FULL MATCH
23,293817,Athana,Town Panchayat,419,Neemuch,FULL MATCH
23,293818,Taricharkala,Town Panchayat,722,Niwari,FULL MATCH
23,293819,New Ramnagar,Town Panchayat,"426, 784",Satna | Maihar,FULL MATCH
23,293820,Salichauka,Town Panchayat,418,Narsimhapur,FULL MATCH
23,293821,Prithvipur,Town Panchayat,722,Niwari,FULL MATCH
23,293822,Karahi,Town Panchayat,414,Khargone (West Nimar),FULL MATCH
23,293826,Patera,Town Panchayat,400,Damoh,FULL MATCH
23,293827,Orchha,Town Panchayat,"434, 722",Tikamgarh | Niwari,FULL MATCH
8,293842,Kota-North,Municipal Corporations,109,Kota,FULL MATCH
8,293843,Jodhpur-North,Municipal Corporations,107,Jodhpur,AMBIGUOUS MATCH
8,293844,Greater Jaipur,Municipal Corporations,102,Jaipur,FULL MATCH
36,294879,Nandikonda,Municipality,514,Nalgonda,FULL MATCH
28,296250,Penukonda,Town Panchayat,"517, 754, 790",Prakasam | Sri Sathya Sai | Markapuram,AMBIGUOUS MATCH
28,296256,Akiveedu,Town Panchayat,"517, 523, 790",Prakasam | West Godavari | Markapuram,AMBIGUOUS MATCH
28,296257,Kuppam,Municipality,503,Chittoor,FULL MATCH
28,296259,Kamalapuram,Town Panchayat,790,Markapuram,FULL MATCH
28,296260,Bethamcherla,Town Panchayat,"517, 755, 790",Prakasam | Nandyal | Markapuram,AMBIGUOUS MATCH
28,296261,Dachepalli,Town Panchayat,"517, 751, 790",Prakasam | Palnadu | Markapuram,AMBIGUOUS MATCH
28,296262,Gurajala,Town Panchayat,"517, 751, 790",Prakasam | Palnadu | Markapuram,AMBIGUOUS MATCH
28,296263,Darsi,Town Panchayat,790,Markapuram,FULL MATCH
28,296264,Kondapalli,Municipality,749,Ntr,FULL MATCH
28,296328,Buchireddypalem,Town Panchayat,"515, 517, 790",Sri Potti Sriramulu Nellore | Prakasam | Markapuram,AMBIGUOUS MATCH
22,296874,Risali,Municipal Corporations,378,Durg,FULL MATCH
27,296909,Aundha Nagnath,Town Panchayat,"477, 489",Hingoli | Parbhani,FULL MATCH
27,296910,Sengaon,Town Panchayat,477,Hingoli,FULL MATCH
27,296912,Rajgurunagar,Municipality,490,Pune,FULL MATCH
8,296915,Laxmangarh (Alwar),Town Panchayat,"87, 98, 112, 117",Alwar | Dholpur | Rajsamand | Udaipur,AMBIGUOUS MATCH
8,296916,Ramgarh (Alwar),Town Panchayat,"87, 98, 112, 117",Alwar | Dholpur | Rajsamand | Udaipur,AMBIGUOUS MATCH
8,296922,Paota-Pragpura,Municipality,"102, 112, 117, 782",Jaipur | Rajsamand | Udaipur | Kotputli-Behror,AMBIGUOUS MATCH
8,296923,Bansur,Town Panchayat,"98, 112, 117, 782",Dholpur | Rajsamand | Udaipur | Kotputli-Behror,AMBIGUOUS MATCH
8,296924,Bhopalgarh,Town Panchayat,"98, 107, 112, 117",Dholpur | Jodhpur | Rajsamand | Udaipur,AMBIGUOUS MATCH
8,296925,Bassi,Town Panchayat,"97, 98, 102, 112, 117",Dausa | Dholpur | Jaipur | Rajsamand | Udaipur,AMBIGUOUS MATCH
8,296926,Mandawari,Town Panchayat,"98, 112, 117",Dholpur | Rajsamand | Udaipur,AMBIGUOUS MATCH
8,296927,Jawal,Town Panchayat,115,Sirohi,FULL MATCH
8,296930,Sarmathura,Town Panchayat,"98, 112, 117",Dholpur | Rajsamand | Udaipur,AMBIGUOUS MATCH
8,296931,Baseri,Town Panchayat,"98, 112, 117",Dholpur | Rajsamand | Udaipur,AMBIGUOUS MATCH
8,296932,Sapotra,Municipality,"108, 112, 117",Karauli | Rajsamand | Udaipur,AMBIGUOUS MATCH
8,296933,Sultanpur,Town Panchayat,"98, 109, 112, 117",Dholpur | Kota | Rajsamand | Udaipur,AMBIGUOUS MATCH
8,296934,Atru,Town Panchayat,"89, 98, 112, 117",Baran | Dholpur | Rajsamand | Udaipur,AMBIGUOUS MATCH
8,296935,Lalgarh-Jattan,Town Panchayat,"100, 101",Ganganagar | Hanumangarh,FULL MATCH
8,296936,Bamanwas,Town Panchayat,"98, 112, 113, 117",Dholpur | Rajsamand | Sawai Madhopur | Udaipur,AMBIGUOUS MATCH
29,296954,Kadaba,Town Panchayat,534,Dakshina Kannada,FULL MATCH
29,296955,Rattihalli,Town Panchayat,540,Haveri,FULL MATCH
18,296973,Jamugurihat Mb,Municipality,301,Sonitpur,FULL MATCH
29,296975,Madanayakanahalli,City Municipal Council,"525, 526",Bengaluru Urban | Bengaluru Rural,FULL MATCH
29,296976,Hunasagi,Town Panchayat,635,Yadgir,FULL MATCH
29,296977,Ajjampura,Town Panchayat,532,Chikkamagaluru,FULL MATCH
29,296978,Kalagi,Town Panchayat,538,Kalaburagi,FULL MATCH
1,296984,Municipal Committee Kalakote,Municipality,12,Rajouri,FULL MATCH
1,296985,Municipal Committee Watergam,Municipality,"3, 8",Baramulla | Kupwara,FULL MATCH
9,296986,Chhutmalpura,Town Panchayat,177,Saharanpur,FULL MATCH
1,296987,Municipal Committee Devsar,Municipality,622,Kulgam,FULL MATCH
1,296988,Municipal Committee Yaripora,Municipality,622,Kulgam,FULL MATCH
1,296989,Municipal Committee Frisal,Municipality,622,Kulgam,FULL MATCH
1,296990,Municipal Committee Ashmuqam,Municipality,1,Anantnag,FULL MATCH
1,296991,Municipal Committee Seer Hamdan,Municipality,1,Anantnag,FULL MATCH
18,296992,Sipajhar Mb,Municipality,"283, 617",Darrang | Udalguri,FULL MATCH
18,296999,Kajalgaon Tc,Town Panchayat,281,Bongaigaon,FULL MATCH
27,297006,Pandharpur,Municipality,496,Solapur,FULL MATCH
2,297009,Amb,Town Panchayat,26,Una,FULL MATCH
2,297010,Kandaghat,Town Panchayat,25,Solan,FULL MATCH
2,297011,Nirmand,Town Panchayat,20,Kullu,FULL MATCH
2,297012,Anni,Town Panchayat,20,Kullu,FULL MATCH
2,297013,Chirgaon,Town Panchayat,23,Shimla,FULL MATCH
2,297014,Nerwa,Town Panchayat,23,Shimla,FULL MATCH
2,297015,Shahpur,Town Panchayat,18,Kangra,FULL MATCH
36,297017,Kothur,Municipality,518,Ranga Reddy,FULL MATCH
9,297020,Hata,Municipality,160,Kushinagar,FULL MATCH
9,297022,Gangaghat,Municipality,186,Unnao,FULL MATCH
9,297023,Khekada,Municipality,124,Baghpat,FULL MATCH
9,297024,Kushinagar,Municipality,160,Kushinagar,AMBIGUOUS MATCH
9,297025,Bhinga,Municipality,181,Shrawasti,FULL MATCH
9,297026,Dataganj,Municipality,133,Budaun,FULL MATCH
9,297027,Gajralua,Municipality,154,Amroha,FULL MATCH
9,297029,Campierganj,Town Panchayat,148,Gorakhpur,FULL MATCH
9,297031,Ganeshpur,Town Panchayat,"131, 178",Basti | Sant Kabir Nagar,FULL MATCH
9,297032,Shamshabad,Town Panchayat,118,Agra,FULL MATCH
9,297033,Madrak,Town Panchayat,119,Aligarh,FULL MATCH
9,297034,Gaurabadshahpur,Town Panchayat,152,Jaunpur,FULL MATCH
9,297036,Tamkuhi Raj,Town Panchayat,160,Kushinagar,FULL MATCH
9,297037,Rajpur,Town Panchayat,156,Kanpur Dehat,FULL MATCH
9,297038,Lambhua,Town Panchayat,185,Sultanpur,FULL MATCH
9,297039,Mohanlalganj,Town Panchayat,162,Lucknow,FULL MATCH
9,297040,Partawal,Town Panchayat,164,Mahrajganj,FULL MATCH
9,297041,Paniyara,Town Panchayat,"151, 153",Jalaun | Jhansi,FULL MATCH
9,297042,Kohdaur,Town Panchayat,174,Pratapgarh,FULL MATCH
9,297044,Dala Bazar,Town Panchayat,184,Sonbhadra,FULL MATCH
9,297045,Pisawa,Town Panchayat,"119, 183",Aligarh | Sitapur,AMBIGUOUS MATCH
9,297046,Pakadia Naugawa,Town Panchayat,173,Pilibhit,FULL MATCH
9,297047,Narpat Nagar Doondawala,Town Panchayat,176,Rampur,FULL MATCH
9,297048,Banthra,Town Panchayat,180,Shahjahanpur,FULL MATCH
9,297049,Nigohi,Town Panchayat,"173, 180",Pilibhit | Shahjahanpur,FULL MATCH
9,297050,Biskohar,Town Panchayat,182,Siddharthnagar,FULL MATCH
9,297051,Kapilavastu,Town Panchayat,182,Siddharthnagar,FULL MATCH
9,297053,Baghnagar Urf Bakhira,Town Panchayat,178,Sant Kabir Nagar,FULL MATCH
9,297054,Suwansa Bazar,Town Panchayat,174,Pratapgarh,FULL MATCH
9,297055,Ait,Town Panchayat,"151, 153",Jalaun | Jhansi,FULL MATCH
9,297056,Badhani Chafa,Town Panchayat,182,Siddharthnagar,FULL MATCH
9,297057,Banda,Town Panchayat,"128, 165, 180",Banda | Mahoba | Shahjahanpur,AMBIGUOUS MATCH
9,297058,Barnahal,Town Panchayat,166,Mainpuri,FULL MATCH
9,297059,Belhar Kala,Town Panchayat,178,Sant Kabir Nagar,FULL MATCH
9,297060,Bhanpur Kaswa,Town Panchayat,133,Budaun,FULL MATCH
9,297061,Bharatbhari,Town Panchayat,"131, 182",Basti | Siddharthnagar,FULL MATCH
9,297062,Brijmanganj,Town Panchayat,164,Mahrajganj,FULL MATCH
9,297063,Dahagwan,Town Panchayat,"133, 659",Budaun | Sambhal,FULL MATCH
9,297064,Daranagar,Town Panchayat,158,Kaushambi,FULL MATCH
9,297065,Fazilnagar,Town Panchayat,137,Deoria,FULL MATCH
9,297066,Gaayghat,Town Panchayat,131,Basti,FULL MATCH
9,297067,Itwa,Town Panchayat,182,Siddharthnagar,FULL MATCH
9,297068,Kachgaon,Town Panchayat,152,Jaunpur,FULL MATCH
9,297070,Payagpur,Town Panchayat,125,Bahraich,FULL MATCH
9,297071,Agawanpur,Town Panchayat,171,Moradabad,FULL MATCH
9,297073,Babhnan Bazar,Town Panchayat,131,Basti,FULL MATCH
9,297075,Boodhanpur,Town Panchayat,"123, 132",Azamgarh | Bijnor,AMBIGUOUS MATCH
9,297076,Chandaus,Town Panchayat,119,Aligarh,FULL MATCH
9,297077,Chhitauni,Town Panchayat,160,Kushinagar,FULL MATCH
9,297078,Duddhi,Town Panchayat,184,Sonbhadra,FULL MATCH
9,297079,Khiwai,Town Panchayat,169,Meerut,FULL MATCH
9,297081,Makkhanpur,Town Panchayat,143,Firozabad,FULL MATCH
9,297083,Nagra,Town Panchayat,126,Ballia,FULL MATCH
9,297084,Nasirabad,Town Panchayat,175,Rae Bareli,FULL MATCH
9,297085,Nighasan,Town Panchayat,159,Kheri,FULL MATCH
9,297086,Poorav Pashchim Shareera,Town Panchayat,158,Kaushambi,FULL MATCH
9,297087,Prithviganj,Town Panchayat,174,Pratapgarh,FULL MATCH
9,297088,Rampur (Jaunpur),Town Panchayat,152,Jaunpur,FULL MATCH
9,297089,Raniya,Town Panchayat,156,Kanpur Dehat,FULL MATCH
9,297090,Saifani,Town Panchayat,"171, 659",Moradabad | Sambhal,FULL MATCH
9,297091,Zafrabad,Town Panchayat,152,Jaunpur,FULL MATCH
27,297092,Sillod Municipal Council,Municipality,469,Chhatrapati Sambhajinagar,FULL MATCH
36,297095,Nakrekal,Municipality,514,Nalgonda,FULL MATCH
24,297099,Mundra-Baroi,Municipality,449,Kachchh,FULL MATCH
23,297114,Bandri,Town Panchayat,425,Sagar,FULL MATCH
23,297116,Malthone,Town Panchayat,425,Sagar,FULL MATCH
6,297117,Manesar,Municipal Corporations,62,Gurugram,FULL MATCH
23,297118,Niwali Bujurg,Town Panchayat,393,Barwani,FULL MATCH
23,297119,Thikri,Town Panchayat,"393, 397, 414",Barwani | Burhanpur | Khargone (West Nimar),FULL MATCH
5,297128,Chaukhutiya,Town Panchayat,45,Almora,FULL MATCH
29,297129,Bainduru,Town Panchayat,549,Udupi,FULL MATCH
29,297131,Tikota,Town Panchayat,530,Vijayapura,FULL MATCH
29,297132,Yadrami,Town Panchayat,538,Kalaburagi,FULL MATCH
29,297133,Huliyaru,Town Panchayat,548,Tumakuru,FULL MATCH
23,297136,Manpur (Umaria),Town Panchayat,402,Dewas,FULL MATCH
9,297495,Kasba Sangrampur Urf Unwal,Town Panchayat,148,Gorakhpur,FULL MATCH
9,297623,Asothar,Town Panchayat,142,Fatehpur,FULL MATCH
9,297651,Musanagar,Town Panchayat,"156, 157",Kanpur Dehat | Kanpur Nagar,FULL MATCH
9,297714,Said Nagli,Town Panchayat,154,Amroha,FULL MATCH
9,297735,Nawabganj,Town Panchayat,130,Bareilly,FULL MATCH
9,297756,Khirauni(Suchittaganj),Town Panchayat,140,Ayodhya,FULL MATCH
9,297758,Kumarganj,Town Panchayat,140,Ayodhya,FULL MATCH
9,297802,Shahjahanpur,Municipal Corporations,180,Shahjahanpur,FULL MATCH
9,297807,Kalan,Town Panchayat,180,Shahjahanpur,FULL MATCH
9,297820,Rataul,Town Panchayat,124,Baghpat,FULL MATCH
9,297861,Ratsar Kala,Town Panchayat,126,Ballia,FULL MATCH
9,297864,Kanchausi,Town Panchayat,122,Auraiya,FULL MATCH
27,297866,Municipal Council Armori,Municipality,475,Gadchiroli,FULL MATCH
9,297922,Achal Ganj,Town Panchayat,186,Unnao,FULL MATCH
23,297930,Gunnor,Town Panchayat,420,Panna,FULL MATCH
9,298093,Munderwa,Town Panchayat,"131, 178",Basti | Sant Kabir Nagar,FULL MATCH
9,298095,Nagar Bazar,Town Panchayat,"131, 182",Basti | Siddharthnagar,FULL MATCH
9,298096,Kaptanganj Basti,Town Panchayat,131,Basti,FULL MATCH
9,298115,Gabhana,Town Panchayat,119,Aligarh,FULL MATCH
27,298888,Dehu,Town Panchayat,490,Pune,FULL MATCH
27,298893,Mahalung Shripur,Municipality,496,Solapur,FULL MATCH
27,298902,Ghugus,Municipality,473,Chandrapur,FULL MATCH
9,298915,Chauk,Town Panchayat,164,Mahrajganj,FULL MATCH
23,298917,Bilhara,Town Panchayat,425,Sagar,FULL MATCH
23,298918,Sirali,Town Panchayat,408,Harda,FULL MATCH
23,298919,Ghodadongri,Town Panchayat,394,Betul,FULL MATCH
23,298920,Shahpur,Town Panchayat,394,Betul,FULL MATCH
23,298921,Rannod,Town Panchayat,432,Shivpuri,FULL MATCH
23,298922,Bhensoda,Town Panchayat,416,Mandsaur,FULL MATCH
23,298923,Roun,Town Panchayat,431,Sheopur,FULL MATCH
23,298924,Malanpur,Town Panchayat,395,Bhind,FULL MATCH
23,298925,Dabhaura,Town Panchayat,424,Rewa,FULL MATCH
23,298926,Bakho,Town Panchayat,,,NO MATCH
23,298927,Dola,Town Panchayat,390,Anuppur,FULL MATCH
23,298928,Doomar Kachhar,Town Panchayat,390,Anuppur,FULL MATCH
23,298931,Bistan,Town Panchayat,"397, 414",Burhanpur | Khargone (West Nimar),FULL MATCH
23,298932,Chhapara,Town Panchayat,428,Seoni,FULL MATCH
23,298933,Keolari,Town Panchayat,415,Mandla,FULL MATCH
23,298934,Surkhi,Town Panchayat,425,Sagar,FULL MATCH
9,298935,Jahagirganj,Town Panchayat,121,Ambedkar Nagar,FULL MATCH
19,298972,Dankuni,Municipality,312,Hooghly,AMBIGUOUS MATCH
22,298990,Samoda,Town Panchayat,"387, 644",Raipur | Balodabazar-Bhatapara,FULL MATCH
22,298991,Chandkhuri,Town Panchayat,"377, 387, 645",Dhamtari | Raipur | Gariyaband,FULL MATCH
8,298994,Uchchain,Town Panchayat,"91, 98, 112, 117",Bharatpur | Dholpur | Rajsamand | Udaipur,AMBIGUOUS MATCH
8,298995,Sikri,Town Panchayat,"98, 112, 117, 767",Dholpur | Rajsamand | Udaipur | Deeg,AMBIGUOUS MATCH
9,299009,Charwa,Town Panchayat,158,Kaushambi,FULL MATCH
9,299010,Mau Mustkil,Town Panchayat,136,Chitrakoot,FULL MATCH
9,299012,Ramganj (Pratapgarh),Town Panchayat,174,Pratapgarh,FULL MATCH
9,299013,Dhakwa (Pratapgarh),Town Panchayat,174,Pratapgarh,FULL MATCH
9,299017,Kaisharganj,Town Panchayat,125,Bahraich,FULL MATCH
9,299018,Barauli,Town Panchayat,"134, 167",Bulandshahr | Mathura,AMBIGUOUS MATCH
9,299023,Jawan Sikandpur,Town Panchayat,119,Aligarh,FULL MATCH
9,299027,Mahmoodpur Mafi,Town Panchayat,"171, 659",Moradabad | Sambhal,FULL MATCH
9,299053,Anpara,Town Panchayat,184,Sonbhadra,FULL MATCH
9,299069,Dadiyal,Town Panchayat,154,Amroha,FULL MATCH
9,299071,Kurthijafarpur,Town Panchayat,168,Mau,FULL MATCH
9,299081,Ram Sanehi Ghat,Town Panchayat,129,Bara Banki,FULL MATCH
13,299082,Seyochung Town Council,Town Panchayat,"614, 765",Kiphire | Shamator,FULL MATCH
13,299083,Niuland Town Council,Town Panchayat,"244, 250, 613, 758, 764",Dimapur | Wokha | Peren | Chumoukedima | Niuland,FULL MATCH
13,299084,Tamlu Town Council,Town Panchayat,615,Longleng,FULL MATCH
13,299085,Aghunato Town Council,Town Panchayat,251,Zunheboto,FULL MATCH
13,299086,Atoizu Town Council,Town Panchayat,251,Zunheboto,FULL MATCH
13,299087,Satakha Town Council,Town Panchayat,251,Zunheboto,FULL MATCH
13,299088,Chiephobozou Town Council,Town Panchayat,"245, 251",Kohima | Zunheboto,FULL MATCH
6,299095,Siwan,Municipality,66,Kaithal,FULL MATCH
6,299096,Adampur,Municipality,"61, 63",Fatehabad | Hisar,FULL MATCH
10,299112,Narpatganj,Town Panchayat,188,Araria,FULL MATCH
10,299113,Jokihat,Town Panchayat,188,Araria,FULL MATCH
10,299114,Raniganj,Town Panchayat,188,Araria,FULL MATCH
10,299116,Kurtha,Town Panchayat,611,Arwal,FULL MATCH
10,299117,Deo,Town Panchayat,189,Aurangabad,FULL MATCH
10,299118,Barun,Town Panchayat,189,Aurangabad,FULL MATCH
10,299120,Baisi ,Town Panchayat,"190, 192",Banka | Bhagalpur,FULL MATCH
10,299121,Katoria,Town Panchayat,190,Banka,FULL MATCH
10,299123,Habibpur,Town Panchayat,"190, 192, 207",Banka | Bhagalpur | Munger,FULL MATCH
10,299126,Sabour,Town Panchayat,"190, 192",Banka | Bhagalpur,FULL MATCH
10,299127,Patepur,Town Panchayat,224,Vaishali,FULL MATCH
10,299128,Tribeniganj,Municipality,223,Supaul,FULL MATCH
10,299129,Pipra,Town Panchayat,"213, 223",Purbi Champaran | Supaul,AMBIGUOUS MATCH
10,299130,Raghopur,Town Panchayat,192,Bhagalpur,FULL MATCH
10,299131,Akbarnagar,Town Panchayat,192,Bhagalpur,FULL MATCH
10,299132,Hussainganj,Town Panchayat,222,Siwan,FULL MATCH
10,299133,Hasanpura,Town Panchayat,222,Siwan,FULL MATCH
10,299134,Andar,Town Panchayat,222,Siwan,FULL MATCH
10,299135,Pirpainti,Town Panchayat,192,Bhagalpur,FULL MATCH
10,299136,Guthani,Town Panchayat,222,Siwan,FULL MATCH
10,299138,Hathua,Town Panchayat,222,Siwan,FULL MATCH
10,299139,Basantpur,Town Panchayat,222,Siwan,FULL MATCH
10,299143,Barharia,Town Panchayat,222,Siwan,FULL MATCH
10,299145,Sheohar,Municipality,220,Sheohar,FULL MATCH
10,299146,Garhani,Town Panchayat,193,Bhojpur,FULL MATCH
10,299148,Suryagadha,Municipality,204,Lakhisarai,FULL MATCH
10,299149,Pupri,Municipality,221,Sitamarhi,FULL MATCH
10,299150,Sheikhopur Sarai,Town Panchayat,219,Sheikhpura,FULL MATCH
10,299151,Chewara,Town Panchayat,"204, 219",Lakhisarai | Sheikhpura,FULL MATCH
10,299156,Manjhi,Town Panchayat,218,Saran,FULL MATCH
10,299157,Mashrakh,Town Panchayat,218,Saran,FULL MATCH
10,299158,KAMTAUL Ahiyari,Town Panchayat,195,Darbhanga,FULL MATCH
10,299159,Jalalpur,Town Panchayat,218,Saran,FULL MATCH
10,299160,Nauhatta,Town Panchayat,216,Saharsa,FULL MATCH
10,299161,Sonbarsa,Town Panchayat,221,Sitamarhi,FULL MATCH
10,299162,Kahra,Town Panchayat,216,Saharsa,FULL MATCH
10,299163,Sour Bazar,Town Panchayat,216,Saharsa,FULL MATCH
10,299164,Simri Bakhtiarpur,Municipality,216,Saharsa,FULL MATCH
29,299169,Bashettihalli,Town Panchayat,"525, 526",Bengaluru Urban | Bengaluru Rural,FULL MATCH
10,299170,Bharwara,Town Panchayat,195,Darbhanga,FULL MATCH
10,299171,Haweli Kharagpur,Municipality,207,Munger,FULL MATCH
10,299173,Sarairanjan,Town Panchayat,217,Samastipur,FULL MATCH
10,299175,Tarapur,Town Panchayat,207,Munger,FULL MATCH
10,299176,Bihta,Municipality,212,Patna,FULL MATCH
10,299178,Sampatchak,Municipality,212,Patna,FULL MATCH
29,299179,Shiruru,Town Panchayat,549,Udupi,FULL MATCH
29,299180,Holehonnuru,Town Panchayat,547,Shivamogga,FULL MATCH
29,299181,Anavatti,Town Panchayat,547,Shivamogga,FULL MATCH
29,299183,Nyamathi,Town Panchayat,535,Davanagere,FULL MATCH
10,299185,Dobhi,Town Panchayat,196,Gaya,FULL MATCH
10,299186,Imamganj,Town Panchayat,196,Gaya,FULL MATCH
10,299187,Khizarsarai,Town Panchayat,196,Gaya,FULL MATCH
10,299188,Fatehpur,Town Panchayat,"190, 192",Banka | Bhagalpur,FULL MATCH
10,299189,Wazirganj,Town Panchayat,209,Nalanda,FULL MATCH
10,299195,Singhia,Town Panchayat,217,Samastipur,FULL MATCH
10,299196,Punpun,Town Panchayat,212,Patna,FULL MATCH
10,299198,Sikandra,Town Panchayat,198,Jamui,FULL MATCH
10,299203,Hata,Town Panchayat,200,Kaimur (Bhabua),FULL MATCH
10,299204,Kudra,Town Panchayat,"200, 215",Kaimur (Bhabua) | Rohtas,FULL MATCH
10,299205,Paliganj,Town Panchayat,212,Patna,FULL MATCH
10,299206,Ramgarh,Town Panchayat,200,Kaimur (Bhabua),FULL MATCH
10,299209,Kursela,Town Panchayat,"201, 214",Katihar | Purnia,FULL MATCH
10,299210,Korha,Town Panchayat,201,Katihar,FULL MATCH
10,299212,Balrampur,Town Panchayat,201,Katihar,FULL MATCH
10,299214,Beldaur,Town Panchayat,202,Khagaria,FULL MATCH
10,299215,Parbatta,Town Panchayat,202,Khagaria,FULL MATCH
10,299216,Mansi,Town Panchayat,202,Khagaria,FULL MATCH
10,299218,Alauli,Town Panchayat,202,Khagaria,FULL MATCH
10,299223,Minapur,Town Panchayat,"208, 220",Muzaffarpur | Sheohar,FULL MATCH
10,299224,Bihariganj,Town Panchayat,205,Madhepura,FULL MATCH
10,299225,Singheshwar,Town Panchayat,205,Madhepura,FULL MATCH
10,299226,Udakishunganj,Municipality,205,Madhepura,FULL MATCH
10,299227,Alamnagar,Town Panchayat,205,Madhepura,FULL MATCH
10,299228,Saraiya,Town Panchayat,208,Muzaffarpur,FULL MATCH
10,299229,Shahpur Patori,Municipality,217,Samastipur,FULL MATCH
10,299230,Kurhani,Town Panchayat,208,Muzaffarpur,FULL MATCH
10,299232,Amour,Town Panchayat,218,Saran,FULL MATCH
10,299233,Kasba,Municipality,214,Purnia,FULL MATCH
10,299234,Banmankhi,Municipality,"188, 214",Araria | Purnia,FULL MATCH
10,299236,Dhamdaha,Town Panchayat,214,Purnia,FULL MATCH
10,299237,Bhawanipur,Town Panchayat,"211, 214",Pashchim Champaran | Purnia,AMBIGUOUS MATCH
10,299238,Rupauli,Town Panchayat,214,Purnia,FULL MATCH
10,299240,Sakra,Town Panchayat,208,Muzaffarpur,FULL MATCH
23,299252,Piprai,Town Panchayat,391,Ashoknagar,FULL MATCH
23,299255,Madhusudangarh,Town Panchayat,406,Guna,FULL MATCH
10,299271,Mirganj,Town Panchayat,"208, 222",Muzaffarpur | Siwan,AMBIGUOUS MATCH
10,299272,Champanagar,Town Panchayat,192,Bhagalpur,FULL MATCH
10,299273,Jandaha,Town Panchayat,224,Vaishali,FULL MATCH
23,299278,Rajnagar Bangawan,Town Panchayat,390,Anuppur,FULL MATCH
10,299284,Phulparas,Town Panchayat,206,Madhubani,FULL MATCH
10,299285,Giriak,Town Panchayat,209,Nalanda,FULL MATCH
10,299288,Chandi,Town Panchayat,209,Nalanda,FULL MATCH
23,299289,Mohna,Town Panchayat,407,Gwalior,FULL MATCH
10,299291,Benipatti,Town Panchayat,"206, 221",Madhubani | Sitamarhi,FULL MATCH
10,299293,Asthawan,Town Panchayat,209,Nalanda,FULL MATCH
10,299296,Parbalpur,Town Panchayat,209,Nalanda,FULL MATCH
10,299297,Sarmera,Town Panchayat,209,Nalanda,FULL MATCH
10,299298,Pauakhali,Town Panchayat,203,Kishanganj,FULL MATCH
23,299299,Magroni,Town Panchayat,432,Shivpuri,FULL MATCH
10,299300,Rahui,Town Panchayat,209,Nalanda,FULL MATCH
10,299301,Ekangarsarai,Town Panchayat,209,Nalanda,FULL MATCH
10,299304,Karakat,Town Panchayat,215,Rohtas,FULL MATCH
10,299306,Dinara,Town Panchayat,215,Rohtas,FULL MATCH
10,299307,Chenari,Town Panchayat,215,Rohtas,FULL MATCH
10,299316,Rajgir,Municipality,209,Nalanda,FULL MATCH
29,299317,Lokapura,Town Panchayat,524,Bagalkote,FULL MATCH
29,299318,Chikkabanavara,Town Municipal Council,525,Bengaluru Urban,FULL MATCH
29,299319,Hunasamaranahalli,Town Municipal Council,525,Bengaluru Urban,FULL MATCH
29,299320,Bajape,Town Panchayat,534,Dakshina Kannada,FULL MATCH
29,299321,Kinnigoli,Town Panchayat,534,Dakshina Kannada,FULL MATCH
29,299322,Rammanahalli,Town Panchayat,545,Mysuru,FULL MATCH
29,299323,Kadakola,Town Panchayat,545,Mysuru,FULL MATCH
29,299325,Srirampura,Town Panchayat,545,Mysuru,FULL MATCH
29,299326,Harohalli,Town Panchayat,631,Bengaluru South,FULL MATCH
29,299327,Babaleshwar,Town Panchayat,530,Vijayapura,FULL MATCH
29,299328,Manki,Town Panchayat,550,Uttara Kannada,FULL MATCH
29,299329,Ankalagi-Akkathangerahal,Town Panchayat,527,Belagavi,FULL MATCH
29,299330,Yaragatti,Town Panchayat,527,Belagavi,FULL MATCH
29,299331,Kagawada,Town Panchayat,,,NO MATCH
29,299332,Machhe,Town Panchayat,527,Belagavi,FULL MATCH
29,299333,Peeranawadi,Town Panchayat,527,Belagavi,FULL MATCH
29,299334,Bogadi,Town Panchayat,545,Mysuru,FULL MATCH
29,299335,Hootagalli,City Municipal Council,545,Mysuru,FULL MATCH
10,299337,Noorsarai,Town Panchayat,209,Nalanda,FULL MATCH
29,299416,Bangarpete,Town Municipal Council,542,Kolar,FULL MATCH
29,299417,Mkhubballi,Town Panchayat,527,Belagavi,FULL MATCH
10,299448,Tajpur,Municipality,217,Samastipur,FULL MATCH
10,299454,Nalanda,Town Panchayat,209,Nalanda,FULL MATCH
3,299456,Gharuan,Town Panchayat,608,S.A.S Nagar,FULL MATCH
3,299457,Baba Bakala,Town Panchayat,"27, 609",Amritsar | Tarn Taran,FULL MATCH
3,299458,Adda Devigarh,Town Panchayat,41,Patiala,FULL MATCH
33,299500,Nagapattinam,Municipality,579,Nagapattinam,FULL MATCH
5,299524,Dhandera,Town Panchayat,50,Haridwar,FULL MATCH
5,299525,Garud,Town Panchayat,46,Bageshwar,FULL MATCH
5,299526,Imlikheda,Town Panchayat,50,Haridwar,FULL MATCH
5,299527,Lalpur,Town Panchayat,56,Udham Singh Nagar,FULL MATCH
5,299528,Nagla,Municipality,56,Udham Singh Nagar,FULL MATCH
5,299529,Rampur,Town Panchayat,49,Dehradun,FULL MATCH
5,299531,Tapovan,Town Panchayat,49,Dehradun,FULL MATCH
5,299532,Thalisain,Town Panchayat,52,Pauri Garhwal,FULL MATCH
8,299534,Borawar,Town Panchayat,"98, 112, 117, 768",Dholpur | Rajsamand | Udaipur | Didwana-Kuchaman,AMBIGUOUS MATCH
8,299535,Kotkasim,Town Panchayat,"98, 112, 117, 770",Dholpur | Rajsamand | Udaipur | Khairthal-Tijara,AMBIGUOUS MATCH
8,299536,Govindgarh,Municipality,"87, 102, 112, 117",Alwar | Jaipur | Rajsamand | Udaipur,AMBIGUOUS MATCH
12,299582,Dumporijo,Town Panchayat,241,Upper Subansiri,FULL MATCH
12,299583,Kimin,Town Panchayat,237,Papum Pare,FULL MATCH
12,299584,Doimukh,Town Panchayat,237,Papum Pare,FULL MATCH
12,299585,Raga,Town Panchayat,"236, 718, 786",Lower Subansiri | Kamle | Keyi Panyor,FULL MATCH
12,299586,Bordumsa,Town Panchayat,229,Changlang,FULL MATCH
12,299587,Chayangtajo,Town Panchayat,"231, 723, 787",East Kameng | Pakke Kessang | Bichom,FULL MATCH
12,299588,Hayuliang,Town Panchayat,628,Anjaw,FULL MATCH
12,299589,Kalaktang,Town Panchayat,242,West Kameng,FULL MATCH
12,299590,Kharsang,Town Panchayat,229,Changlang,FULL MATCH
12,299591,Lemmi,Town Panchayat,"231, 723, 787",East Kameng | Pakke Kessang | Bichom,FULL MATCH
12,299592,Ruksin,Town Panchayat,232,East Siang,FULL MATCH
12,299593,Rupa,Town Panchayat,242,West Kameng,FULL MATCH
12,299594,Sangram,Town Panchayat,"233, 677",Kurung Kumey | Kra Daadi,FULL MATCH
12,299595,Tato,Town Panchayat,725,Shi Yomi,FULL MATCH
12,299596,Yachuli,Town Panchayat,"237, 786",Papum Pare | Keyi Panyor,FULL MATCH
12,299597,Mechuka,Town Panchayat,725,Shi Yomi,FULL MATCH
28,299612,Ysr Tadigadapa,Municipality,510,Krishna,FULL MATCH
22,299657,Amleshwar,Municipality,378,Durg,FULL MATCH
28,299713,Alluru,Town Panchayat,"515, 517, 790",Sri Potti Sriramulu Nellore | Prakasam | Markapuram,AMBIGUOUS MATCH
28,299714,B Kothakota,Town Panchayat,790,Markapuram,FULL MATCH
28,299715,Chinthalapudi,Town Panchayat,"517, 748, 790",Prakasam | Eluru | Markapuram,AMBIGUOUS MATCH
28,299716,Podili,Town Panchayat,790,Markapuram,FULL MATCH
5,299749,Padali Gurjar,Town Panchayat,50,Haridwar,FULL MATCH
8,299753,Khajuwala,Town Panchayat,"93, 98, 100, 112, 117",Bikaner | Dholpur | Ganganagar | Rajsamand | Udaipur,AMBIGUOUS MATCH
8,299757,Siwana,Town Panchayat,"98, 112, 117, 775",Dholpur | Rajsamand | Udaipur | Balotra,AMBIGUOUS MATCH
8,299764,Jayal,Town Panchayat,"98, 110, 112, 117, 768",Dholpur | Nagaur | Rajsamand | Udaipur | Didwana-Kuchaman,AMBIGUOUS MATCH
8,299765,Mandawar,Town Panchayat,"98, 109, 112, 117, 770",Dholpur | Kota | Rajsamand | Udaipur | Khairthal-Tijara,AMBIGUOUS MATCH
19,299774,Falakata,Municipality,664,Alipurduar,FULL MATCH
8,299784,Balesar Satta,Town Panchayat,"98, 107, 112, 117, 772",Dholpur | Jodhpur | Rajsamand | Udaipur | Phalodi,AMBIGUOUS MATCH
23,299804,Bargawan (Amlai),Town Panchayat,,,NO MATCH
8,299825,Bonli,Town Panchayat,"98, 112, 113, 117",Dholpur | Rajsamand | Sawai Madhopur | Udaipur,AMBIGUOUS MATCH
8,299934,Tapukara,Town Panchayat,"98, 112, 117, 770",Dholpur | Rajsamand | Udaipur | Khairthal-Tijara,AMBIGUOUS MATCH
8,299935,Neemrana,Municipality,"112, 117, 782",Rajsamand | Udaipur | Kotputli-Behror,AMBIGUOUS MATCH
8,299936,Hameergarh,Town Panchayat,"92, 98, 112, 117",Bhilwara | Dholpur | Rajsamand | Udaipur,AMBIGUOUS MATCH
8,299937,Tibbi,Town Panchayat,"98, 100, 101, 112, 117",Dholpur | Ganganagar | Hanumangarh | Rajsamand | Udaipur,AMBIGUOUS MATCH
8,299939,Gudhagorji,Town Panchayat,"98, 106, 112, 117",Dholpur | Jhunjhunu | Rajsamand | Udaipur,AMBIGUOUS MATCH
8,299940,Raniwada,Town Panchayat,"98, 104, 112, 117",Dholpur | Jalore | Rajsamand | Udaipur,AMBIGUOUS MATCH
8,299941,Danta,Town Panchayat,"98, 112, 114, 117",Dholpur | Rajsamand | Sikar | Udaipur,AMBIGUOUS MATCH
8,299942,Dhariawad,Town Panchayat,"98, 112, 117, 629",Dholpur | Rajsamand | Udaipur | Pratapgarh,AMBIGUOUS MATCH
18,299966,Deithor Town Committee,Town Panchayat,292,Karbi Anglong,FULL MATCH
18,299967,Dolamara Town Committee,Town Panchayat,288,Golaghat,FULL MATCH
18,299968,Manja Town Committee,Town Panchayat,292,Karbi Anglong,FULL MATCH
18,299969,Phuloni Centre Town Committee,Town Panchayat,292,Karbi Anglong,FULL MATCH
18,299970,Rongmongve Town Committee,Town Panchayat,297,Nagaon,FULL MATCH
18,299971,Samelangso Town Committee,Town Panchayat,292,Karbi Anglong,FULL MATCH
8,299974,Bardod,Town Panchayat,"98, 112, 117, 782",Dholpur | Rajsamand | Udaipur | Kotputli-Behror,AMBIGUOUS MATCH
8,299976,Basni,Town Panchayat,"98, 110, 112, 117",Dholpur | Nagaur | Rajsamand | Udaipur,AMBIGUOUS MATCH
8,299977,Ajeetgarh,Town Panchayat,"98, 112, 117, 774",Dholpur | Rajsamand | Udaipur | Beawar,AMBIGUOUS MATCH
27,300027,Pali,Town Panchayat,491,Raigad,FULL MATCH
8,300050,Semari,Town Panchayat,"98, 112, 117, 777",Dholpur | Rajsamand | Udaipur | Salumbar,AMBIGUOUS MATCH
23,300085,Barodiyakalan,Town Panchayat,425,Sagar,FULL MATCH
21,300314,Remuna,Notified Area Council,346,Balasore,FULL MATCH
8,300321,Narayana,Town Panchayat,"98, 102, 112, 117",Dholpur | Jaipur | Rajsamand | Udaipur,AMBIGUOUS MATCH
8,300322,Marwar Junction,Town Panchayat,"98, 111, 112, 117, 774",Dholpur | Pali | Rajsamand | Udaipur | Beawar,AMBIGUOUS MATCH
8,300344,Bahadurpur,Town Panchayat,"87, 98, 112, 117",Alwar | Dholpur | Rajsamand | Udaipur,AMBIGUOUS MATCH
8,300345,Rishabhdeo,Town Panchayat,"117, 777",Udaipur | Salumbar,FULL MATCH
8,300347,Baroda Meo,Town Panchayat,"87, 98, 112, 117",Alwar | Dholpur | Rajsamand | Udaipur,AMBIGUOUS MATCH
8,300350,Manoharpur,Town Panchayat,"98, 102, 112, 117",Dholpur | Jaipur | Rajsamand | Udaipur,AMBIGUOUS MATCH
22,300355,Mandir Hasod,Municipality,"377, 387, 645",Dhamtari | Raipur | Gariyaband,FULL MATCH
20,300370,Mahagama Municipal Corporation,Town Panchayat,,,NO MATCH
20,300371,Hariharganj Municipal Corporation,Municipal Corporations,338,Palamu,FULL MATCH
20,300374,Chhatarpur ,Town Panchayat,338,Palamu,FULL MATCH
33,300381,Pugalur,Municipality,576,Karur,FULL MATCH
27,300382,Angar,Town Panchayat,496,Solapur,FULL MATCH
27,300383,Akluj,Municipality,496,Solapur,FULL MATCH
27,300384,Natepute,Town Panchayat,496,Solapur,FULL MATCH
27,300385,Vairag,Town Panchayat,496,Solapur,FULL MATCH
23,300386,Sarai,Town Panchayat,638,Singrauli,FULL MATCH
23,300387,Karrapur,Town Panchayat,425,Sagar,FULL MATCH
23,300388,Punasa,Town Panchayat,405,Khandwa (East Nimar),FULL MATCH
27,300391,Manchar,Town Panchayat,490,Pune,FULL MATCH
27,300392,Bhisi,Town Panchayat,,,NO MATCH
27,300394,Malegaon Budruk,Town Panchayat,490,Pune,FULL MATCH
23,300395,Bargawan,Town Panchayat,638,Singrauli,FULL MATCH
27,300410,Atpadi,Town Panchayat,493,Sangli,FULL MATCH
5,300431,Imlikhera,Town Panchayat,50,Haridwar,FULL MATCH
18,300487,Kokrajhar Mb,Municipality,294,Kokrajhar,FULL MATCH
18,300488,Bilasipara Tc,Town Panchayat,285,Dhubri,FULL MATCH
18,300489,Chapar Tc,Town Panchayat,285,Dhubri,FULL MATCH
18,300491,Golokganj Tc,Town Panchayat,285,Dhubri,FULL MATCH
18,300492,Lakhipur Tc,Town Panchayat,"282, 287",Cachar | Goalpara,AMBIGUOUS MATCH
18,300493,Jamugurihat Tc,Town Panchayat,301,Sonitpur,FULL MATCH
18,300494,Bokakhat Tc,Town Panchayat,288,Golaghat,FULL MATCH
18,300495,Lanka Mb,Town Panchayat,709,Hojai,FULL MATCH
9,300509,Rajesultanpur,Town Panchayat,121,Ambedkar Nagar,FULL MATCH
9,300510,Martinganj,Town Panchayat,123,Azamgarh,FULL MATCH
9,300511,Rupaideeha,Town Panchayat,125,Bahraich,FULL MATCH
9,300512,Gaisari,Town Panchayat,127,Balrampur,FULL MATCH
9,300532,Hainsar Bazar Dhanghata,Town Panchayat,"131, 178",Basti | Sant Kabir Nagar,FULL MATCH
10,300544,Barauni,Municipality,191,Begusarai,FULL MATCH
10,300545,Brahmpur,Town Panchayat,"193, 194",Bhojpur | Buxar,FULL MATCH
10,300546,Chausa,Town Panchayat,194,Buxar,FULL MATCH
10,300547,Itarhi,Town Panchayat,194,Buxar,FULL MATCH
10,300548,Ghoshi,Town Panchayat,199,Jehanabad,FULL MATCH
10,300549,Asarganj,Town Panchayat,207,Munger,FULL MATCH
10,300550,Sangrampur,Town Panchayat,"190, 207",Banka | Munger,FULL MATCH
10,300551,Madhopur Susta,Town Panchayat,208,Muzaffarpur,FULL MATCH
10,300552,Muraul,Town Panchayat,208,Muzaffarpur,FULL MATCH
10,300553,Pawapuri,Town Panchayat,209,Nalanda,FULL MATCH
10,300554,Rajauli,Town Panchayat,210,Nawada,FULL MATCH
10,300555,Lauria,Town Panchayat,211,Pashchim Champaran,FULL MATCH
10,300556,Macharganwa,Town Panchayat,213,Purbi Champaran,FULL MATCH
10,300557,Jankinagar,Town Panchayat,"188, 214",Araria | Purnia,FULL MATCH
10,300558,Bangaon,Town Panchayat,205,Madhepura,FULL MATCH
10,300559,Musri Gharari,Town Panchayat,217,Samastipur,FULL MATCH
10,300560,Kopa,Town Panchayat,218,Saran,FULL MATCH
10,300561,Gopalpur,Town Panchayat,218,Saran,FULL MATCH
10,300562,Simrahi,Town Panchayat,223,Supaul,FULL MATCH
10,300563,Goraul,Town Panchayat,"208, 224",Muzaffarpur | Vaishali,FULL MATCH
10,300564,Baruraaj,Town Panchayat,208,Muzaffarpur,FULL MATCH
10,300565,Bounsi,Town Panchayat,"190, 192",Banka | Bhagalpur,FULL MATCH
5,300592,Sultanpur-Adampur,Town Panchayat,50,Haridwar,FULL MATCH
33,300593,Kalakadu,Municipality,592,Tirunelveli,FULL MATCH
9,300651,Sankisa Basantpur,Town Panchayat,141,Farrukhabad,FULL MATCH
9,300652,Khimsepur,Town Panchayat,141,Farrukhabad,FULL MATCH
9,300693,Garwara,Town Panchayat,174,Pratapgarh,FULL MATCH
9,300705,Mathauli,Town Panchayat,160,Kushinagar,FULL MATCH
9,300707,Heeraganj Bazaar,Town Panchayat,174,Pratapgarh,FULL MATCH
9,300713,Mirhachi,Town Panchayat,"138, 633",Etah | Kasganj,FULL MATCH
9,300719,Bhira,Town Panchayat,159,Kheri,FULL MATCH
9,300721,Uruwa Bazar,Town Panchayat,148,Gorakhpur,FULL MATCH
9,300729,Bhaluani,Town Panchayat,137,Deoria,FULL MATCH
9,300739,Shivgarh,Town Panchayat,175,Rae Bareli,FULL MATCH
9,300750,Ghaghsarabazar,Town Panchayat,148,Gorakhpur,FULL MATCH
9,300768,Baitalpur,Town Panchayat,137,Deoria,FULL MATCH
9,300772,Derva(Pratapgarh),Town Panchayat,174,Pratapgarh,FULL MATCH
9,300774,Mandhata(Pratapgarh),Town Panchayat,174,Pratapgarh,FULL MATCH
9,300776,Katra Gulab Singh,Town Panchayat,174,Pratapgarh,FULL MATCH
9,300779,Hetimpur,Town Panchayat,"137, 160",Deoria | Kushinagar,FULL MATCH
9,300782,Pathardewa,Town Panchayat,137,Deoria,FULL MATCH
9,300789,Madanpur,Town Panchayat,137,Deoria,FULL MATCH
9,300807,Tarkulwa,Town Panchayat,137,Deoria,FULL MATCH
9,300833,Karikan Dhata,Town Panchayat,142,Fatehpur,FULL MATCH
9,300839,Khakhareru,Town Panchayat,142,Fatehpur,FULL MATCH
9,300865,Maa Kamakhya,Town Panchayat,140,Ayodhya,FULL MATCH
9,300930,Mihinpurwa,Town Panchayat,125,Bahraich,FULL MATCH
9,301012,Tarabganj,Town Panchayat,147,Gonda,FULL MATCH
9,301014,Belsar,Town Panchayat,,,NO MATCH
9,301016,Dhanepur,Town Panchayat,"127, 147",Balrampur | Gonda,FULL MATCH
29,301061,Naganur,Town Panchayat,527,Belagavi,FULL MATCH
27,301078,Besa Pipla Nagar Panchayat,Town Panchayat,484,Nagpur,FULL MATCH
29,301079,Kamatagi,Town Panchayat,524,Bagalkote,FULL MATCH
29,301080,Kamalapura Kalburgi,Town Panchayat,538,Kalaburagi,FULL MATCH
27,301085,Bahadura Nagar Panchayat,Town Panchayat,484,Nagpur,FULL MATCH
27,301086,Kandri Kanhan Nagar Panchayat,Town Panchayat,,,NO MATCH
19,301103,Maynaguri,Municipality,314,Jalpaiguri,FULL MATCH
24,301161,Nakhatrana,Municipality,449,Kachchh,FULL MATCH
29,301176,Doddathoguru,Town Panchayat,525,Bengaluru Urban,FULL MATCH
9,301241,Jhansi Railway Settlement,Notified Area Council,153,Jhansi,FULL MATCH
9,301242,Banaras Locomotive Works,Notified Area Council,187,Varanasi,FULL MATCH
9,301243,Pt. Deen Dayal Upadhyaya Nagar,Notified Area Council,135,Chandauli,FULL MATCH
9,301244,Hindalco Industries Ltd. Renukoot,Notified Area Council,170,Mirzapur,AMBIGUOUS MATCH
9,301249,Grasim Industries Ltd,Notified Area Council,,,NO MATCH
9,301253,Jahanaganj,Town Panchayat,141,Farrukhabad,FULL MATCH
9,301254,Madhuban,Town Panchayat,168,Mau,FULL MATCH
10,301272,SINGHWARA,Town Panchayat,195,Darbhanga,FULL MATCH
10,301276,KUSHESWAR ASTHAN EAST,Town Panchayat,195,Darbhanga,FULL MATCH
10,301277,HAYAGHAT,Town Panchayat,195,Darbhanga,FULL MATCH
10,301283,Baheri,Town Panchayat,195,Darbhanga,FULL MATCH
10,301284,Biraul,Town Panchayat,195,Darbhanga,FULL MATCH
10,301285,GHANSHYAMPUR,Town Panchayat,195,Darbhanga,FULL MATCH
10,301286,Jale,Municipality,195,Darbhanga,FULL MATCH
10,301296,ROHTAS,Town Panchayat,215,Rohtas,FULL MATCH
10,301330,BARARI,Town Panchayat,192,Bhagalpur,FULL MATCH
10,301334,KAKO,Town Panchayat,199,Jehanabad,FULL MATCH
10,301353,Yogapatti,Town Panchayat,211,Pashchim Champaran,FULL MATCH
9,301364,Harra,Town Panchayat,,,NO MATCH
10,301385,AMDABAD,Town Panchayat,201,Katihar,FULL MATCH
9,301389,Nawabganj (Bara Banki),Municipality,129,Bara Banki,FULL MATCH
18,301400,Baithalangso,Town Panchayat,"292, 710",Karbi Anglong | West Karbi Anglong,FULL MATCH
8,301404,Khirni,Municipality,113,Sawai Madhopur,FULL MATCH
8,301405,Ahore,Town Panchayat,"98, 104, 112, 117",Dholpur | Jalore | Rajsamand | Udaipur,AMBIGUOUS MATCH
8,301406,Lawan,Municipality,"97, 102, 112, 117, 774",Dausa | Jaipur | Rajsamand | Udaipur | Beawar,AMBIGUOUS MATCH
8,301407,Malakheda,Municipality,"87, 112, 117, 770, 774",Alwar | Rajsamand | Udaipur | Khairthal-Tijara | Beawar,AMBIGUOUS MATCH
8,301408,Vallabhnagar,Municipality,"87, 112, 117, 774",Alwar | Rajsamand | Udaipur | Beawar,AMBIGUOUS MATCH
8,301409,Singhana,Municipality,"87, 106, 112, 117, 774",Alwar | Jhunjhunu | Rajsamand | Udaipur | Beawar,AMBIGUOUS MATCH
8,301410,Ramgarh Pachwara,Municipality,"97, 112, 117, 774",Dausa | Rajsamand | Udaipur | Beawar,AMBIGUOUS MATCH
8,301411,Baswa,Town Panchayat,"97, 98, 112, 117",Dausa | Dholpur | Rajsamand | Udaipur,AMBIGUOUS MATCH
8,301412,Bap,Town Panchayat,"93, 98, 112, 117",Bikaner | Dholpur | Rajsamand | Udaipur,AMBIGUOUS MATCH
8,301413,Mandrayal,Municipality,"108, 112, 117, 774",Karauli | Rajsamand | Udaipur | Beawar,AMBIGUOUS MATCH
8,301414,Dei,Town Panchayat,"94, 98, 112, 117",Bundi | Dholpur | Rajsamand | Udaipur,AMBIGUOUS MATCH
8,301415,Kathumar,Municipality,"87, 112, 117, 774",Alwar | Rajsamand | Udaipur | Beawar,AMBIGUOUS MATCH
8,301416,Raipur,Municipality,"92, 112, 117, 774",Bhilwara | Rajsamand | Udaipur | Beawar,AMBIGUOUS MATCH
8,301417,Sawar,Municipality,"112, 117, 774",Rajsamand | Udaipur | Beawar,AMBIGUOUS MATCH
8,301433,Akola,Town Panchayat,"95, 98, 112, 117",Chittorgarh | Dholpur | Rajsamand | Udaipur,AMBIGUOUS MATCH
8,301435,Bhandarej,Town Panchayat,"97, 98, 112, 117",Dausa | Dholpur | Rajsamand | Udaipur,AMBIGUOUS MATCH
8,301436,Bhim,Town Panchayat,"98, 112, 117",Dholpur | Rajsamand | Udaipur,AMBIGUOUS MATCH
8,301437,Dalot,Town Panchayat,"112, 117",Rajsamand | Udaipur,FULL MATCH
8,301438,Dudu,Municipality,"102, 112, 117, 774",Jaipur | Rajsamand | Udaipur | Beawar,AMBIGUOUS MATCH
8,301439,Dooni,Town Panchayat,"98, 112, 116, 117",Dholpur | Rajsamand | Tonk | Udaipur,AMBIGUOUS MATCH
8,301440,Fhagi,Town Panchayat,"98, 102, 112, 117",Dholpur | Jaipur | Rajsamand | Udaipur,AMBIGUOUS MATCH
8,301442,Goluwala,Town Panchayat,"98, 100, 101, 112, 117",Dholpur | Ganganagar | Hanumangarh | Rajsamand | Udaipur,AMBIGUOUS MATCH
8,301443,Kelwara,Town Panchayat,"98, 112, 117",Dholpur | Rajsamand | Udaipur,AMBIGUOUS MATCH
8,301445,Mawali,Municipality,"112, 117, 774",Rajsamand | Udaipur | Beawar,AMBIGUOUS MATCH
8,301446,Nauganwa,Town Panchayat,"98, 112, 117, 767",Dholpur | Rajsamand | Udaipur | Deeg,AMBIGUOUS MATCH
8,301449,Maharana Pratap Nagar Palika Sarada-Chawand,Town Panchayat,"98, 112, 117",Dholpur | Rajsamand | Udaipur,AMBIGUOUS MATCH
8,301451,Sikaray,Municipality,"97, 112, 117, 774",Dausa | Rajsamand | Udaipur | Beawar,AMBIGUOUS MATCH
8,301453,Suket,Town Panchayat,"98, 112, 117",Dholpur | Rajsamand | Udaipur,AMBIGUOUS MATCH
8,301454,Vajirpur,Town Panchayat,"98, 108, 112, 113, 117",Dholpur | Karauli | Rajsamand | Sawai Madhopur | Udaipur,AMBIGUOUS MATCH
8,301455,Vatika,Municipality,"102, 112, 117",Jaipur | Rajsamand | Udaipur,AMBIGUOUS MATCH
8,301457,Hindoli,Municipality,"94, 112, 117, 774",Bundi | Rajsamand | Udaipur | Beawar,AMBIGUOUS MATCH
8,301458,Mubarikpur,Town Panchayat,"87, 98, 112, 117",Alwar | Dholpur | Rajsamand | Udaipur,AMBIGUOUS MATCH
8,301459,Ramdevra,Town Panchayat,"98, 112, 117",Dholpur | Rajsamand | Udaipur,AMBIGUOUS MATCH
8,301460,Seeswali,Town Panchayat,"98, 112, 117",Dholpur | Rajsamand | Udaipur,AMBIGUOUS MATCH
8,301461,Mundawar,Town Panchayat,"98, 112, 117, 770",Dholpur | Rajsamand | Udaipur | Khairthal-Tijara,AMBIGUOUS MATCH
8,301462,Ponkh,Town Panchayat,"98, 106, 112, 117",Dholpur | Jhunjhunu | Rajsamand | Udaipur,AMBIGUOUS MATCH
22,301507,Indouri,Town Panchayat,382,Kabeerdham,FULL MATCH
22,301508,Dadhi,Town Panchayat,650,Bemetara,FULL MATCH
22,301509,Sarsiwan,Town Panchayat,"387, 763",Raipur | Sarangarh-Bilaigarh,FULL MATCH
22,301510,Banki Mongra,Municipality,383,Korba,FULL MATCH
22,301511,Bhinbhouree,Town Panchayat,"378, 650",Durg | Bemetara,FULL MATCH
22,301512,Pamgarh,Town Panchayat,"375, 379",Bilaspur | Janjgir-Champa,FULL MATCH
22,301513,Marwahi,Town Panchayat,734,Gaurela-Pendra-Marwahi,FULL MATCH
22,301514,Kopra,Town Panchayat,645,Gariyaband,FULL MATCH
22,301515,Janakpur,Town Panchayat,760,Manendragarh-Chirmiri-Bharatpur(M C B),FULL MATCH
22,301522,Barela,Town Panchayat,"375, 647",Bilaspur | Mungeli,FULL MATCH
22,301526,Nariyara,Town Panchayat,379,Janjgir-Champa,FULL MATCH
22,301527,Pawni,Town Panchayat,"644, 763",Balodabazar-Bhatapara | Sarangarh-Bilaigarh,FULL MATCH
22,301528,Rohansi,Town Panchayat,644,Balodabazar-Bhatapara,FULL MATCH
36,301596,Asifabad,Municipality,699,Kumuram Bheem Asifabad,FULL MATCH
22,301630,Jarhagaon,Town Panchayat,647,Mungeli,FULL MATCH
24,301666,KV 33 of 2024 UDUHD-CMO-e-file-18-2023-1647-M,Municipality,461,Vadodara,FULL MATCH
24,301667,KV 51 of 2024 UDUHD-MISC-MPMLA-18-2024-1370-M,Municipality,673,Morbi,FULL MATCH
29,301790,Konappanaagrahara,Town Municipal Council,525,Bengaluru Urban,FULL MATCH
22,301808,Lal Bahadur Nagar,Town Panchayat,388,Rajnandgaon,FULL MATCH
22,301809,Patna,Town Panchayat,384,Korea,FULL MATCH
22,301812,Devbhog,Town Panchayat,645,Gariyaband,FULL MATCH
22,301834,Kusmi,Town Panchayat,649,Balrampur-Ramanujganj,FULL MATCH
22,301867,Shivnandanpur,Town Panchayat,648,Surajpur,FULL MATCH
5,301877,Pati,Town Panchayat,48,Champawat,FULL MATCH
5,301879,Munsyari,Town Panchayat,53,Pithoragarh,FULL MATCH
5,301880,Garhinegi,Town Panchayat,56,Udham Singh Nagar,FULL MATCH
5,301881,Guptkashi,Town Panchayat,54,Rudraprayag,FULL MATCH
5,301882,Nandanagar,Town Panchayat,47,Chamoli,FULL MATCH
8,301900,Tinwari,Municipality,"107, 112, 117, 774",Jodhpur | Rajsamand | Udaipur | Beawar,AMBIGUOUS MATCH
8,301901,Tantoti,Municipality,"112, 117, 774",Rajsamand | Udaipur | Beawar,AMBIGUOUS MATCH
8,301904,Peeplu,Municipality,116,Tonk,FULL MATCH
8,301905,Narayanpur,Municipality,"112, 117, 774, 782",Rajsamand | Udaipur | Beawar | Kotputli-Behror,AMBIGUOUS MATCH
8,301906,Mertaroad,Town Panchayat,"98, 110, 112, 117",Dholpur | Nagaur | Rajsamand | Udaipur,AMBIGUOUS MATCH
8,301909,Lambaharising,Municipality,"112, 116, 117, 774",Rajsamand | Tonk | Udaipur | Beawar,AMBIGUOUS MATCH
8,301910,Kuri Bhagtasani,Municipality,"107, 112, 117, 774",Jodhpur | Rajsamand | Udaipur | Beawar,AMBIGUOUS MATCH
8,301911,Jamwa Ramgarh,Municipality,"102, 112, 117",Jaipur | Rajsamand | Udaipur,AMBIGUOUS MATCH
8,301912,Jakhal,Municipality,"106, 112, 117, 774",Jhunjhunu | Rajsamand | Udaipur | Beawar,AMBIGUOUS MATCH
8,301913,Dundlod,Municipality,"106, 112, 117, 774",Jhunjhunu | Rajsamand | Udaipur | Beawar,AMBIGUOUS MATCH
8,301914,Diggi,Municipality,"112, 116, 117, 774",Rajsamand | Tonk | Udaipur | Beawar,AMBIGUOUS MATCH
8,301915,Bijoliya,Municipality,"92, 112, 117, 774",Bhilwara | Rajsamand | Udaipur | Beawar,AMBIGUOUS MATCH
22,301919,Bamhanidih,Town Panchayat,379,Janjgir-Champa,FULL MATCH
22,301920,Ghumka,Town Panchayat,"388, 759",Rajnandgaon | Khairagarh-Chhuikhadan-Gandai,FULL MATCH
8,302180,Napasar,Municipality,"93, 112, 117, 774",Bikaner | Rajsamand | Udaipur | Beawar,AMBIGUOUS MATCH
8,302181,Chohtan,Municipality,"90, 112, 117, 774",Barmer | Rajsamand | Udaipur | Beawar,AMBIGUOUS MATCH
8,302182,Lunkaransar,Municipality,"93, 112, 117, 774",Bikaner | Rajsamand | Udaipur | Beawar,AMBIGUOUS MATCH
8,302204,Gudhamalani,Town Panchayat,"90, 98, 112, 117, 774, 775",Barmer | Dholpur | Rajsamand | Udaipur | Beawar | Balotra,AMBIGUOUS MATCH
8,302205,Khandar,Municipality,"112, 113, 117, 774",Rajsamand | Sawai Madhopur | Udaipur | Beawar,AMBIGUOUS MATCH
8,302206,Pahari ,Municipality,"112, 117, 767, 774",Rajsamand | Udaipur | Deeg | Beawar,AMBIGUOUS MATCH
8,302222,Mandhan,Municipality,"112, 117, 774, 782",Rajsamand | Udaipur | Beawar | Kotputli-Behror,AMBIGUOUS MATCH
8,302223,Sayla,Municipality,"112, 117, 774",Rajsamand | Udaipur | Beawar,AMBIGUOUS MATCH
8,302249,Sojat Road,Municipality,"112, 117, 774",Rajsamand | Udaipur | Beawar,AMBIGUOUS MATCH
8,302253,Tinwari,Town Panchayat,"98, 107, 112, 117",Dholpur | Jodhpur | Rajsamand | Udaipur,AMBIGUOUS MATCH
8,302254,Sayla,Town Panchayat,"98, 112, 117",Dholpur | Rajsamand | Udaipur,AMBIGUOUS MATCH
8,302255,Dhod,Town Panchayat,"98, 112, 114, 117",Dholpur | Rajsamand | Sikar | Udaipur,AMBIGUOUS MATCH
8,302257,Dhorimanna,Town Panchayat,"90, 98, 112, 117, 775",Barmer | Dholpur | Rajsamand | Udaipur | Balotra,AMBIGUOUS MATCH
8,302258,Sultana,Town Panchayat,"98, 106, 112, 117",Dholpur | Jhunjhunu | Rajsamand | Udaipur,AMBIGUOUS MATCH
8,302259,Peeplu,Town Panchayat,"98, 112, 116, 117",Dholpur | Rajsamand | Tonk | Udaipur,AMBIGUOUS MATCH
8,302261,Masuda,Town Panchayat,"98, 112, 117",Dholpur | Rajsamand | Udaipur,AMBIGUOUS MATCH
8,302262,Khandar,Town Panchayat,"98, 112, 113, 117",Dholpur | Rajsamand | Sawai Madhopur | Udaipur,AMBIGUOUS MATCH
8,302263,Gharsana,Town Panchayat,"98, 112, 117",Dholpur | Rajsamand | Udaipur,AMBIGUOUS MATCH
36,302289,Aswaraopeta,Municipality,690,Bhadradri Kothagudem,FULL MATCH
36,302290,Chevella,Municipality,518,Ranga Reddy,FULL MATCH
36,302291,Devarakadara,Municipality,"512, 721",Mahabubnagar | Narayanpet,FULL MATCH
36,302292,Station Ghanpur,Municipality,"686, 689",Hanumakonda | Jangoan,FULL MATCH
36,302293,Edulapuram,Municipality,509,Khammam,FULL MATCH
36,302299,Moinabad,Municipality,518,Ranga Reddy,FULL MATCH
36,302301,Maddur,Municipality,721,Narayanpet,FULL MATCH
36,302302,Kohir,Municipality,691,Sangareddy,FULL MATCH
36,302303,Kesamudram,Municipality,"522, 688",Warangal | Mahabubabad,FULL MATCH
8,302612,Malsisar,Municipality,"106, 112, 117, 774",Jhunjhunu | Rajsamand | Udaipur | Beawar,AMBIGUOUS MATCH
24,302656,PORBANDAR ,Municipal Corporations,456,Porbandar,FULL MATCH
24,302657,PORBANDAR ,Municipal Corporations,456,Porbandar,FULL MATCH
24,302660,DHARI,Municipality,439,Amreli,FULL MATCH
24,302661,MORABI,Municipal Corporations,673,Morbi,FULL MATCH
24,302662,TANKARA,Municipality,"457, 673",Rajkot | Morbi,FULL MATCH
24,302675,GANDHIDHAM,Municipality,449,Kachchh,FULL MATCH
24,302676,GANDHIDHAM,Municipality,449,Kachchh,FULL MATCH
36,302710,Muduchinthalapally,Municipality,700,Medchal Malkajgiri,FULL MATCH
36,302727,Kalluru,Municipality,509,Khammam,FULL MATCH
36,302728,Bichkunda,Municipality,685,Kamareddy,FULL MATCH
36,302731,Mulugu,Municipality,720,Mulugu,FULL MATCH
36,302736,Jinnaram,Municipality,"513, 691",Medak | Sangareddy,FULL MATCH
8,302800,Kaladera,Municipality,102,Jaipur,FULL MATCH
8,302801,Mandrela,Town Panchayat,"98, 106",Dholpur | Jhunjhunu,AMBIGUOUS MATCH
8,302802,Mathaniya,Town Panchayat,"98, 107",Dholpur | Jodhpur,AMBIGUOUS MATCH
36,302811,Aliyadbad,Municipality,700,Medchal Malkajgiri,FULL MATCH
8,302813,Khejroli,Municipality,102,Jaipur,FULL MATCH
8,302855,Dag,Municipality,105,Jhalawar,FULL MATCH
8,302856,Khanpur,Municipality,105,Jhalawar,FULL MATCH
8,302858,Manoharthana,Municipality,105,Jhalawar,FULL MATCH
8,302860,Raipur,Municipality,"105, 111, 774",Jhalawar | Pali | Beawar,AMBIGUOUS MATCH
8,302861,Sahwa,Municipality,96,Churu,FULL MATCH
8,302862,Saipau,Municipality,,,NO MATCH
8,302876,Buhana,Municipality,106,Jhunjhunu,FULL MATCH
8,302889,Arnod,Municipality,629,Pratapgarh,FULL MATCH
8,302890,Mandar,Municipality,115,Sirohi,FULL MATCH
8,302896,Maniyan,Municipality,,,NO MATCH
8,302919,Khatu Khurd,Municipality,768,Didwana-Kuchaman,FULL MATCH
8,302921,Kanota,Municipality,102,Jaipur,FULL MATCH
8,302924,Banera,Municipality,92,Bhilwara,FULL MATCH
8,302942,Riyan Bari,Municipality,"110, 768",Nagaur | Didwana-Kuchaman,FULL MATCH
8,302948,Palsana,Municipality,114,Sikar,FULL MATCH
8,302962,Suroth,Municipality,108,Karauli,FULL MATCH
8,302998,Bigod,Municipality,92,Bhilwara,FULL MATCH
27,303075,Pimpalgaon Baswant,Municipality,487,Nashik,FULL MATCH
8,303088,Jaipur,Municipal Corporations,102,Jaipur,FULL MATCH
8,303090,Kota,Municipal Corporations,109,Kota,FULL MATCH
8,303111,Sindhari,Town Panchayat,98,Dholpur,FULL MATCH
8,303112,Hindoli,Town Panchayat,"94, 98",Bundi | Dholpur,AMBIGUOUS MATCH
27,303119,Hiwarkhed,Municipality,468,Amravati,FULL MATCH
27,303133,Pimpalner Nagar Pnchayat,Town Panchayat,474,Dhule,FULL MATCH
27,303134,Fursungi Uruli Devachi,Municipality,490,Pune,FULL MATCH
10,305270,JAMHAUR,Town Panchayat,215,Rohtas,FULL MATCH
36,305331,Malkajgiri Municipal Corporation,Municipal Corporations,"507, 700",Hyderabad | Medchal Malkajgiri,FULL MATCH
