statecode,statename,districtcode,district_name,localbodycode,localbody_name,localbody_type,status,confidence_score,disparity_category,validation_flag,top3_candidates
1,Jammu And Kashmir,1,Anantnag,248168,Municipal Committee Pahalgam,Municipality,FULL MATCH,1.0,,EXACT MATCH,
1,Jammu And Kashmir,1,Anantnag,248169,Municipal Committee Bijbehara,Municipality,FULL MATCH,1.0,,EXACT MATCH,
1,Jammu And Kashmir,1,Anantnag,248170,Municipal Committee Mattan,Municipality,FULL MATCH,1.0,,EXACT MATCH,
1,Jammu And Kashmir,1,Anantnag,248171,Municipal Council Anantnag,Notified Area Council,AMBIGUOUS MATCH,0.5,HIGH DISPARITY,NEARLY RESOLVABLE,1:Anantnag(50.0%)
1,Jammu And Kashmir,1,Anantnag,248172,Municipal Committee Achabal,Municipality,FULL MATCH,1.0,,EXACT MATCH,
1,Jammu And Kashmir,1,Anantnag,248173,Municipal Committee Kokernag,Municipality,FULL MATCH,1.0,,EXACT MATCH,
1,Jammu And Kashmir,1,Anantnag,248175,Municipal Committee Qazigund,Municipality,FULL MATCH,1.0,,EXACT MATCH,
1,Jammu And Kashmir,1,Anantnag,248176,Municipal Committee Dooru Verinag,Municipality,FULL MATCH,1.0,,EXACT MATCH,
1,Jammu And Kashmir,1,Anantnag,296990,Municipal Committee Ashmuqam,Municipality,FULL MATCH,1.0,,EXACT MATCH,
1,Jammu And Kashmir,1,Anantnag,296991,Municipal Committee Seer Hamdan,Municipality,FULL MATCH,1.0,,EXACT MATCH,
1,Jammu And Kashmir,2,Budgam,248157,Municipal Committee Magam,Municipality,FULL MATCH,1.0,,EXACT MATCH,
1,Jammu And Kashmir,2,Budgam,248158,Municipal Committee Beerwah,Municipality,FULL MATCH,1.0,,EXACT MATCH,
1,Jammu And Kashmir,2,Budgam,248159,Municipal Council Budgam,Notified Area Council,FULL MATCH,1.0,,EXACT MATCH,
1,Jammu And Kashmir,2,Budgam,248160,Municipal Committee Khansahib,Municipality,FULL MATCH,1.0,,EXACT MATCH,
1,Jammu And Kashmir,2,Budgam,248161,Municipal Committee Chrari Sharief,Municipality,FULL MATCH,1.0,,EXACT MATCH,
1,Jammu And Kashmir,2,Budgam,253136,Municipal Committee Chadoora,Municipality,FULL MATCH,1.0,,EXACT MATCH,
1,Jammu And Kashmir,3,Baramulla,248146,Municipal Council Bandipora,Notified Area Council,FULL MATCH,1.0,,EXACT MATCH,
1,Jammu And Kashmir,3,Baramulla,248147,Municipal Committee Hajin,Municipality,FULL MATCH,1.0,,EXACT MATCH,
1,Jammu And Kashmir,3,Baramulla,248148,Municipal Committee Sumbal,Municipality,FULL MATCH,1.0,,EXACT MATCH,
1,Jammu And Kashmir,3,Baramulla,248149,Municipal Council Sopore,Notified Area Council,FULL MATCH,1.0,,EXACT MATCH,
1,Jammu And Kashmir,3,Baramulla,248150,Municipal Committee Pattan,Municipality,FULL MATCH,1.0,,EXACT MATCH,
1,Jammu And Kashmir,3,Baramulla,248151,Municipal Council Baramulla,Notified Area Council,FULL MATCH,1.0,,EXACT MATCH,
1,Jammu And Kashmir,3,Baramulla,248152,Municipal Committee Uri,Municipality,FULL MATCH,1.0,,EXACT MATCH,
1,Jammu And Kashmir,3,Baramulla,248153,Municipal Committee Kunzer,Municipality,FULL MATCH,1.0,,EXACT MATCH,
1,Jammu And Kashmir,3,Baramulla,248154,Municipal Committee Gulmarg Tangmarg,Municipality,FULL MATCH,1.0,,EXACT MATCH,
1,Jammu And Kashmir,3,Baramulla,296985,Municipal Committee Watergam,Municipality,FULL MATCH,1.0,,EXACT MATCH,
1,Jammu And Kashmir,4,Doda,248038,Municipal Council Doda,Notified Area Council,FULL MATCH,1.0,,EXACT MATCH,
1,Jammu And Kashmir,4,Doda,248039,Municipal Committee Batote,Municipality,FULL MATCH,1.0,,EXACT MATCH,
1,Jammu And Kashmir,4,Doda,248040,Municipal Committee Bhaderwah,Municipality,FULL MATCH,1.0,,EXACT MATCH,
1,Jammu And Kashmir,4,Doda,254926,Municipal Committee Thathri,Municipality,FULL MATCH,1.0,,EXACT MATCH,
1,Jammu And Kashmir,5,Jammu,248191,Municipal Committee Jourian,Municipality,FULL MATCH,1.0,,EXACT MATCH,
1,Jammu And Kashmir,5,Jammu,248192,Municipal Committee Akhnoor,Municipality,FULL MATCH,1.0,,EXACT MATCH,
1,Jammu And Kashmir,5,Jammu,248193,Municipal Committee Khour,Municipality,FULL MATCH,1.0,,EXACT MATCH,
1,Jammu And Kashmir,5,Jammu,248194,Jammu Municipal Corporation,Municipal Corporations,AMBIGUOUS MATCH,0.5,HIGH DISPARITY,NEARLY RESOLVABLE,5:Jammu(50.0%)
1,Jammu And Kashmir,5,Jammu,248195,Municipal Committee Ghou-Manhasan,Municipality,FULL MATCH,1.0,,EXACT MATCH,
1,Jammu And Kashmir,5,Jammu,248196,Municipal Committee R S Pura,Municipality,FULL MATCH,1.0,,EXACT MATCH,
1,Jammu And Kashmir,5,Jammu,248197,Municipal Committee Bishnah,Municipality,FULL MATCH,1.0,,EXACT MATCH,
1,Jammu And Kashmir,5,Jammu,248198,Municipal Committee Arnia,Municipality,FULL MATCH,1.0,,EXACT MATCH,
1,Jammu And Kashmir,7,Kathua,248204,Municipal Committee Billawar,Municipality,FULL MATCH,1.0,,EXACT MATCH,
1,Jammu And Kashmir,7,Kathua,276584,Municipal Committee Lakhanpur,Municipality,FULL MATCH,1.0,,EXACT MATCH,
1,Jammu And Kashmir,7,Kathua,276585,Municipal Committee Basohli,Municipality,FULL MATCH,1.0,,EXACT MATCH,
1,Jammu And Kashmir,7,Kathua,276586,Municipal Committee Parole,Municipality,FULL MATCH,1.0,,EXACT MATCH,
1,Jammu And Kashmir,7,Kathua,276594,Municipal Committee Hiranagar,Municipality,FULL MATCH,1.0,,EXACT MATCH,
1,Jammu And Kashmir,8,Kupwara,248034,Municipal Council Kupwara,Notified Area Council,FULL MATCH,1.0,,EXACT MATCH,
1,Jammu And Kashmir,8,Kupwara,248035,Municipal Committee Handwara,Municipality,FULL MATCH,1.0,,EXACT MATCH,
1,Jammu And Kashmir,8,Kupwara,248139,Municipal Committee Langate,Municipality,FULL MATCH,1.0,,EXACT MATCH,
1,Jammu And Kashmir,10,Poonch,248042,Municipal Council Poonch,Notified Area Council,FULL MATCH,1.0,,EXACT MATCH,
1,Jammu And Kashmir,10,Poonch,253142,Municipal Committee Surankote,Municipality,FULL MATCH,1.0,,EXACT MATCH,
1,Jammu And Kashmir,11,Pulwama,248162,Municipal Committee Pampore,Municipality,FULL MATCH,1.0,,EXACT MATCH,
1,Jammu And Kashmir,11,Pulwama,248163,Municipal Committee Khrew,Municipality,FULL MATCH,1.0,,EXACT MATCH,
1,Jammu And Kashmir,11,Pulwama,248164,Municipal Committee Tral,Municipality,FULL MATCH,1.0,,EXACT MATCH,
1,Jammu And Kashmir,11,Pulwama,248165,Municipal Committee Awantipora,Municipality,FULL MATCH,1.0,,EXACT MATCH,
1,Jammu And Kashmir,11,Pulwama,248166,Municipal Council Pulwama,Notified Area Council,FULL MATCH,1.0,,EXACT MATCH,
1,Jammu And Kashmir,12,Rajouri,248187,Municipal Committee Thanamandi,Municipality,FULL MATCH,1.0,,EXACT MATCH,
1,Jammu And Kashmir,12,Rajouri,248190,Municipal Committee Sunderbani,Municipality,FULL MATCH,1.0,,EXACT MATCH,
1,Jammu And Kashmir,12,Rajouri,276592,Municipal Council Rajouri,Notified Area Council,FULL MATCH,1.0,,EXACT MATCH,
1,Jammu And Kashmir,12,Rajouri,276593,Municipal Committee Nowshera,Municipality,FULL MATCH,1.0,,EXACT MATCH,
1,Jammu And Kashmir,12,Rajouri,296984,Municipal Committee Kalakote,Municipality,FULL MATCH,1.0,,EXACT MATCH,
1,Jammu And Kashmir,13,Srinagar,248156,Srinagar Municipal Corporation,Municipal Corporations,AMBIGUOUS MATCH,0.7727,HIGH DISPARITY,NEARLY RESOLVABLE,13:Srinagar(77.27%)
1,Jammu And Kashmir,14,Udhampur,248202,Municipal Council Samba,Notified Area Council,FULL MATCH,1.0,,EXACT MATCH,
1,Jammu And Kashmir,14,Udhampur,276587,Municipal Council Udhampur,Notified Area Council,FULL MATCH,1.0,,EXACT MATCH,
1,Jammu And Kashmir,14,Udhampur,276588,Municipal Committee Chenani,Municipality,FULL MATCH,1.0,,EXACT MATCH,
1,Jammu And Kashmir,14,Udhampur,276589,Municipal Committee Ramnagar,Municipality,FULL MATCH,1.0,,EXACT MATCH,
1,Jammu And Kashmir,620,Kishtwar,248041,Municipal Council Kishtwar,Notified Area Council,FULL MATCH,1.0,,EXACT MATCH,
1,Jammu And Kashmir,621,Ramban,248036,Municipal Committee Banihal,Municipality,FULL MATCH,1.0,,EXACT MATCH,
1,Jammu And Kashmir,621,Ramban,248037,Municipal Council Ramban,Notified Area Council,FULL MATCH,1.0,,EXACT MATCH,
1,Jammu And Kashmir,622,Kulgam,248174,Municipal Council Kulgam,Notified Area Council,FULL MATCH,1.0,,EXACT MATCH,
1,Jammu And Kashmir,622,Kulgam,296987,Municipal Committee Devsar,Municipality,FULL MATCH,1.0,,EXACT MATCH,
1,Jammu And Kashmir,622,Kulgam,296988,Municipal Committee Yaripora,Municipality,FULL MATCH,1.0,,EXACT MATCH,
1,Jammu And Kashmir,622,Kulgam,296989,Municipal Committee Frisal,Municipality,FULL MATCH,1.0,,EXACT MATCH,
1,Jammu And Kashmir,624,Samba,248199,Municipal Committee Bari Brahmana,Municipality,FULL MATCH,1.0,,EXACT MATCH,
1,Jammu And Kashmir,624,Samba,248201,Municipal Committee Vijaypur,Municipality,FULL MATCH,1.0,,EXACT MATCH,
1,Jammu And Kashmir,624,Samba,248203,Municipal Committee Ramgarh,Municipality,FULL MATCH,1.0,,EXACT MATCH,
1,Jammu And Kashmir,624,Samba,276581,Municipal Council Kathua,Notified Area Council,AI PREDICTION,1.0,,AMBIGUOUS PREDICTION,624:Samba(100.0%) | 14:Udhampur(100.0%) | 7:Kathua(100.0%)
1,Jammu And Kashmir,625,Shopian,248167,Municipal Council Shopian,Notified Area Council,FULL MATCH,1.0,,EXACT MATCH,
1,Jammu And Kashmir,626,Ganderbal,248155,Municipal Council Ganderbal,Notified Area Council,FULL MATCH,1.0,,EXACT MATCH,
1,Jammu And Kashmir,627,Reasi,276590,Municipal Council Reasi,Notified Area Council,FULL MATCH,1.0,,EXACT MATCH,
1,Jammu And Kashmir,627,Reasi,276591,Municipal Committee Katra,Municipality,FULL MATCH,1.0,,EXACT MATCH,
2,Himachal Pradesh,15,Bilaspur,248236,Ghumarwin,Municipality,FULL MATCH,1.0,,EXACT MATCH,
2,Himachal Pradesh,15,Bilaspur,248237,Talai,Town Panchayat,FULL MATCH,1.0,,EXACT MATCH,
2,Himachal Pradesh,15,Bilaspur,248238,Naina Devi,Municipality,FULL MATCH,1.0,,EXACT MATCH,
2,Himachal Pradesh,15,Bilaspur,248239,Bilaspur,Municipality,FULL MATCH,1.0,,EXACT MATCH,
2,Himachal Pradesh,16,Chamba,248044,Dalhousie,Municipality,FULL MATCH,1.0,,EXACT MATCH,
2,Himachal Pradesh,16,Chamba,248046,Chamba,Municipality,FULL MATCH,1.0,,EXACT MATCH,
2,Himachal Pradesh,16,Chamba,276627,Chowari,Town Panchayat,FULL MATCH,1.0,,EXACT MATCH,
2,Himachal Pradesh,17,Hamirpur,248227,Tira Sujanpur,Municipality,FULL MATCH,1.0,,EXACT MATCH,
2,Himachal Pradesh,17,Hamirpur,248228,Nadaun,Town Panchayat,FULL MATCH,1.0,,EXACT MATCH,
2,Himachal Pradesh,17,Hamirpur,248229,Hamirpur,Municipality,FULL MATCH,1.0,,EXACT MATCH,
2,Himachal Pradesh,17,Hamirpur,248230,Bhota,Town Panchayat,FULL MATCH,1.0,,EXACT MATCH,
2,Himachal Pradesh,18,Kangra,248210,Nurpur,Municipality,FULL MATCH,1.0,,EXACT MATCH,
2,Himachal Pradesh,18,Kangra,248211,Dharamshala,Municipal Corporations,FULL MATCH,1.0,,EXACT MATCH,
2,Himachal Pradesh,18,Kangra,248213,Kangra,Municipality,FULL MATCH,1.0,,EXACT MATCH,
2,Himachal Pradesh,18,Kangra,248214,Nagrota Bagwan,Municipality,FULL MATCH,1.0,,EXACT MATCH,
2,Himachal Pradesh,18,Kangra,248216,Jawalamukhi,Municipality,FULL MATCH,1.0,,EXACT MATCH,
2,Himachal Pradesh,18,Kangra,248217,Palampur,Municipal Corporations,FULL MATCH,1.0,,EXACT MATCH,
2,Himachal Pradesh,18,Kangra,274797,Baijnath-Paprola,Town Panchayat,FULL MATCH,1.0,,EXACT MATCH,
2,Himachal Pradesh,18,Kangra,275535,Jawali,Town Panchayat,FULL MATCH,1.0,,EXACT MATCH,
2,Himachal Pradesh,18,Kangra,276626,Dehra,Municipality,FULL MATCH,1.0,,EXACT MATCH,
2,Himachal Pradesh,18,Kangra,297015,Shahpur,Town Panchayat,FULL MATCH,1.0,,EXACT MATCH,
2,Himachal Pradesh,20,Kullu,248218,Manali,Municipality,FULL MATCH,1.0,,EXACT MATCH,
2,Himachal Pradesh,20,Kullu,248219,Kullu,Municipality,FULL MATCH,1.0,,EXACT MATCH,
2,Himachal Pradesh,20,Kullu,248220,Bhuntar,Town Panchayat,FULL MATCH,1.0,,EXACT MATCH,
2,Himachal Pradesh,20,Kullu,248221,Banjar,Town Panchayat,FULL MATCH,1.0,,EXACT MATCH,
2,Himachal Pradesh,20,Kullu,248225,Mandi,Municipal Corporations,FULL MATCH,1.0,,EXACT MATCH,
2,Himachal Pradesh,20,Kullu,248245,Rampur,Municipality,FULL MATCH,1.0,,EXACT MATCH,
2,Himachal Pradesh,20,Kullu,297011,Nirmand,Town Panchayat,FULL MATCH,1.0,,EXACT MATCH,
2,Himachal Pradesh,20,Kullu,297012,Anni,Town Panchayat,FULL MATCH,1.0,,EXACT MATCH,
2,Himachal Pradesh,22,Mandi,248222,Jogindarnagar,Municipality,FULL MATCH,1.0,,EXACT MATCH,
2,Himachal Pradesh,22,Mandi,248223,Sarkaghat,Municipality,FULL MATCH,1.0,,EXACT MATCH,
2,Himachal Pradesh,22,Mandi,248224,Sundernagar,Municipality,FULL MATCH,1.0,,EXACT MATCH,
2,Himachal Pradesh,22,Mandi,248226,Rawalsar,Town Panchayat,FULL MATCH,1.0,,EXACT MATCH,
2,Himachal Pradesh,22,Mandi,274794,Nerchowk,Municipality,FULL MATCH,1.0,,EXACT MATCH,
2,Himachal Pradesh,22,Mandi,276625,Karsog,Town Panchayat,FULL MATCH,1.0,,EXACT MATCH,
2,Himachal Pradesh,23,Shimla,248246,Narkanda,Town Panchayat,FULL MATCH,1.0,,EXACT MATCH,
2,Himachal Pradesh,23,Shimla,248247,Suni,Town Panchayat,FULL MATCH,1.0,,EXACT MATCH,
2,Himachal Pradesh,23,Shimla,248248,Shimla,Municipal Corporations,FULL MATCH,1.0,,EXACT MATCH,
2,Himachal Pradesh,23,Shimla,248249,Theog,Municipality,FULL MATCH,1.0,,EXACT MATCH,
2,Himachal Pradesh,23,Shimla,248250,Chopal,Town Panchayat,FULL MATCH,1.0,,EXACT MATCH,
2,Himachal Pradesh,23,Shimla,248251,Jubbal,Town Panchayat,FULL MATCH,1.0,,EXACT MATCH,
2,Himachal Pradesh,23,Shimla,248252,Kotkhai,Town Panchayat,FULL MATCH,1.0,,EXACT MATCH,
2,Himachal Pradesh,23,Shimla,248253,Rohru,Municipality,FULL MATCH,1.0,,EXACT MATCH,
2,Himachal Pradesh,23,Shimla,297013,Chirgaon,Town Panchayat,FULL MATCH,1.0,,EXACT MATCH,
2,Himachal Pradesh,23,Shimla,297014,Nerwa,Town Panchayat,FULL MATCH,1.0,,EXACT MATCH,
2,Himachal Pradesh,24,Sirmaur,248043,Nahan,Municipality,FULL MATCH,1.0,,EXACT MATCH,
2,Himachal Pradesh,24,Sirmaur,248045,Paonta Sahib,Municipality,FULL MATCH,1.0,,EXACT MATCH,
2,Himachal Pradesh,24,Sirmaur,248047,Rajgarh,Town Panchayat,FULL MATCH,1.0,,EXACT MATCH,
2,Himachal Pradesh,24,Sirmaur,248240,Arki,Town Panchayat,FULL MATCH,1.0,,EXACT MATCH,
2,Himachal Pradesh,24,Sirmaur,248241,Nalagarh,Municipality,FULL MATCH,1.0,,EXACT MATCH,
2,Himachal Pradesh,24,Sirmaur,248242,Baddi,Municipality,FULL MATCH,1.0,,EXACT MATCH,
2,Himachal Pradesh,24,Sirmaur,248243,Parwanoo,Municipality,FULL MATCH,1.0,,EXACT MATCH,
2,Himachal Pradesh,24,Sirmaur,248244,Solan,Municipal Corporations,FULL MATCH,1.0,,EXACT MATCH,
2,Himachal Pradesh,25,Solan,297010,Kandaghat,Town Panchayat,FULL MATCH,1.0,,EXACT MATCH,
2,Himachal Pradesh,26,Una,248231,Daulatpur,Town Panchayat,FULL MATCH,1.0,,EXACT MATCH,
2,Himachal Pradesh,26,Una,248232,Gagret,Town Panchayat,FULL MATCH,1.0,,EXACT MATCH,
2,Himachal Pradesh,26,Una,248233,Una,Municipality,FULL MATCH,1.0,,EXACT MATCH,
2,Himachal Pradesh,26,Una,248234,Mehatpur Basdehra,Municipality,FULL MATCH,1.0,,EXACT MATCH,
2,Himachal Pradesh,26,Una,248235,Santokhgarh,Municipality,FULL MATCH,1.0,,EXACT MATCH,
2,Himachal Pradesh,26,Una,276639,Tahliwal,Town Panchayat,FULL MATCH,1.0,,EXACT MATCH,
2,Himachal Pradesh,26,Una,297009,Amb,Town Panchayat,FULL MATCH,1.0,,EXACT MATCH,
3,Punjab,27,Amritsar,248268,Ramdas,Town Panchayat,FULL MATCH,1.0,,EXACT MATCH,
3,Punjab,27,Amritsar,248269,Ajnala,Municipality,FULL MATCH,1.0,,EXACT MATCH,
3,Punjab,27,Amritsar,248270,Raja Sansi,Town Panchayat,FULL MATCH,1.0,,EXACT MATCH,
3,Punjab,27,Amritsar,248271,Majitha,Town Panchayat,FULL MATCH,1.0,,EXACT MATCH,
3,Punjab,27,Amritsar,248272,Jandiala Guru,Municipality,FULL MATCH,1.0,,EXACT MATCH,
3,Punjab,27,Amritsar,248273,Amritsar,Municipal Corporations,FULL MATCH,1.0,,EXACT MATCH,
3,Punjab,27,Amritsar,248274,Tarn-Taran,Municipality,FULL MATCH,1.0,,EXACT MATCH,
3,Punjab,27,Amritsar,248276,Khemkaran,Town Panchayat,FULL MATCH,1.0,,EXACT MATCH,
3,Punjab,27,Amritsar,299457,Baba Bakala,Town Panchayat,FULL MATCH,1.0,,EXACT MATCH,
3,Punjab,28,Bathinda,248363,Rampura Phul,Municipality,FULL MATCH,1.0,,EXACT MATCH,
3,Punjab,28,Bathinda,248364,Goniana,Municipality,FULL MATCH,1.0,,EXACT MATCH,
3,Punjab,28,Bathinda,248366,Bhucho Mandi,Municipality,FULL MATCH,1.0,,EXACT MATCH,
3,Punjab,28,Bathinda,248367,Bathinda,Municipal Corporations,FULL MATCH,1.0,,EXACT MATCH,
3,Punjab,28,Bathinda,248368,Sangat,Municipality,FULL MATCH,1.0,,EXACT MATCH,
3,Punjab,28,Bathinda,248369,Kot Fatta,Municipality,FULL MATCH,1.0,,EXACT MATCH,
3,Punjab,28,Bathinda,248370,Raman,Municipality,FULL MATCH,1.0,,EXACT MATCH,
3,Punjab,28,Bathinda,248371,Maur,Municipality,FULL MATCH,1.0,,EXACT MATCH,
3,Punjab,28,Bathinda,248375,Bhikhi,Town Panchayat,FULL MATCH,1.0,,EXACT MATCH,
3,Punjab,28,Bathinda,248376,Mansa,Municipality,FULL MATCH,1.0,,EXACT MATCH,
3,Punjab,28,Bathinda,253124,Talwandi Sabo,Town Panchayat,FULL MATCH,1.0,,EXACT MATCH,
3,Punjab,28,Bathinda,260770,Bhai Rupa,Town Panchayat,FULL MATCH,1.0,,EXACT MATCH,
3,Punjab,28,Bathinda,260771,Mehraj,Town Panchayat,FULL MATCH,1.0,,EXACT MATCH,
3,Punjab,28,Bathinda,260778,Lehra Mohabat,Town Panchayat,FULL MATCH,1.0,,EXACT MATCH,
3,Punjab,28,Bathinda,260779,Nathana,Town Panchayat,FULL MATCH,1.0,,EXACT MATCH,
3,Punjab,28,Bathinda,260780,Kotha Guru,Town Panchayat,FULL MATCH,1.0,,EXACT MATCH,
3,Punjab,28,Bathinda,260781,Maluka,Town Panchayat,FULL MATCH,1.0,,EXACT MATCH,
3,Punjab,28,Bathinda,260782,Kot Shamir,Town Panchayat,FULL MATCH,1.0,,EXACT MATCH,
3,Punjab,28,Bathinda,262906,Joga,Town Panchayat,FULL MATCH,1.0,,EXACT MATCH,
3,Punjab,28,Bathinda,276562,Bhagta Bhai Ka Nagar Panchayat,Town Panchayat,FULL MATCH,1.0,,EXACT MATCH,
3,Punjab,29,Faridkot,248358,Bariwala,Town Panchayat,FULL MATCH,1.0,,EXACT MATCH,
3,Punjab,29,Faridkot,248360,Faridkot,Municipality,FULL MATCH,1.0,,EXACT MATCH,
3,Punjab,29,Faridkot,248361,Kot Kapura,Municipality,FULL MATCH,1.0,,EXACT MATCH,
3,Punjab,29,Faridkot,248362,Jaitu,Municipality,FULL MATCH,1.0,,EXACT MATCH,
3,Punjab,30,Fatehgarh Sahib,248327,Bassi Pathana,Municipality,FULL MATCH,1.0,,EXACT MATCH,
3,Punjab,30,Fatehgarh Sahib,248328,Sirhind Fatehgarh Sahib,Municipality,FULL MATCH,1.0,,EXACT MATCH,
3,Punjab,30,Fatehgarh Sahib,248329,Gobindgarh,Municipality,FULL MATCH,1.0,,EXACT MATCH,
3,Punjab,30,Fatehgarh Sahib,248330,Amloh,Municipality,FULL MATCH,1.0,,EXACT MATCH,
3,Punjab,30,Fatehgarh Sahib,248331,Khamanon,Town Panchayat,FULL MATCH,1.0,,EXACT MATCH,
3,Punjab,30,Fatehgarh Sahib,248402,Ghanaur,Town Panchayat,FULL MATCH,1.0,,EXACT MATCH,
3,Punjab,30,Fatehgarh Sahib,261762,Bhadson,Town Panchayat,FULL MATCH,1.0,,EXACT MATCH,
3,Punjab,31,Ferozepur,248346,Dharamkot,Municipality,FULL MATCH,1.0,,EXACT MATCH,
3,Punjab,31,Ferozepur,248348,Makhu,Town Panchayat,FULL MATCH,1.0,,EXACT MATCH,
3,Punjab,31,Ferozepur,248349,Zira,Municipality,FULL MATCH,1.0,,EXACT MATCH,
3,Punjab,31,Ferozepur,248350,Talwandi Bhai,Municipality,FULL MATCH,1.0,,EXACT MATCH,
3,Punjab,31,Ferozepur,248351,Firozpur,Municipality,FULL MATCH,1.0,,EXACT MATCH,
3,Punjab,31,Ferozepur,248352,Guru Har Sahai,Municipality,FULL MATCH,1.0,,EXACT MATCH,
3,Punjab,31,Ferozepur,248353,Jalalabad,Municipality,FULL MATCH,1.0,,EXACT MATCH,
3,Punjab,31,Ferozepur,253122,Mudki,Town Panchayat,FULL MATCH,1.0,,EXACT MATCH,
3,Punjab,31,Ferozepur,253222,Mallanwala,Town Panchayat,FULL MATCH,1.0,,EXACT MATCH,
3,Punjab,31,Ferozepur,262989,Kot Ise Khan,Town Panchayat,FULL MATCH,1.0,,EXACT MATCH,
3,Punjab,31,Ferozepur,276647,Fatehgarh Panjtoor,Town Panchayat,FULL MATCH,1.0,,EXACT MATCH,
3,Punjab,31,Ferozepur,277197,Mamdot,Town Panchayat,FULL MATCH,1.0,,EXACT MATCH,
3,Punjab,32,Gurdaspur,248254,Sujanpur,Municipality,FULL MATCH,1.0,,EXACT MATCH,
3,Punjab,32,Gurdaspur,248256,Pathankot,Municipal Corporations,FULL MATCH,1.0,,EXACT MATCH,
3,Punjab,32,Gurdaspur,248259,Dinanagar,Municipality,FULL MATCH,1.0,,EXACT MATCH,
3,Punjab,32,Gurdaspur,248260,Gurdaspur,Municipality,FULL MATCH,1.0,,EXACT MATCH,
3,Punjab,32,Gurdaspur,248262,Dhariwal,Municipality,FULL MATCH,1.0,,EXACT MATCH,
3,Punjab,32,Gurdaspur,248263,Fatehgarh Churian,Municipality,FULL MATCH,1.0,,EXACT MATCH,
3,Punjab,32,Gurdaspur,248264,Batala,Municipal Corporations,FULL MATCH,1.0,,EXACT MATCH,
3,Punjab,32,Gurdaspur,248265,Sri Hargobindpur,Municipality,FULL MATCH,1.0,,EXACT MATCH,
3,Punjab,32,Gurdaspur,248266,Qadian,Municipality,FULL MATCH,1.0,,EXACT MATCH,
3,Punjab,32,Gurdaspur,248267,Dera Baba Nanak,Municipality,FULL MATCH,1.0,,EXACT MATCH,
3,Punjab,32,Gurdaspur,277202,Norat Jamal Singh,Town Panchayat,FULL MATCH,1.0,,EXACT MATCH,
3,Punjab,34,Jalandhar,248281,Bhulath,Town Panchayat,FULL MATCH,1.0,,EXACT MATCH,
3,Punjab,34,Jalandhar,248285,Sultanpur Lodhi,Municipality,FULL MATCH,1.0,,EXACT MATCH,
3,Punjab,34,Jalandhar,248286,Phagwara,Municipal Corporations,FULL MATCH,1.0,,EXACT MATCH,
3,Punjab,34,Jalandhar,248287,Lohian Khas,Town Panchayat,FULL MATCH,1.0,,EXACT MATCH,
3,Punjab,34,Jalandhar,248288,Shahkot,Town Panchayat,FULL MATCH,1.0,,EXACT MATCH,
3,Punjab,34,Jalandhar,248289,Nakodar,Municipality,FULL MATCH,1.0,,EXACT MATCH,
3,Punjab,34,Jalandhar,248291,Nurmahal,Municipality,FULL MATCH,1.0,,EXACT MATCH,
3,Punjab,34,Jalandhar,248292,Goraya,Municipality,FULL MATCH,1.0,,EXACT MATCH,
3,Punjab,34,Jalandhar,248293,Phillaur,Municipality,FULL MATCH,1.0,,EXACT MATCH,
3,Punjab,34,Jalandhar,248294,Adampur,Municipality,FULL MATCH,1.0,,EXACT MATCH,
3,Punjab,34,Jalandhar,248295,Alawalpur,Municipality,FULL MATCH,1.0,,EXACT MATCH,
3,Punjab,34,Jalandhar,248296,Jalandhar,Municipal Corporations,FULL MATCH,1.0,,EXACT MATCH,
3,Punjab,34,Jalandhar,248298,Bhogpur,Municipality,FULL MATCH,1.0,,EXACT MATCH,
3,Punjab,34,Jalandhar,248299,Kartarpur,Municipality,FULL MATCH,1.0,,EXACT MATCH,
3,Punjab,34,Jalandhar,274218,Nadala,Town Panchayat,FULL MATCH,1.0,,EXACT MATCH,
3,Punjab,34,Jalandhar,277200,Bilga,Town Panchayat,FULL MATCH,1.0,,EXACT MATCH,
3,Punjab,34,Jalandhar,277201,Mehatpur,Town Panchayat,FULL MATCH,1.0,,EXACT MATCH,
3,Punjab,35,Kapurthala,248280,Begowal,Town Panchayat,FULL MATCH,1.0,,EXACT MATCH,
3,Punjab,35,Kapurthala,248282,Dhilwan,Town Panchayat,FULL MATCH,1.0,,EXACT MATCH,
3,Punjab,35,Kapurthala,248283,Kapurthala,Municipal Corporations,FULL MATCH,1.0,,EXACT MATCH,
3,Punjab,36,Ludhiana,248332,Samrala,Municipality,FULL MATCH,1.0,,EXACT MATCH,
3,Punjab,36,Ludhiana,248333,Machhiwara,Municipality,FULL MATCH,1.0,,EXACT MATCH,
3,Punjab,36,Ludhiana,248334,Khanna,Municipality,FULL MATCH,1.0,,EXACT MATCH,
3,Punjab,36,Ludhiana,248335,Maloud,Town Panchayat,FULL MATCH,1.0,,EXACT MATCH,
3,Punjab,36,Ludhiana,248336,Payal,Municipality,FULL MATCH,1.0,,EXACT MATCH,
3,Punjab,36,Ludhiana,248337,Doraha,Municipality,FULL MATCH,1.0,,EXACT MATCH,
3,Punjab,36,Ludhiana,248338,Ludhiana,Municipal Corporations,FULL MATCH,1.0,,EXACT MATCH,
3,Punjab,36,Ludhiana,248339,Sahnewal,Municipality,FULL MATCH,1.0,,EXACT MATCH,
3,Punjab,36,Ludhiana,248340,Mullanpur Dakha,Municipality,FULL MATCH,1.0,,EXACT MATCH,
3,Punjab,36,Ludhiana,248342,Raikot,Municipality,FULL MATCH,1.0,,EXACT MATCH,
3,Punjab,36,Ludhiana,248343,Jagraon,Municipality,FULL MATCH,1.0,,EXACT MATCH,
3,Punjab,37,Mansa,248372,Sardulgarh,Town Panchayat,FULL MATCH,1.0,,EXACT MATCH,
3,Punjab,37,Mansa,248373,Budhlada,Municipality,FULL MATCH,1.0,,EXACT MATCH,
3,Punjab,37,Mansa,248374,Bareta,Municipality,FULL MATCH,1.0,,EXACT MATCH,
3,Punjab,37,Mansa,277199,Boha,Town Panchayat,FULL MATCH,1.0,,EXACT MATCH,
3,Punjab,38,Moga,248344,Badhni Kalan,Town Panchayat,FULL MATCH,1.0,,EXACT MATCH,
3,Punjab,38,Moga,248345,Bhagha Purana,Municipality,FULL MATCH,1.0,,EXACT MATCH,
3,Punjab,38,Moga,248347,Moga,Municipal Corporations,FULL MATCH,1.0,,EXACT MATCH,
3,Punjab,38,Moga,262988,Nihal Singh Wala,Town Panchayat,FULL MATCH,1.0,,EXACT MATCH,
3,Punjab,39,Sri Muktsar Sahib,248356,Malout,Municipality,FULL MATCH,1.0,,EXACT MATCH,
3,Punjab,39,Sri Muktsar Sahib,248357,Giddarbaha,Municipality,FULL MATCH,1.0,,EXACT MATCH,
3,Punjab,39,Sri Muktsar Sahib,248359,Muktsar,Municipality,FULL MATCH,1.0,,EXACT MATCH,
3,Punjab,40,Shahid Bhagat Singh Nagar,248312,Banga,Municipality,FULL MATCH,1.0,,EXACT MATCH,
3,Punjab,40,Shahid Bhagat Singh Nagar,248313,Nawanshahr,Municipality,FULL MATCH,1.0,,EXACT MATCH,
3,Punjab,40,Shahid Bhagat Singh Nagar,248314,Rahon,Municipality,FULL MATCH,1.0,,EXACT MATCH,
3,Punjab,41,Patiala,248394,Ghagga,Town Panchayat,FULL MATCH,1.0,,EXACT MATCH,
3,Punjab,41,Patiala,248395,Patran,Municipality,FULL MATCH,1.0,,EXACT MATCH,
3,Punjab,41,Patiala,248396,Samana,Municipality,FULL MATCH,1.0,,EXACT MATCH,
3,Punjab,41,Patiala,248397,Nabha,Municipality,FULL MATCH,1.0,,EXACT MATCH,
3,Punjab,41,Patiala,248398,Sanaur,Municipality,FULL MATCH,1.0,,EXACT MATCH,
3,Punjab,41,Patiala,248399,Patiala,Municipal Corporations,FULL MATCH,1.0,,EXACT MATCH,
3,Punjab,41,Patiala,248403,Rajpura,Municipality,FULL MATCH,1.0,,EXACT MATCH,
3,Punjab,41,Patiala,248404,Banur,Municipality,FULL MATCH,1.0,,EXACT MATCH,
3,Punjab,41,Patiala,299458,Adda Devigarh,Town Panchayat,FULL MATCH,1.0,,EXACT MATCH,
3,Punjab,42,Rupnagar,248317,Anandpur Sahib,Municipality,FULL MATCH,1.0,,EXACT MATCH,
3,Punjab,42,Rupnagar,248319,Rupnagar,Municipality,FULL MATCH,1.0,,EXACT MATCH,
3,Punjab,42,Rupnagar,248320,Morinda,Municipality,FULL MATCH,1.0,,EXACT MATCH,
3,Punjab,42,Rupnagar,248321,Kurali,Municipality,FULL MATCH,1.0,,EXACT MATCH,
3,Punjab,42,Rupnagar,261446,Kiratpur Sahib,Town Panchayat,FULL MATCH,1.0,,EXACT MATCH,
3,Punjab,42,Rupnagar,261450,Chamkaur Sahib,Town Panchayat,FULL MATCH,1.0,,EXACT MATCH,
3,Punjab,42,Rupnagar,277196,Nangal,Municipality,FULL MATCH,1.0,,EXACT MATCH,
3,Punjab,43,Sangrur,248383,Malerkotla,Municipality,FULL MATCH,1.0,,EXACT MATCH,
3,Punjab,43,Sangrur,248384,Dhuri,Municipality,FULL MATCH,1.0,,EXACT MATCH,
3,Punjab,43,Sangrur,248385,Longowal,Municipality,FULL MATCH,1.0,,EXACT MATCH,
3,Punjab,43,Sangrur,248386,Sangrur,Municipality,FULL MATCH,1.0,,EXACT MATCH,
3,Punjab,43,Sangrur,248387,Bhawanigarh,Municipality,FULL MATCH,1.0,,EXACT MATCH,
3,Punjab,43,Sangrur,248388,Cheema,Town Panchayat,FULL MATCH,1.0,,EXACT MATCH,
3,Punjab,43,Sangrur,248389,Dirba,Town Panchayat,FULL MATCH,1.0,,EXACT MATCH,
3,Punjab,43,Sangrur,248390,Sunam,Municipality,FULL MATCH,1.0,,EXACT MATCH,
3,Punjab,43,Sangrur,248391,Lehragaga,Municipality,FULL MATCH,1.0,,EXACT MATCH,
3,Punjab,43,Sangrur,248392,Moonak,Town Panchayat,FULL MATCH,1.0,,EXACT MATCH,
3,Punjab,43,Sangrur,248393,Khanauri,Town Panchayat,FULL MATCH,1.0,,EXACT MATCH,
3,Punjab,43,Sangrur,273471,Amargarh,Town Panchayat,FULL MATCH,1.0,,EXACT MATCH,
3,Punjab,49,Dehradun,248300,Dasua,Municipality,AI PREDICTION,1.0,,STRONG MATCH,49:Dehradun(100.0%)
3,Punjab,49,Dehradun,248301,Gardhiwala,Municipality,AI PREDICTION,1.0,,STRONG MATCH,49:Dehradun(100.0%)
3,Punjab,49,Dehradun,248302,Urmar Tanda,Municipality,AI PREDICTION,1.0,,STRONG MATCH,49:Dehradun(100.0%)
3,Punjab,49,Dehradun,248303,Mukerian,Municipality,AI PREDICTION,1.0,,STRONG MATCH,49:Dehradun(100.0%)
3,Punjab,49,Dehradun,248305,Talwara,Town Panchayat,AI PREDICTION,1.0,,STRONG MATCH,49:Dehradun(100.0%)
3,Punjab,49,Dehradun,248306,Hariana,Municipality,AI PREDICTION,1.0,,STRONG MATCH,49:Dehradun(100.0%)
3,Punjab,49,Dehradun,248308,Hoshiarpur,Municipal Corporations,AI PREDICTION,1.0,,STRONG MATCH,49:Dehradun(100.0%)
3,Punjab,49,Dehradun,248309,Sham Chaurasi,Municipality,AI PREDICTION,1.0,,STRONG MATCH,49:Dehradun(100.0%)
3,Punjab,49,Dehradun,248310,Mahilpur,Town Panchayat,AI PREDICTION,1.0,,STRONG MATCH,49:Dehradun(100.0%)
3,Punjab,49,Dehradun,248311,Garhshankar,Municipality,AI PREDICTION,1.0,,STRONG MATCH,49:Dehradun(100.0%)
3,Punjab,49,Dehradun,248315,Balachaur,Municipality,AI PREDICTION,1.0,,STRONG MATCH,49:Dehradun(100.0%)
3,Punjab,605,Barnala,248377,Bhadaur,Municipality,FULL MATCH,1.0,,EXACT MATCH,
3,Punjab,605,Barnala,248378,Barnala,Municipality,FULL MATCH,1.0,,EXACT MATCH,
3,Punjab,605,Barnala,248379,Handiaya,Town Panchayat,FULL MATCH,1.0,,EXACT MATCH,
3,Punjab,605,Barnala,248380,Tapa,Municipality,FULL MATCH,1.0,,EXACT MATCH,
3,Punjab,605,Barnala,248381,Dhanaula,Municipality,FULL MATCH,1.0,,EXACT MATCH,
3,Punjab,608,S.A.S Nagar,248324,Kharar,Municipality,FULL MATCH,1.0,,EXACT MATCH,
3,Punjab,608,S.A.S Nagar,248325,S.A.S.Nagar - Mohali,Municipal Corporations,AMBIGUOUS MATCH,1.0,HIGH DISPARITY,NEARLY RESOLVABLE,608:S.A.S | Nagar(80.0%)
3,Punjab,608,S.A.S Nagar,248405,Dera Bassi,Municipality,FULL MATCH,1.0,,EXACT MATCH,
3,Punjab,608,S.A.S Nagar,248407,Zirakpur,Municipality,FULL MATCH,1.0,,EXACT MATCH,
3,Punjab,608,S.A.S Nagar,277194,Nayan Gaon,Municipality,AI PREDICTION,1.0,,STRONG MATCH,608:S.A.S Nagar(100.0%)
3,Punjab,608,S.A.S Nagar,277203,Lalru,Municipality,FULL MATCH,1.0,,EXACT MATCH,
3,Punjab,608,S.A.S Nagar,299456,Gharuan,Town Panchayat,FULL MATCH,1.0,,EXACT MATCH,
3,Punjab,609,Tarn Taran,248275,Bhikhiwind,Town Panchayat,FULL MATCH,1.0,,EXACT MATCH,
3,Punjab,609,Tarn Taran,248277,Patti,Municipality,FULL MATCH,1.0,,EXACT MATCH,
3,Punjab,609,Tarn Taran,248278,Rayya,Municipality,FULL MATCH,1.0,,EXACT MATCH,
3,Punjab,651,Fazilka,248354,Fazilka,Municipality,FULL MATCH,1.0,,EXACT MATCH,
3,Punjab,651,Fazilka,248355,Abohar,Municipal Corporations,FULL MATCH,1.0,,EXACT MATCH,
3,Punjab,651,Fazilka,277198,Arniwala Shekh Suban,Town Panchayat,FULL MATCH,1.0,,EXACT MATCH,
3,Punjab,737,Malerkotla,248382,Ahmedgarh,Municipality,FULL MATCH,1.0,,EXACT MATCH,
4,Chandigarh,608,S.A.S Nagar,276386,Chandigarh,Municipal Corporations,AMBIGUOUS MATCH,0.05,LOW DISPARITY,HIGH AMBIGUITY,608:S.A.S | Nagar(5.0%)
5,Uttarakhand,45,Almora,248448,Dwarahat,Town Panchayat,FULL MATCH,1.0,,EXACT MATCH,
5,Uttarakhand,45,Almora,248449,Almora,Municipal Corporations,FULL MATCH,1.0,,EXACT MATCH,
5,Uttarakhand,45,Almora,248457,Ramnagar,Municipality,FULL MATCH,1.0,,EXACT MATCH,
5,Uttarakhand,45,Almora,274457,Bhikiyasain,Town Panchayat,FULL MATCH,1.0,,EXACT MATCH,
5,Uttarakhand,45,Almora,277190,Ranikhet Chiliyanaula,Municipality,FULL MATCH,1.0,,EXACT MATCH,
5,Uttarakhand,45,Almora,297128,Chaukhutiya,Town Panchayat,FULL MATCH,1.0,,EXACT MATCH,
5,Uttarakhand,46,Bageshwar,248447,Bageshwar,Municipality,FULL MATCH,1.0,,EXACT MATCH,
5,Uttarakhand,46,Bageshwar,259921,Kapkot,Town Panchayat,FULL MATCH,1.0,,EXACT MATCH,
5,Uttarakhand,46,Bageshwar,299525,Garud,Town Panchayat,FULL MATCH,1.0,,EXACT MATCH,
5,Uttarakhand,47,Chamoli,248412,Badrinathpuri,Town Panchayat,FULL MATCH,1.0,,EXACT MATCH,
5,Uttarakhand,47,Chamoli,248413,Joshimath,Municipality,FULL MATCH,1.0,,EXACT MATCH,
5,Uttarakhand,47,Chamoli,248414,Chamoli Gopeshwar,Municipality,FULL MATCH,1.0,,EXACT MATCH,
5,Uttarakhand,47,Chamoli,248415,Nandprayag,Town Panchayat,FULL MATCH,1.0,,EXACT MATCH,
5,Uttarakhand,47,Chamoli,248416,Gochar,Municipality,FULL MATCH,1.0,,EXACT MATCH,
5,Uttarakhand,47,Chamoli,248417,Karnaprayag,Municipality,FULL MATCH,1.0,,EXACT MATCH,
5,Uttarakhand,47,Chamoli,248419,Rudraprayag,Municipality,FULL MATCH,1.0,,EXACT MATCH,
5,Uttarakhand,47,Chamoli,259820,Pokhari,Town Panchayat,FULL MATCH,1.0,,EXACT MATCH,
5,Uttarakhand,47,Chamoli,260112,Gairsain,Town Panchayat,FULL MATCH,1.0,,EXACT MATCH,
5,Uttarakhand,47,Chamoli,275665,Tharali,Town Panchayat,FULL MATCH,1.0,,EXACT MATCH,
5,Uttarakhand,47,Chamoli,276459,Pipalkoti,Town Panchayat,FULL MATCH,1.0,,EXACT MATCH,
5,Uttarakhand,47,Chamoli,301882,Nandanagar,Town Panchayat,FULL MATCH,1.0,,EXACT MATCH,
5,Uttarakhand,48,Champawat,248450,Lohaghat,Municipality,FULL MATCH,1.0,,EXACT MATCH,
5,Uttarakhand,48,Champawat,248451,Champawat,Municipality,FULL MATCH,1.0,,EXACT MATCH,
5,Uttarakhand,48,Champawat,248452,Tanakpur,Municipality,FULL MATCH,1.0,,EXACT MATCH,
5,Uttarakhand,48,Champawat,262922,Banbasa,Town Panchayat,FULL MATCH,1.0,,EXACT MATCH,
5,Uttarakhand,48,Champawat,301877,Pati,Town Panchayat,FULL MATCH,1.0,,EXACT MATCH,
5,Uttarakhand,49,Dehradun,248427,Vikasnagar,Municipality,AMBIGUOUS MATCH,0.5,HIGH DISPARITY,NEARLY RESOLVABLE,49:Dehradun(50.0%)
5,Uttarakhand,49,Dehradun,248428,Herbertpur,Municipality,AMBIGUOUS MATCH,0.5,HIGH DISPARITY,NEARLY RESOLVABLE,49:Dehradun(50.0%)
5,Uttarakhand,49,Dehradun,248429,Mussoorie,Municipality,FULL MATCH,1.0,,EXACT MATCH,
5,Uttarakhand,49,Dehradun,248430,Dehradun,Municipal Corporations,FULL MATCH,1.0,,EXACT MATCH,
5,Uttarakhand,49,Dehradun,248433,Doiwala,Municipality,FULL MATCH,1.0,,EXACT MATCH,
5,Uttarakhand,49,Dehradun,248434,Rishikesh,Municipal Corporations,AI PREDICTION,1.0,,AMBIGUOUS PREDICTION,49:Dehradun(100.0%) | 50:Haridwar(100.0%) | 52:Pauri Garhwal(100.0%)
5,Uttarakhand,49,Dehradun,275633,Selaqui(Central Hope Town),Town Panchayat,AI PREDICTION,1.0,,STRONG MATCH,49:Dehradun(100.0%)
5,Uttarakhand,49,Dehradun,299529,Rampur,Town Panchayat,FULL MATCH,1.0,,EXACT MATCH,
5,Uttarakhand,49,Dehradun,299531,Tapovan,Town Panchayat,FULL MATCH,1.0,,EXACT MATCH,
5,Uttarakhand,50,Haridwar,248478,Roorkee,Municipal Corporations,FULL MATCH,1.0,,EXACT MATCH,
5,Uttarakhand,50,Haridwar,248481,Jhabrera,Town Panchayat,FULL MATCH,1.0,,EXACT MATCH,
5,Uttarakhand,50,Haridwar,248482,Manglaur,Municipality,FULL MATCH,1.0,,EXACT MATCH,
5,Uttarakhand,50,Haridwar,248483,Landhaura,Town Panchayat,AI PREDICTION,1.0,,STRONG MATCH,50:Haridwar(100.0%)
5,Uttarakhand,50,Haridwar,248485,Haridwar,Municipal Corporations,FULL MATCH,1.0,,EXACT MATCH,
5,Uttarakhand,50,Haridwar,248486,Laksar,Municipality,FULL MATCH,1.0,,EXACT MATCH,
5,Uttarakhand,50,Haridwar,262847,Bhagwanpur,Town Panchayat,FULL MATCH,1.0,,EXACT MATCH,
5,Uttarakhand,50,Haridwar,262858,Shivalik Nagar,Municipality,AMBIGUOUS MATCH,0.5,HIGH DISPARITY,NEARLY RESOLVABLE,50:Haridwar(50.0%)
5,Uttarakhand,50,Haridwar,275670,Piran Kaliyar,Town Panchayat,FULL MATCH,1.0,,EXACT MATCH,
5,Uttarakhand,50,Haridwar,299524,Dhandera,Town Panchayat,FULL MATCH,1.0,,EXACT MATCH,
5,Uttarakhand,50,Haridwar,299526,Imlikheda,Town Panchayat,FULL MATCH,1.0,,EXACT MATCH,
5,Uttarakhand,50,Haridwar,299749,Padali Gurjar,Town Panchayat,FULL MATCH,1.0,,EXACT MATCH,
5,Uttarakhand,50,Haridwar,300431,Imlikhera,Town Panchayat,FULL MATCH,1.0,,EXACT MATCH,
5,Uttarakhand,50,Haridwar,300592,Sultanpur-Adampur,Town Panchayat,FULL MATCH,1.0,,EXACT MATCH,
5,Uttarakhand,51,Nainital,248454,Nainital,Municipality,FULL MATCH,1.0,,EXACT MATCH,
5,Uttarakhand,51,Nainital,248455,Bhowali,Municipality,FULL MATCH,1.0,,EXACT MATCH,
5,Uttarakhand,51,Nainital,248456,Bhimtal,Municipality,FULL MATCH,1.0,,EXACT MATCH,
5,Uttarakhand,51,Nainital,248458,Kaladhungi,Municipality,FULL MATCH,1.0,,EXACT MATCH,
5,Uttarakhand,51,Nainital,248459,Haldwani-Cumkathgodam,Municipal Corporations,FULL MATCH,1.0,,EXACT MATCH,
5,Uttarakhand,51,Nainital,248460,Lalkuan,Town Panchayat,FULL MATCH,1.0,,EXACT MATCH,
5,Uttarakhand,51,Nainital,248467,Bajpur,Municipality,FULL MATCH,1.0,,EXACT MATCH,
5,Uttarakhand,51,Nainital,277162,Gularbhoj,Town Panchayat,FULL MATCH,1.0,,EXACT MATCH,
5,Uttarakhand,52,Pauri Garhwal,248421,Devprayag,Municipality,FULL MATCH,1.0,,EXACT MATCH,
5,Uttarakhand,52,Pauri Garhwal,248437,Srinagar,Municipal Corporations,FULL MATCH,1.0,,EXACT MATCH,
5,Uttarakhand,52,Pauri Garhwal,248438,Pauri,Municipality,FULL MATCH,1.0,,EXACT MATCH,
5,Uttarakhand,52,Pauri Garhwal,248440,Dogadda,Municipality,FULL MATCH,1.0,,EXACT MATCH,
5,Uttarakhand,52,Pauri Garhwal,248441,Kanvnagri Kotdwar,Municipal Corporations,FULL MATCH,1.0,,EXACT MATCH,
5,Uttarakhand,52,Pauri Garhwal,262843,Swargashram Jonk,Town Panchayat,FULL MATCH,1.0,,EXACT MATCH,
5,Uttarakhand,52,Pauri Garhwal,262882,Satpuli,Town Panchayat,FULL MATCH,1.0,,EXACT MATCH,
5,Uttarakhand,52,Pauri Garhwal,299532,Thalisain,Town Panchayat,FULL MATCH,1.0,,EXACT MATCH,
5,Uttarakhand,53,Pithoragarh,248422,Tehri,Municipality,FULL MATCH,1.0,,EXACT MATCH,
5,Uttarakhand,53,Pithoragarh,248444,Dharchula,Municipality,FULL MATCH,1.0,,EXACT MATCH,
5,Uttarakhand,53,Pithoragarh,248445,Didihat,Municipality,FULL MATCH,1.0,,EXACT MATCH,
5,Uttarakhand,53,Pithoragarh,248446,Pithoragarh,Municipal Corporations,FULL MATCH,1.0,,EXACT MATCH,
5,Uttarakhand,53,Pithoragarh,259826,Berinag,Municipality,FULL MATCH,1.0,,EXACT MATCH,
5,Uttarakhand,53,Pithoragarh,262883,Gangolihat,Municipality,FULL MATCH,1.0,,EXACT MATCH,
5,Uttarakhand,53,Pithoragarh,301879,Munsyari,Town Panchayat,FULL MATCH,1.0,,EXACT MATCH,
5,Uttarakhand,54,Rudraprayag,248418,Kedarnath,Town Panchayat,FULL MATCH,1.0,,EXACT MATCH,
5,Uttarakhand,54,Rudraprayag,262901,Ukhimath,Town Panchayat,FULL MATCH,1.0,,EXACT MATCH,
5,Uttarakhand,54,Rudraprayag,262902,Augustmuni,Town Panchayat,FULL MATCH,1.0,,EXACT MATCH,
5,Uttarakhand,54,Rudraprayag,276616,Tilwara,Town Panchayat,FULL MATCH,1.0,,EXACT MATCH,
5,Uttarakhand,54,Rudraprayag,301881,Guptkashi,Town Panchayat,FULL MATCH,1.0,,EXACT MATCH,
5,Uttarakhand,55,Tehri Garhwal,248420,Kirtinagar,Town Panchayat,FULL MATCH,1.0,,EXACT MATCH,
5,Uttarakhand,55,Tehri Garhwal,248423,Chamba,Municipality,FULL MATCH,1.0,,EXACT MATCH,
5,Uttarakhand,55,Tehri Garhwal,248424,Narendranagar,Municipality,FULL MATCH,1.0,,EXACT MATCH,
5,Uttarakhand,55,Tehri Garhwal,248426,Munikireti-Dhalwala,Municipality,FULL MATCH,1.0,,EXACT MATCH,
5,Uttarakhand,55,Tehri Garhwal,262832,Ghansali,Town Panchayat,FULL MATCH,1.0,,EXACT MATCH,
5,Uttarakhand,55,Tehri Garhwal,262842,Chiniyalisaur,Municipality,FULL MATCH,1.0,,EXACT MATCH,
5,Uttarakhand,55,Tehri Garhwal,277163,Chamiyala,Town Panchayat,FULL MATCH,1.0,,EXACT MATCH,
5,Uttarakhand,55,Tehri Garhwal,277164,Gaja,Town Panchayat,FULL MATCH,1.0,,EXACT MATCH,
5,Uttarakhand,55,Tehri Garhwal,277183,Lambgaon,Town Panchayat,FULL MATCH,1.0,,EXACT MATCH,
5,Uttarakhand,56,Udham Singh Nagar,248461,Mahua Dabra Haripura,Town Panchayat,FULL MATCH,1.0,,EXACT MATCH,
5,Uttarakhand,56,Udham Singh Nagar,248462,Jaspur,Municipality,FULL MATCH,1.0,,EXACT MATCH,
5,Uttarakhand,56,Udham Singh Nagar,248463,Kashipur,Municipal Corporations,FULL MATCH,1.0,,EXACT MATCH,
5,Uttarakhand,56,Udham Singh Nagar,248465,Mahua Kheraganj,Municipality,FULL MATCH,1.0,,EXACT MATCH,
5,Uttarakhand,56,Udham Singh Nagar,248466,Sultanpur,Town Panchayat,FULL MATCH,1.0,,EXACT MATCH,
5,Uttarakhand,56,Udham Singh Nagar,248468,Kela Khera,Town Panchayat,FULL MATCH,1.0,,EXACT MATCH,
5,Uttarakhand,56,Udham Singh Nagar,248469,Gadarpur,Municipality,FULL MATCH,1.0,,EXACT MATCH,
5,Uttarakhand,56,Udham Singh Nagar,248470,Dineshpur,Town Panchayat,FULL MATCH,1.0,,EXACT MATCH,
5,Uttarakhand,56,Udham Singh Nagar,248471,Rudrapur,Municipal Corporations,FULL MATCH,1.0,,EXACT MATCH,
5,Uttarakhand,56,Udham Singh Nagar,248474,Kichha,Municipality,FULL MATCH,1.0,,EXACT MATCH,
5,Uttarakhand,56,Udham Singh Nagar,248475,Shaktigarh,Town Panchayat,FULL MATCH,1.0,,EXACT MATCH,
5,Uttarakhand,56,Udham Singh Nagar,248476,Sitarganj,Municipality,FULL MATCH,1.0,,EXACT MATCH,
5,Uttarakhand,56,Udham Singh Nagar,248477,Khatima,Municipality,FULL MATCH,1.0,,EXACT MATCH,
5,Uttarakhand,56,Udham Singh Nagar,275661,Nanakmatta,Town Panchayat,FULL MATCH,1.0,,EXACT MATCH,
5,Uttarakhand,56,Udham Singh Nagar,299527,Lalpur,Town Panchayat,FULL MATCH,1.0,,EXACT MATCH,
5,Uttarakhand,56,Udham Singh Nagar,299528,Nagla,Municipality,FULL MATCH,1.0,,EXACT MATCH,
5,Uttarakhand,56,Udham Singh Nagar,301880,Garhinegi,Town Panchayat,FULL MATCH,1.0,,EXACT MATCH,
5,Uttarakhand,57,Uttarkashi,248409,Barkot,Municipality,FULL MATCH,1.0,,EXACT MATCH,
5,Uttarakhand,57,Uttarkashi,248410,Barahat-Uttarkashi,Municipality,FULL MATCH,1.0,,EXACT MATCH,
5,Uttarakhand,57,Uttarkashi,248411,Gangotri,Town Panchayat,FULL MATCH,1.0,,EXACT MATCH,
5,Uttarakhand,57,Uttarkashi,262841,Purola,Municipality,FULL MATCH,1.0,,EXACT MATCH,
5,Uttarakhand,57,Uttarkashi,274461,Naugaon,Town Panchayat,FULL MATCH,1.0,,EXACT MATCH,
6,Haryana,58,Ambala,248490,Naraingarh,Municipality,FULL MATCH,1.0,,EXACT MATCH,
6,Haryana,58,Ambala,248491,Ambala,Municipal Corporations,FULL MATCH,1.0,,EXACT MATCH,
6,Haryana,58,Ambala,272866,Barara,Municipality,FULL MATCH,1.0,,EXACT MATCH,
6,Haryana,58,Ambala,274458,Radaur,Municipality,FULL MATCH,1.0,,EXACT MATCH,
6,Haryana,58,Ambala,290431,Ambala Sadar,Notified Area Council,FULL MATCH,1.0,,EXACT MATCH,
6,Haryana,59,Bhiwani,248549,Bawani Khera,Municipality,FULL MATCH,1.0,,EXACT MATCH,
6,Haryana,59,Bhiwani,248550,Bhiwani,Notified Area Council,FULL MATCH,1.0,,EXACT MATCH,
6,Haryana,59,Bhiwani,248552,Siwani,Municipality,FULL MATCH,1.0,,EXACT MATCH,
6,Haryana,59,Bhiwani,248553,Loharu,Municipality,FULL MATCH,1.0,,EXACT MATCH,
6,Haryana,59,Bhiwani,248554,Charkhi Dadri,Notified Area Council,FULL MATCH,1.0,,EXACT MATCH,
6,Haryana,60,Faridabad,248585,Faridabad,Municipal Corporations,FULL MATCH,1.0,,EXACT MATCH,
6,Haryana,60,Faridabad,248586,Palwal,Notified Area Council,FULL MATCH,1.0,,EXACT MATCH,
6,Haryana,61,Fatehabad,248536,Ratia,Municipality,FULL MATCH,1.0,,EXACT MATCH,
6,Haryana,61,Fatehabad,248537,Tohana,Notified Area Council,FULL MATCH,1.0,,EXACT MATCH,
6,Haryana,61,Fatehabad,248538,Fatehabad,Notified Area Council,FULL MATCH,1.0,,EXACT MATCH,
6,Haryana,61,Fatehabad,248544,Uklanamandi,Municipality,FULL MATCH,1.0,,EXACT MATCH,
6,Haryana,61,Fatehabad,262120,Bhuna,Municipality,FULL MATCH,1.0,,EXACT MATCH,
6,Haryana,61,Fatehabad,276399,Jakhal Mandi,Municipality,FULL MATCH,1.0,,EXACT MATCH,
6,Haryana,61,Fatehabad,299096,Adampur,Municipality,FULL MATCH,1.0,,EXACT MATCH,
6,Haryana,62,Gurugram,248573,Pataudi Jatauli Mandi,Notified Area Council,FULL MATCH,1.0,,EXACT MATCH,
6,Haryana,62,Gurugram,248574,Farrukhnagar,Municipality,FULL MATCH,1.0,,EXACT MATCH,
6,Haryana,62,Gurugram,248576,Gurugram,Municipal Corporations,FULL MATCH,1.0,,EXACT MATCH,
6,Haryana,62,Gurugram,248579,Sohna,Notified Area Council,FULL MATCH,1.0,,EXACT MATCH,
6,Haryana,62,Gurugram,248580,Taoru,Municipality,FULL MATCH,1.0,,EXACT MATCH,
6,Haryana,62,Gurugram,297117,Manesar,Municipal Corporations,FULL MATCH,1.0,,EXACT MATCH,
6,Haryana,63,Hisar,248545,Barwala,Municipality,AMBIGUOUS MATCH,0.5,LOW DISPARITY,HIGH AMBIGUITY,63:Hisar(50.0%) | | | 70:Panchkula(50.0%)
6,Haryana,63,Hisar,248546,Hisar,Municipal Corporations,FULL MATCH,1.0,,EXACT MATCH,
6,Haryana,63,Hisar,248547,Narnaund,Municipality,FULL MATCH,1.0,,EXACT MATCH,
6,Haryana,63,Hisar,248548,Hansi,Notified Area Council,FULL MATCH,1.0,,EXACT MATCH,
6,Haryana,64,Jhajjar,248558,Beri,Municipality,FULL MATCH,1.0,,EXACT MATCH,
6,Haryana,64,Jhajjar,248560,Bahadurgarh,Notified Area Council,FULL MATCH,1.0,,EXACT MATCH,
6,Haryana,64,Jhajjar,248562,Jhajjar,Notified Area Council,FULL MATCH,1.0,,EXACT MATCH,
6,Haryana,65,Jind,248531,Narwana,Notified Area Council,FULL MATCH,1.0,,EXACT MATCH,
6,Haryana,65,Jind,248532,Uchana,Municipality,FULL MATCH,1.0,,EXACT MATCH,
6,Haryana,65,Jind,248533,Jind,Notified Area Council,FULL MATCH,1.0,,EXACT MATCH,
6,Haryana,65,Jind,248534,Julana,Municipality,FULL MATCH,1.0,,EXACT MATCH,
6,Haryana,65,Jind,248535,Safidon,Municipality,FULL MATCH,1.0,,EXACT MATCH,
6,Haryana,66,Kaithal,248510,Cheeka,Municipality,FULL MATCH,1.0,,EXACT MATCH,
6,Haryana,66,Kaithal,248511,Kaithal,Notified Area Council,FULL MATCH,1.0,,EXACT MATCH,
6,Haryana,66,Kaithal,248512,Kalayat,Municipality,FULL MATCH,1.0,,EXACT MATCH,
6,Haryana,66,Kaithal,248513,Pundri,Municipality,FULL MATCH,1.0,,EXACT MATCH,
6,Haryana,66,Kaithal,262119,Rajound,Municipality,FULL MATCH,1.0,,EXACT MATCH,
6,Haryana,66,Kaithal,299095,Siwan,Municipality,FULL MATCH,1.0,,EXACT MATCH,
6,Haryana,67,Karnal,248514,Nilokheri,Municipality,FULL MATCH,1.0,,EXACT MATCH,
6,Haryana,67,Karnal,248515,Taraori,Municipality,FULL MATCH,1.0,,EXACT MATCH,
6,Haryana,67,Karnal,248516,Indri,Municipality,FULL MATCH,1.0,,EXACT MATCH,
6,Haryana,67,Karnal,248517,Karnal,Municipal Corporations,FULL MATCH,1.0,,EXACT MATCH,
6,Haryana,67,Karnal,248519,Assandh,Municipality,FULL MATCH,1.0,,EXACT MATCH,
6,Haryana,67,Karnal,248520,Gharaunda,Municipality,FULL MATCH,1.0,,EXACT MATCH,
6,Haryana,67,Karnal,248521,Panipat,Municipal Corporations,AI PREDICTION,1.0,,AMBIGUOUS PREDICTION,67:Karnal(100.0%) | 71:Panipat(100.0%)
6,Haryana,67,Karnal,253296,Nissing,Municipality,FULL MATCH,1.0,,EXACT MATCH,
6,Haryana,68,Kurukshetra,248506,Shahbad,Municipality,FULL MATCH,1.0,,EXACT MATCH,
6,Haryana,68,Kurukshetra,248507,Pehowa,Municipality,FULL MATCH,1.0,,EXACT MATCH,
6,Haryana,68,Kurukshetra,248508,Thanesar,Notified Area Council,FULL MATCH,1.0,,EXACT MATCH,
6,Haryana,68,Kurukshetra,248509,Ladwa,Municipality,FULL MATCH,1.0,,EXACT MATCH,
6,Haryana,68,Kurukshetra,289253,Ismailabad,Municipality,FULL MATCH,1.0,,EXACT MATCH,
6,Haryana,69,Mahendragarh,248563,Kanina,Municipality,FULL MATCH,1.0,,EXACT MATCH,
6,Haryana,69,Mahendragarh,248564,Mahendragarh,Municipality,FULL MATCH,1.0,,EXACT MATCH,
6,Haryana,69,Mahendragarh,248565,Ateli,Municipality,FULL MATCH,1.0,,EXACT MATCH,
6,Haryana,69,Mahendragarh,248566,Narnaul,Notified Area Council,FULL MATCH,1.0,,EXACT MATCH,
6,Haryana,69,Mahendragarh,259688,Nangal Chaudhary,Municipality,FULL MATCH,1.0,,EXACT MATCH,
6,Haryana,70,Panchkula,248487,Kalka,Notified Area Council,FULL MATCH,1.0,,EXACT MATCH,
6,Haryana,70,Panchkula,248489,Panchkula,Municipal Corporations,FULL MATCH,1.0,,EXACT MATCH,
6,Haryana,71,Panipat,248526,Samalkha,Notified Area Council,FULL MATCH,1.0,,EXACT MATCH,
6,Haryana,72,Rewari,248568,Dharuhera,Municipality,FULL MATCH,1.0,,EXACT MATCH,
6,Haryana,72,Rewari,248569,Rewari,Notified Area Council,FULL MATCH,1.0,,EXACT MATCH,
6,Haryana,72,Rewari,248571,Bawal,Municipality,FULL MATCH,1.0,,EXACT MATCH,
6,Haryana,73,Rohtak,248555,Meham,Municipality,FULL MATCH,1.0,,EXACT MATCH,
6,Haryana,73,Rohtak,248556,Kalanaur,Municipality,FULL MATCH,1.0,,EXACT MATCH,
6,Haryana,73,Rohtak,248557,Rohtak,Municipal Corporations,FULL MATCH,1.0,,EXACT MATCH,
6,Haryana,73,Rohtak,253298,Sampla,Municipality,FULL MATCH,1.0,,EXACT MATCH,
6,Haryana,74,Sirsa,248539,Mandi Dabwali,Notified Area Council,FULL MATCH,1.0,,EXACT MATCH,
6,Haryana,74,Sirsa,248540,Kalanwali,Municipality,FULL MATCH,1.0,,EXACT MATCH,
6,Haryana,74,Sirsa,248541,Sirsa,Notified Area Council,FULL MATCH,1.0,,EXACT MATCH,
6,Haryana,74,Sirsa,248542,Rania,Municipality,FULL MATCH,1.0,,EXACT MATCH,
6,Haryana,74,Sirsa,248543,Ellenabad,Municipality,FULL MATCH,1.0,,EXACT MATCH,
6,Haryana,75,Sonipat,248527,Gohana,Notified Area Council,FULL MATCH,1.0,,EXACT MATCH,
6,Haryana,75,Sonipat,248528,Ganaur,Municipality,FULL MATCH,1.0,,EXACT MATCH,
6,Haryana,75,Sonipat,248529,Sonipat,Municipal Corporations,FULL MATCH,1.0,,EXACT MATCH,
6,Haryana,75,Sonipat,248530,Kharkhoda,Municipality,FULL MATCH,1.0,,EXACT MATCH,
6,Haryana,75,Sonipat,289251,Kundli,Municipality,FULL MATCH,1.0,,EXACT MATCH,
6,Haryana,76,Yamunanagar,248500,Yamunanagar,Municipal Corporations,FULL MATCH,1.0,,EXACT MATCH,
6,Haryana,76,Yamunanagar,289254,Sadhaura,Municipality,FULL MATCH,1.0,,EXACT MATCH,
6,Haryana,604,Nuh,248581,Nuh,Notified Area Council,FULL MATCH,1.0,,EXACT MATCH,
6,Haryana,604,Nuh,248582,Ferozepur Jhirka,Municipality,FULL MATCH,1.0,,EXACT MATCH,
6,Haryana,604,Nuh,248583,Punahana,Municipality,FULL MATCH,1.0,,EXACT MATCH,
6,Haryana,619,Palwal,248587,Hathin,Municipality,FULL MATCH,1.0,,EXACT MATCH,
6,Haryana,619,Palwal,248589,Hodal,Notified Area Council,FULL MATCH,1.0,,EXACT MATCH,
7,Delhi,78,East,276447,New Delhi Municipal Council,NCT Municipal Council,AI PREDICTION,1.0,,AMBIGUOUS PREDICTION,78:East(100.0%) | 79:New Delhi(100.0%) | 80:North(100.0%)
7,Delhi,81,North East,276400,East Delhi Municipal Corporation,Municipal Corporations,AMBIGUOUS MATCH,0.5,MODERATE DISPARITY,MODERATE AMBIGUITY,81:North | East(50.0%) | |
7,Delhi,82,North West,276401,North Delhi Municipal Corporation,Municipal Corporations,AMBIGUOUS MATCH,0.1429,LOW DISPARITY,HIGH AMBIGUITY,82:North | West(14.29%) | |
7,Delhi,83,South,276402,South Delhi Municipal Corporation,Municipal Corporations,AMBIGUOUS MATCH,0.1591,LOW DISPARITY,HIGH AMBIGUITY,83:South(15.91%) | | | 84:South
8,Rajasthan,86,Ajmer,248786,Kishangarh,Municipality,AMBIGUOUS MATCH,0.5,MODERATE DISPARITY,MODERATE AMBIGUITY,86:Ajmer(50.0%) | | | 112:Rajsamand(25.0%)
8,Rajasthan,86,Ajmer,248787,Pushkar,Municipality,AMBIGUOUS MATCH,0.5,LOW DISPARITY,HIGH AMBIGUITY,86:Ajmer(50.0%) | | | 112:Rajsamand(50.0%)
8,Rajasthan,86,Ajmer,248788,Ajmer,Municipal Corporations,AMBIGUOUS MATCH,0.7,HIGH DISPARITY,NEARLY RESOLVABLE,86:Ajmer(70.0%)
8,Rajasthan,86,Ajmer,248791,Vijainagar,Municipality,AMBIGUOUS MATCH,0.5,LOW DISPARITY,HIGH AMBIGUITY,86:Ajmer(50.0%) | | | 112:Rajsamand(50.0%)
8,Rajasthan,86,Ajmer,277232,Nasirabad,Municipality,AMBIGUOUS MATCH,0.5,LOW DISPARITY,HIGH AMBIGUITY,86:Ajmer(50.0%) | | | 112:Rajsamand(50.0%)
8,Rajasthan,87,Alwar,248671,Rajgarh (Alwar),Municipality,AMBIGUOUS MATCH,0.5,LOW DISPARITY,HIGH AMBIGUITY,87:Alwar(50.0%) | | | 112:Rajsamand(50.0%)
8,Rajasthan,87,Alwar,248699,Alwar,Municipal Corporations,AMBIGUOUS MATCH,0.3333,LOW DISPARITY,HIGH AMBIGUITY,87:Alwar(33.33%) | | | 112:Rajsamand(33.33%)
8,Rajasthan,87,Alwar,248702,Kherli,Municipality,AMBIGUOUS MATCH,0.5,LOW DISPARITY,HIGH AMBIGUITY,87:Alwar(50.0%) | | | 112:Rajsamand(50.0%)
8,Rajasthan,87,Alwar,248844,Pratapgarh,Municipality,AMBIGUOUS MATCH,0.25,LOW DISPARITY,HIGH AMBIGUITY,87:Alwar(25.0%) | | | 112:Rajsamand(25.0%)
8,Rajasthan,87,Alwar,301407,Malakheda,Municipality,AMBIGUOUS MATCH,0.25,LOW DISPARITY,HIGH AMBIGUITY,87:Alwar(25.0%) | | | 112:Rajsamand(25.0%)
8,Rajasthan,87,Alwar,301408,Vallabhnagar,Municipality,AMBIGUOUS MATCH,0.3333,LOW DISPARITY,HIGH AMBIGUITY,87:Alwar(33.33%) | | | 112:Rajsamand(33.33%)
8,Rajasthan,87,Alwar,301409,Singhana,Municipality,AMBIGUOUS MATCH,0.25,LOW DISPARITY,HIGH AMBIGUITY,87:Alwar(25.0%) | | | 106:Jhunjhunu(25.0%)
8,Rajasthan,87,Alwar,301415,Kathumar,Municipality,AMBIGUOUS MATCH,0.3333,LOW DISPARITY,HIGH AMBIGUITY,87:Alwar(33.33%) | | | 112:Rajsamand(33.33%)
8,Rajasthan,88,Banswara,248835,Banswara,Municipality,AMBIGUOUS MATCH,0.3333,LOW DISPARITY,HIGH AMBIGUITY,88:Banswara(33.33%) | | | 112:Rajsamand(33.33%)
8,Rajasthan,89,Baran,248858,Baran,Municipality,AMBIGUOUS MATCH,0.3333,LOW DISPARITY,HIGH AMBIGUITY,89:Baran(33.33%) | | | 109:Kota(33.33%)
8,Rajasthan,90,Barmer,248766,Barmer,Municipality,AMBIGUOUS MATCH,0.3333,LOW DISPARITY,HIGH AMBIGUITY,90:Barmer(33.33%) | | | 112:Rajsamand(33.33%)
8,Rajasthan,90,Barmer,302181,Chohtan,Municipality,AMBIGUOUS MATCH,0.3333,LOW DISPARITY,HIGH AMBIGUITY,90:Barmer(33.33%) | | | 112:Rajsamand(33.33%)
8,Rajasthan,91,Bharatpur,248705,Deeg,Municipality,AMBIGUOUS MATCH,0.3333,LOW DISPARITY,HIGH AMBIGUITY,91:Bharatpur(33.33%) | | | 112:Rajsamand(33.33%)
8,Rajasthan,91,Bharatpur,248706,Nadbai,Municipality,AMBIGUOUS MATCH,0.5,LOW DISPARITY,HIGH AMBIGUITY,91:Bharatpur(50.0%) | | | 112:Rajsamand(50.0%)
8,Rajasthan,91,Bharatpur,248708,Bharatpur,Municipal Corporations,FULL MATCH,1.0,,EXACT MATCH,
8,Rajasthan,92,Bhilwara,248812,Bhilwara,Municipal Corporations,AMBIGUOUS MATCH,0.3333,LOW DISPARITY,HIGH AMBIGUITY,92:Bhilwara(33.33%) | | | 112:Rajsamand(33.33%)
8,Rajasthan,92,Bhilwara,301416,Raipur,Municipality,AMBIGUOUS MATCH,0.3333,LOW DISPARITY,HIGH AMBIGUITY,92:Bhilwara(33.33%) | | | 112:Rajsamand(33.33%)
8,Rajasthan,92,Bhilwara,301915,Bijoliya,Municipality,AMBIGUOUS MATCH,0.3333,LOW DISPARITY,HIGH AMBIGUITY,92:Bhilwara(33.33%) | | | 112:Rajsamand(33.33%)
8,Rajasthan,92,Bhilwara,302924,Banera,Municipality,FULL MATCH,1.0,,EXACT MATCH,
8,Rajasthan,92,Bhilwara,302998,Bigod,Municipality,FULL MATCH,1.0,,EXACT MATCH,
8,Rajasthan,93,Bikaner,248667,Bikaner,Municipal Corporations,FULL MATCH,1.0,,EXACT MATCH,
8,Rajasthan,93,Bikaner,302180,Napasar,Municipality,AMBIGUOUS MATCH,0.3333,LOW DISPARITY,HIGH AMBIGUITY,93:Bikaner(33.33%) | | | 112:Rajsamand(33.33%)
8,Rajasthan,93,Bikaner,302182,Lunkaransar,Municipality,AMBIGUOUS MATCH,0.3333,LOW DISPARITY,HIGH AMBIGUITY,93:Bikaner(33.33%) | | | 112:Rajsamand(33.33%)
8,Rajasthan,94,Bundi,248806,Bundi,Municipality,AMBIGUOUS MATCH,0.3333,LOW DISPARITY,HIGH AMBIGUITY,94:Bundi(33.33%) | | | 112:Rajsamand(33.33%)
8,Rajasthan,94,Bundi,301457,Hindoli,Municipality,AMBIGUOUS MATCH,0.3333,LOW DISPARITY,HIGH AMBIGUITY,94:Bundi(33.33%) | | | 112:Rajsamand(33.33%)
8,Rajasthan,95,Chittorgarh,248838,Rawatbhata,Municipality,AMBIGUOUS MATCH,0.5,LOW DISPARITY,HIGH AMBIGUITY,95:Chittorgarh(50.0%) | | | 112:Rajsamand(50.0%)
8,Rajasthan,95,Chittorgarh,248839,Chittorgarh,Municipality,AMBIGUOUS MATCH,0.3333,LOW DISPARITY,HIGH AMBIGUITY,95:Chittorgarh(33.33%) | | | 112:Rajsamand(33.33%)
8,Rajasthan,96,Churu,248673,Churu,Municipality,AMBIGUOUS MATCH,0.3333,LOW DISPARITY,HIGH AMBIGUITY,96:Churu(33.33%) | | | 112:Rajsamand(33.33%)
8,Rajasthan,96,Churu,248676,Ratangarh,Municipality,AMBIGUOUS MATCH,0.5,LOW DISPARITY,HIGH AMBIGUITY,96:Churu(50.0%) | | | 112:Rajsamand(50.0%)
8,Rajasthan,96,Churu,248678,Bidasar,Municipality,AMBIGUOUS MATCH,0.5,LOW DISPARITY,HIGH AMBIGUITY,96:Churu(50.0%) | | | 112:Rajsamand(50.0%)
8,Rajasthan,96,Churu,248680,Sujangarh,Municipality,AMBIGUOUS MATCH,0.3333,LOW DISPARITY,HIGH AMBIGUITY,96:Churu(33.33%) | | | 112:Rajsamand(33.33%)
8,Rajasthan,96,Churu,302861,Sahwa,Municipality,FULL MATCH,1.0,,EXACT MATCH,
8,Rajasthan,97,Dausa,248722,Bandikui,Municipality,AMBIGUOUS MATCH,0.5,LOW DISPARITY,HIGH AMBIGUITY,97:Dausa(50.0%) | | | 112:Rajsamand(50.0%)
8,Rajasthan,97,Dausa,248725,Dausa,Municipality,AMBIGUOUS MATCH,0.3333,LOW DISPARITY,HIGH AMBIGUITY,97:Dausa(33.33%) | | | 102:Jaipur(33.33%)
8,Rajasthan,97,Dausa,248726,Lalsot,Municipality,AMBIGUOUS MATCH,0.5,LOW DISPARITY,HIGH AMBIGUITY,97:Dausa(50.0%) | | | 112:Rajsamand(50.0%)
8,Rajasthan,97,Dausa,275691,Mahwa,Municipality,AMBIGUOUS MATCH,0.6667,HIGH DISPARITY,NEARLY RESOLVABLE,97:Dausa(66.67%) | | | 112:Rajsamand(33.33%)
8,Rajasthan,97,Dausa,301406,Lawan,Municipality,AMBIGUOUS MATCH,0.3333,LOW DISPARITY,HIGH AMBIGUITY,97:Dausa(33.33%) | | | 102:Jaipur(33.33%)
8,Rajasthan,97,Dausa,301410,Ramgarh Pachwara,Municipality,AMBIGUOUS MATCH,0.3333,LOW DISPARITY,HIGH AMBIGUITY,97:Dausa(33.33%) | | | 112:Rajsamand(33.33%)
8,Rajasthan,97,Dausa,301451,Sikaray,Municipality,AMBIGUOUS MATCH,0.3333,LOW DISPARITY,HIGH AMBIGUITY,97:Dausa(33.33%) | | | 112:Rajsamand(33.33%)
8,Rajasthan,98,Dholpur,248649,Kesrisinghpur,Town Panchayat,AMBIGUOUS MATCH,0.5,MODERATE DISPARITY,MODERATE AMBIGUITY,98:Dholpur(50.0%) | | | 100:Ganganagar(25.0%)
8,Rajasthan,98,Dholpur,248650,Srikaranpur,Town Panchayat,AMBIGUOUS MATCH,0.5,MODERATE DISPARITY,MODERATE AMBIGUITY,98:Dholpur(50.0%) | | | 100:Ganganagar(25.0%)
8,Rajasthan,98,Dholpur,248652,Sadulshahar,Town Panchayat,AMBIGUOUS MATCH,0.5,MODERATE DISPARITY,MODERATE AMBIGUITY,98:Dholpur(50.0%) | | | 100:Ganganagar(25.0%)
8,Rajasthan,98,Dholpur,248653,Padampur,Town Panchayat,AMBIGUOUS MATCH,0.5,MODERATE DISPARITY,MODERATE AMBIGUITY,98:Dholpur(50.0%) | | | 100:Ganganagar(25.0%)
8,Rajasthan,98,Dholpur,248654,Gajsinghpur,Town Panchayat,AMBIGUOUS MATCH,0.5,MODERATE DISPARITY,MODERATE AMBIGUITY,98:Dholpur(50.0%) | | | 100:Ganganagar(25.0%)
8,Rajasthan,98,Dholpur,248655,Raisinghnagar,Town Panchayat,AMBIGUOUS MATCH,0.5,MODERATE DISPARITY,MODERATE AMBIGUITY,98:Dholpur(50.0%) | | | 100:Ganganagar(25.0%)
8,Rajasthan,98,Dholpur,248656,Anupgarh,Town Panchayat,AMBIGUOUS MATCH,0.5,MODERATE DISPARITY,MODERATE AMBIGUITY,98:Dholpur(50.0%) | | | 100:Ganganagar(25.0%)
8,Rajasthan,98,Dholpur,248658,Srivijainagar,Town Panchayat,AMBIGUOUS MATCH,0.5,MODERATE DISPARITY,MODERATE AMBIGUITY,98:Dholpur(50.0%) | | | 100:Ganganagar(25.0%)
8,Rajasthan,98,Dholpur,248660,Suratgarh,Town Panchayat,AMBIGUOUS MATCH,0.5,MODERATE DISPARITY,MODERATE AMBIGUITY,98:Dholpur(50.0%) | | | 100:Ganganagar(25.0%)
8,Rajasthan,98,Dholpur,248661,Sangaria,Town Panchayat,AMBIGUOUS MATCH,0.4,MODERATE DISPARITY,MODERATE AMBIGUITY,98:Dholpur(40.0%) | | | 100:Ganganagar(20.0%)
8,Rajasthan,98,Dholpur,248663,Pilibanga,Town Panchayat,AMBIGUOUS MATCH,0.5,MODERATE DISPARITY,MODERATE AMBIGUITY,98:Dholpur(50.0%) | | | 100:Ganganagar(25.0%)
8,Rajasthan,98,Dholpur,248668,Deshnoke,Town Panchayat,AMBIGUOUS MATCH,0.5,MODERATE DISPARITY,MODERATE AMBIGUITY,98:Dholpur(50.0%) | | | 93:Bikaner(25.0%)
8,Rajasthan,98,Dholpur,248669,Nokha,Town Panchayat,AMBIGUOUS MATCH,0.5,MODERATE DISPARITY,MODERATE AMBIGUITY,98:Dholpur(50.0%) | | | 93:Bikaner(25.0%)
8,Rajasthan,98,Dholpur,248670,Taranagar,Town Panchayat,AMBIGUOUS MATCH,0.5,MODERATE DISPARITY,MODERATE AMBIGUITY,98:Dholpur(50.0%) | | | 96:Churu(25.0%)
8,Rajasthan,98,Dholpur,248672,Sardarshahar,Town Panchayat,AMBIGUOUS MATCH,0.5,MODERATE DISPARITY,MODERATE AMBIGUITY,98:Dholpur(50.0%) | | | 96:Churu(25.0%)
8,Rajasthan,98,Dholpur,248674,Ratannagar,Town Panchayat,AMBIGUOUS MATCH,0.5,MODERATE DISPARITY,MODERATE AMBIGUITY,98:Dholpur(50.0%) | | | 96:Churu(25.0%)
8,Rajasthan,98,Dholpur,248675,Sri Dungargarh,Town Panchayat,AMBIGUOUS MATCH,0.5,MODERATE DISPARITY,MODERATE AMBIGUITY,98:Dholpur(50.0%) | | | 93:Bikaner(25.0%)
8,Rajasthan,98,Dholpur,248677,Rajaldesar,Town Panchayat,AMBIGUOUS MATCH,0.5,MODERATE DISPARITY,MODERATE AMBIGUITY,98:Dholpur(50.0%) | | | 96:Churu(25.0%)
8,Rajasthan,98,Dholpur,248679,Chhapar,Town Panchayat,AMBIGUOUS MATCH,0.5,MODERATE DISPARITY,MODERATE AMBIGUITY,98:Dholpur(50.0%) | | | 96:Churu(25.0%)
8,Rajasthan,98,Dholpur,248681,Bissau,Town Panchayat,AMBIGUOUS MATCH,0.5,MODERATE DISPARITY,MODERATE AMBIGUITY,98:Dholpur(50.0%) | | | 106:Jhunjhunu(25.0%)
8,Rajasthan,98,Dholpur,248682,Mandawa,Town Panchayat,AMBIGUOUS MATCH,0.5,MODERATE DISPARITY,MODERATE AMBIGUITY,98:Dholpur(50.0%) | | | 106:Jhunjhunu(25.0%)
8,Rajasthan,98,Dholpur,248684,Baggar,Town Panchayat,AMBIGUOUS MATCH,0.5,MODERATE DISPARITY,MODERATE AMBIGUITY,98:Dholpur(50.0%) | | | 106:Jhunjhunu(25.0%)
8,Rajasthan,98,Dholpur,248685,Pilani,Town Panchayat,AMBIGUOUS MATCH,0.5,MODERATE DISPARITY,MODERATE AMBIGUITY,98:Dholpur(50.0%) | | | 106:Jhunjhunu(25.0%)
8,Rajasthan,98,Dholpur,248686,Vidyavihar,Town Panchayat,AMBIGUOUS MATCH,0.5,LOW DISPARITY,HIGH AMBIGUITY,98:Dholpur(50.0%) | | | 112:Rajsamand(50.0%)
8,Rajasthan,98,Dholpur,248687,Chirawa,Town Panchayat,AMBIGUOUS MATCH,0.5,MODERATE DISPARITY,MODERATE AMBIGUITY,98:Dholpur(50.0%) | | | 106:Jhunjhunu(25.0%)
8,Rajasthan,98,Dholpur,248688,Surajgarh,Town Panchayat,AMBIGUOUS MATCH,0.5,MODERATE DISPARITY,MODERATE AMBIGUITY,98:Dholpur(50.0%) | | | 106:Jhunjhunu(25.0%)
8,Rajasthan,98,Dholpur,248691,Mukandgarh,Town Panchayat,AMBIGUOUS MATCH,0.5,MODERATE DISPARITY,MODERATE AMBIGUITY,98:Dholpur(50.0%) | | | 106:Jhunjhunu(25.0%)
8,Rajasthan,98,Dholpur,248692,Nawalgarh,Town Panchayat,AMBIGUOUS MATCH,0.5,MODERATE DISPARITY,MODERATE AMBIGUITY,98:Dholpur(50.0%) | | | 106:Jhunjhunu(25.0%)
8,Rajasthan,98,Dholpur,248693,Udaipurwati,Town Panchayat,AMBIGUOUS MATCH,0.5,MODERATE DISPARITY,MODERATE AMBIGUITY,98:Dholpur(50.0%) | | | 106:Jhunjhunu(25.0%)
8,Rajasthan,98,Dholpur,248694,Behror,Town Panchayat,AMBIGUOUS MATCH,0.5,MODERATE DISPARITY,MODERATE AMBIGUITY,98:Dholpur(50.0%) | | | 112:Rajsamand(25.0%)
8,Rajasthan,98,Dholpur,248696,Tijara,Town Panchayat,AMBIGUOUS MATCH,0.5,MODERATE DISPARITY,MODERATE AMBIGUITY,98:Dholpur(50.0%) | | | 112:Rajsamand(25.0%)
8,Rajasthan,98,Dholpur,248700,Rajgarh(Churu),Town Panchayat,AMBIGUOUS MATCH,0.5,MODERATE DISPARITY,MODERATE AMBIGUITY,98:Dholpur(50.0%) | | | 96:Churu(25.0%)
8,Rajasthan,98,Dholpur,248703,Kaman,Town Panchayat,AMBIGUOUS MATCH,0.5,MODERATE DISPARITY,MODERATE AMBIGUITY,98:Dholpur(50.0%) | | | 112:Rajsamand(25.0%)
8,Rajasthan,98,Dholpur,248704,Nagar,Town Panchayat,AMBIGUOUS MATCH,0.5,MODERATE DISPARITY,MODERATE AMBIGUITY,98:Dholpur(50.0%) | | | 112:Rajsamand(25.0%)
8,Rajasthan,98,Dholpur,248707,Kumher,Town Panchayat,AMBIGUOUS MATCH,0.5,MODERATE DISPARITY,MODERATE AMBIGUITY,98:Dholpur(50.0%) | | | 112:Rajsamand(25.0%)
8,Rajasthan,98,Dholpur,248709,Bhusawar,Town Panchayat,AMBIGUOUS MATCH,0.5,MODERATE DISPARITY,MODERATE AMBIGUITY,98:Dholpur(50.0%) | | | 91:Bharatpur(25.0%)
8,Rajasthan,98,Dholpur,248710,Weir,Town Panchayat,AMBIGUOUS MATCH,0.5,MODERATE DISPARITY,MODERATE AMBIGUITY,98:Dholpur(50.0%) | | | 91:Bharatpur(25.0%)
8,Rajasthan,98,Dholpur,248711,Bayana,Town Panchayat,AMBIGUOUS MATCH,0.75,HIGH DISPARITY,NEARLY RESOLVABLE,98:Dholpur(75.0%) | | | 91:Bharatpur(25.0%)
8,Rajasthan,98,Dholpur,248712,Bari,Town Panchayat,AMBIGUOUS MATCH,0.75,HIGH DISPARITY,NEARLY RESOLVABLE,98:Dholpur(75.0%) | | | 112:Rajsamand(25.0%)
8,Rajasthan,98,Dholpur,248713,Dhaulpur,Municipality,AMBIGUOUS MATCH,0.3333,LOW DISPARITY,HIGH AMBIGUITY,98:Dholpur(33.33%) | | | 112:Rajsamand(33.33%)
8,Rajasthan,98,Dholpur,248714,Rajakhera,Town Panchayat,AMBIGUOUS MATCH,0.75,HIGH DISPARITY,NEARLY RESOLVABLE,98:Dholpur(75.0%) | | | 112:Rajsamand(25.0%)
8,Rajasthan,98,Dholpur,248728,Viratnagar,Town Panchayat,AMBIGUOUS MATCH,0.5,MODERATE DISPARITY,MODERATE AMBIGUITY,98:Dholpur(50.0%) | | | 112:Rajsamand(25.0%)
8,Rajasthan,98,Dholpur,248731,Kishangarh Renwal,Town Panchayat,AMBIGUOUS MATCH,0.4,LOW DISPARITY,HIGH AMBIGUITY,98:Dholpur(40.0%) | | | 102:Jaipur(40.0%)
8,Rajasthan,98,Dholpur,248732,Jobner,Town Panchayat,AMBIGUOUS MATCH,0.5,MODERATE DISPARITY,MODERATE AMBIGUITY,98:Dholpur(50.0%) | | | 102:Jaipur(25.0%)
8,Rajasthan,98,Dholpur,248733,Sambhar,Town Panchayat,AMBIGUOUS MATCH,0.4,LOW DISPARITY,HIGH AMBIGUITY,98:Dholpur(40.0%) | | | 102:Jaipur(40.0%)
8,Rajasthan,98,Dholpur,248734,Phulera,Town Panchayat,AMBIGUOUS MATCH,0.5,MODERATE DISPARITY,MODERATE AMBIGUITY,98:Dholpur(50.0%) | | | 102:Jaipur(25.0%)
8,Rajasthan,98,Dholpur,248735,Bagru,Town Panchayat,AMBIGUOUS MATCH,0.5,MODERATE DISPARITY,MODERATE AMBIGUITY,98:Dholpur(50.0%) | | | 102:Jaipur(25.0%)
8,Rajasthan,98,Dholpur,248737,Chaksu,Town Panchayat,AMBIGUOUS MATCH,0.5,MODERATE DISPARITY,MODERATE AMBIGUITY,98:Dholpur(50.0%) | | | 102:Jaipur(25.0%)
8,Rajasthan,98,Dholpur,248738,Ramgarh,Town Panchayat,AMBIGUOUS MATCH,0.5,MODERATE DISPARITY,MODERATE AMBIGUITY,98:Dholpur(50.0%) | | | 112:Rajsamand(25.0%)
8,Rajasthan,98,Dholpur,248739,Fatehpur,Town Panchayat,AMBIGUOUS MATCH,0.5,MODERATE DISPARITY,MODERATE AMBIGUITY,98:Dholpur(50.0%) | | | 112:Rajsamand(25.0%)
8,Rajasthan,98,Dholpur,248745,Reengus,Town Panchayat,AMBIGUOUS MATCH,0.5,MODERATE DISPARITY,MODERATE AMBIGUITY,98:Dholpur(50.0%) | | | 112:Rajsamand(25.0%)
8,Rajasthan,98,Dholpur,248747,Ladnu,Town Panchayat,AMBIGUOUS MATCH,0.5,MODERATE DISPARITY,MODERATE AMBIGUITY,98:Dholpur(50.0%) | | | 112:Rajsamand(25.0%)
8,Rajasthan,98,Dholpur,248748,Didwana,Town Panchayat,AMBIGUOUS MATCH,0.4,MODERATE DISPARITY,MODERATE AMBIGUITY,98:Dholpur(40.0%) | | | 97:Dausa(20.0%)
8,Rajasthan,98,Dholpur,248751,Mundwa,Town Panchayat,AMBIGUOUS MATCH,0.5,MODERATE DISPARITY,MODERATE AMBIGUITY,98:Dholpur(50.0%) | | | 110:Nagaur(25.0%)
8,Rajasthan,98,Dholpur,248752,Kuchera,Town Panchayat,AMBIGUOUS MATCH,0.5,MODERATE DISPARITY,MODERATE AMBIGUITY,98:Dholpur(50.0%) | | | 110:Nagaur(25.0%)
8,Rajasthan,98,Dholpur,248753,Merta City,Town Panchayat,AMBIGUOUS MATCH,0.5,MODERATE DISPARITY,MODERATE AMBIGUITY,98:Dholpur(50.0%) | | | 110:Nagaur(25.0%)
8,Rajasthan,98,Dholpur,248755,Parbatsar,Town Panchayat,AMBIGUOUS MATCH,0.5,MODERATE DISPARITY,MODERATE AMBIGUITY,98:Dholpur(50.0%) | | | 110:Nagaur(25.0%)
8,Rajasthan,98,Dholpur,248757,Kuchaman City,Town Panchayat,AMBIGUOUS MATCH,0.5,MODERATE DISPARITY,MODERATE AMBIGUITY,98:Dholpur(50.0%) | | | 112:Rajsamand(25.0%)
8,Rajasthan,98,Dholpur,248758,Nawa,Town Panchayat,AMBIGUOUS MATCH,0.5,MODERATE DISPARITY,MODERATE AMBIGUITY,98:Dholpur(50.0%) | | | 112:Rajsamand(25.0%)
8,Rajasthan,98,Dholpur,248759,Phalodi,Town Panchayat,AMBIGUOUS MATCH,0.5,MODERATE DISPARITY,MODERATE AMBIGUITY,98:Dholpur(50.0%) | | | 103:Jaisalmer(25.0%)
8,Rajasthan,98,Dholpur,248761,Pipar City,Town Panchayat,AMBIGUOUS MATCH,0.5,MODERATE DISPARITY,MODERATE AMBIGUITY,98:Dholpur(50.0%) | | | 107:Jodhpur(25.0%)
8,Rajasthan,98,Dholpur,248762,Bilara,Town Panchayat,AMBIGUOUS MATCH,0.4,LOW DISPARITY,HIGH AMBIGUITY,98:Dholpur(40.0%) | | | 107:Jodhpur(40.0%)
8,Rajasthan,98,Dholpur,248764,Pokaran,Town Panchayat,AMBIGUOUS MATCH,0.5,MODERATE DISPARITY,MODERATE AMBIGUITY,98:Dholpur(50.0%) | | | 103:Jaisalmer(25.0%)
8,Rajasthan,98,Dholpur,248768,Bhinmal,Town Panchayat,AMBIGUOUS MATCH,0.5,MODERATE DISPARITY,MODERATE AMBIGUITY,98:Dholpur(50.0%) | | | 104:Jalore(25.0%)
8,Rajasthan,98,Dholpur,248769,Sanchore,Town Panchayat,AMBIGUOUS MATCH,0.5,MODERATE DISPARITY,MODERATE AMBIGUITY,98:Dholpur(50.0%) | | | 104:Jalore(25.0%)
8,Rajasthan,98,Dholpur,248770,Sheoganj,Town Panchayat,AMBIGUOUS MATCH,0.5,MODERATE DISPARITY,MODERATE AMBIGUITY,98:Dholpur(50.0%) | | | 112:Rajsamand(25.0%)
8,Rajasthan,98,Dholpur,248773,Mount Abu,Town Panchayat,AMBIGUOUS MATCH,0.5,MODERATE DISPARITY,MODERATE AMBIGUITY,98:Dholpur(50.0%) | | | 112:Rajsamand(25.0%)
8,Rajasthan,98,Dholpur,248774,Abu Road,Town Panchayat,AMBIGUOUS MATCH,0.5,MODERATE DISPARITY,MODERATE AMBIGUITY,98:Dholpur(50.0%) | | | 112:Rajsamand(25.0%)
8,Rajasthan,98,Dholpur,248775,Jaitaran,Town Panchayat,AMBIGUOUS MATCH,0.5,MODERATE DISPARITY,MODERATE AMBIGUITY,98:Dholpur(50.0%) | | | 112:Rajsamand(25.0%)
8,Rajasthan,98,Dholpur,248776,Sojat,Town Panchayat,AMBIGUOUS MATCH,0.5,MODERATE DISPARITY,MODERATE AMBIGUITY,98:Dholpur(50.0%) | | | 111:Pali(25.0%)
8,Rajasthan,98,Dholpur,248780,Rani,Town Panchayat,AMBIGUOUS MATCH,0.5,MODERATE DISPARITY,MODERATE AMBIGUITY,98:Dholpur(50.0%) | | | 111:Pali(25.0%)
8,Rajasthan,98,Dholpur,248781,Sadri,Town Panchayat,AMBIGUOUS MATCH,0.5,MODERATE DISPARITY,MODERATE AMBIGUITY,98:Dholpur(50.0%) | | | 111:Pali(25.0%)
8,Rajasthan,98,Dholpur,248782,Takhatgarh,Town Panchayat,AMBIGUOUS MATCH,0.5,MODERATE DISPARITY,MODERATE AMBIGUITY,98:Dholpur(50.0%) | | | 111:Pali(25.0%)
8,Rajasthan,98,Dholpur,248784,Falna,Town Panchayat,AMBIGUOUS MATCH,0.5,MODERATE DISPARITY,MODERATE AMBIGUITY,98:Dholpur(50.0%) | | | 111:Pali(25.0%)
8,Rajasthan,98,Dholpur,248785,Bali,Town Panchayat,AMBIGUOUS MATCH,0.5,MODERATE DISPARITY,MODERATE AMBIGUITY,98:Dholpur(50.0%) | | | 111:Pali(25.0%)
8,Rajasthan,98,Dholpur,248792,Sarwar,Town Panchayat,AMBIGUOUS MATCH,0.5,MODERATE DISPARITY,MODERATE AMBIGUITY,98:Dholpur(50.0%) | | | 86:Ajmer(25.0%)
8,Rajasthan,98,Dholpur,248793,Kekri,Town Panchayat,AMBIGUOUS MATCH,0.5,MODERATE DISPARITY,MODERATE AMBIGUITY,98:Dholpur(50.0%) | | | 86:Ajmer(25.0%)
8,Rajasthan,98,Dholpur,248796,Niwai,Town Panchayat,AMBIGUOUS MATCH,0.5,MODERATE DISPARITY,MODERATE AMBIGUITY,98:Dholpur(50.0%) | | | 112:Rajsamand(25.0%)
8,Rajasthan,98,Dholpur,248798,Todaraisingh,Town Panchayat,AMBIGUOUS MATCH,0.5,MODERATE DISPARITY,MODERATE AMBIGUITY,98:Dholpur(50.0%) | | | 112:Rajsamand(25.0%)
8,Rajasthan,98,Dholpur,248800,Uniara,Town Panchayat,AMBIGUOUS MATCH,0.5,MODERATE DISPARITY,MODERATE AMBIGUITY,98:Dholpur(50.0%) | | | 94:Bundi(25.0%)
8,Rajasthan,98,Dholpur,248801,Nainwa,Town Panchayat,AMBIGUOUS MATCH,0.5,MODERATE DISPARITY,MODERATE AMBIGUITY,98:Dholpur(50.0%) | | | 94:Bundi(25.0%)
8,Rajasthan,98,Dholpur,248802,Indragarh,Town Panchayat,AMBIGUOUS MATCH,0.5,MODERATE DISPARITY,MODERATE AMBIGUITY,98:Dholpur(50.0%) | | | 94:Bundi(25.0%)
8,Rajasthan,98,Dholpur,248803,Lakheri,Town Panchayat,AMBIGUOUS MATCH,0.5,MODERATE DISPARITY,MODERATE AMBIGUITY,98:Dholpur(50.0%) | | | 94:Bundi(25.0%)
8,Rajasthan,98,Dholpur,248804,Kaprain,Town Panchayat,AMBIGUOUS MATCH,0.5,MODERATE DISPARITY,MODERATE AMBIGUITY,98:Dholpur(50.0%) | | | 94:Bundi(25.0%)
8,Rajasthan,98,Dholpur,248805,Keshoraipatan,Town Panchayat,AMBIGUOUS MATCH,0.5,MODERATE DISPARITY,MODERATE AMBIGUITY,98:Dholpur(50.0%) | | | 94:Bundi(25.0%)
8,Rajasthan,98,Dholpur,248808,Asind,Town Panchayat,AMBIGUOUS MATCH,0.5,MODERATE DISPARITY,MODERATE AMBIGUITY,98:Dholpur(50.0%) | | | 92:Bhilwara(25.0%)
8,Rajasthan,98,Dholpur,248809,Gulabpura,Town Panchayat,AMBIGUOUS MATCH,0.5,MODERATE DISPARITY,MODERATE AMBIGUITY,98:Dholpur(50.0%) | | | 92:Bhilwara(25.0%)
8,Rajasthan,98,Dholpur,248811,Gangapur,Town Panchayat,AMBIGUOUS MATCH,0.5,MODERATE DISPARITY,MODERATE AMBIGUITY,98:Dholpur(50.0%) | | | 92:Bhilwara(25.0%)
8,Rajasthan,98,Dholpur,248813,Jahazpur,Town Panchayat,AMBIGUOUS MATCH,0.5,MODERATE DISPARITY,MODERATE AMBIGUITY,98:Dholpur(50.0%) | | | 92:Bhilwara(25.0%)
8,Rajasthan,98,Dholpur,248814,Mandalgarh,Town Panchayat,AMBIGUOUS MATCH,0.5,MODERATE DISPARITY,MODERATE AMBIGUITY,98:Dholpur(50.0%) | | | 92:Bhilwara(25.0%)
8,Rajasthan,98,Dholpur,248816,Deogarh,Town Panchayat,AMBIGUOUS MATCH,0.5,LOW DISPARITY,HIGH AMBIGUITY,98:Dholpur(50.0%) | | | 112:Rajsamand(50.0%)
8,Rajasthan,98,Dholpur,248817,Amet,Town Panchayat,AMBIGUOUS MATCH,0.5,LOW DISPARITY,HIGH AMBIGUITY,98:Dholpur(50.0%) | | | 112:Rajsamand(50.0%)
8,Rajasthan,98,Dholpur,248820,Nathdwara,Town Panchayat,AMBIGUOUS MATCH,0.5,LOW DISPARITY,HIGH AMBIGUITY,98:Dholpur(50.0%) | | | 112:Rajsamand(50.0%)
8,Rajasthan,98,Dholpur,248821,Fatehnagar,Town Panchayat,AMBIGUOUS MATCH,0.5,LOW DISPARITY,HIGH AMBIGUITY,98:Dholpur(50.0%) | | | 117:Udaipur(50.0%)
8,Rajasthan,98,Dholpur,248823,Bhinder,Town Panchayat,AMBIGUOUS MATCH,0.5,LOW DISPARITY,HIGH AMBIGUITY,98:Dholpur(50.0%) | | | 117:Udaipur(50.0%)
8,Rajasthan,98,Dholpur,248824,Kanor,Town Panchayat,AMBIGUOUS MATCH,0.5,LOW DISPARITY,HIGH AMBIGUITY,98:Dholpur(50.0%) | | | 117:Udaipur(50.0%)
8,Rajasthan,98,Dholpur,248832,Sagwara,Town Panchayat,AMBIGUOUS MATCH,0.5,MODERATE DISPARITY,MODERATE AMBIGUITY,98:Dholpur(50.0%) | | | 99:Dungarpur(25.0%)
8,Rajasthan,98,Dholpur,248836,Kushalgarh,Town Panchayat,AMBIGUOUS MATCH,0.5,MODERATE DISPARITY,MODERATE AMBIGUITY,98:Dholpur(50.0%) | | | 88:Banswara(25.0%)
8,Rajasthan,98,Dholpur,248837,Begun,Town Panchayat,AMBIGUOUS MATCH,0.5,MODERATE DISPARITY,MODERATE AMBIGUITY,98:Dholpur(50.0%) | | | 95:Chittorgarh(25.0%)
8,Rajasthan,98,Dholpur,248840,Kapasan,Town Panchayat,AMBIGUOUS MATCH,0.5,MODERATE DISPARITY,MODERATE AMBIGUITY,98:Dholpur(50.0%) | | | 95:Chittorgarh(25.0%)
8,Rajasthan,98,Dholpur,248841,Nimbahera,Town Panchayat,AMBIGUOUS MATCH,0.5,MODERATE DISPARITY,MODERATE AMBIGUITY,98:Dholpur(50.0%) | | | 95:Chittorgarh(25.0%)
8,Rajasthan,98,Dholpur,248842,Chhoti Sadri,Town Panchayat,AMBIGUOUS MATCH,0.5,MODERATE DISPARITY,MODERATE AMBIGUITY,98:Dholpur(50.0%) | | | 112:Rajsamand(25.0%)
8,Rajasthan,98,Dholpur,248843,Bari Sadri,Town Panchayat,AMBIGUOUS MATCH,0.5,MODERATE DISPARITY,MODERATE AMBIGUITY,98:Dholpur(50.0%) | | | 95:Chittorgarh(25.0%)
8,Rajasthan,98,Dholpur,248847,Kaithoon,Town Panchayat,AMBIGUOUS MATCH,0.5,MODERATE DISPARITY,MODERATE AMBIGUITY,98:Dholpur(50.0%) | | | 109:Kota(25.0%)
8,Rajasthan,98,Dholpur,248851,Ramganj Mandi,Town Panchayat,AMBIGUOUS MATCH,0.5,MODERATE DISPARITY,MODERATE AMBIGUITY,98:Dholpur(50.0%) | | | 109:Kota(25.0%)
8,Rajasthan,98,Dholpur,248855,Sangod,Town Panchayat,AMBIGUOUS MATCH,0.5,MODERATE DISPARITY,MODERATE AMBIGUITY,98:Dholpur(50.0%) | | | 109:Kota(25.0%)
8,Rajasthan,98,Dholpur,248856,Mangrol,Town Panchayat,AMBIGUOUS MATCH,0.5,MODERATE DISPARITY,MODERATE AMBIGUITY,98:Dholpur(50.0%) | | | 89:Baran(25.0%)
8,Rajasthan,98,Dholpur,248857,Anta,Town Panchayat,AMBIGUOUS MATCH,0.5,MODERATE DISPARITY,MODERATE AMBIGUITY,98:Dholpur(50.0%) | | | 89:Baran(25.0%)
8,Rajasthan,98,Dholpur,248860,Chhabra,Town Panchayat,AMBIGUOUS MATCH,0.5,MODERATE DISPARITY,MODERATE AMBIGUITY,98:Dholpur(50.0%) | | | 89:Baran(25.0%)
8,Rajasthan,98,Dholpur,248865,Aklera,Town Panchayat,AMBIGUOUS MATCH,0.5,MODERATE DISPARITY,MODERATE AMBIGUITY,98:Dholpur(50.0%) | | | 105:Jhalawar(25.0%)
8,Rajasthan,98,Dholpur,248867,Bhawani Mandi,Town Panchayat,AMBIGUOUS MATCH,0.5,MODERATE DISPARITY,MODERATE AMBIGUITY,98:Dholpur(50.0%) | | | 105:Jhalawar(25.0%)
8,Rajasthan,98,Dholpur,248868,Pirawa,Town Panchayat,AMBIGUOUS MATCH,0.5,MODERATE DISPARITY,MODERATE AMBIGUITY,98:Dholpur(50.0%) | | | 105:Jhalawar(25.0%)
8,Rajasthan,98,Dholpur,263007,Itawa,Town Panchayat,AMBIGUOUS MATCH,0.5,MODERATE DISPARITY,MODERATE AMBIGUITY,98:Dholpur(50.0%) | | | 109:Kota(25.0%)
8,Rajasthan,98,Dholpur,263008,Roopbas,Town Panchayat,AMBIGUOUS MATCH,0.5,MODERATE DISPARITY,MODERATE AMBIGUITY,98:Dholpur(50.0%) | | | 91:Bharatpur(25.0%)
8,Rajasthan,98,Dholpur,277231,Degana,Town Panchayat,AMBIGUOUS MATCH,0.5,MODERATE DISPARITY,MODERATE AMBIGUITY,98:Dholpur(50.0%) | | | 110:Nagaur(25.0%)
8,Rajasthan,98,Dholpur,277233,Kishangarhbas,Town Panchayat,AMBIGUOUS MATCH,0.5,MODERATE DISPARITY,MODERATE AMBIGUITY,98:Dholpur(50.0%) | | | 112:Rajsamand(25.0%)
8,Rajasthan,98,Dholpur,277234,Pindwara,Town Panchayat,AMBIGUOUS MATCH,0.5,MODERATE DISPARITY,MODERATE AMBIGUITY,98:Dholpur(50.0%) | | | 112:Rajsamand(25.0%)
8,Rajasthan,98,Dholpur,277235,Shahpura..(Bhilwara),Town Panchayat,AMBIGUOUS MATCH,0.5,MODERATE DISPARITY,MODERATE AMBIGUITY,98:Dholpur(50.0%) | | | 92:Bhilwara(25.0%)
8,Rajasthan,98,Dholpur,277601,Khatushyamji,Town Panchayat,AMBIGUOUS MATCH,0.5,MODERATE DISPARITY,MODERATE AMBIGUITY,98:Dholpur(50.0%) | | | 112:Rajsamand(25.0%)
8,Rajasthan,98,Dholpur,277602,Partapur -Garhi,Town Panchayat,AMBIGUOUS MATCH,0.5,MODERATE DISPARITY,MODERATE AMBIGUITY,98:Dholpur(50.0%) | | | 88:Banswara(25.0%)
8,Rajasthan,98,Dholpur,290432,Thanagaji,Town Panchayat,AMBIGUOUS MATCH,0.5,MODERATE DISPARITY,MODERATE AMBIGUITY,98:Dholpur(50.0%) | | | 87:Alwar(25.0%)
8,Rajasthan,98,Dholpur,296915,Laxmangarh (Alwar),Town Panchayat,AMBIGUOUS MATCH,0.5,MODERATE DISPARITY,MODERATE AMBIGUITY,98:Dholpur(50.0%) | | | 87:Alwar(25.0%)
8,Rajasthan,98,Dholpur,296916,Ramgarh (Alwar),Town Panchayat,AMBIGUOUS MATCH,0.5,MODERATE DISPARITY,MODERATE AMBIGUITY,98:Dholpur(50.0%) | | | 87:Alwar(25.0%)
8,Rajasthan,98,Dholpur,296923,Bansur,Town Panchayat,AMBIGUOUS MATCH,0.5,MODERATE DISPARITY,MODERATE AMBIGUITY,98:Dholpur(50.0%) | | | 112:Rajsamand(25.0%)
8,Rajasthan,98,Dholpur,296924,Bhopalgarh,Town Panchayat,AMBIGUOUS MATCH,0.5,MODERATE DISPARITY,MODERATE AMBIGUITY,98:Dholpur(50.0%) | | | 107:Jodhpur(25.0%)
8,Rajasthan,98,Dholpur,296926,Mandawari,Town Panchayat,AMBIGUOUS MATCH,0.5,MODERATE DISPARITY,MODERATE AMBIGUITY,98:Dholpur(50.0%) | | | 112:Rajsamand(25.0%)
8,Rajasthan,98,Dholpur,296930,Sarmathura,Town Panchayat,AMBIGUOUS MATCH,0.75,HIGH DISPARITY,NEARLY RESOLVABLE,98:Dholpur(75.0%) | | | 112:Rajsamand(25.0%)
8,Rajasthan,98,Dholpur,296931,Baseri,Town Panchayat,AMBIGUOUS MATCH,0.75,HIGH DISPARITY,NEARLY RESOLVABLE,98:Dholpur(75.0%) | | | 112:Rajsamand(25.0%)
8,Rajasthan,98,Dholpur,296933,Sultanpur,Town Panchayat,AMBIGUOUS MATCH,0.5,MODERATE DISPARITY,MODERATE AMBIGUITY,98:Dholpur(50.0%) | | | 109:Kota(25.0%)
8,Rajasthan,98,Dholpur,296934,Atru,Town Panchayat,AMBIGUOUS MATCH,0.5,MODERATE DISPARITY,MODERATE AMBIGUITY,98:Dholpur(50.0%) | | | 89:Baran(25.0%)
8,Rajasthan,98,Dholpur,296936,Bamanwas,Town Panchayat,AMBIGUOUS MATCH,0.5,MODERATE DISPARITY,MODERATE AMBIGUITY,98:Dholpur(50.0%) | | | 112:Rajsamand(25.0%)
8,Rajasthan,98,Dholpur,298994,Uchchain,Town Panchayat,AMBIGUOUS MATCH,0.5,MODERATE DISPARITY,MODERATE AMBIGUITY,98:Dholpur(50.0%) | | | 91:Bharatpur(25.0%)
8,Rajasthan,98,Dholpur,298995,Sikri,Town Panchayat,AMBIGUOUS MATCH,0.5,MODERATE DISPARITY,MODERATE AMBIGUITY,98:Dholpur(50.0%) | | | 112:Rajsamand(25.0%)
8,Rajasthan,98,Dholpur,299534,Borawar,Town Panchayat,AMBIGUOUS MATCH,0.5,MODERATE DISPARITY,MODERATE AMBIGUITY,98:Dholpur(50.0%) | | | 112:Rajsamand(25.0%)
8,Rajasthan,98,Dholpur,299535,Kotkasim,Town Panchayat,AMBIGUOUS MATCH,0.5,MODERATE DISPARITY,MODERATE AMBIGUITY,98:Dholpur(50.0%) | | | 112:Rajsamand(25.0%)
8,Rajasthan,98,Dholpur,299753,Khajuwala,Town Panchayat,AMBIGUOUS MATCH,0.5,MODERATE DISPARITY,MODERATE AMBIGUITY,98:Dholpur(50.0%) | | | 93:Bikaner(25.0%)
8,Rajasthan,98,Dholpur,299757,Siwana,Town Panchayat,AMBIGUOUS MATCH,0.5,MODERATE DISPARITY,MODERATE AMBIGUITY,98:Dholpur(50.0%) | | | 112:Rajsamand(25.0%)
8,Rajasthan,98,Dholpur,299764,Jayal,Town Panchayat,AMBIGUOUS MATCH,0.5,MODERATE DISPARITY,MODERATE AMBIGUITY,98:Dholpur(50.0%) | | | 110:Nagaur(25.0%)
8,Rajasthan,98,Dholpur,299765,Mandawar,Town Panchayat,AMBIGUOUS MATCH,0.4,MODERATE DISPARITY,MODERATE AMBIGUITY,98:Dholpur(40.0%) | | | 109:Kota(20.0%)
8,Rajasthan,98,Dholpur,299784,Balesar Satta,Town Panchayat,AMBIGUOUS MATCH,0.5,MODERATE DISPARITY,MODERATE AMBIGUITY,98:Dholpur(50.0%) | | | 107:Jodhpur(25.0%)
8,Rajasthan,98,Dholpur,299825,Bonli,Town Panchayat,AMBIGUOUS MATCH,0.5,MODERATE DISPARITY,MODERATE AMBIGUITY,98:Dholpur(50.0%) | | | 112:Rajsamand(25.0%)
8,Rajasthan,98,Dholpur,299934,Tapukara,Town Panchayat,AMBIGUOUS MATCH,0.5,MODERATE DISPARITY,MODERATE AMBIGUITY,98:Dholpur(50.0%) | | | 112:Rajsamand(25.0%)
8,Rajasthan,98,Dholpur,299936,Hameergarh,Town Panchayat,AMBIGUOUS MATCH,0.5,MODERATE DISPARITY,MODERATE AMBIGUITY,98:Dholpur(50.0%) | | | 92:Bhilwara(25.0%)
8,Rajasthan,98,Dholpur,299937,Tibbi,Town Panchayat,AMBIGUOUS MATCH,0.5,MODERATE DISPARITY,MODERATE AMBIGUITY,98:Dholpur(50.0%) | | | 100:Ganganagar(25.0%)
8,Rajasthan,98,Dholpur,299939,Gudhagorji,Town Panchayat,AMBIGUOUS MATCH,0.5,MODERATE DISPARITY,MODERATE AMBIGUITY,98:Dholpur(50.0%) | | | 106:Jhunjhunu(25.0%)
8,Rajasthan,98,Dholpur,299940,Raniwada,Town Panchayat,AMBIGUOUS MATCH,0.5,MODERATE DISPARITY,MODERATE AMBIGUITY,98:Dholpur(50.0%) | | | 104:Jalore(25.0%)
8,Rajasthan,98,Dholpur,299941,Danta,Town Panchayat,AMBIGUOUS MATCH,0.5,MODERATE DISPARITY,MODERATE AMBIGUITY,98:Dholpur(50.0%) | | | 112:Rajsamand(25.0%)
8,Rajasthan,98,Dholpur,299942,Dhariawad,Town Panchayat,AMBIGUOUS MATCH,0.5,MODERATE DISPARITY,MODERATE AMBIGUITY,98:Dholpur(50.0%) | | | 112:Rajsamand(25.0%)
8,Rajasthan,98,Dholpur,299974,Bardod,Town Panchayat,AMBIGUOUS MATCH,0.5,MODERATE DISPARITY,MODERATE AMBIGUITY,98:Dholpur(50.0%) | | | 112:Rajsamand(25.0%)
8,Rajasthan,98,Dholpur,299976,Basni,Town Panchayat,AMBIGUOUS MATCH,0.5,MODERATE DISPARITY,MODERATE AMBIGUITY,98:Dholpur(50.0%) | | | 110:Nagaur(25.0%)
8,Rajasthan,98,Dholpur,299977,Ajeetgarh,Town Panchayat,AMBIGUOUS MATCH,0.5,LOW DISPARITY,HIGH AMBIGUITY,98:Dholpur(50.0%) | | | 112:Rajsamand(50.0%)
8,Rajasthan,98,Dholpur,300050,Semari,Town Panchayat,AMBIGUOUS MATCH,0.5,LOW DISPARITY,HIGH AMBIGUITY,98:Dholpur(50.0%) | | | 117:Udaipur(50.0%)
8,Rajasthan,98,Dholpur,300321,Narayana,Town Panchayat,AMBIGUOUS MATCH,0.5,MODERATE DISPARITY,MODERATE AMBIGUITY,98:Dholpur(50.0%) | | | 102:Jaipur(25.0%)
8,Rajasthan,98,Dholpur,300322,Marwar Junction,Town Panchayat,AMBIGUOUS MATCH,0.4,LOW DISPARITY,HIGH AMBIGUITY,98:Dholpur(40.0%) | | | 774:Beawar(40.0%)
8,Rajasthan,98,Dholpur,300344,Bahadurpur,Town Panchayat,AMBIGUOUS MATCH,0.5,MODERATE DISPARITY,MODERATE AMBIGUITY,98:Dholpur(50.0%) | | | 87:Alwar(25.0%)
8,Rajasthan,98,Dholpur,300347,Baroda Meo,Town Panchayat,AMBIGUOUS MATCH,0.5,MODERATE DISPARITY,MODERATE AMBIGUITY,98:Dholpur(50.0%) | | | 87:Alwar(25.0%)
8,Rajasthan,98,Dholpur,300350,Manoharpur,Town Panchayat,AMBIGUOUS MATCH,0.5,MODERATE DISPARITY,MODERATE AMBIGUITY,98:Dholpur(50.0%) | | | 102:Jaipur(25.0%)
8,Rajasthan,98,Dholpur,301405,Ahore,Town Panchayat,AMBIGUOUS MATCH,0.5,MODERATE DISPARITY,MODERATE AMBIGUITY,98:Dholpur(50.0%) | | | 104:Jalore(25.0%)
8,Rajasthan,98,Dholpur,301411,Baswa,Town Panchayat,AMBIGUOUS MATCH,0.5,MODERATE DISPARITY,MODERATE AMBIGUITY,98:Dholpur(50.0%) | | | 97:Dausa(25.0%)
8,Rajasthan,98,Dholpur,301412,Bap,Town Panchayat,AMBIGUOUS MATCH,0.5,MODERATE DISPARITY,MODERATE AMBIGUITY,98:Dholpur(50.0%) | | | 93:Bikaner(25.0%)
8,Rajasthan,98,Dholpur,301414,Dei,Town Panchayat,AMBIGUOUS MATCH,0.5,MODERATE DISPARITY,MODERATE AMBIGUITY,98:Dholpur(50.0%) | | | 94:Bundi(25.0%)
8,Rajasthan,98,Dholpur,301433,Akola,Town Panchayat,AMBIGUOUS MATCH,0.5,MODERATE DISPARITY,MODERATE AMBIGUITY,98:Dholpur(50.0%) | | | 95:Chittorgarh(25.0%)
8,Rajasthan,98,Dholpur,301435,Bhandarej,Town Panchayat,AMBIGUOUS MATCH,0.5,MODERATE DISPARITY,MODERATE AMBIGUITY,98:Dholpur(50.0%) | | | 97:Dausa(25.0%)
8,Rajasthan,98,Dholpur,301436,Bhim,Town Panchayat,AMBIGUOUS MATCH,0.6667,HIGH DISPARITY,NEARLY RESOLVABLE,98:Dholpur(66.67%) | | | 112:Rajsamand(33.33%)
8,Rajasthan,98,Dholpur,301439,Dooni,Town Panchayat,AMBIGUOUS MATCH,0.5,MODERATE DISPARITY,MODERATE AMBIGUITY,98:Dholpur(50.0%) | | | 112:Rajsamand(25.0%)
8,Rajasthan,98,Dholpur,301440,Fhagi,Town Panchayat,AMBIGUOUS MATCH,0.5,MODERATE DISPARITY,MODERATE AMBIGUITY,98:Dholpur(50.0%) | | | 102:Jaipur(25.0%)
8,Rajasthan,98,Dholpur,301442,Goluwala,Town Panchayat,AMBIGUOUS MATCH,0.5,MODERATE DISPARITY,MODERATE AMBIGUITY,98:Dholpur(50.0%) | | | 100:Ganganagar(25.0%)
8,Rajasthan,98,Dholpur,301443,Kelwara,Town Panchayat,AMBIGUOUS MATCH,0.6667,HIGH DISPARITY,NEARLY RESOLVABLE,98:Dholpur(66.67%) | | | 112:Rajsamand(33.33%)
8,Rajasthan,98,Dholpur,301446,Nauganwa,Town Panchayat,AMBIGUOUS MATCH,0.5,MODERATE DISPARITY,MODERATE AMBIGUITY,98:Dholpur(50.0%) | | | 112:Rajsamand(25.0%)
8,Rajasthan,98,Dholpur,301449,Maharana Pratap Nagar Palika Sarada-Chawand,Town Panchayat,AMBIGUOUS MATCH,0.6667,HIGH DISPARITY,NEARLY RESOLVABLE,98:Dholpur(66.67%) | | | 112:Rajsamand(33.33%)
8,Rajasthan,98,Dholpur,301453,Suket,Town Panchayat,AMBIGUOUS MATCH,0.6667,HIGH DISPARITY,NEARLY RESOLVABLE,98:Dholpur(66.67%) | | | 112:Rajsamand(33.33%)
8,Rajasthan,98,Dholpur,301454,Vajirpur,Town Panchayat,AMBIGUOUS MATCH,0.5,MODERATE DISPARITY,MODERATE AMBIGUITY,98:Dholpur(50.0%) | | | 108:Karauli(25.0%)
8,Rajasthan,98,Dholpur,301458,Mubarikpur,Town Panchayat,AMBIGUOUS MATCH,0.5,MODERATE DISPARITY,MODERATE AMBIGUITY,98:Dholpur(50.0%) | | | 87:Alwar(25.0%)
8,Rajasthan,98,Dholpur,301459,Ramdevra,Town Panchayat,AMBIGUOUS MATCH,0.6667,HIGH DISPARITY,NEARLY RESOLVABLE,98:Dholpur(66.67%) | | | 112:Rajsamand(33.33%)
8,Rajasthan,98,Dholpur,301460,Seeswali,Town Panchayat,AMBIGUOUS MATCH,0.6667,HIGH DISPARITY,NEARLY RESOLVABLE,98:Dholpur(66.67%) | | | 112:Rajsamand(33.33%)
8,Rajasthan,98,Dholpur,301461,Mundawar,Town Panchayat,AMBIGUOUS MATCH,0.5,MODERATE DISPARITY,MODERATE AMBIGUITY,98:Dholpur(50.0%) | | | 112:Rajsamand(25.0%)
8,Rajasthan,98,Dholpur,301462,Ponkh,Town Panchayat,AMBIGUOUS MATCH,0.5,MODERATE DISPARITY,MODERATE AMBIGUITY,98:Dholpur(50.0%) | | | 106:Jhunjhunu(25.0%)
8,Rajasthan,98,Dholpur,301906,Mertaroad,Town Panchayat,AMBIGUOUS MATCH,0.5,MODERATE DISPARITY,MODERATE AMBIGUITY,98:Dholpur(50.0%) | | | 110:Nagaur(25.0%)
8,Rajasthan,98,Dholpur,302204,Gudhamalani,Town Panchayat,AMBIGUOUS MATCH,0.4,MODERATE DISPARITY,MODERATE AMBIGUITY,98:Dholpur(40.0%) | | | 90:Barmer(20.0%)
8,Rajasthan,98,Dholpur,302253,Tinwari,Town Panchayat,AMBIGUOUS MATCH,0.5,MODERATE DISPARITY,MODERATE AMBIGUITY,98:Dholpur(50.0%) | | | 107:Jodhpur(25.0%)
8,Rajasthan,98,Dholpur,302254,Sayla,Town Panchayat,AMBIGUOUS MATCH,0.6667,HIGH DISPARITY,NEARLY RESOLVABLE,98:Dholpur(66.67%) | | | 112:Rajsamand(33.33%)
8,Rajasthan,98,Dholpur,302255,Dhod,Town Panchayat,AMBIGUOUS MATCH,0.5,MODERATE DISPARITY,MODERATE AMBIGUITY,98:Dholpur(50.0%) | | | 112:Rajsamand(25.0%)
8,Rajasthan,98,Dholpur,302257,Dhorimanna,Town Panchayat,AMBIGUOUS MATCH,0.5,MODERATE DISPARITY,MODERATE AMBIGUITY,98:Dholpur(50.0%) | | | 90:Barmer(25.0%)
8,Rajasthan,98,Dholpur,302258,Sultana,Town Panchayat,AMBIGUOUS MATCH,0.5,MODERATE DISPARITY,MODERATE AMBIGUITY,98:Dholpur(50.0%) | | | 106:Jhunjhunu(25.0%)
8,Rajasthan,98,Dholpur,302259,Peeplu,Town Panchayat,AMBIGUOUS MATCH,0.5,MODERATE DISPARITY,MODERATE AMBIGUITY,98:Dholpur(50.0%) | | | 112:Rajsamand(25.0%)
8,Rajasthan,98,Dholpur,302261,Masuda,Town Panchayat,AMBIGUOUS MATCH,0.6667,HIGH DISPARITY,NEARLY RESOLVABLE,98:Dholpur(66.67%) | | | 112:Rajsamand(33.33%)
8,Rajasthan,98,Dholpur,302262,Khandar,Town Panchayat,AMBIGUOUS MATCH,0.5,MODERATE DISPARITY,MODERATE AMBIGUITY,98:Dholpur(50.0%) | | | 112:Rajsamand(25.0%)
8,Rajasthan,98,Dholpur,302263,Gharsana,Town Panchayat,AMBIGUOUS MATCH,0.6667,HIGH DISPARITY,NEARLY RESOLVABLE,98:Dholpur(66.67%) | | | 112:Rajsamand(33.33%)
8,Rajasthan,98,Dholpur,302801,Mandrela,Town Panchayat,AMBIGUOUS MATCH,0.6667,HIGH DISPARITY,NEARLY RESOLVABLE,98:Dholpur(66.67%) | | | 106:Jhunjhunu(33.33%)
8,Rajasthan,98,Dholpur,302802,Mathaniya,Town Panchayat,AMBIGUOUS MATCH,0.6667,HIGH DISPARITY,NEARLY RESOLVABLE,98:Dholpur(66.67%) | | | 107:Jodhpur(33.33%)
8,Rajasthan,98,Dholpur,303111,Sindhari,Town Panchayat,FULL MATCH,1.0,,EXACT MATCH,
8,Rajasthan,98,Dholpur,303112,Hindoli,Town Panchayat,AMBIGUOUS MATCH,0.6667,HIGH DISPARITY,NEARLY RESOLVABLE,98:Dholpur(66.67%) | | | 94:Bundi(33.33%)
8,Rajasthan,99,Dungarpur,248831,Dungarpur,Municipality,AMBIGUOUS MATCH,0.3333,LOW DISPARITY,HIGH AMBIGUITY,99:Dungarpur(33.33%) | | | 112:Rajsamand(33.33%)
8,Rajasthan,100,Ganganagar,248651,Sri Ganganagar,Municipality,AMBIGUOUS MATCH,0.3333,LOW DISPARITY,HIGH AMBIGUITY,100:Ganganagar(33.33%) | | | 112:Rajsamand(33.33%)
8,Rajasthan,100,Ganganagar,248662,Hanumangarh,Municipality,AMBIGUOUS MATCH,0.3333,LOW DISPARITY,HIGH AMBIGUITY,100:Ganganagar(33.33%) | | | 101:Hanumangarh(33.33%)
8,Rajasthan,100,Ganganagar,248664,Rawatsar,Municipality,AMBIGUOUS MATCH,0.5,LOW DISPARITY,HIGH AMBIGUITY,100:Ganganagar(50.0%) | | | 101:Hanumangarh(50.0%)
8,Rajasthan,100,Ganganagar,248665,Nohar,Municipality,AMBIGUOUS MATCH,0.5,LOW DISPARITY,HIGH AMBIGUITY,100:Ganganagar(50.0%) | | | 101:Hanumangarh(50.0%)
8,Rajasthan,100,Ganganagar,296935,Lalgarh-Jattan,Town Panchayat,FULL MATCH,1.0,,EXACT MATCH,
8,Rajasthan,101,Hanumangarh,248666,Bhadra,Municipality,AMBIGUOUS MATCH,0.5,LOW DISPARITY,HIGH AMBIGUITY,101:Hanumangarh(50.0%) | | | 112:Rajsamand(50.0%)
8,Rajasthan,102,Jaipur,248729,Shahpura,Municipality,AMBIGUOUS MATCH,0.6667,HIGH DISPARITY,NEARLY RESOLVABLE,102:Jaipur(66.67%) | | | 112:Rajsamand(33.33%)
8,Rajasthan,102,Jaipur,248730,Chomu,Town Panchayat,AMBIGUOUS MATCH,0.75,HIGH DISPARITY,NEARLY RESOLVABLE,102:Jaipur(75.0%) | | | 98:Dholpur(16.67%)
8,Rajasthan,102,Jaipur,248736,Jaipur Heritage,Municipal Corporations,AMBIGUOUS MATCH,1.0,HIGH DISPARITY,NEARLY RESOLVABLE,102:Jaipur(85.71%)
8,Rajasthan,102,Jaipur,293844,Greater Jaipur,Municipal Corporations,FULL MATCH,1.0,,EXACT MATCH,
8,Rajasthan,102,Jaipur,296922,Paota-Pragpura,Municipality,AMBIGUOUS MATCH,0.3333,LOW DISPARITY,HIGH AMBIGUITY,102:Jaipur(33.33%) | | | 112:Rajsamand(33.33%)
8,Rajasthan,102,Jaipur,296925,Bassi,Town Panchayat,AMBIGUOUS MATCH,0.5,MODERATE DISPARITY,MODERATE AMBIGUITY,102:Jaipur(50.0%) | | | 98:Dholpur(33.33%)
8,Rajasthan,102,Jaipur,299536,Govindgarh,Municipality,AMBIGUOUS MATCH,0.7143,HIGH DISPARITY,NEARLY RESOLVABLE,102:Jaipur(71.43%) | | | 87:Alwar(14.29%)
8,Rajasthan,102,Jaipur,301438,Dudu,Municipality,AMBIGUOUS MATCH,0.3333,LOW DISPARITY,HIGH AMBIGUITY,102:Jaipur(33.33%) | | | 112:Rajsamand(33.33%)
8,Rajasthan,102,Jaipur,301455,Vatika,Municipality,AMBIGUOUS MATCH,0.5,LOW DISPARITY,HIGH AMBIGUITY,102:Jaipur(50.0%) | | | 112:Rajsamand(50.0%)
8,Rajasthan,102,Jaipur,301911,Jamwa Ramgarh,Municipality,AMBIGUOUS MATCH,0.5,LOW DISPARITY,HIGH AMBIGUITY,102:Jaipur(50.0%) | | | 112:Rajsamand(50.0%)
8,Rajasthan,102,Jaipur,302800,Kaladera,Municipality,FULL MATCH,1.0,,EXACT MATCH,
8,Rajasthan,102,Jaipur,302813,Khejroli,Municipality,FULL MATCH,1.0,,EXACT MATCH,
8,Rajasthan,102,Jaipur,302862,Saipau,Municipality,AI PREDICTION,1.0,,STRONG MATCH,102:Jaipur(100.0%)
8,Rajasthan,102,Jaipur,302896,Maniyan,Municipality,AI PREDICTION,1.0,,STRONG MATCH,102:Jaipur(100.0%)
8,Rajasthan,102,Jaipur,302921,Kanota,Municipality,FULL MATCH,1.0,,EXACT MATCH,
8,Rajasthan,102,Jaipur,303088,Jaipur,Municipal Corporations,FULL MATCH,1.0,,EXACT MATCH,
8,Rajasthan,103,Jaisalmer,248763,Jaisalmer,Municipality,AMBIGUOUS MATCH,0.3333,LOW DISPARITY,HIGH AMBIGUITY,103:Jaisalmer(33.33%) | | | 112:Rajsamand(33.33%)
8,Rajasthan,104,Jalore,248767,Jalore,Municipality,AMBIGUOUS MATCH,0.3333,LOW DISPARITY,HIGH AMBIGUITY,104:Jalore(33.33%) | | | 112:Rajsamand(33.33%)
8,Rajasthan,105,Jhalawar,248862,Jhalawar,Municipality,AMBIGUOUS MATCH,0.3333,LOW DISPARITY,HIGH AMBIGUITY,105:Jhalawar(33.33%) | | | 112:Rajsamand(33.33%)
8,Rajasthan,105,Jhalawar,248863,Jhalrapatan,Municipality,AMBIGUOUS MATCH,0.5,LOW DISPARITY,HIGH AMBIGUITY,105:Jhalawar(50.0%) | | | 112:Rajsamand(50.0%)
8,Rajasthan,105,Jhalawar,302855,Dag,Municipality,FULL MATCH,1.0,,EXACT MATCH,
8,Rajasthan,105,Jhalawar,302856,Khanpur,Municipality,FULL MATCH,1.0,,EXACT MATCH,
8,Rajasthan,105,Jhalawar,302858,Manoharthana,Municipality,FULL MATCH,1.0,,EXACT MATCH,
8,Rajasthan,105,Jhalawar,302860,Raipur,Municipality,AMBIGUOUS MATCH,0.5,LOW DISPARITY,HIGH AMBIGUITY,105:Jhalawar(50.0%) | | | 111:Pali(50.0%)
8,Rajasthan,106,Jhunjhunu,248683,Jhunjhunun,Municipality,AMBIGUOUS MATCH,0.3333,LOW DISPARITY,HIGH AMBIGUITY,106:Jhunjhunu(33.33%) | | | 112:Rajsamand(33.33%)
8,Rajasthan,106,Jhunjhunu,248690,Khetri,Municipality,AMBIGUOUS MATCH,0.5,LOW DISPARITY,HIGH AMBIGUITY,106:Jhunjhunu(50.0%) | | | 112:Rajsamand(50.0%)
8,Rajasthan,106,Jhunjhunu,301912,Jakhal,Municipality,AMBIGUOUS MATCH,0.3333,LOW DISPARITY,HIGH AMBIGUITY,106:Jhunjhunu(33.33%) | | | 112:Rajsamand(33.33%)
8,Rajasthan,106,Jhunjhunu,301913,Dundlod,Municipality,AMBIGUOUS MATCH,0.3333,LOW DISPARITY,HIGH AMBIGUITY,106:Jhunjhunu(33.33%) | | | 112:Rajsamand(33.33%)
8,Rajasthan,106,Jhunjhunu,302612,Malsisar,Municipality,AMBIGUOUS MATCH,0.3333,LOW DISPARITY,HIGH AMBIGUITY,106:Jhunjhunu(33.33%) | | | 112:Rajsamand(33.33%)
8,Rajasthan,106,Jhunjhunu,302876,Buhana,Municipality,FULL MATCH,1.0,,EXACT MATCH,
8,Rajasthan,107,Jodhpur,248760,Jodhpur-South,Municipal Corporations,AMBIGUOUS MATCH,0.5714,HIGH DISPARITY,NEARLY RESOLVABLE,107:Jodhpur(57.14%)
8,Rajasthan,107,Jodhpur,293843,Jodhpur-North,Municipal Corporations,AMBIGUOUS MATCH,0.5,HIGH DISPARITY,NEARLY RESOLVABLE,107:Jodhpur(50.0%)
8,Rajasthan,107,Jodhpur,301900,Tinwari,Municipality,AMBIGUOUS MATCH,0.3333,LOW DISPARITY,HIGH AMBIGUITY,107:Jodhpur(33.33%) | | | 112:Rajsamand(33.33%)
8,Rajasthan,107,Jodhpur,301910,Kuri Bhagtasani,Municipality,AMBIGUOUS MATCH,0.3333,LOW DISPARITY,HIGH AMBIGUITY,107:Jodhpur(33.33%) | | | 112:Rajsamand(33.33%)
8,Rajasthan,108,Karauli,248715,Todabhim,Municipality,AMBIGUOUS MATCH,0.5,LOW DISPARITY,HIGH AMBIGUITY,108:Karauli(50.0%) | | | 112:Rajsamand(50.0%)
8,Rajasthan,108,Karauli,248716,Hindaun City,Municipality,AMBIGUOUS MATCH,0.3333,LOW DISPARITY,HIGH AMBIGUITY,108:Karauli(33.33%) | | | 112:Rajsamand(33.33%)
8,Rajasthan,108,Karauli,248717,Karauli,Municipality,AMBIGUOUS MATCH,0.3333,LOW DISPARITY,HIGH AMBIGUITY,108:Karauli(33.33%) | | | 112:Rajsamand(33.33%)
8,Rajasthan,108,Karauli,296932,Sapotra,Municipality,AMBIGUOUS MATCH,0.5,LOW DISPARITY,HIGH AMBIGUITY,108:Karauli(50.0%) | | | 112:Rajsamand(50.0%)
8,Rajasthan,108,Karauli,301413,Mandrayal,Municipality,AMBIGUOUS MATCH,0.3333,LOW DISPARITY,HIGH AMBIGUITY,108:Karauli(33.33%) | | | 112:Rajsamand(33.33%)
8,Rajasthan,108,Karauli,302962,Suroth,Municipality,FULL MATCH,1.0,,EXACT MATCH,
8,Rajasthan,109,Kota,248845,Kota-South,Municipal Corporations,FULL MATCH,1.0,,EXACT MATCH,
8,Rajasthan,109,Kota,293842,Kota-North,Municipal Corporations,FULL MATCH,1.0,,EXACT MATCH,
8,Rajasthan,109,Kota,303090,Kota,Municipal Corporations,FULL MATCH,1.0,,EXACT MATCH,
8,Rajasthan,110,Nagaur,248749,Nagaur,Municipality,AMBIGUOUS MATCH,0.3333,LOW DISPARITY,HIGH AMBIGUITY,110:Nagaur(33.33%) | | | 112:Rajsamand(33.33%)
8,Rajasthan,110,Nagaur,302942,Riyan Bari,Municipality,FULL MATCH,1.0,,EXACT MATCH,
8,Rajasthan,111,Pali,248778,Pali,Municipal Corporations,AMBIGUOUS MATCH,0.3333,LOW DISPARITY,HIGH AMBIGUITY,111:Pali(33.33%) | | | 112:Rajsamand(33.33%)
8,Rajasthan,111,Pali,248783,Sumerpur,Municipality,AMBIGUOUS MATCH,0.5,LOW DISPARITY,HIGH AMBIGUITY,111:Pali(50.0%) | | | 112:Rajsamand(50.0%)
8,Rajasthan,112,Rajsamand,248695,Bhiwadi,Municipality,AMBIGUOUS MATCH,0.3333,LOW DISPARITY,HIGH AMBIGUITY,112:Rajsamand(33.33%) | | | 117:Udaipur(33.33%)
8,Rajasthan,112,Rajsamand,248698,Khairthal-Tijara,Municipality,AMBIGUOUS MATCH,0.5,LOW DISPARITY,HIGH AMBIGUITY,112:Rajsamand(50.0%) | | | 117:Udaipur(50.0%)
8,Rajasthan,112,Rajsamand,248718,Gangapur City,Municipality,AMBIGUOUS MATCH,0.3333,LOW DISPARITY,HIGH AMBIGUITY,112:Rajsamand(33.33%) | | | 113:Sawai
8,Rajasthan,112,Rajsamand,248720,Sawai Madhopur,Municipality,AMBIGUOUS MATCH,0.3333,LOW DISPARITY,HIGH AMBIGUITY,112:Rajsamand(33.33%) | | | 113:Sawai
8,Rajasthan,112,Rajsamand,248727,Kotputli,Municipality,AMBIGUOUS MATCH,0.3333,LOW DISPARITY,HIGH AMBIGUITY,112:Rajsamand(33.33%) | | | 117:Udaipur(33.33%)
8,Rajasthan,112,Rajsamand,248740,Lachhmangarh,Municipality,AMBIGUOUS MATCH,0.5,LOW DISPARITY,HIGH AMBIGUITY,112:Rajsamand(50.0%) | | | 114:Sikar(50.0%)
8,Rajasthan,112,Rajsamand,248741,Sikar,Municipality,AMBIGUOUS MATCH,0.3333,LOW DISPARITY,HIGH AMBIGUITY,112:Rajsamand(33.33%) | | | 114:Sikar(33.33%)
8,Rajasthan,112,Rajsamand,248742,Losal,Municipality,AMBIGUOUS MATCH,0.5,LOW DISPARITY,HIGH AMBIGUITY,112:Rajsamand(50.0%) | | | 114:Sikar(50.0%)
8,Rajasthan,112,Rajsamand,248743,Khandela,Municipality,AMBIGUOUS MATCH,0.5,LOW DISPARITY,HIGH AMBIGUITY,112:Rajsamand(50.0%) | | | 114:Sikar(50.0%)
8,Rajasthan,112,Rajsamand,248744,Sri Madhopur,Municipality,AMBIGUOUS MATCH,0.5,LOW DISPARITY,HIGH AMBIGUITY,112:Rajsamand(50.0%) | | | 114:Sikar(50.0%)
8,Rajasthan,112,Rajsamand,248756,Makrana,Municipality,AMBIGUOUS MATCH,0.3333,LOW DISPARITY,HIGH AMBIGUITY,112:Rajsamand(33.33%) | | | 117:Udaipur(33.33%)
8,Rajasthan,112,Rajsamand,248771,Sirohi,Municipality,AMBIGUOUS MATCH,0.3333,LOW DISPARITY,HIGH AMBIGUITY,112:Rajsamand(33.33%) | | | 115:Sirohi(33.33%)
8,Rajasthan,112,Rajsamand,248794,Malpura,Municipality,AMBIGUOUS MATCH,0.5,LOW DISPARITY,HIGH AMBIGUITY,112:Rajsamand(50.0%) | | | 116:Tonk(50.0%)
8,Rajasthan,112,Rajsamand,248797,Tonk,Municipality,AMBIGUOUS MATCH,0.3333,LOW DISPARITY,HIGH AMBIGUITY,112:Rajsamand(33.33%) | | | 116:Tonk(33.33%)
8,Rajasthan,112,Rajsamand,248799,Deoli,Municipality,AMBIGUOUS MATCH,0.5,LOW DISPARITY,HIGH AMBIGUITY,112:Rajsamand(50.0%) | | | 116:Tonk(50.0%)
8,Rajasthan,112,Rajsamand,248818,Rajsamand,Municipality,AMBIGUOUS MATCH,0.6667,LOW DISPARITY,HIGH AMBIGUITY,112:Rajsamand(66.67%) | | | 117:Udaipur(66.67%)
8,Rajasthan,112,Rajsamand,299935,Neemrana,Municipality,AMBIGUOUS MATCH,0.5,LOW DISPARITY,HIGH AMBIGUITY,112:Rajsamand(50.0%) | | | 117:Udaipur(50.0%)
8,Rajasthan,112,Rajsamand,301417,Sawar,Municipality,AMBIGUOUS MATCH,0.5,LOW DISPARITY,HIGH AMBIGUITY,112:Rajsamand(50.0%) | | | 117:Udaipur(50.0%)
8,Rajasthan,112,Rajsamand,301437,Dalot,Town Panchayat,FULL MATCH,1.0,,EXACT MATCH,
8,Rajasthan,112,Rajsamand,301445,Mawali,Municipality,AMBIGUOUS MATCH,0.5,LOW DISPARITY,HIGH AMBIGUITY,112:Rajsamand(50.0%) | | | 117:Udaipur(50.0%)
8,Rajasthan,112,Rajsamand,301901,Tantoti,Municipality,AMBIGUOUS MATCH,0.5,LOW DISPARITY,HIGH AMBIGUITY,112:Rajsamand(50.0%) | | | 117:Udaipur(50.0%)
8,Rajasthan,112,Rajsamand,301905,Narayanpur,Municipality,AMBIGUOUS MATCH,0.3333,LOW DISPARITY,HIGH AMBIGUITY,112:Rajsamand(33.33%) | | | 117:Udaipur(33.33%)
8,Rajasthan,112,Rajsamand,301909,Lambaharising,Municipality,AMBIGUOUS MATCH,0.3333,LOW DISPARITY,HIGH AMBIGUITY,112:Rajsamand(33.33%) | | | 116:Tonk(33.33%)
8,Rajasthan,112,Rajsamand,301914,Diggi,Municipality,AMBIGUOUS MATCH,0.3333,LOW DISPARITY,HIGH AMBIGUITY,112:Rajsamand(33.33%) | | | 116:Tonk(33.33%)
8,Rajasthan,112,Rajsamand,302205,Khandar,Municipality,AMBIGUOUS MATCH,0.3333,LOW DISPARITY,HIGH AMBIGUITY,112:Rajsamand(33.33%) | | | 113:Sawai
8,Rajasthan,112,Rajsamand,302206,Pahari ,Municipality,AMBIGUOUS MATCH,0.3333,LOW DISPARITY,HIGH AMBIGUITY,112:Rajsamand(33.33%) | | | 117:Udaipur(33.33%)
8,Rajasthan,112,Rajsamand,302222,Mandhan,Municipality,AMBIGUOUS MATCH,0.3333,LOW DISPARITY,HIGH AMBIGUITY,112:Rajsamand(33.33%) | | | 117:Udaipur(33.33%)
8,Rajasthan,112,Rajsamand,302223,Sayla,Municipality,AMBIGUOUS MATCH,0.5,LOW DISPARITY,HIGH AMBIGUITY,112:Rajsamand(50.0%) | | | 117:Udaipur(50.0%)
8,Rajasthan,112,Rajsamand,302249,Sojat Road,Municipality,AMBIGUOUS MATCH,0.5,LOW DISPARITY,HIGH AMBIGUITY,112:Rajsamand(50.0%) | | | 117:Udaipur(50.0%)
8,Rajasthan,113,Sawai Madhopur,301404,Khirni,Municipality,FULL MATCH,1.0,,EXACT MATCH,
8,Rajasthan,114,Sikar,248746,Neem-Ka-Thana,Municipality,AMBIGUOUS MATCH,0.6667,HIGH DISPARITY,NEARLY RESOLVABLE,114:Sikar(66.67%) | | | 112:Rajsamand(33.33%)
8,Rajasthan,114,Sikar,302948,Palsana,Municipality,FULL MATCH,1.0,,EXACT MATCH,
8,Rajasthan,115,Sirohi,296927,Jawal,Town Panchayat,FULL MATCH,1.0,,EXACT MATCH,
8,Rajasthan,115,Sirohi,302890,Mandar,Municipality,FULL MATCH,1.0,,EXACT MATCH,
8,Rajasthan,116,Tonk,301904,Peeplu,Municipality,FULL MATCH,1.0,,EXACT MATCH,
8,Rajasthan,117,Udaipur,248822,Udaipur,Municipal Corporations,AMBIGUOUS MATCH,1.0,HIGH DISPARITY,NEARLY RESOLVABLE,117:Udaipur(88.89%) | | | 112:Rajsamand(44.44%)
8,Rajasthan,117,Udaipur,248826,Salumbar,Municipality,FULL MATCH,1.0,,EXACT MATCH,
8,Rajasthan,117,Udaipur,300345,Rishabhdeo,Town Panchayat,FULL MATCH,1.0,,EXACT MATCH,
8,Rajasthan,629,Pratapgarh,302889,Arnod,Municipality,FULL MATCH,1.0,,EXACT MATCH,
8,Rajasthan,768,Didwana-Kuchaman,302919,Khatu Khurd,Municipality,FULL MATCH,1.0,,EXACT MATCH,
8,Rajasthan,774,Beawar,248790,Beawar,Municipality,AMBIGUOUS MATCH,0.6667,HIGH DISPARITY,NEARLY RESOLVABLE,774:Beawar(66.67%) | | | 112:Rajsamand(33.33%)
8,Rajasthan,775,Balotra,248765,Balotra,Municipality,AMBIGUOUS MATCH,0.5,MODERATE DISPARITY,MODERATE AMBIGUITY,775:Balotra(50.0%) | | | 112:Rajsamand(25.0%)
9,Uttar Pradesh,50,Haridwar,248892,Jalalabad(Bijnor),Town Panchayat,FULL MATCH,1.0,,EXACT MATCH,
9,Uttar Pradesh,50,Haridwar,248905,Najibabad,Municipality,FULL MATCH,1.0,,EXACT MATCH,
9,Uttar Pradesh,118,Agra,249059,Etmadpur,Municipality,FULL MATCH,1.0,,EXACT MATCH,
9,Uttar Pradesh,118,Agra,249060,Dayalbagh,Town Panchayat,FULL MATCH,1.0,,EXACT MATCH,
9,Uttar Pradesh,118,Agra,249061,Swamibagh,Town Panchayat,FULL MATCH,1.0,,EXACT MATCH,
9,Uttar Pradesh,118,Agra,249062,Agra,Municipal Corporations,AMBIGUOUS MATCH,0.75,HIGH DISPARITY,NEARLY RESOLVABLE,118:Agra(75.0%)
9,Uttar Pradesh,118,Agra,249066,Achhnera,Municipality,FULL MATCH,1.0,,EXACT MATCH,
9,Uttar Pradesh,118,Agra,249067,Kiraoli,Town Panchayat,FULL MATCH,1.0,,EXACT MATCH,
9,Uttar Pradesh,118,Agra,249068,Fatehpur Sikri,Municipality,FULL MATCH,1.0,,EXACT MATCH,
9,Uttar Pradesh,118,Agra,249069,Jagner,Town Panchayat,FULL MATCH,1.0,,EXACT MATCH,
9,Uttar Pradesh,118,Agra,249070,Khairragarh,Town Panchayat,FULL MATCH,1.0,,EXACT MATCH,
9,Uttar Pradesh,118,Agra,249072,Fatehabad,Town Panchayat,FULL MATCH,1.0,,EXACT MATCH,
9,Uttar Pradesh,118,Agra,249073,Pinahat,Town Panchayat,FULL MATCH,1.0,,EXACT MATCH,
9,Uttar Pradesh,118,Agra,249074,Bah,Municipality,FULL MATCH,1.0,,EXACT MATCH,
9,Uttar Pradesh,118,Agra,249181,Barbar,Town Panchayat,FULL MATCH,1.0,,EXACT MATCH,
9,Uttar Pradesh,118,Agra,297032,Shamshabad,Town Panchayat,FULL MATCH,1.0,,EXACT MATCH,
9,Uttar Pradesh,119,Aligarh,249019,Jatari,Town Panchayat,FULL MATCH,1.0,,EXACT MATCH,
9,Uttar Pradesh,119,Aligarh,249020,Khair,Municipality,FULL MATCH,1.0,,EXACT MATCH,
9,Uttar Pradesh,119,Aligarh,249022,Atrauli,Municipality,FULL MATCH,1.0,,EXACT MATCH,
9,Uttar Pradesh,119,Aligarh,249023,Chharra Rafatpur,Town Panchayat,FULL MATCH,1.0,,EXACT MATCH,
9,Uttar Pradesh,119,Aligarh,249024,Harduaganj,Town Panchayat,FULL MATCH,1.0,,EXACT MATCH,
9,Uttar Pradesh,119,Aligarh,249025,Aligarh,Municipal Corporations,FULL MATCH,1.0,,EXACT MATCH,
9,Uttar Pradesh,119,Aligarh,249026,Jalali,Town Panchayat,FULL MATCH,1.0,,EXACT MATCH,
9,Uttar Pradesh,119,Aligarh,249027,Kauriaganj,Town Panchayat,FULL MATCH,1.0,,EXACT MATCH,
9,Uttar Pradesh,119,Aligarh,249028,Pilkhana,Town Panchayat,FULL MATCH,1.0,,EXACT MATCH,
9,Uttar Pradesh,119,Aligarh,249030,Iglas,Town Panchayat,FULL MATCH,1.0,,EXACT MATCH,
9,Uttar Pradesh,119,Aligarh,249031,Beswan,Town Panchayat,FULL MATCH,1.0,,EXACT MATCH,
9,Uttar Pradesh,119,Aligarh,249032,Sasni,Town Panchayat,FULL MATCH,1.0,,EXACT MATCH,
9,Uttar Pradesh,119,Aligarh,249033,Sikandra Rao,Municipality,FULL MATCH,1.0,,EXACT MATCH,
9,Uttar Pradesh,119,Aligarh,249037,Hathras,Municipality,FULL MATCH,1.0,,EXACT MATCH,
9,Uttar Pradesh,119,Aligarh,249038,Mursan,Town Panchayat,FULL MATCH,1.0,,EXACT MATCH,
9,Uttar Pradesh,119,Aligarh,297033,Madrak,Town Panchayat,FULL MATCH,1.0,,EXACT MATCH,
9,Uttar Pradesh,119,Aligarh,297045,Pisawa,Town Panchayat,AMBIGUOUS MATCH,0.5,LOW DISPARITY,HIGH AMBIGUITY,119:Aligarh(50.0%) | | | 183:Sitapur(50.0%)
9,Uttar Pradesh,119,Aligarh,297076,Chandaus,Town Panchayat,FULL MATCH,1.0,,EXACT MATCH,
9,Uttar Pradesh,119,Aligarh,298115,Gabhana,Town Panchayat,FULL MATCH,1.0,,EXACT MATCH,
9,Uttar Pradesh,119,Aligarh,299023,Jawan Sikandpur,Town Panchayat,FULL MATCH,1.0,,EXACT MATCH,
9,Uttar Pradesh,120,Prayagraj,249364,Mau Aima,Town Panchayat,FULL MATCH,1.0,,EXACT MATCH,
9,Uttar Pradesh,120,Prayagraj,249365,Lal Gopal Ganj,Town Panchayat,FULL MATCH,1.0,,EXACT MATCH,
9,Uttar Pradesh,120,Prayagraj,249369,Prayagraj,Municipal Corporations,AMBIGUOUS MATCH,0.5,HIGH DISPARITY,NEARLY RESOLVABLE,120:Prayagraj(50.0%) | | | 158:Kaushambi(10.0%)
9,Uttar Pradesh,120,Prayagraj,249370,Shankargarh,Town Panchayat,FULL MATCH,1.0,,EXACT MATCH,
9,Uttar Pradesh,120,Prayagraj,249372,Handia,Town Panchayat,FULL MATCH,1.0,,EXACT MATCH,
9,Uttar Pradesh,120,Prayagraj,249373,Sirsa,Town Panchayat,FULL MATCH,1.0,,EXACT MATCH,
9,Uttar Pradesh,120,Prayagraj,249374,Bharatganj,Town Panchayat,FULL MATCH,1.0,,EXACT MATCH,
9,Uttar Pradesh,120,Prayagraj,249375,Koraon,Town Panchayat,FULL MATCH,1.0,,EXACT MATCH,
9,Uttar Pradesh,120,Prayagraj,249480,Phoolpur,Town Panchayat,FULL MATCH,1.0,,EXACT MATCH,
9,Uttar Pradesh,121,Ambedkar Nagar,248940,Tanda,Municipality,FULL MATCH,1.0,,EXACT MATCH,
9,Uttar Pradesh,121,Ambedkar Nagar,249235,Gosainganj (Ayodhya),Town Panchayat,FULL MATCH,1.0,,EXACT MATCH,
9,Uttar Pradesh,121,Ambedkar Nagar,249277,Akbarpur,Town Panchayat,FULL MATCH,1.0,,EXACT MATCH,
9,Uttar Pradesh,121,Ambedkar Nagar,249394,Iltifatganj Bazar,Town Panchayat,FULL MATCH,1.0,,EXACT MATCH,
9,Uttar Pradesh,121,Ambedkar Nagar,249398,Ashrafpur Kichhauchha,Town Panchayat,FULL MATCH,1.0,,EXACT MATCH,
9,Uttar Pradesh,121,Ambedkar Nagar,249399,Jalalpur,Municipality,FULL MATCH,1.0,,EXACT MATCH,
9,Uttar Pradesh,121,Ambedkar Nagar,249400,Akbarpur,Municipality,FULL MATCH,1.0,,EXACT MATCH,
9,Uttar Pradesh,121,Ambedkar Nagar,298935,Jahagirganj,Town Panchayat,FULL MATCH,1.0,,EXACT MATCH,
9,Uttar Pradesh,121,Ambedkar Nagar,300509,Rajesultanpur,Town Panchayat,FULL MATCH,1.0,,EXACT MATCH,
9,Uttar Pradesh,122,Auraiya,249264,Bharthana,Municipality,FULL MATCH,1.0,,EXACT MATCH,
9,Uttar Pradesh,122,Auraiya,249267,Bidhuna,Town Panchayat,FULL MATCH,1.0,,EXACT MATCH,
9,Uttar Pradesh,122,Auraiya,249268,Achhalda,Town Panchayat,FULL MATCH,1.0,,EXACT MATCH,
9,Uttar Pradesh,122,Auraiya,249269,Babarpur Ajitmal,Town Panchayat,FULL MATCH,1.0,,EXACT MATCH,
9,Uttar Pradesh,122,Auraiya,249270,Atasu,Town Panchayat,FULL MATCH,1.0,,EXACT MATCH,
9,Uttar Pradesh,122,Auraiya,249271,Phaphund,Town Panchayat,FULL MATCH,1.0,,EXACT MATCH,
9,Uttar Pradesh,122,Auraiya,249272,Dibiyapur,Town Panchayat,FULL MATCH,1.0,,EXACT MATCH,
9,Uttar Pradesh,122,Auraiya,249273,Auraiya,Municipality,FULL MATCH,1.0,,EXACT MATCH,
9,Uttar Pradesh,122,Auraiya,297864,Kanchausi,Town Panchayat,FULL MATCH,1.0,,EXACT MATCH,
9,Uttar Pradesh,123,Azamgarh,249239,Maharajganj(Azamgarh),Town Panchayat,FULL MATCH,1.0,,EXACT MATCH,
9,Uttar Pradesh,123,Azamgarh,249242,Lalganj,Town Panchayat,AMBIGUOUS MATCH,0.25,LOW DISPARITY,HIGH AMBIGUITY,123:Azamgarh(25.0%) | | | 131:Basti(25.0%)
9,Uttar Pradesh,123,Azamgarh,249368,Phulpur,Town Panchayat,FULL MATCH,1.0,,EXACT MATCH,
9,Uttar Pradesh,123,Azamgarh,249468,Atraulia,Town Panchayat,FULL MATCH,1.0,,EXACT MATCH,
9,Uttar Pradesh,123,Azamgarh,249470,Bilariaganj,Municipality,FULL MATCH,1.0,,EXACT MATCH,
9,Uttar Pradesh,123,Azamgarh,249471,Jiyanpur,Town Panchayat,FULL MATCH,1.0,,EXACT MATCH,
9,Uttar Pradesh,123,Azamgarh,249472,Azmatgarh,Town Panchayat,FULL MATCH,1.0,,EXACT MATCH,
9,Uttar Pradesh,123,Azamgarh,249474,Mubarakpur,Municipality,FULL MATCH,1.0,,EXACT MATCH,
9,Uttar Pradesh,123,Azamgarh,249477,Azamgarh,Municipality,FULL MATCH,1.0,,EXACT MATCH,
9,Uttar Pradesh,123,Azamgarh,249478,Nizamabad,Town Panchayat,FULL MATCH,1.0,,EXACT MATCH,
9,Uttar Pradesh,123,Azamgarh,249479,Sarai Mir,Town Panchayat,FULL MATCH,1.0,,EXACT MATCH,
9,Uttar Pradesh,123,Azamgarh,249481,Katghar Lalganj,Town Panchayat,FULL MATCH,1.0,,EXACT MATCH,
9,Uttar Pradesh,123,Azamgarh,249482,Mehnagar,Town Panchayat,FULL MATCH,1.0,,EXACT MATCH,
9,Uttar Pradesh,123,Azamgarh,263356,Mahul,Town Panchayat,FULL MATCH,1.0,,EXACT MATCH,
9,Uttar Pradesh,123,Azamgarh,277189,Chirayakot,Town Panchayat,FULL MATCH,1.0,,EXACT MATCH,
9,Uttar Pradesh,123,Azamgarh,297075,Boodhanpur,Town Panchayat,AMBIGUOUS MATCH,0.5,LOW DISPARITY,HIGH AMBIGUITY,123:Azamgarh(50.0%) | | | 132:Bijnor(50.0%)
9,Uttar Pradesh,123,Azamgarh,300510,Martinganj,Town Panchayat,FULL MATCH,1.0,,EXACT MATCH,
9,Uttar Pradesh,124,Baghpat,248969,Chhaprauli,Town Panchayat,FULL MATCH,1.0,,EXACT MATCH,
9,Uttar Pradesh,124,Baghpat,248970,Tikri,Town Panchayat,FULL MATCH,1.0,,EXACT MATCH,
9,Uttar Pradesh,124,Baghpat,248971,Doghat,Town Panchayat,FULL MATCH,1.0,,EXACT MATCH,
9,Uttar Pradesh,124,Baghpat,248972,Baraut,Municipality,FULL MATCH,1.0,,EXACT MATCH,
9,Uttar Pradesh,124,Baghpat,248973,Baghpat,Municipality,FULL MATCH,1.0,,EXACT MATCH,
9,Uttar Pradesh,124,Baghpat,248974,Agarwal Mandi,Town Panchayat,FULL MATCH,1.0,,EXACT MATCH,
9,Uttar Pradesh,124,Baghpat,248975,Aminagar Sarai,Town Panchayat,FULL MATCH,1.0,,EXACT MATCH,
9,Uttar Pradesh,124,Baghpat,297023,Khekada,Municipality,FULL MATCH,1.0,,EXACT MATCH,
9,Uttar Pradesh,124,Baghpat,297820,Rataul,Town Panchayat,FULL MATCH,1.0,,EXACT MATCH,
9,Uttar Pradesh,125,Bahraich,249408,Nanpara,Municipality,FULL MATCH,1.0,,EXACT MATCH,
9,Uttar Pradesh,125,Bahraich,249409,Risia Bazar,Town Panchayat,FULL MATCH,1.0,,EXACT MATCH,
9,Uttar Pradesh,125,Bahraich,249410,Bahraich,Municipality,FULL MATCH,1.0,,EXACT MATCH,
9,Uttar Pradesh,125,Bahraich,249411,Jarwal,Town Panchayat,FULL MATCH,1.0,,EXACT MATCH,
9,Uttar Pradesh,125,Bahraich,297070,Payagpur,Town Panchayat,FULL MATCH,1.0,,EXACT MATCH,
9,Uttar Pradesh,125,Bahraich,299017,Kaisharganj,Town Panchayat,FULL MATCH,1.0,,EXACT MATCH,
9,Uttar Pradesh,125,Bahraich,300511,Rupaideeha,Town Panchayat,FULL MATCH,1.0,,EXACT MATCH,
9,Uttar Pradesh,125,Bahraich,300930,Mihinpurwa,Town Panchayat,FULL MATCH,1.0,,EXACT MATCH,
9,Uttar Pradesh,126,Ballia,249492,Belthara Road,Town Panchayat,FULL MATCH,1.0,,EXACT MATCH,
9,Uttar Pradesh,126,Ballia,249493,Sikanderpur (Ballia),Town Panchayat,FULL MATCH,1.0,,EXACT MATCH,
9,Uttar Pradesh,126,Ballia,249494,Maniyar,Town Panchayat,FULL MATCH,1.0,,EXACT MATCH,
9,Uttar Pradesh,126,Ballia,249495,Rasra,Municipality,FULL MATCH,1.0,,EXACT MATCH,
9,Uttar Pradesh,126,Ballia,249496,Chitbara Gaon,Town Panchayat,FULL MATCH,1.0,,EXACT MATCH,
9,Uttar Pradesh,126,Ballia,249498,Bansdih,Town Panchayat,FULL MATCH,1.0,,EXACT MATCH,
9,Uttar Pradesh,126,Ballia,249499,Sahatwar,Town Panchayat,FULL MATCH,1.0,,EXACT MATCH,
9,Uttar Pradesh,126,Ballia,249500,Reoti,Town Panchayat,FULL MATCH,1.0,,EXACT MATCH,
9,Uttar Pradesh,126,Ballia,277185,Bairia,Town Panchayat,FULL MATCH,1.0,,EXACT MATCH,
9,Uttar Pradesh,126,Ballia,297083,Nagra,Town Panchayat,FULL MATCH,1.0,,EXACT MATCH,
9,Uttar Pradesh,126,Ballia,297861,Ratsar Kala,Town Panchayat,FULL MATCH,1.0,,EXACT MATCH,
9,Uttar Pradesh,127,Balrampur,249414,Balrampur,Municipality,FULL MATCH,1.0,,EXACT MATCH,
9,Uttar Pradesh,127,Balrampur,249415,Tulsipur,Town Panchayat,FULL MATCH,1.0,,EXACT MATCH,
9,Uttar Pradesh,127,Balrampur,249416,Pachperwa,Town Panchayat,FULL MATCH,1.0,,EXACT MATCH,
9,Uttar Pradesh,127,Balrampur,249417,Utraula,Municipality,FULL MATCH,1.0,,EXACT MATCH,
9,Uttar Pradesh,127,Balrampur,300512,Gaisari,Town Panchayat,FULL MATCH,1.0,,EXACT MATCH,
9,Uttar Pradesh,127,Balrampur,301016,Dhanepur,Town Panchayat,FULL MATCH,1.0,,EXACT MATCH,
9,Uttar Pradesh,128,Banda,249327,Maudaha,Municipality,FULL MATCH,1.0,,EXACT MATCH,
9,Uttar Pradesh,128,Banda,249332,Kabrai,Town Panchayat,FULL MATCH,1.0,,EXACT MATCH,
9,Uttar Pradesh,128,Banda,249333,Mataundh,Town Panchayat,FULL MATCH,1.0,,EXACT MATCH,
9,Uttar Pradesh,128,Banda,249334,Banda,Municipality,FULL MATCH,1.0,,EXACT MATCH,
9,Uttar Pradesh,128,Banda,249335,Tindwari,Town Panchayat,FULL MATCH,1.0,,EXACT MATCH,
9,Uttar Pradesh,128,Banda,249336,Baberu,Town Panchayat,FULL MATCH,1.0,,EXACT MATCH,
9,Uttar Pradesh,128,Banda,249337,Oran,Town Panchayat,FULL MATCH,1.0,,EXACT MATCH,
9,Uttar Pradesh,128,Banda,249338,Bisanda Buzurg,Town Panchayat,FULL MATCH,1.0,,EXACT MATCH,
9,Uttar Pradesh,128,Banda,249339,Atarra,Municipality,FULL MATCH,1.0,,EXACT MATCH,
9,Uttar Pradesh,128,Banda,249340,Naraini,Town Panchayat,FULL MATCH,1.0,,EXACT MATCH,
9,Uttar Pradesh,128,Banda,297057,Banda,Town Panchayat,AMBIGUOUS MATCH,0.5,LOW DISPARITY,HIGH AMBIGUITY,128:Banda(50.0%) | | | 165:Mahoba(50.0%)
9,Uttar Pradesh,129,Bara Banki,249376,Fatehpur(Barabanki),Town Panchayat,FULL MATCH,1.0,,EXACT MATCH,
9,Uttar Pradesh,129,Bara Banki,249377,Ramnagar,Town Panchayat,FULL MATCH,1.0,,EXACT MATCH,
9,Uttar Pradesh,129,Bara Banki,249378,Dewa,Town Panchayat,FULL MATCH,1.0,,EXACT MATCH,
9,Uttar Pradesh,129,Bara Banki,249380,Banki,Town Panchayat,AMBIGUOUS MATCH,0.5,LOW DISPARITY,HIGH AMBIGUITY,129:Bara | Banki(50.0%) | |
9,Uttar Pradesh,129,Bara Banki,249381,Satrikh,Town Panchayat,FULL MATCH,1.0,,EXACT MATCH,
9,Uttar Pradesh,129,Bara Banki,249382,Zaidpur,Town Panchayat,FULL MATCH,1.0,,EXACT MATCH,
9,Uttar Pradesh,129,Bara Banki,249384,Tikait Nagar,Town Panchayat,FULL MATCH,1.0,,EXACT MATCH,
9,Uttar Pradesh,129,Bara Banki,249385,Dariyabad,Town Panchayat,FULL MATCH,1.0,,EXACT MATCH,
9,Uttar Pradesh,129,Bara Banki,249386,Siddhaur,Town Panchayat,FULL MATCH,1.0,,EXACT MATCH,
9,Uttar Pradesh,129,Bara Banki,249387,Haidergarh,Town Panchayat,FULL MATCH,1.0,,EXACT MATCH,
9,Uttar Pradesh,129,Bara Banki,253131,Subeha,Town Panchayat,FULL MATCH,1.0,,EXACT MATCH,
9,Uttar Pradesh,129,Bara Banki,277186,Belhara,Town Panchayat,AMBIGUOUS MATCH,0.5,LOW DISPARITY,HIGH AMBIGUITY,129:Bara | Banki(50.0%) | |
9,Uttar Pradesh,129,Bara Banki,299081,Ram Sanehi Ghat,Town Panchayat,FULL MATCH,1.0,,EXACT MATCH,
9,Uttar Pradesh,129,Bara Banki,301389,Nawabganj (Bara Banki),Municipality,FULL MATCH,1.0,,EXACT MATCH,
9,Uttar Pradesh,130,Bareilly,249135,Bahedi,Municipality,FULL MATCH,1.0,,EXACT MATCH,
9,Uttar Pradesh,130,Bareilly,249136,Faridpur(Bareilly),Town Panchayat,FULL MATCH,1.0,,EXACT MATCH,
9,Uttar Pradesh,130,Bareilly,249137,Richha,Town Panchayat,FULL MATCH,1.0,,EXACT MATCH,
9,Uttar Pradesh,130,Bareilly,249138,Deoranian,Town Panchayat,FULL MATCH,1.0,,EXACT MATCH,
9,Uttar Pradesh,130,Bareilly,249140,Shishgarh,Town Panchayat,FULL MATCH,1.0,,EXACT MATCH,
9,Uttar Pradesh,130,Bareilly,249141,Mirganj,Town Panchayat,FULL MATCH,1.0,,EXACT MATCH,
9,Uttar Pradesh,130,Bareilly,249142,Fatehganj Pashchimi,Town Panchayat,FULL MATCH,1.0,,EXACT MATCH,
9,Uttar Pradesh,130,Bareilly,249143,Shahi,Town Panchayat,FULL MATCH,1.0,,EXACT MATCH,
9,Uttar Pradesh,130,Bareilly,249144,Bisharatganj,Town Panchayat,FULL MATCH,1.0,,EXACT MATCH,
9,Uttar Pradesh,130,Bareilly,249145,Aonla,Municipality,FULL MATCH,1.0,,EXACT MATCH,
9,Uttar Pradesh,130,Bareilly,249146,Sirauli,Town Panchayat,FULL MATCH,1.0,,EXACT MATCH,
9,Uttar Pradesh,130,Bareilly,249147,Dhaura Tanda,Town Panchayat,FULL MATCH,1.0,,EXACT MATCH,
9,Uttar Pradesh,130,Bareilly,249149,Bareilly,Municipal Corporations,FULL MATCH,1.0,,EXACT MATCH,
9,Uttar Pradesh,130,Bareilly,249151,Thiriya Nizamat Khan,Town Panchayat,FULL MATCH,1.0,,EXACT MATCH,
9,Uttar Pradesh,130,Bareilly,249152,Rithora,Town Panchayat,FULL MATCH,1.0,,EXACT MATCH,
9,Uttar Pradesh,130,Bareilly,249153,Sainthal,Town Panchayat,FULL MATCH,1.0,,EXACT MATCH,
9,Uttar Pradesh,130,Bareilly,249154,Nawabganj(Bareilly),Municipality,FULL MATCH,1.0,,EXACT MATCH,
9,Uttar Pradesh,130,Bareilly,249155,Fatehganj Purvi,Town Panchayat,FULL MATCH,1.0,,EXACT MATCH,
9,Uttar Pradesh,130,Bareilly,249156,Faridpur,Municipality,FULL MATCH,1.0,,EXACT MATCH,
9,Uttar Pradesh,130,Bareilly,249497,Ballia,Municipality,FULL MATCH,1.0,,EXACT MATCH,
9,Uttar Pradesh,130,Bareilly,297735,Nawabganj,Town Panchayat,FULL MATCH,1.0,,EXACT MATCH,
9,Uttar Pradesh,131,Basti,249418,Khargupur,Town Panchayat,AI PREDICTION,1.0,,AMBIGUOUS PREDICTION,131:Basti(100.0%) | 147:Gonda(100.0%) | 181:Shrawasti(100.0%)
9,Uttar Pradesh,131,Basti,249429,Harraiya,Town Panchayat,FULL MATCH,1.0,,EXACT MATCH,
9,Uttar Pradesh,131,Basti,249430,Basti,Municipality,FULL MATCH,1.0,,EXACT MATCH,
9,Uttar Pradesh,131,Basti,249433,Khalilabad,Municipality,FULL MATCH,1.0,,EXACT MATCH,
9,Uttar Pradesh,131,Basti,249435,Hariharpur,Town Panchayat,FULL MATCH,1.0,,EXACT MATCH,
9,Uttar Pradesh,131,Basti,263359,Rudhauli Bazar,Town Panchayat,FULL MATCH,1.0,,EXACT MATCH,
9,Uttar Pradesh,131,Basti,289237,Bankti,Town Panchayat,FULL MATCH,1.0,,EXACT MATCH,
9,Uttar Pradesh,131,Basti,297031,Ganeshpur,Town Panchayat,FULL MATCH,1.0,,EXACT MATCH,
9,Uttar Pradesh,131,Basti,297061,Bharatbhari,Town Panchayat,FULL MATCH,1.0,,EXACT MATCH,
9,Uttar Pradesh,131,Basti,297066,Gaayghat,Town Panchayat,FULL MATCH,1.0,,EXACT MATCH,
9,Uttar Pradesh,131,Basti,297073,Babhnan Bazar,Town Panchayat,FULL MATCH,1.0,,EXACT MATCH,
9,Uttar Pradesh,131,Basti,298093,Munderwa,Town Panchayat,FULL MATCH,1.0,,EXACT MATCH,
9,Uttar Pradesh,131,Basti,298095,Nagar Bazar,Town Panchayat,FULL MATCH,1.0,,EXACT MATCH,
9,Uttar Pradesh,131,Basti,298096,Kaptanganj Basti,Town Panchayat,FULL MATCH,1.0,,EXACT MATCH,
9,Uttar Pradesh,131,Basti,300532,Hainsar Bazar Dhanghata,Town Panchayat,FULL MATCH,1.0,,EXACT MATCH,
9,Uttar Pradesh,131,Basti,301014,Belsar,Town Panchayat,AI PREDICTION,1.0,,AMBIGUOUS PREDICTION,131:Basti(100.0%) | 147:Gonda(100.0%) | 181:Shrawasti(100.0%)
9,Uttar Pradesh,132,Bijnor,248904,Sahanpur,Town Panchayat,FULL MATCH,1.0,,EXACT MATCH,
9,Uttar Pradesh,132,Bijnor,248908,Kiratpur,Municipality,FULL MATCH,1.0,,EXACT MATCH,
9,Uttar Pradesh,132,Bijnor,248909,Mandawar,Town Panchayat,FULL MATCH,1.0,,EXACT MATCH,
9,Uttar Pradesh,132,Bijnor,248910,Bijnor,Municipality,FULL MATCH,1.0,,EXACT MATCH,
9,Uttar Pradesh,132,Bijnor,248913,Jhalu,Town Panchayat,FULL MATCH,1.0,,EXACT MATCH,
9,Uttar Pradesh,132,Bijnor,248914,Haldaur,Municipality,FULL MATCH,1.0,,EXACT MATCH,
9,Uttar Pradesh,132,Bijnor,248915,Nagina,Municipality,FULL MATCH,1.0,,EXACT MATCH,
9,Uttar Pradesh,132,Bijnor,248916,Warhapur,Town Panchayat,FULL MATCH,1.0,,EXACT MATCH,
9,Uttar Pradesh,132,Bijnor,248917,Afzalgarh,Municipality,FULL MATCH,1.0,,EXACT MATCH,
9,Uttar Pradesh,132,Bijnor,248918,Sherkot,Municipality,FULL MATCH,1.0,,EXACT MATCH,
9,Uttar Pradesh,132,Bijnor,248919,Dhampur,Municipality,FULL MATCH,1.0,,EXACT MATCH,
9,Uttar Pradesh,132,Bijnor,248920,Nehtaur,Municipality,FULL MATCH,1.0,,EXACT MATCH,
9,Uttar Pradesh,132,Bijnor,248921,Seohara,Municipality,FULL MATCH,1.0,,EXACT MATCH,
9,Uttar Pradesh,132,Bijnor,248922,Sahaspur,Town Panchayat,FULL MATCH,1.0,,EXACT MATCH,
9,Uttar Pradesh,132,Bijnor,248923,Noorpur,Municipality,FULL MATCH,1.0,,EXACT MATCH,
9,Uttar Pradesh,132,Bijnor,248924,Chandpur,Municipality,FULL MATCH,1.0,,EXACT MATCH,
9,Uttar Pradesh,132,Bijnor,290251,Dhakia,Town Panchayat,AMBIGUOUS MATCH,0.5,LOW DISPARITY,HIGH AMBIGUITY,132:Bijnor(50.0%) | | | 171:Moradabad(50.0%)
9,Uttar Pradesh,133,Budaun,249114,Gunnaur,Town Panchayat,FULL MATCH,1.0,,EXACT MATCH,
9,Uttar Pradesh,133,Budaun,249115,Islamnagar,Town Panchayat,FULL MATCH,1.0,,EXACT MATCH,
9,Uttar Pradesh,133,Budaun,249116,Faizganj,Town Panchayat,FULL MATCH,1.0,,EXACT MATCH,
9,Uttar Pradesh,133,Budaun,249117,Mundia,Town Panchayat,FULL MATCH,1.0,,EXACT MATCH,
9,Uttar Pradesh,133,Budaun,249118,Bisauli,Municipality,FULL MATCH,1.0,,EXACT MATCH,
9,Uttar Pradesh,133,Budaun,249119,Saidpur(Badaun),Town Panchayat,FULL MATCH,1.0,,EXACT MATCH,
9,Uttar Pradesh,133,Budaun,249121,Rudayan,Town Panchayat,FULL MATCH,1.0,,EXACT MATCH,
9,Uttar Pradesh,133,Budaun,249122,Bilsi,Municipality,FULL MATCH,1.0,,EXACT MATCH,
9,Uttar Pradesh,133,Budaun,249123,Sahaswan,Municipality,FULL MATCH,1.0,,EXACT MATCH,
9,Uttar Pradesh,133,Budaun,249124,Kachhla,Town Panchayat,FULL MATCH,1.0,,EXACT MATCH,
9,Uttar Pradesh,133,Budaun,249125,Ujhani,Municipality,FULL MATCH,1.0,,EXACT MATCH,
9,Uttar Pradesh,133,Budaun,249126,Budaun,Municipality,FULL MATCH,1.0,,EXACT MATCH,
9,Uttar Pradesh,133,Budaun,249127,Kunwargaon,Town Panchayat,FULL MATCH,1.0,,EXACT MATCH,
9,Uttar Pradesh,133,Budaun,249128,Gulariya,Town Panchayat,FULL MATCH,1.0,,EXACT MATCH,
9,Uttar Pradesh,133,Budaun,249129,Sakhanu,Town Panchayat,FULL MATCH,1.0,,EXACT MATCH,
9,Uttar Pradesh,133,Budaun,249130,Kakrala,Municipality,FULL MATCH,1.0,,EXACT MATCH,
9,Uttar Pradesh,133,Budaun,249131,Allapur,Town Panchayat,FULL MATCH,1.0,,EXACT MATCH,
9,Uttar Pradesh,133,Budaun,249133,Usawan,Town Panchayat,FULL MATCH,1.0,,EXACT MATCH,
9,Uttar Pradesh,133,Budaun,249134,Usehat,Town Panchayat,FULL MATCH,1.0,,EXACT MATCH,
9,Uttar Pradesh,133,Budaun,297026,Dataganj,Municipality,FULL MATCH,1.0,,EXACT MATCH,
9,Uttar Pradesh,133,Budaun,297060,Bhanpur Kaswa,Town Panchayat,FULL MATCH,1.0,,EXACT MATCH,
9,Uttar Pradesh,133,Budaun,297063,Dahagwan,Town Panchayat,FULL MATCH,1.0,,EXACT MATCH,
9,Uttar Pradesh,134,Bulandshahr,248999,Kakod,Town Panchayat,FULL MATCH,1.0,,EXACT MATCH,
9,Uttar Pradesh,134,Bulandshahr,249001,Jahangirpur,Town Panchayat,FULL MATCH,1.0,,EXACT MATCH,
9,Uttar Pradesh,134,Bulandshahr,249003,Sikandrabad,Municipality,FULL MATCH,1.0,,EXACT MATCH,
9,Uttar Pradesh,134,Bulandshahr,249005,Bulandshahr,Municipality,FULL MATCH,1.0,,EXACT MATCH,
9,Uttar Pradesh,134,Bulandshahr,249006,Gulaothi,Municipality,FULL MATCH,1.0,,EXACT MATCH,
9,Uttar Pradesh,134,Bulandshahr,249007,Bhawan Bahadur Nagar,Town Panchayat,FULL MATCH,1.0,,EXACT MATCH,
9,Uttar Pradesh,134,Bulandshahr,249008,Siana,Municipality,FULL MATCH,1.0,,EXACT MATCH,
9,Uttar Pradesh,134,Bulandshahr,249009,Bugrasi,Town Panchayat,FULL MATCH,1.0,,EXACT MATCH,
9,Uttar Pradesh,134,Bulandshahr,249010,Khanpur,Town Panchayat,FULL MATCH,1.0,,EXACT MATCH,
9,Uttar Pradesh,134,Bulandshahr,249011,Anupshahr,Municipality,FULL MATCH,1.0,,EXACT MATCH,
9,Uttar Pradesh,134,Bulandshahr,249012,Jahangirabad,Municipality,FULL MATCH,1.0,,EXACT MATCH,
9,Uttar Pradesh,134,Bulandshahr,249013,Debai,Municipality,FULL MATCH,1.0,,EXACT MATCH,
9,Uttar Pradesh,134,Bulandshahr,249014,Naraura,Town Panchayat,FULL MATCH,1.0,,EXACT MATCH,
9,Uttar Pradesh,134,Bulandshahr,249015,Shikarpur,Municipality,FULL MATCH,1.0,,EXACT MATCH,
9,Uttar Pradesh,134,Bulandshahr,249016,Pahasu,Town Panchayat,FULL MATCH,1.0,,EXACT MATCH,
9,Uttar Pradesh,134,Bulandshahr,249017,Chhatari,Town Panchayat,FULL MATCH,1.0,,EXACT MATCH,
9,Uttar Pradesh,134,Bulandshahr,249018,Khurja,Municipality,FULL MATCH,1.0,,EXACT MATCH,
9,Uttar Pradesh,134,Bulandshahr,299018,Barauli,Town Panchayat,AMBIGUOUS MATCH,0.5,LOW DISPARITY,HIGH AMBIGUITY,134:Bulandshahr(50.0%) | | | 167:Mathura(50.0%)
9,Uttar Pradesh,135,Chandauli,249518,Pt Deen Dayal Nagar(Mughalsarai),Municipality,FULL MATCH,1.0,,EXACT MATCH,
9,Uttar Pradesh,135,Chandauli,249520,Chandauli,Town Panchayat,FULL MATCH,1.0,,EXACT MATCH,
9,Uttar Pradesh,135,Chandauli,249521,Saiyad Raja,Town Panchayat,FULL MATCH,1.0,,EXACT MATCH,
9,Uttar Pradesh,135,Chandauli,249522,Chakia,Town Panchayat,FULL MATCH,1.0,,EXACT MATCH,
9,Uttar Pradesh,135,Chandauli,301243,Pt. Deen Dayal Upadhyaya Nagar,Notified Area Council,FULL MATCH,1.0,,EXACT MATCH,
9,Uttar Pradesh,136,Chitrakoot,249341,Manikpur Sarhat (Chitrakoot),Town Panchayat,FULL MATCH,1.0,,EXACT MATCH,
9,Uttar Pradesh,136,Chitrakoot,249342,Chitrakoot Dham - Karwi,Municipality,FULL MATCH,1.0,,EXACT MATCH,
9,Uttar Pradesh,136,Chitrakoot,249343,Rajapur,Town Panchayat,FULL MATCH,1.0,,EXACT MATCH,
9,Uttar Pradesh,136,Chitrakoot,299010,Mau Mustkil,Town Panchayat,FULL MATCH,1.0,,EXACT MATCH,
9,Uttar Pradesh,137,Deoria,249453,Ramkola,Town Panchayat,FULL MATCH,1.0,,EXACT MATCH,
9,Uttar Pradesh,137,Deoria,249454,Kaptanganj,Town Panchayat,FULL MATCH,1.0,,EXACT MATCH,
9,Uttar Pradesh,137,Deoria,249457,Sewarhi,Town Panchayat,FULL MATCH,1.0,,EXACT MATCH,
9,Uttar Pradesh,137,Deoria,249458,Gauri Bazar,Town Panchayat,FULL MATCH,1.0,,EXACT MATCH,
9,Uttar Pradesh,137,Deoria,249459,Rampur Karkhana,Town Panchayat,FULL MATCH,1.0,,EXACT MATCH,
9,Uttar Pradesh,137,Deoria,249460,Deoria,Municipality,FULL MATCH,1.0,,EXACT MATCH,
9,Uttar Pradesh,137,Deoria,249461,Rudrapur,Town Panchayat,FULL MATCH,1.0,,EXACT MATCH,
9,Uttar Pradesh,137,Deoria,249462,Gaura Barhaj,Municipality,FULL MATCH,1.0,,EXACT MATCH,
9,Uttar Pradesh,137,Deoria,249463,Badhani Bazar,Town Panchayat,FULL MATCH,1.0,,EXACT MATCH,
9,Uttar Pradesh,137,Deoria,249464,Majhauliraj,Town Panchayat,FULL MATCH,1.0,,EXACT MATCH,
9,Uttar Pradesh,137,Deoria,249465,Salempur,Town Panchayat,FULL MATCH,1.0,,EXACT MATCH,
9,Uttar Pradesh,137,Deoria,249466,Lar,Town Panchayat,FULL MATCH,1.0,,EXACT MATCH,
9,Uttar Pradesh,137,Deoria,249467,Bhatpar Rani,Town Panchayat,FULL MATCH,1.0,,EXACT MATCH,
9,Uttar Pradesh,137,Deoria,281989,Bariyarpur,Town Panchayat,FULL MATCH,1.0,,EXACT MATCH,
9,Uttar Pradesh,137,Deoria,297065,Fazilnagar,Town Panchayat,FULL MATCH,1.0,,EXACT MATCH,
9,Uttar Pradesh,137,Deoria,300729,Bhaluani,Town Panchayat,FULL MATCH,1.0,,EXACT MATCH,
9,Uttar Pradesh,137,Deoria,300768,Baitalpur,Town Panchayat,FULL MATCH,1.0,,EXACT MATCH,
9,Uttar Pradesh,137,Deoria,300779,Hetimpur,Town Panchayat,FULL MATCH,1.0,,EXACT MATCH,
9,Uttar Pradesh,137,Deoria,300782,Pathardewa,Town Panchayat,FULL MATCH,1.0,,EXACT MATCH,
9,Uttar Pradesh,137,Deoria,300789,Madanpur,Town Panchayat,FULL MATCH,1.0,,EXACT MATCH,
9,Uttar Pradesh,137,Deoria,300807,Tarkulwa,Town Panchayat,FULL MATCH,1.0,,EXACT MATCH,
9,Uttar Pradesh,138,Etah,249004,Aurangabad,Town Panchayat,FULL MATCH,1.0,,EXACT MATCH,
9,Uttar Pradesh,138,Etah,249091,Patiyali,Town Panchayat,FULL MATCH,1.0,,EXACT MATCH,
9,Uttar Pradesh,138,Etah,249092,Sidhpura,Town Panchayat,FULL MATCH,1.0,,EXACT MATCH,
9,Uttar Pradesh,138,Etah,249093,Bhargain,Town Panchayat,FULL MATCH,1.0,,EXACT MATCH,
9,Uttar Pradesh,138,Etah,249094,Raja Ka Rampur,Town Panchayat,FULL MATCH,1.0,,EXACT MATCH,
9,Uttar Pradesh,138,Etah,249095,Aliganj,Municipality,FULL MATCH,1.0,,EXACT MATCH,
9,Uttar Pradesh,138,Etah,249096,Jaithara,Town Panchayat,FULL MATCH,1.0,,EXACT MATCH,
9,Uttar Pradesh,138,Etah,249097,Sakit,Town Panchayat,FULL MATCH,1.0,,EXACT MATCH,
9,Uttar Pradesh,138,Etah,249098,Etah,Municipality,FULL MATCH,1.0,,EXACT MATCH,
9,Uttar Pradesh,138,Etah,249099,Marehra,Municipality,FULL MATCH,1.0,,EXACT MATCH,
9,Uttar Pradesh,138,Etah,249100,Nidhauli Kalan,Town Panchayat,FULL MATCH,1.0,,EXACT MATCH,
9,Uttar Pradesh,138,Etah,249101,Jalesar,Municipality,FULL MATCH,1.0,,EXACT MATCH,
9,Uttar Pradesh,138,Etah,249102,Awagarh,Town Panchayat,FULL MATCH,1.0,,EXACT MATCH,
9,Uttar Pradesh,138,Etah,300713,Mirhachi,Town Panchayat,FULL MATCH,1.0,,EXACT MATCH,
9,Uttar Pradesh,139,Etawah,249261,Jaswantnagar,Municipality,FULL MATCH,1.0,,EXACT MATCH,
9,Uttar Pradesh,139,Etawah,249262,Etawah,Municipality,FULL MATCH,1.0,,EXACT MATCH,
9,Uttar Pradesh,139,Etawah,249263,Ekdil,Town Panchayat,FULL MATCH,1.0,,EXACT MATCH,
9,Uttar Pradesh,139,Etawah,249265,Bakewar,Town Panchayat,FULL MATCH,1.0,,EXACT MATCH,
9,Uttar Pradesh,139,Etawah,249266,Lakhna,Town Panchayat,FULL MATCH,1.0,,EXACT MATCH,
9,Uttar Pradesh,140,Ayodhya,249388,Rudauli,Municipality,FULL MATCH,1.0,,EXACT MATCH,
9,Uttar Pradesh,140,Ayodhya,249389,Bhadarsa,Town Panchayat,FULL MATCH,1.0,,EXACT MATCH,
9,Uttar Pradesh,140,Ayodhya,249391,Ayodhya,Municipal Corporations,FULL MATCH,1.0,,EXACT MATCH,
9,Uttar Pradesh,140,Ayodhya,249393,Bikapur,Town Panchayat,FULL MATCH,1.0,,EXACT MATCH,
9,Uttar Pradesh,140,Ayodhya,297756,Khirauni(Suchittaganj),Town Panchayat,FULL MATCH,1.0,,EXACT MATCH,
9,Uttar Pradesh,140,Ayodhya,297758,Kumarganj,Town Panchayat,FULL MATCH,1.0,,EXACT MATCH,
9,Uttar Pradesh,140,Ayodhya,300865,Maa Kamakhya,Town Panchayat,FULL MATCH,1.0,,EXACT MATCH,
9,Uttar Pradesh,141,Farrukhabad,249071,Shamsabad,Municipality,FULL MATCH,1.0,,EXACT MATCH,
9,Uttar Pradesh,141,Farrukhabad,249168,Khudaganj,Town Panchayat,AMBIGUOUS MATCH,0.5,LOW DISPARITY,HIGH AMBIGUITY,141:Farrukhabad(50.0%) | | | 155:Kannauj(50.0%)
9,Uttar Pradesh,141,Farrukhabad,249247,Kampil,Town Panchayat,FULL MATCH,1.0,,EXACT MATCH,
9,Uttar Pradesh,141,Farrukhabad,249248,Kaimganj,Municipality,FULL MATCH,1.0,,EXACT MATCH,
9,Uttar Pradesh,141,Farrukhabad,249250,Farrukhabad,Municipality,FULL MATCH,1.0,,EXACT MATCH,
9,Uttar Pradesh,141,Farrukhabad,249252,Kamalganj,Town Panchayat,FULL MATCH,1.0,,EXACT MATCH,
9,Uttar Pradesh,141,Farrukhabad,249490,Mohammadabad (Farrukhabad),Town Panchayat,FULL MATCH,1.0,,EXACT MATCH,
9,Uttar Pradesh,141,Farrukhabad,300651,Sankisa Basantpur,Town Panchayat,FULL MATCH,1.0,,EXACT MATCH,
9,Uttar Pradesh,141,Farrukhabad,300652,Khimsepur,Town Panchayat,FULL MATCH,1.0,,EXACT MATCH,
9,Uttar Pradesh,141,Farrukhabad,301253,Jahanaganj,Town Panchayat,FULL MATCH,1.0,,EXACT MATCH,
9,Uttar Pradesh,142,Fatehpur,249344,Kora Jahanabad,Town Panchayat,FULL MATCH,1.0,,EXACT MATCH,
9,Uttar Pradesh,142,Fatehpur,249345,Bindki,Municipality,FULL MATCH,1.0,,EXACT MATCH,
9,Uttar Pradesh,142,Fatehpur,249346,Bahuwa,Town Panchayat,FULL MATCH,1.0,,EXACT MATCH,
9,Uttar Pradesh,142,Fatehpur,249347,Fatehpur(Fatehpur),Municipality,FULL MATCH,1.0,,EXACT MATCH,
9,Uttar Pradesh,142,Fatehpur,249348,Khaga,Town Panchayat,FULL MATCH,1.0,,EXACT MATCH,
9,Uttar Pradesh,142,Fatehpur,249349,Kishunpur,Town Panchayat,FULL MATCH,1.0,,EXACT MATCH,
9,Uttar Pradesh,142,Fatehpur,253113,Hathgam,Town Panchayat,FULL MATCH,1.0,,EXACT MATCH,
9,Uttar Pradesh,142,Fatehpur,297623,Asothar,Town Panchayat,FULL MATCH,1.0,,EXACT MATCH,
9,Uttar Pradesh,142,Fatehpur,300833,Karikan Dhata,Town Panchayat,FULL MATCH,1.0,,EXACT MATCH,
9,Uttar Pradesh,142,Fatehpur,300839,Khakhareru,Town Panchayat,FULL MATCH,1.0,,EXACT MATCH,
9,Uttar Pradesh,143,Firozabad,249075,Tundla,Municipality,FULL MATCH,1.0,,EXACT MATCH,
9,Uttar Pradesh,143,Firozabad,249079,Firozabad,Municipal Corporations,FULL MATCH,1.0,,EXACT MATCH,
9,Uttar Pradesh,143,Firozabad,249080,Fariha,Town Panchayat,FULL MATCH,1.0,,EXACT MATCH,
9,Uttar Pradesh,143,Firozabad,249081,Jasrana,Town Panchayat,FULL MATCH,1.0,,EXACT MATCH,
9,Uttar Pradesh,143,Firozabad,249082,Shikohabad,Municipality,FULL MATCH,1.0,,EXACT MATCH,
9,Uttar Pradesh,143,Firozabad,249083,Sirsaganj,Municipality,FULL MATCH,1.0,,EXACT MATCH,
9,Uttar Pradesh,143,Firozabad,249105,Ghiraur,Town Panchayat,FULL MATCH,1.0,,EXACT MATCH,
9,Uttar Pradesh,143,Firozabad,277188,Eka,Town Panchayat,FULL MATCH,1.0,,EXACT MATCH,
9,Uttar Pradesh,143,Firozabad,297081,Makkhanpur,Town Panchayat,FULL MATCH,1.0,,EXACT MATCH,
9,Uttar Pradesh,144,Gautam Buddha Nagar,248996,Dadri,Municipality,FULL MATCH,1.0,,EXACT MATCH,
9,Uttar Pradesh,144,Gautam Buddha Nagar,248998,Dankaur,Town Panchayat,FULL MATCH,1.0,,EXACT MATCH,
9,Uttar Pradesh,144,Gautam Buddha Nagar,249000,Rabupura,Town Panchayat,FULL MATCH,1.0,,EXACT MATCH,
9,Uttar Pradesh,144,Gautam Buddha Nagar,249002,Jewar,Town Panchayat,FULL MATCH,1.0,,EXACT MATCH,
9,Uttar Pradesh,144,Gautam Buddha Nagar,274822,Yeida,Notified Area Council,FULL MATCH,1.0,,EXACT MATCH,
9,Uttar Pradesh,144,Gautam Buddha Nagar,274823,Gnida,Notified Area Council,FULL MATCH,1.0,,EXACT MATCH,
9,Uttar Pradesh,145,Ghaziabad,248977,Patla,Town Panchayat,FULL MATCH,1.0,,EXACT MATCH,
9,Uttar Pradesh,145,Ghaziabad,248978,Niwari,Town Panchayat,FULL MATCH,1.0,,EXACT MATCH,
9,Uttar Pradesh,145,Ghaziabad,248981,Modinagar,Municipality,FULL MATCH,1.0,,EXACT MATCH,
9,Uttar Pradesh,145,Ghaziabad,248982,Faridnagar,Town Panchayat,FULL MATCH,1.0,,EXACT MATCH,
9,Uttar Pradesh,145,Ghaziabad,248983,Muradnagar,Municipality,FULL MATCH,1.0,,EXACT MATCH,
9,Uttar Pradesh,145,Ghaziabad,248985,Loni,Municipality,FULL MATCH,1.0,,EXACT MATCH,
9,Uttar Pradesh,145,Ghaziabad,248988,Ghaziabad,Municipal Corporations,FULL MATCH,1.0,,EXACT MATCH,
9,Uttar Pradesh,145,Ghaziabad,248989,Dasna,Town Panchayat,FULL MATCH,1.0,,EXACT MATCH,
9,Uttar Pradesh,145,Ghaziabad,248990,Pilkhuwa,Municipality,FULL MATCH,1.0,,EXACT MATCH,
9,Uttar Pradesh,145,Ghaziabad,248992,Babugarh,Town Panchayat,FULL MATCH,1.0,,EXACT MATCH,
9,Uttar Pradesh,145,Ghaziabad,274820,Khoda Makanpur,Municipality,FULL MATCH,1.0,,EXACT MATCH,
9,Uttar Pradesh,146,Ghazipur,249509,Sadat,Town Panchayat,FULL MATCH,1.0,,EXACT MATCH,
9,Uttar Pradesh,146,Ghazipur,249510,Saidpur(Gazipur),Town Panchayat,FULL MATCH,1.0,,EXACT MATCH,
9,Uttar Pradesh,146,Ghazipur,249511,Jangipur,Town Panchayat,FULL MATCH,1.0,,EXACT MATCH,
9,Uttar Pradesh,146,Ghazipur,249512,Ghazipur,Municipality,FULL MATCH,1.0,,EXACT MATCH,
9,Uttar Pradesh,146,Ghazipur,249513,Bahadurganj,Town Panchayat,FULL MATCH,1.0,,EXACT MATCH,
9,Uttar Pradesh,146,Ghazipur,249514,Mohammadabad(Gazipur),Municipality,FULL MATCH,1.0,,EXACT MATCH,
9,Uttar Pradesh,146,Ghazipur,249515,Dildarnagar Fatehpur Bazar,Town Panchayat,FULL MATCH,1.0,,EXACT MATCH,
9,Uttar Pradesh,146,Ghazipur,249516,Zamania,Municipality,FULL MATCH,1.0,,EXACT MATCH,
9,Uttar Pradesh,147,Gonda,249120,Wazirganj,Town Panchayat,FULL MATCH,1.0,,EXACT MATCH,
9,Uttar Pradesh,147,Gonda,249419,Gonda,Municipality,FULL MATCH,1.0,,EXACT MATCH,
9,Uttar Pradesh,147,Gonda,249421,Colonelganj,Municipality,FULL MATCH,1.0,,EXACT MATCH,
9,Uttar Pradesh,147,Gonda,249422,Nawabganj(Gonda),Municipality,FULL MATCH,1.0,,EXACT MATCH,
9,Uttar Pradesh,147,Gonda,249423,Mankapur,Town Panchayat,FULL MATCH,1.0,,EXACT MATCH,
9,Uttar Pradesh,147,Gonda,301012,Tarabganj,Town Panchayat,FULL MATCH,1.0,,EXACT MATCH,
9,Uttar Pradesh,148,Gorakhpur,249179,Gola Gokarannath,Municipality,FULL MATCH,1.0,,EXACT MATCH,
9,Uttar Pradesh,148,Gorakhpur,249436,Nautanwa,Municipality,FULL MATCH,1.0,,EXACT MATCH,
9,Uttar Pradesh,148,Gorakhpur,249439,Anandnagar,Town Panchayat,FULL MATCH,1.0,,EXACT MATCH,
9,Uttar Pradesh,148,Gorakhpur,249442,Pipiganj,Town Panchayat,FULL MATCH,1.0,,EXACT MATCH,
9,Uttar Pradesh,148,Gorakhpur,249443,Sahjanwa,Town Panchayat,FULL MATCH,1.0,,EXACT MATCH,
9,Uttar Pradesh,148,Gorakhpur,249444,Gorakhpur,Municipal Corporations,FULL MATCH,1.0,,EXACT MATCH,
9,Uttar Pradesh,148,Gorakhpur,249446,Pipraich,Town Panchayat,FULL MATCH,1.0,,EXACT MATCH,
9,Uttar Pradesh,148,Gorakhpur,249447,Mundera Bazar,Town Panchayat,FULL MATCH,1.0,,EXACT MATCH,
9,Uttar Pradesh,148,Gorakhpur,249448,Bansgaon,Town Panchayat,FULL MATCH,1.0,,EXACT MATCH,
9,Uttar Pradesh,148,Gorakhpur,249449,Gola Bazar,Town Panchayat,FULL MATCH,1.0,,EXACT MATCH,
9,Uttar Pradesh,148,Gorakhpur,249450,Barhalganj,Town Panchayat,FULL MATCH,1.0,,EXACT MATCH,
9,Uttar Pradesh,148,Gorakhpur,297029,Campierganj,Town Panchayat,FULL MATCH,1.0,,EXACT MATCH,
9,Uttar Pradesh,148,Gorakhpur,297495,Kasba Sangrampur Urf Unwal,Town Panchayat,FULL MATCH,1.0,,EXACT MATCH,
9,Uttar Pradesh,148,Gorakhpur,300721,Uruwa Bazar,Town Panchayat,FULL MATCH,1.0,,EXACT MATCH,
9,Uttar Pradesh,148,Gorakhpur,300750,Ghaghsarabazar,Town Panchayat,FULL MATCH,1.0,,EXACT MATCH,
9,Uttar Pradesh,149,Hamirpur,249109,Bewar,Town Panchayat,AMBIGUOUS MATCH,0.5,LOW DISPARITY,HIGH AMBIGUITY,149:Hamirpur(50.0%) | | | 165:Mahoba(50.0%)
9,Uttar Pradesh,149,Hamirpur,249321,Kurara,Town Panchayat,FULL MATCH,1.0,,EXACT MATCH,
9,Uttar Pradesh,149,Hamirpur,249322,Hamirpur,Municipality,FULL MATCH,1.0,,EXACT MATCH,
9,Uttar Pradesh,149,Hamirpur,249323,Sumerpur,Town Panchayat,FULL MATCH,1.0,,EXACT MATCH,
9,Uttar Pradesh,149,Hamirpur,249324,Sarila,Town Panchayat,FULL MATCH,1.0,,EXACT MATCH,
9,Uttar Pradesh,149,Hamirpur,249325,Gohand,Town Panchayat,FULL MATCH,1.0,,EXACT MATCH,
9,Uttar Pradesh,149,Hamirpur,249326,Rath,Municipality,FULL MATCH,1.0,,EXACT MATCH,
9,Uttar Pradesh,149,Hamirpur,249329,Kharela,Town Panchayat,FULL MATCH,1.0,,EXACT MATCH,
9,Uttar Pradesh,150,Hardoi,249197,Shahabad,Municipality,FULL MATCH,1.0,,EXACT MATCH,
9,Uttar Pradesh,150,Hardoi,249198,Pihani,Municipality,FULL MATCH,1.0,,EXACT MATCH,
9,Uttar Pradesh,150,Hardoi,249199,Pali (Hardoi),Town Panchayat,FULL MATCH,1.0,,EXACT MATCH,
9,Uttar Pradesh,150,Hardoi,249200,Gopamau,Town Panchayat,FULL MATCH,1.0,,EXACT MATCH,
9,Uttar Pradesh,150,Hardoi,249201,Hardoi,Municipality,FULL MATCH,1.0,,EXACT MATCH,
9,Uttar Pradesh,150,Hardoi,249202,Sandi,Municipality,FULL MATCH,1.0,,EXACT MATCH,
9,Uttar Pradesh,150,Hardoi,249203,Bilgram,Municipality,FULL MATCH,1.0,,EXACT MATCH,
9,Uttar Pradesh,150,Hardoi,249204,Madhoganj,Town Panchayat,AMBIGUOUS MATCH,0.5,LOW DISPARITY,HIGH AMBIGUITY,150:Hardoi(50.0%) | | | 174:Pratapgarh(50.0%)
9,Uttar Pradesh,150,Hardoi,249205,Mallawan,Municipality,FULL MATCH,1.0,,EXACT MATCH,
9,Uttar Pradesh,150,Hardoi,249207,Kachhauna Patseni,Town Panchayat,FULL MATCH,1.0,,EXACT MATCH,
9,Uttar Pradesh,150,Hardoi,249208,Beniganj,Town Panchayat,FULL MATCH,1.0,,EXACT MATCH,
9,Uttar Pradesh,150,Hardoi,249209,Sandila,Municipality,FULL MATCH,1.0,,EXACT MATCH,
9,Uttar Pradesh,150,Hardoi,249211,Ganj Muradabad,Town Panchayat,FULL MATCH,1.0,,EXACT MATCH,
9,Uttar Pradesh,150,Hardoi,249216,Kursath (Hardoi),Town Panchayat,FULL MATCH,1.0,,EXACT MATCH,
9,Uttar Pradesh,151,Jalaun,249291,Rampura,Town Panchayat,FULL MATCH,1.0,,EXACT MATCH,
9,Uttar Pradesh,151,Jalaun,249292,Umri,Town Panchayat,FULL MATCH,1.0,,EXACT MATCH,
9,Uttar Pradesh,151,Jalaun,249293,Madhogarh,Town Panchayat,FULL MATCH,1.0,,EXACT MATCH,
9,Uttar Pradesh,151,Jalaun,249294,Jalaun,Municipality,FULL MATCH,1.0,,EXACT MATCH,
9,Uttar Pradesh,151,Jalaun,249295,Kalpi,Municipality,FULL MATCH,1.0,,EXACT MATCH,
9,Uttar Pradesh,151,Jalaun,249296,Kadaura,Town Panchayat,FULL MATCH,1.0,,EXACT MATCH,
9,Uttar Pradesh,151,Jalaun,249297,Orai,Municipality,FULL MATCH,1.0,,EXACT MATCH,
9,Uttar Pradesh,151,Jalaun,249298,Kotra,Town Panchayat,FULL MATCH,1.0,,EXACT MATCH,
9,Uttar Pradesh,151,Jalaun,249299,Konch,Municipality,FULL MATCH,1.0,,EXACT MATCH,
9,Uttar Pradesh,151,Jalaun,249300,Nadigaon,Town Panchayat,FULL MATCH,1.0,,EXACT MATCH,
9,Uttar Pradesh,151,Jalaun,249301,Samthar,Municipality,FULL MATCH,1.0,,EXACT MATCH,
9,Uttar Pradesh,151,Jalaun,297041,Paniyara,Town Panchayat,FULL MATCH,1.0,,EXACT MATCH,
9,Uttar Pradesh,151,Jalaun,297055,Ait,Town Panchayat,FULL MATCH,1.0,,EXACT MATCH,
9,Uttar Pradesh,152,Jaunpur,249501,Shahganj,Municipality,FULL MATCH,1.0,,EXACT MATCH,
9,Uttar Pradesh,152,Jaunpur,249502,Kheta Sarai,Town Panchayat,FULL MATCH,1.0,,EXACT MATCH,
9,Uttar Pradesh,152,Jaunpur,249503,Mungra Badshahpur,Municipality,FULL MATCH,1.0,,EXACT MATCH,
9,Uttar Pradesh,152,Jaunpur,249504,Machhlishahr,Town Panchayat,FULL MATCH,1.0,,EXACT MATCH,
9,Uttar Pradesh,152,Jaunpur,249505,Jaunpur,Municipality,FULL MATCH,1.0,,EXACT MATCH,
9,Uttar Pradesh,152,Jaunpur,249507,Mariahu,Town Panchayat,FULL MATCH,1.0,,EXACT MATCH,
9,Uttar Pradesh,152,Jaunpur,249508,Kerakat,Town Panchayat,FULL MATCH,1.0,,EXACT MATCH,
9,Uttar Pradesh,152,Jaunpur,263358,Badlapur,Town Panchayat,FULL MATCH,1.0,,EXACT MATCH,
9,Uttar Pradesh,152,Jaunpur,297034,Gaurabadshahpur,Town Panchayat,FULL MATCH,1.0,,EXACT MATCH,
9,Uttar Pradesh,152,Jaunpur,297068,Kachgaon,Town Panchayat,FULL MATCH,1.0,,EXACT MATCH,
9,Uttar Pradesh,152,Jaunpur,297088,Rampur (Jaunpur),Town Panchayat,FULL MATCH,1.0,,EXACT MATCH,
9,Uttar Pradesh,152,Jaunpur,297091,Zafrabad,Town Panchayat,FULL MATCH,1.0,,EXACT MATCH,
9,Uttar Pradesh,153,Jhansi,249302,Moth,Town Panchayat,FULL MATCH,1.0,,EXACT MATCH,
9,Uttar Pradesh,153,Jhansi,249303,Chirgaon,Municipality,FULL MATCH,1.0,,EXACT MATCH,
9,Uttar Pradesh,153,Jhansi,249304,Erich,Town Panchayat,FULL MATCH,1.0,,EXACT MATCH,
9,Uttar Pradesh,153,Jhansi,249305,Gursarai,Municipality,FULL MATCH,1.0,,EXACT MATCH,
9,Uttar Pradesh,153,Jhansi,249306,Garautha,Town Panchayat,FULL MATCH,1.0,,EXACT MATCH,
9,Uttar Pradesh,153,Jhansi,249307,Tondi Fatehpur,Town Panchayat,FULL MATCH,1.0,,EXACT MATCH,
9,Uttar Pradesh,153,Jhansi,249308,Mauranipur,Municipality,FULL MATCH,1.0,,EXACT MATCH,
9,Uttar Pradesh,153,Jhansi,249309,Ranipur,Town Panchayat,FULL MATCH,1.0,,EXACT MATCH,
9,Uttar Pradesh,153,Jhansi,249310,Kathera,Town Panchayat,FULL MATCH,1.0,,EXACT MATCH,
9,Uttar Pradesh,153,Jhansi,249311,Barua Sagar,Municipality,FULL MATCH,1.0,,EXACT MATCH,
9,Uttar Pradesh,153,Jhansi,249313,Bada Gaon,Town Panchayat,FULL MATCH,1.0,,EXACT MATCH,
9,Uttar Pradesh,153,Jhansi,249314,Jhansi,Municipal Corporations,FULL MATCH,1.0,,EXACT MATCH,
9,Uttar Pradesh,153,Jhansi,301241,Jhansi Railway Settlement,Notified Area Council,FULL MATCH,1.0,,EXACT MATCH,
9,Uttar Pradesh,154,Amroha,248926,Kanth(Moradabad),Town Panchayat,FULL MATCH,1.0,,EXACT MATCH,
9,Uttar Pradesh,154,Amroha,248927,Umri Kalan,Town Panchayat,FULL MATCH,1.0,,EXACT MATCH,
9,Uttar Pradesh,154,Amroha,248929,Moradabad,Municipal Corporations,FULL MATCH,1.0,,EXACT MATCH,
9,Uttar Pradesh,154,Amroha,248946,Dhanaura,Municipality,FULL MATCH,1.0,,EXACT MATCH,
9,Uttar Pradesh,154,Amroha,248947,Bachhraon,Municipality,FULL MATCH,1.0,,EXACT MATCH,
9,Uttar Pradesh,154,Amroha,248949,Naugawan Sadat,Town Panchayat,FULL MATCH,1.0,,EXACT MATCH,
9,Uttar Pradesh,154,Amroha,248950,Amroha,Municipality,FULL MATCH,1.0,,EXACT MATCH,
9,Uttar Pradesh,154,Amroha,248951,Joya,Town Panchayat,FULL MATCH,1.0,,EXACT MATCH,
9,Uttar Pradesh,154,Amroha,248952,Hasanpur,Municipality,FULL MATCH,1.0,,EXACT MATCH,
9,Uttar Pradesh,154,Amroha,248953,Ujhari,Town Panchayat,FULL MATCH,1.0,,EXACT MATCH,
9,Uttar Pradesh,154,Amroha,290250,Pakbara,Town Panchayat,FULL MATCH,1.0,,EXACT MATCH,
9,Uttar Pradesh,154,Amroha,297027,Gajralua,Municipality,FULL MATCH,1.0,,EXACT MATCH,
9,Uttar Pradesh,154,Amroha,297714,Said Nagli,Town Panchayat,FULL MATCH,1.0,,EXACT MATCH,
9,Uttar Pradesh,154,Amroha,299069,Dadiyal,Town Panchayat,FULL MATCH,1.0,,EXACT MATCH,
9,Uttar Pradesh,155,Kannauj,249174,Jalalabad,Municipality,AMBIGUOUS MATCH,0.5,LOW DISPARITY,HIGH AMBIGUITY,155:Kannauj(50.0%) | | | 180:Shahjahanpur(50.0%)
9,Uttar Pradesh,155,Kannauj,249253,Samdhan,Town Panchayat,FULL MATCH,1.0,,EXACT MATCH,
9,Uttar Pradesh,155,Kannauj,249254,Gursahaiganj,Municipality,FULL MATCH,1.0,,EXACT MATCH,
9,Uttar Pradesh,155,Kannauj,249255,Sikanderpur (Kannauj),Town Panchayat,FULL MATCH,1.0,,EXACT MATCH,
9,Uttar Pradesh,155,Kannauj,249256,Chhibramau,Municipality,FULL MATCH,1.0,,EXACT MATCH,
9,Uttar Pradesh,155,Kannauj,249257,Saurikh,Town Panchayat,FULL MATCH,1.0,,EXACT MATCH,
9,Uttar Pradesh,155,Kannauj,249258,Talgram,Town Panchayat,FULL MATCH,1.0,,EXACT MATCH,
9,Uttar Pradesh,155,Kannauj,249259,Kannauj,Municipality,FULL MATCH,1.0,,EXACT MATCH,
9,Uttar Pradesh,155,Kannauj,249260,Tirwaganj,Town Panchayat,FULL MATCH,1.0,,EXACT MATCH,
9,Uttar Pradesh,156,Kanpur Dehat,249275,Shivli,Town Panchayat,FULL MATCH,1.0,,EXACT MATCH,
9,Uttar Pradesh,156,Kanpur Dehat,249276,Rura,Town Panchayat,FULL MATCH,1.0,,EXACT MATCH,
9,Uttar Pradesh,156,Kanpur Dehat,249279,Pukhrayan,Municipality,FULL MATCH,1.0,,EXACT MATCH,
9,Uttar Pradesh,156,Kanpur Dehat,249282,Bilhaur,Municipality,FULL MATCH,1.0,,EXACT MATCH,
9,Uttar Pradesh,156,Kanpur Dehat,249290,Ghatampur,Municipality,FULL MATCH,1.0,,EXACT MATCH,
9,Uttar Pradesh,156,Kanpur Dehat,263348,Derapur,Town Panchayat,FULL MATCH,1.0,,EXACT MATCH,
9,Uttar Pradesh,156,Kanpur Dehat,263352,Rasulabaad(Kanpur Dehat),Town Panchayat,FULL MATCH,1.0,,EXACT MATCH,
9,Uttar Pradesh,156,Kanpur Dehat,263353,Amraudhaa,Town Panchayat,FULL MATCH,1.0,,EXACT MATCH,
9,Uttar Pradesh,156,Kanpur Dehat,263354,Jhinjhak,Municipality,FULL MATCH,1.0,,EXACT MATCH,
9,Uttar Pradesh,156,Kanpur Dehat,263355,Sikandara,Town Panchayat,FULL MATCH,1.0,,EXACT MATCH,
9,Uttar Pradesh,156,Kanpur Dehat,297037,Rajpur,Town Panchayat,FULL MATCH,1.0,,EXACT MATCH,
9,Uttar Pradesh,156,Kanpur Dehat,297089,Raniya,Town Panchayat,FULL MATCH,1.0,,EXACT MATCH,
9,Uttar Pradesh,156,Kanpur Dehat,297651,Musanagar,Town Panchayat,FULL MATCH,1.0,,EXACT MATCH,
9,Uttar Pradesh,157,Kanpur Nagar,249283,Shivrajpur,Town Panchayat,FULL MATCH,1.0,,EXACT MATCH,
9,Uttar Pradesh,157,Kanpur Nagar,249285,Bithoor,Town Panchayat,FULL MATCH,1.0,,EXACT MATCH,
9,Uttar Pradesh,157,Kanpur Nagar,249286,Kanpur,Municipal Corporations,AI PREDICTION,1.0,,STRONG MATCH,157:Kanpur Nagar(100.0%)
9,Uttar Pradesh,158,Kaushambi,249357,Ajhuwa,Town Panchayat,FULL MATCH,1.0,,EXACT MATCH,
9,Uttar Pradesh,158,Kaushambi,249358,Sirathu,Town Panchayat,FULL MATCH,1.0,,EXACT MATCH,
9,Uttar Pradesh,158,Kaushambi,249359,Manjhanpur,Municipality,FULL MATCH,1.0,,EXACT MATCH,
9,Uttar Pradesh,158,Kaushambi,249360,Karari,Town Panchayat,FULL MATCH,1.0,,EXACT MATCH,
9,Uttar Pradesh,158,Kaushambi,249361,Bharwari(Kaushambi),Municipality,FULL MATCH,1.0,,EXACT MATCH,
9,Uttar Pradesh,158,Kaushambi,249362,Chail,Town Panchayat,FULL MATCH,1.0,,EXACT MATCH,
9,Uttar Pradesh,158,Kaushambi,249363,Sarai Aquil,Town Panchayat,FULL MATCH,1.0,,EXACT MATCH,
9,Uttar Pradesh,158,Kaushambi,297064,Daranagar,Town Panchayat,FULL MATCH,1.0,,EXACT MATCH,
9,Uttar Pradesh,158,Kaushambi,297086,Poorav Pashchim Shareera,Town Panchayat,FULL MATCH,1.0,,EXACT MATCH,
9,Uttar Pradesh,158,Kaushambi,299009,Charwa,Town Panchayat,FULL MATCH,1.0,,EXACT MATCH,
9,Uttar Pradesh,159,Kheri,249176,Palia Kalan,Municipality,FULL MATCH,1.0,,EXACT MATCH,
9,Uttar Pradesh,159,Kheri,249177,Singahi Bhiraura,Town Panchayat,FULL MATCH,1.0,,EXACT MATCH,
9,Uttar Pradesh,159,Kheri,249178,Mailani,Town Panchayat,FULL MATCH,1.0,,EXACT MATCH,
9,Uttar Pradesh,159,Kheri,249180,Mohammadi,Municipality,FULL MATCH,1.0,,EXACT MATCH,
9,Uttar Pradesh,159,Kheri,249182,Lakhimpur,Municipality,FULL MATCH,1.0,,EXACT MATCH,
9,Uttar Pradesh,159,Kheri,249183,Kheri,Town Panchayat,FULL MATCH,1.0,,EXACT MATCH,
9,Uttar Pradesh,159,Kheri,249184,Oel Dhakwa,Town Panchayat,FULL MATCH,1.0,,EXACT MATCH,
9,Uttar Pradesh,159,Kheri,249185,Dhaurahara,Town Panchayat,FULL MATCH,1.0,,EXACT MATCH,
9,Uttar Pradesh,159,Kheri,297085,Nighasan,Town Panchayat,FULL MATCH,1.0,,EXACT MATCH,
9,Uttar Pradesh,159,Kheri,300719,Bhira,Town Panchayat,FULL MATCH,1.0,,EXACT MATCH,
9,Uttar Pradesh,160,Kushinagar,249412,Sukrauli,Town Panchayat,FULL MATCH,1.0,,EXACT MATCH,
9,Uttar Pradesh,160,Kushinagar,249451,Khadda,Town Panchayat,FULL MATCH,1.0,,EXACT MATCH,
9,Uttar Pradesh,160,Kushinagar,249452,Padrauna,Municipality,FULL MATCH,1.0,,EXACT MATCH,
9,Uttar Pradesh,160,Kushinagar,297020,Hata,Municipality,FULL MATCH,1.0,,EXACT MATCH,
9,Uttar Pradesh,160,Kushinagar,297024,Kushinagar,Municipality,AMBIGUOUS MATCH,0.5,HIGH DISPARITY,NEARLY RESOLVABLE,160:Kushinagar(50.0%)
9,Uttar Pradesh,160,Kushinagar,297036,Tamkuhi Raj,Town Panchayat,FULL MATCH,1.0,,EXACT MATCH,
9,Uttar Pradesh,160,Kushinagar,297077,Chhitauni,Town Panchayat,FULL MATCH,1.0,,EXACT MATCH,
9,Uttar Pradesh,160,Kushinagar,300705,Mathauli,Town Panchayat,FULL MATCH,1.0,,EXACT MATCH,
9,Uttar Pradesh,161,Lalitpur,249317,Talbehat,Town Panchayat,FULL MATCH,1.0,,EXACT MATCH,
9,Uttar Pradesh,161,Lalitpur,249318,Lalitpur,Municipality,FULL MATCH,1.0,,EXACT MATCH,
9,Uttar Pradesh,161,Lalitpur,249319,Pali (Lalitpur),Town Panchayat,FULL MATCH,1.0,,EXACT MATCH,
9,Uttar Pradesh,161,Lalitpur,249320,Mahroni,Town Panchayat,FULL MATCH,1.0,,EXACT MATCH,
9,Uttar Pradesh,162,Lucknow,249230,Malihabad,Town Panchayat,FULL MATCH,1.0,,EXACT MATCH,
9,Uttar Pradesh,162,Lucknow,249231,Mahona,Town Panchayat,FULL MATCH,1.0,,EXACT MATCH,
9,Uttar Pradesh,162,Lucknow,249232,Itaunja,Town Panchayat,FULL MATCH,1.0,,EXACT MATCH,
9,Uttar Pradesh,162,Lucknow,249233,Kakori,Town Panchayat,FULL MATCH,1.0,,EXACT MATCH,
9,Uttar Pradesh,162,Lucknow,249234,Lucknow,Municipal Corporations,AMBIGUOUS MATCH,0.3333,HIGH DISPARITY,NEARLY RESOLVABLE,162:Lucknow(33.33%)
9,Uttar Pradesh,162,Lucknow,249236,Amethi(Lucknow),Town Panchayat,FULL MATCH,1.0,,EXACT MATCH,
9,Uttar Pradesh,162,Lucknow,249237,Nagram,Town Panchayat,FULL MATCH,1.0,,EXACT MATCH,
9,Uttar Pradesh,162,Lucknow,249392,Gosainganj (Lucknow),Town Panchayat,FULL MATCH,1.0,,EXACT MATCH,
9,Uttar Pradesh,162,Lucknow,263351,Bkt,Town Panchayat,FULL MATCH,1.0,,EXACT MATCH,
9,Uttar Pradesh,162,Lucknow,297039,Mohanlalganj,Town Panchayat,FULL MATCH,1.0,,EXACT MATCH,
9,Uttar Pradesh,163,Hathras,249029,Vijaigarh,Town Panchayat,AI PREDICTION,1.0,,AMBIGUOUS PREDICTION,163:Hathras(100.0%) | 119:Aligarh(100.0%)
9,Uttar Pradesh,163,Hathras,249034,Purdilnagar,Town Panchayat,FULL MATCH,1.0,,EXACT MATCH,
9,Uttar Pradesh,163,Hathras,249035,Hasayan,Town Panchayat,FULL MATCH,1.0,,EXACT MATCH,
9,Uttar Pradesh,163,Hathras,249036,Mendu,Town Panchayat,FULL MATCH,1.0,,EXACT MATCH,
9,Uttar Pradesh,163,Hathras,249039,Sadabad,Town Panchayat,FULL MATCH,1.0,,EXACT MATCH,
9,Uttar Pradesh,163,Hathras,249040,Sahpau,Town Panchayat,FULL MATCH,1.0,,EXACT MATCH,
9,Uttar Pradesh,164,Mahrajganj,249437,Nichlaul,Town Panchayat,FULL MATCH,1.0,,EXACT MATCH,
9,Uttar Pradesh,164,Mahrajganj,249438,Siswa Bazar,Municipality,FULL MATCH,1.0,,EXACT MATCH,
9,Uttar Pradesh,164,Mahrajganj,249440,Ghughuli,Town Panchayat,FULL MATCH,1.0,,EXACT MATCH,
9,Uttar Pradesh,164,Mahrajganj,249441,Maharajganj,Municipality,FULL MATCH,1.0,,EXACT MATCH,
9,Uttar Pradesh,164,Mahrajganj,277139,Sonauli,Town Panchayat,FULL MATCH,1.0,,EXACT MATCH,
9,Uttar Pradesh,164,Mahrajganj,297040,Partawal,Town Panchayat,FULL MATCH,1.0,,EXACT MATCH,
9,Uttar Pradesh,164,Mahrajganj,297062,Brijmanganj,Town Panchayat,FULL MATCH,1.0,,EXACT MATCH,
9,Uttar Pradesh,164,Mahrajganj,298915,Chauk,Town Panchayat,FULL MATCH,1.0,,EXACT MATCH,
9,Uttar Pradesh,165,Mahoba,249328,Kulpahar,Town Panchayat,FULL MATCH,1.0,,EXACT MATCH,
9,Uttar Pradesh,165,Mahoba,249330,Charkhari,Municipality,FULL MATCH,1.0,,EXACT MATCH,
9,Uttar Pradesh,165,Mahoba,249331,Mahoba,Municipality,FULL MATCH,1.0,,EXACT MATCH,
9,Uttar Pradesh,166,Mainpuri,249103,Kuraoli,Town Panchayat,FULL MATCH,1.0,,EXACT MATCH,
9,Uttar Pradesh,166,Mainpuri,249104,Jyoti Khuria,Town Panchayat,FULL MATCH,1.0,,EXACT MATCH,
9,Uttar Pradesh,166,Mainpuri,249106,Mainpuri,Municipality,FULL MATCH,1.0,,EXACT MATCH,
9,Uttar Pradesh,166,Mainpuri,249107,Karhal,Town Panchayat,FULL MATCH,1.0,,EXACT MATCH,
9,Uttar Pradesh,166,Mainpuri,249108,Bhogaon,Town Panchayat,FULL MATCH,1.0,,EXACT MATCH,
9,Uttar Pradesh,166,Mainpuri,249110,Kusmara,Town Panchayat,FULL MATCH,1.0,,EXACT MATCH,
9,Uttar Pradesh,166,Mainpuri,249111,Kishni,Town Panchayat,FULL MATCH,1.0,,EXACT MATCH,
9,Uttar Pradesh,166,Mainpuri,297058,Barnahal,Town Panchayat,FULL MATCH,1.0,,EXACT MATCH,
9,Uttar Pradesh,167,Mathura,249041,Kosi Kalan,Municipality,FULL MATCH,1.0,,EXACT MATCH,
9,Uttar Pradesh,167,Mathura,249042,Nandgaon,Town Panchayat,FULL MATCH,1.0,,EXACT MATCH,
9,Uttar Pradesh,167,Mathura,249043,Barsana,Town Panchayat,FULL MATCH,1.0,,EXACT MATCH,
9,Uttar Pradesh,167,Mathura,249044,Chhata,Town Panchayat,FULL MATCH,1.0,,EXACT MATCH,
9,Uttar Pradesh,167,Mathura,249045,Chaumuha,Town Panchayat,FULL MATCH,1.0,,EXACT MATCH,
9,Uttar Pradesh,167,Mathura,249046,Bajna,Town Panchayat,FULL MATCH,1.0,,EXACT MATCH,
9,Uttar Pradesh,167,Mathura,249047,Raya,Town Panchayat,FULL MATCH,1.0,,EXACT MATCH,
9,Uttar Pradesh,167,Mathura,249049,Radhakund,Town Panchayat,FULL MATCH,1.0,,EXACT MATCH,
9,Uttar Pradesh,167,Mathura,249050,Govardhan,Town Panchayat,FULL MATCH,1.0,,EXACT MATCH,
9,Uttar Pradesh,167,Mathura,249051,Saunkh,Town Panchayat,FULL MATCH,1.0,,EXACT MATCH,
9,Uttar Pradesh,167,Mathura,249052,Mathura-Vrindavan,Municipal Corporations,FULL MATCH,1.0,,EXACT MATCH,
9,Uttar Pradesh,167,Mathura,249055,Gokul,Town Panchayat,FULL MATCH,1.0,,EXACT MATCH,
9,Uttar Pradesh,167,Mathura,249056,Mahaban,Town Panchayat,FULL MATCH,1.0,,EXACT MATCH,
9,Uttar Pradesh,167,Mathura,249057,Baldeo,Town Panchayat,FULL MATCH,1.0,,EXACT MATCH,
9,Uttar Pradesh,167,Mathura,249058,Farah,Town Panchayat,FULL MATCH,1.0,,EXACT MATCH,
9,Uttar Pradesh,167,Mathura,249139,Shergarh,Town Panchayat,FULL MATCH,1.0,,EXACT MATCH,
9,Uttar Pradesh,168,Mau,249251,Mohammadabad Gohna,Town Panchayat,FULL MATCH,1.0,,EXACT MATCH,
9,Uttar Pradesh,168,Mau,249483,Dohrighat,Town Panchayat,FULL MATCH,1.0,,EXACT MATCH,
9,Uttar Pradesh,168,Mau,249484,Amila,Town Panchayat,FULL MATCH,1.0,,EXACT MATCH,
9,Uttar Pradesh,168,Mau,249485,Ghosi,Town Panchayat,FULL MATCH,1.0,,EXACT MATCH,
9,Uttar Pradesh,168,Mau,249486,Kopaganj,Town Panchayat,FULL MATCH,1.0,,EXACT MATCH,
9,Uttar Pradesh,168,Mau,249487,Adari,Town Panchayat,FULL MATCH,1.0,,EXACT MATCH,
9,Uttar Pradesh,168,Mau,249488,Maunath Bhanjan,Municipality,FULL MATCH,1.0,,EXACT MATCH,
9,Uttar Pradesh,168,Mau,270654,Walidpur,Town Panchayat,FULL MATCH,1.0,,EXACT MATCH,
9,Uttar Pradesh,168,Mau,299071,Kurthijafarpur,Town Panchayat,FULL MATCH,1.0,,EXACT MATCH,
9,Uttar Pradesh,168,Mau,301254,Madhuban,Town Panchayat,FULL MATCH,1.0,,EXACT MATCH,
9,Uttar Pradesh,169,Meerut,248954,Karnawal,Town Panchayat,FULL MATCH,1.0,,EXACT MATCH,
9,Uttar Pradesh,169,Meerut,248955,Sardhana,Municipality,FULL MATCH,1.0,,EXACT MATCH,
9,Uttar Pradesh,169,Meerut,248956,Daurala,Town Panchayat,FULL MATCH,1.0,,EXACT MATCH,
9,Uttar Pradesh,169,Meerut,248957,Lawar,Town Panchayat,FULL MATCH,1.0,,EXACT MATCH,
9,Uttar Pradesh,169,Meerut,248958,Phalauda,Town Panchayat,FULL MATCH,1.0,,EXACT MATCH,
9,Uttar Pradesh,169,Meerut,248959,Bahsuma,Town Panchayat,FULL MATCH,1.0,,EXACT MATCH,
9,Uttar Pradesh,169,Meerut,248960,Hastinapur,Town Panchayat,FULL MATCH,1.0,,EXACT MATCH,
9,Uttar Pradesh,169,Meerut,248961,Mawana,Municipality,FULL MATCH,1.0,,EXACT MATCH,
9,Uttar Pradesh,169,Meerut,248962,Parikshitgarh,Town Panchayat,FULL MATCH,1.0,,EXACT MATCH,
9,Uttar Pradesh,169,Meerut,248963,Kithaur,Town Panchayat,FULL MATCH,1.0,,EXACT MATCH,
9,Uttar Pradesh,169,Meerut,248964,Meerut,Municipal Corporations,FULL MATCH,1.0,,EXACT MATCH,
9,Uttar Pradesh,169,Meerut,248967,Sewalkhas,Town Panchayat,FULL MATCH,1.0,,EXACT MATCH,
9,Uttar Pradesh,169,Meerut,248968,Kharkhoda,Town Panchayat,FULL MATCH,1.0,,EXACT MATCH,
9,Uttar Pradesh,169,Meerut,297079,Khiwai,Town Panchayat,FULL MATCH,1.0,,EXACT MATCH,
9,Uttar Pradesh,170,Mirzapur,249540,Mirzapur-Cum-Vindhyachal,Municipality,FULL MATCH,1.0,,EXACT MATCH,
9,Uttar Pradesh,170,Mirzapur,249542,Kachhwa,Town Panchayat,FULL MATCH,1.0,,EXACT MATCH,
9,Uttar Pradesh,170,Mirzapur,249543,Chunar,Municipality,FULL MATCH,1.0,,EXACT MATCH,
9,Uttar Pradesh,170,Mirzapur,249545,Ahraura,Municipality,FULL MATCH,1.0,,EXACT MATCH,
9,Uttar Pradesh,170,Mirzapur,249546,Ghorawal,Town Panchayat,FULL MATCH,1.0,,EXACT MATCH,
9,Uttar Pradesh,170,Mirzapur,277531,Laalganj,Town Panchayat,AMBIGUOUS MATCH,0.5,LOW DISPARITY,HIGH AMBIGUITY,170:Mirzapur(50.0%) | | | 174:Pratapgarh(50.0%)
9,Uttar Pradesh,170,Mirzapur,301244,Hindalco Industries Ltd. Renukoot,Notified Area Council,AMBIGUOUS MATCH,0.5,HIGH DISPARITY,NEARLY RESOLVABLE,170:Mirzapur(50.0%)
9,Uttar Pradesh,171,Moradabad,248925,Thakurdwara,Municipality,FULL MATCH,1.0,,EXACT MATCH,
9,Uttar Pradesh,171,Moradabad,248928,Bhojpur Dharampur,Town Panchayat,FULL MATCH,1.0,,EXACT MATCH,
9,Uttar Pradesh,171,Moradabad,248930,Kundarki,Town Panchayat,FULL MATCH,1.0,,EXACT MATCH,
9,Uttar Pradesh,171,Moradabad,248931,Bilari,Municipality,FULL MATCH,1.0,,EXACT MATCH,
9,Uttar Pradesh,171,Moradabad,248933,Sirsi,Town Panchayat,FULL MATCH,1.0,,EXACT MATCH,
9,Uttar Pradesh,171,Moradabad,248936,Narauli,Town Panchayat,FULL MATCH,1.0,,EXACT MATCH,
9,Uttar Pradesh,171,Moradabad,297071,Agawanpur,Town Panchayat,FULL MATCH,1.0,,EXACT MATCH,
9,Uttar Pradesh,171,Moradabad,297090,Saifani,Town Panchayat,FULL MATCH,1.0,,EXACT MATCH,
9,Uttar Pradesh,171,Moradabad,299027,Mahmoodpur Mafi,Town Panchayat,FULL MATCH,1.0,,EXACT MATCH,
9,Uttar Pradesh,172,Muzaffarnagar,248885,Kairana,Municipality,FULL MATCH,1.0,,EXACT MATCH,
9,Uttar Pradesh,172,Muzaffarnagar,248886,Kandhla,Municipality,FULL MATCH,1.0,,EXACT MATCH,
9,Uttar Pradesh,172,Muzaffarnagar,248887,Ailum,Town Panchayat,FULL MATCH,1.0,,EXACT MATCH,
9,Uttar Pradesh,172,Muzaffarnagar,248888,Shamli,Municipality,FULL MATCH,1.0,,EXACT MATCH,
9,Uttar Pradesh,172,Muzaffarnagar,248889,Banat,Town Panchayat,FULL MATCH,1.0,,EXACT MATCH,
9,Uttar Pradesh,172,Muzaffarnagar,248890,Garhi Pukhta,Town Panchayat,FULL MATCH,1.0,,EXACT MATCH,
9,Uttar Pradesh,172,Muzaffarnagar,248893,Purquazi,Town Panchayat,FULL MATCH,1.0,,EXACT MATCH,
9,Uttar Pradesh,172,Muzaffarnagar,248894,Charthaval,Town Panchayat,FULL MATCH,1.0,,EXACT MATCH,
9,Uttar Pradesh,172,Muzaffarnagar,248895,Muzaffarnagar,Municipality,FULL MATCH,1.0,,EXACT MATCH,
9,Uttar Pradesh,172,Muzaffarnagar,248896,Sisauli,Town Panchayat,FULL MATCH,1.0,,EXACT MATCH,
9,Uttar Pradesh,172,Muzaffarnagar,248897,Budhana,Town Panchayat,FULL MATCH,1.0,,EXACT MATCH,
9,Uttar Pradesh,172,Muzaffarnagar,248898,Shahpur,Town Panchayat,FULL MATCH,1.0,,EXACT MATCH,
9,Uttar Pradesh,172,Muzaffarnagar,248899,Khatauli,Municipality,FULL MATCH,1.0,,EXACT MATCH,
9,Uttar Pradesh,172,Muzaffarnagar,248901,Jansath,Town Panchayat,FULL MATCH,1.0,,EXACT MATCH,
9,Uttar Pradesh,172,Muzaffarnagar,248902,Bhokarhedi,Town Panchayat,FULL MATCH,1.0,,EXACT MATCH,
9,Uttar Pradesh,172,Muzaffarnagar,248903,Meerapur,Town Panchayat,FULL MATCH,1.0,,EXACT MATCH,
9,Uttar Pradesh,172,Muzaffarnagar,248907,Jalalabad(Shamli),Town Panchayat,FULL MATCH,1.0,,EXACT MATCH,
9,Uttar Pradesh,173,Pilibhit,249157,Gularia Bhindara,Town Panchayat,FULL MATCH,1.0,,EXACT MATCH,
9,Uttar Pradesh,173,Pilibhit,249158,Nyoria Husainpur,Town Panchayat,FULL MATCH,1.0,,EXACT MATCH,
9,Uttar Pradesh,173,Pilibhit,249159,Jahanabad,Town Panchayat,FULL MATCH,1.0,,EXACT MATCH,
9,Uttar Pradesh,173,Pilibhit,249160,Pilibhit,Municipality,FULL MATCH,1.0,,EXACT MATCH,
9,Uttar Pradesh,173,Pilibhit,249161,Barkhera,Town Panchayat,FULL MATCH,1.0,,EXACT MATCH,
9,Uttar Pradesh,173,Pilibhit,249162,Bisalpur,Municipality,FULL MATCH,1.0,,EXACT MATCH,
9,Uttar Pradesh,173,Pilibhit,249163,Bilsanda,Town Panchayat,FULL MATCH,1.0,,EXACT MATCH,
9,Uttar Pradesh,173,Pilibhit,249164,Kalinagar,Town Panchayat,FULL MATCH,1.0,,EXACT MATCH,
9,Uttar Pradesh,173,Pilibhit,249165,Puranpur,Municipality,FULL MATCH,1.0,,EXACT MATCH,
9,Uttar Pradesh,173,Pilibhit,297046,Pakadia Naugawa,Town Panchayat,FULL MATCH,1.0,,EXACT MATCH,
9,Uttar Pradesh,173,Pilibhit,297049,Nigohi,Town Panchayat,FULL MATCH,1.0,,EXACT MATCH,
9,Uttar Pradesh,174,Pratapgarh,249169,Katra,Town Panchayat,FULL MATCH,1.0,,EXACT MATCH,
9,Uttar Pradesh,174,Pratapgarh,249350,Manikpur(Pratapgarh),Town Panchayat,FULL MATCH,1.0,,EXACT MATCH,
9,Uttar Pradesh,174,Pratapgarh,249351,Kunda,Town Panchayat,FULL MATCH,1.0,,EXACT MATCH,
9,Uttar Pradesh,174,Pratapgarh,249352,Antu,Town Panchayat,FULL MATCH,1.0,,EXACT MATCH,
9,Uttar Pradesh,174,Pratapgarh,249353,Belha,Municipality,FULL MATCH,1.0,,EXACT MATCH,
9,Uttar Pradesh,174,Pratapgarh,249354,Pratapgarh City,Town Panchayat,FULL MATCH,1.0,,EXACT MATCH,
9,Uttar Pradesh,174,Pratapgarh,249355,Katra Medniganj,Town Panchayat,FULL MATCH,1.0,,EXACT MATCH,
9,Uttar Pradesh,174,Pratapgarh,249356,Patti,Town Panchayat,FULL MATCH,1.0,,EXACT MATCH,
9,Uttar Pradesh,174,Pratapgarh,277192,Raniganj,Town Panchayat,FULL MATCH,1.0,,EXACT MATCH,
9,Uttar Pradesh,174,Pratapgarh,297042,Kohdaur,Town Panchayat,FULL MATCH,1.0,,EXACT MATCH,
9,Uttar Pradesh,174,Pratapgarh,297054,Suwansa Bazar,Town Panchayat,FULL MATCH,1.0,,EXACT MATCH,
9,Uttar Pradesh,174,Pratapgarh,297087,Prithviganj,Town Panchayat,FULL MATCH,1.0,,EXACT MATCH,
9,Uttar Pradesh,174,Pratapgarh,299012,Ramganj (Pratapgarh),Town Panchayat,FULL MATCH,1.0,,EXACT MATCH,
9,Uttar Pradesh,174,Pratapgarh,299013,Dhakwa (Pratapgarh),Town Panchayat,FULL MATCH,1.0,,EXACT MATCH,
9,Uttar Pradesh,174,Pratapgarh,300693,Garwara,Town Panchayat,FULL MATCH,1.0,,EXACT MATCH,
9,Uttar Pradesh,174,Pratapgarh,300707,Heeraganj Bazaar,Town Panchayat,FULL MATCH,1.0,,EXACT MATCH,
9,Uttar Pradesh,174,Pratapgarh,300772,Derva(Pratapgarh),Town Panchayat,FULL MATCH,1.0,,EXACT MATCH,
9,Uttar Pradesh,174,Pratapgarh,300774,Mandhata(Pratapgarh),Town Panchayat,FULL MATCH,1.0,,EXACT MATCH,
9,Uttar Pradesh,174,Pratapgarh,300776,Katra Gulab Singh,Town Panchayat,FULL MATCH,1.0,,EXACT MATCH,
9,Uttar Pradesh,175,Rae Bareli,249238,Bachhrawan,Town Panchayat,FULL MATCH,1.0,,EXACT MATCH,
9,Uttar Pradesh,175,Rae Bareli,249240,Jais,Municipality,FULL MATCH,1.0,,EXACT MATCH,
9,Uttar Pradesh,175,Rae Bareli,249241,Rae Bareli,Municipality,FULL MATCH,1.0,,EXACT MATCH,
9,Uttar Pradesh,175,Rae Bareli,249243,Dalmau,Town Panchayat,FULL MATCH,1.0,,EXACT MATCH,
9,Uttar Pradesh,175,Rae Bareli,249244,Unchahar,Town Panchayat,FULL MATCH,1.0,,EXACT MATCH,
9,Uttar Pradesh,175,Rae Bareli,249245,Parsadepur,Town Panchayat,FULL MATCH,1.0,,EXACT MATCH,
9,Uttar Pradesh,175,Rae Bareli,249246,Salon,Town Panchayat,FULL MATCH,1.0,,EXACT MATCH,
9,Uttar Pradesh,175,Rae Bareli,249469,Maharajganj(Raibareilly),Town Panchayat,FULL MATCH,1.0,,EXACT MATCH,
9,Uttar Pradesh,175,Rae Bareli,297084,Nasirabad,Town Panchayat,FULL MATCH,1.0,,EXACT MATCH,
9,Uttar Pradesh,175,Rae Bareli,300739,Shivgarh,Town Panchayat,FULL MATCH,1.0,,EXACT MATCH,
9,Uttar Pradesh,176,Rampur,248938,Maswasi,Town Panchayat,FULL MATCH,1.0,,EXACT MATCH,
9,Uttar Pradesh,176,Rampur,248939,Suar,Municipality,FULL MATCH,1.0,,EXACT MATCH,
9,Uttar Pradesh,176,Rampur,248941,Bilaspur,Municipality,FULL MATCH,1.0,,EXACT MATCH,
9,Uttar Pradesh,176,Rampur,248942,Kemri,Town Panchayat,AI PREDICTION,1.0,,AMBIGUOUS PREDICTION,176:Rampur(100.0%) | 154:Amroha(100.0%) | 171:Moradabad(100.0%)
9,Uttar Pradesh,176,Rampur,248943,Rampur,Municipality,FULL MATCH,1.0,,EXACT MATCH,
9,Uttar Pradesh,176,Rampur,248944,Shahbad,Town Panchayat,FULL MATCH,1.0,,EXACT MATCH,
9,Uttar Pradesh,176,Rampur,248945,Milak,Municipality,FULL MATCH,1.0,,EXACT MATCH,
9,Uttar Pradesh,176,Rampur,248997,Bilaspur,Town Panchayat,FULL MATCH,1.0,,EXACT MATCH,
9,Uttar Pradesh,176,Rampur,249396,Tanda (Ambedkar Nagar),Municipality,FULL MATCH,1.0,,EXACT MATCH,
9,Uttar Pradesh,176,Rampur,297047,Narpat Nagar Doondawala,Town Panchayat,FULL MATCH,1.0,,EXACT MATCH,
9,Uttar Pradesh,177,Saharanpur,248870,Behat,Town Panchayat,FULL MATCH,1.0,,EXACT MATCH,
9,Uttar Pradesh,177,Saharanpur,248873,Saharanpur,Municipal Corporations,FULL MATCH,1.0,,EXACT MATCH,
9,Uttar Pradesh,177,Saharanpur,248874,Sultanpur Chilkana,Town Panchayat,FULL MATCH,1.0,,EXACT MATCH,
9,Uttar Pradesh,177,Saharanpur,248875,Sarsawan,Municipality,FULL MATCH,1.0,,EXACT MATCH,
9,Uttar Pradesh,177,Saharanpur,248876,Nakur,Municipality,FULL MATCH,1.0,,EXACT MATCH,
9,Uttar Pradesh,177,Saharanpur,248877,Ambehta,Town Panchayat,FULL MATCH,1.0,,EXACT MATCH,
9,Uttar Pradesh,177,Saharanpur,248878,Gangoh,Municipality,FULL MATCH,1.0,,EXACT MATCH,
9,Uttar Pradesh,177,Saharanpur,248879,Titron,Town Panchayat,FULL MATCH,1.0,,EXACT MATCH,
9,Uttar Pradesh,177,Saharanpur,248880,Nanauta,Town Panchayat,FULL MATCH,1.0,,EXACT MATCH,
9,Uttar Pradesh,177,Saharanpur,248881,Rampur Maniharan,Town Panchayat,FULL MATCH,1.0,,EXACT MATCH,
9,Uttar Pradesh,177,Saharanpur,248882,Deoband,Municipality,FULL MATCH,1.0,,EXACT MATCH,
9,Uttar Pradesh,177,Saharanpur,296986,Chhutmalpura,Town Panchayat,FULL MATCH,1.0,,EXACT MATCH,
9,Uttar Pradesh,178,Sant Kabir Nagar,249431,Mehdawal,Town Panchayat,FULL MATCH,1.0,,EXACT MATCH,
9,Uttar Pradesh,178,Sant Kabir Nagar,249434,Maghar,Town Panchayat,FULL MATCH,1.0,,EXACT MATCH,
9,Uttar Pradesh,178,Sant Kabir Nagar,297053,Baghnagar Urf Bakhira,Town Panchayat,FULL MATCH,1.0,,EXACT MATCH,
9,Uttar Pradesh,178,Sant Kabir Nagar,297059,Belhar Kala,Town Panchayat,FULL MATCH,1.0,,EXACT MATCH,
9,Uttar Pradesh,179,Bhadohi,249533,Suriyawan,Town Panchayat,FULL MATCH,1.0,,EXACT MATCH,
9,Uttar Pradesh,179,Bhadohi,249534,Nai Bazar,Town Panchayat,FULL MATCH,1.0,,EXACT MATCH,
9,Uttar Pradesh,179,Bhadohi,249535,Bhadohi,Municipality,FULL MATCH,1.0,,EXACT MATCH,
9,Uttar Pradesh,179,Bhadohi,249536,Gyanpur,Town Panchayat,FULL MATCH,1.0,,EXACT MATCH,
9,Uttar Pradesh,179,Bhadohi,249537,Gopi Ganj,Municipality,FULL MATCH,1.0,,EXACT MATCH,
9,Uttar Pradesh,179,Bhadohi,249538,Khamaria,Town Panchayat,FULL MATCH,1.0,,EXACT MATCH,
9,Uttar Pradesh,179,Bhadohi,249539,Ghosia Bazar,Town Panchayat,FULL MATCH,1.0,,EXACT MATCH,
9,Uttar Pradesh,180,Shahjahanpur,249166,Khutar,Town Panchayat,FULL MATCH,1.0,,EXACT MATCH,
9,Uttar Pradesh,180,Shahjahanpur,249167,Powayan,Municipality,FULL MATCH,1.0,,EXACT MATCH,
9,Uttar Pradesh,180,Shahjahanpur,249170,Tilhar,Municipality,FULL MATCH,1.0,,EXACT MATCH,
9,Uttar Pradesh,180,Shahjahanpur,249173,Kanth(Shahjhanpur),Town Panchayat,FULL MATCH,1.0,,EXACT MATCH,
9,Uttar Pradesh,180,Shahjahanpur,249175,Allahganj,Town Panchayat,FULL MATCH,1.0,,EXACT MATCH,
9,Uttar Pradesh,180,Shahjahanpur,249420,Katra Bazar,Town Panchayat,FULL MATCH,1.0,,EXACT MATCH,
9,Uttar Pradesh,180,Shahjahanpur,297048,Banthra,Town Panchayat,FULL MATCH,1.0,,EXACT MATCH,
9,Uttar Pradesh,180,Shahjahanpur,297802,Shahjahanpur,Municipal Corporations,FULL MATCH,1.0,,EXACT MATCH,
9,Uttar Pradesh,180,Shahjahanpur,297807,Kalan,Town Panchayat,FULL MATCH,1.0,,EXACT MATCH,
9,Uttar Pradesh,181,Shrawasti,249413,Ikauna,Town Panchayat,FULL MATCH,1.0,,EXACT MATCH,
9,Uttar Pradesh,181,Shrawasti,297025,Bhinga,Municipality,FULL MATCH,1.0,,EXACT MATCH,
9,Uttar Pradesh,182,Siddharthnagar,248145,Domariyaganj,Town Panchayat,FULL MATCH,1.0,,EXACT MATCH,
9,Uttar Pradesh,182,Siddharthnagar,249426,Shohratgarh,Town Panchayat,FULL MATCH,1.0,,EXACT MATCH,
9,Uttar Pradesh,182,Siddharthnagar,249427,Siddharth Nagar (Tetri Bazar),Municipality,FULL MATCH,1.0,,EXACT MATCH,
9,Uttar Pradesh,182,Siddharthnagar,249428,Baansi,Municipality,FULL MATCH,1.0,,EXACT MATCH,
9,Uttar Pradesh,182,Siddharthnagar,257826,Uska Bazar,Town Panchayat,FULL MATCH,1.0,,EXACT MATCH,
9,Uttar Pradesh,182,Siddharthnagar,297050,Biskohar,Town Panchayat,FULL MATCH,1.0,,EXACT MATCH,
9,Uttar Pradesh,182,Siddharthnagar,297051,Kapilavastu,Town Panchayat,FULL MATCH,1.0,,EXACT MATCH,
9,Uttar Pradesh,182,Siddharthnagar,297056,Badhani Chafa,Town Panchayat,FULL MATCH,1.0,,EXACT MATCH,
9,Uttar Pradesh,182,Siddharthnagar,297067,Itwa,Town Panchayat,FULL MATCH,1.0,,EXACT MATCH,
9,Uttar Pradesh,183,Sitapur,249186,Maholi,Town Panchayat,FULL MATCH,1.0,,EXACT MATCH,
9,Uttar Pradesh,183,Sitapur,249187,Misrikh Cum Neemsar,Municipality,FULL MATCH,1.0,,EXACT MATCH,
9,Uttar Pradesh,183,Sitapur,249188,Khairabad,Municipality,FULL MATCH,1.0,,EXACT MATCH,
9,Uttar Pradesh,183,Sitapur,249189,Sitapur,Municipality,FULL MATCH,1.0,,EXACT MATCH,
9,Uttar Pradesh,183,Sitapur,249190,Hargaon,Town Panchayat,FULL MATCH,1.0,,EXACT MATCH,
9,Uttar Pradesh,183,Sitapur,249191,Laharpur,Municipality,FULL MATCH,1.0,,EXACT MATCH,
9,Uttar Pradesh,183,Sitapur,249192,Tambaur Cum Ahmadabad,Town Panchayat,FULL MATCH,1.0,,EXACT MATCH,
9,Uttar Pradesh,183,Sitapur,249193,Biswan,Municipality,FULL MATCH,1.0,,EXACT MATCH,
9,Uttar Pradesh,183,Sitapur,249194,Mahmudabad,Municipality,FULL MATCH,1.0,,EXACT MATCH,
9,Uttar Pradesh,183,Sitapur,249195,Paintepur,Town Panchayat,FULL MATCH,1.0,,EXACT MATCH,
9,Uttar Pradesh,183,Sitapur,249196,Sidhauli,Town Panchayat,FULL MATCH,1.0,,EXACT MATCH,
9,Uttar Pradesh,184,Sonbhadra,249547,Robertsganj,Municipality,FULL MATCH,1.0,,EXACT MATCH,
9,Uttar Pradesh,184,Sonbhadra,249548,Chukradhumra,Town Panchayat,FULL MATCH,1.0,,EXACT MATCH,
9,Uttar Pradesh,184,Sonbhadra,249549,Chopan,Town Panchayat,FULL MATCH,1.0,,EXACT MATCH,
9,Uttar Pradesh,184,Sonbhadra,249550,Obra,Town Panchayat,FULL MATCH,1.0,,EXACT MATCH,
9,Uttar Pradesh,184,Sonbhadra,249551,Dudhi,Town Panchayat,FULL MATCH,1.0,,EXACT MATCH,
9,Uttar Pradesh,184,Sonbhadra,249552,Renukoot,Town Panchayat,FULL MATCH,1.0,,EXACT MATCH,
9,Uttar Pradesh,184,Sonbhadra,249553,Pipri,Town Panchayat,FULL MATCH,1.0,,EXACT MATCH,
9,Uttar Pradesh,184,Sonbhadra,297044,Dala Bazar,Town Panchayat,FULL MATCH,1.0,,EXACT MATCH,
9,Uttar Pradesh,184,Sonbhadra,297078,Duddhi,Town Panchayat,FULL MATCH,1.0,,EXACT MATCH,
9,Uttar Pradesh,184,Sonbhadra,299053,Anpara,Town Panchayat,FULL MATCH,1.0,,EXACT MATCH,
9,Uttar Pradesh,185,Sultanpur,249401,Musafirkhana,Town Panchayat,FULL MATCH,1.0,,EXACT MATCH,
9,Uttar Pradesh,185,Sultanpur,249404,Sultanpur,Municipality,FULL MATCH,1.0,,EXACT MATCH,
9,Uttar Pradesh,185,Sultanpur,249405,Koeripur,Town Panchayat,FULL MATCH,1.0,,EXACT MATCH,
9,Uttar Pradesh,185,Sultanpur,249406,Dostpur,Town Panchayat,FULL MATCH,1.0,,EXACT MATCH,
9,Uttar Pradesh,185,Sultanpur,249407,Kadipur,Town Panchayat,FULL MATCH,1.0,,EXACT MATCH,
9,Uttar Pradesh,185,Sultanpur,297038,Lambhua,Town Panchayat,FULL MATCH,1.0,,EXACT MATCH,
9,Uttar Pradesh,186,Unnao,249206,Kursath (Unnao),Town Panchayat,FULL MATCH,1.0,,EXACT MATCH,
9,Uttar Pradesh,186,Unnao,249212,Bangarmau,Municipality,FULL MATCH,1.0,,EXACT MATCH,
9,Uttar Pradesh,186,Unnao,249213,Fatehpur Chaurasi,Town Panchayat,FULL MATCH,1.0,,EXACT MATCH,
9,Uttar Pradesh,186,Unnao,249214,Ugu,Town Panchayat,FULL MATCH,1.0,,EXACT MATCH,
9,Uttar Pradesh,186,Unnao,249215,Safipur,Town Panchayat,FULL MATCH,1.0,,EXACT MATCH,
9,Uttar Pradesh,186,Unnao,249217,Auras,Town Panchayat,FULL MATCH,1.0,,EXACT MATCH,
9,Uttar Pradesh,186,Unnao,249218,Hyderabad,Town Panchayat,FULL MATCH,1.0,,EXACT MATCH,
9,Uttar Pradesh,186,Unnao,249219,Rasulabaad(Unnao),Town Panchayat,FULL MATCH,1.0,,EXACT MATCH,
9,Uttar Pradesh,186,Unnao,249220,Mohan,Town Panchayat,FULL MATCH,1.0,,EXACT MATCH,
9,Uttar Pradesh,186,Unnao,249221,Nyotini,Town Panchayat,FULL MATCH,1.0,,EXACT MATCH,
9,Uttar Pradesh,186,Unnao,249222,Nawabganj (Unnao),Town Panchayat,FULL MATCH,1.0,,EXACT MATCH,
9,Uttar Pradesh,186,Unnao,249223,Unnao,Municipality,FULL MATCH,1.0,,EXACT MATCH,
9,Uttar Pradesh,186,Unnao,249226,Purwa,Town Panchayat,FULL MATCH,1.0,,EXACT MATCH,
9,Uttar Pradesh,186,Unnao,249227,Maurawan,Town Panchayat,FULL MATCH,1.0,,EXACT MATCH,
9,Uttar Pradesh,186,Unnao,249228,Bighapur,Town Panchayat,FULL MATCH,1.0,,EXACT MATCH,
9,Uttar Pradesh,186,Unnao,249229,Bhagwant Nagar,Town Panchayat,FULL MATCH,1.0,,EXACT MATCH,
9,Uttar Pradesh,186,Unnao,297022,Gangaghat,Municipality,FULL MATCH,1.0,,EXACT MATCH,
9,Uttar Pradesh,186,Unnao,297922,Achal Ganj,Town Panchayat,FULL MATCH,1.0,,EXACT MATCH,
9,Uttar Pradesh,187,Varanasi,249524,Gangapur,Town Panchayat,FULL MATCH,1.0,,EXACT MATCH,
9,Uttar Pradesh,187,Varanasi,249531,Varanasi,Municipal Corporations,AMBIGUOUS MATCH,1.0,HIGH DISPARITY,NEARLY RESOLVABLE,187:Varanasi(90.0%) | | | 135:Chandauli(10.0%)
9,Uttar Pradesh,187,Varanasi,301242,Banaras Locomotive Works,Notified Area Council,FULL MATCH,1.0,,EXACT MATCH,
9,Uttar Pradesh,633,Kasganj,249084,Soron,Municipality,FULL MATCH,1.0,,EXACT MATCH,
9,Uttar Pradesh,633,Kasganj,249085,Bilram,Town Panchayat,FULL MATCH,1.0,,EXACT MATCH,
9,Uttar Pradesh,633,Kasganj,249086,Kaasganj,Municipality,FULL MATCH,1.0,,EXACT MATCH,
9,Uttar Pradesh,633,Kasganj,249087,Sahawar,Town Panchayat,FULL MATCH,1.0,,EXACT MATCH,
9,Uttar Pradesh,633,Kasganj,249088,Amanpur,Town Panchayat,FULL MATCH,1.0,,EXACT MATCH,
9,Uttar Pradesh,633,Kasganj,249089,Mohanpur,Town Panchayat,FULL MATCH,1.0,,EXACT MATCH,
9,Uttar Pradesh,633,Kasganj,249090,Ganj Dundwara,Municipality,FULL MATCH,1.0,,EXACT MATCH,
9,Uttar Pradesh,640,Amethi,249402,Amethi(Amethi),Town Panchayat,FULL MATCH,1.0,,EXACT MATCH,
9,Uttar Pradesh,640,Amethi,276425,Gauriganj,Municipality,FULL MATCH,1.0,,EXACT MATCH,
9,Uttar Pradesh,659,Sambhal,248934,Sambhal,Municipality,FULL MATCH,1.0,,EXACT MATCH,
9,Uttar Pradesh,659,Sambhal,248935,Bahjoi,Municipality,FULL MATCH,1.0,,EXACT MATCH,
9,Uttar Pradesh,659,Sambhal,248937,Chandausi,Municipality,FULL MATCH,1.0,,EXACT MATCH,
9,Uttar Pradesh,659,Sambhal,249112,Gawan,Town Panchayat,FULL MATCH,1.0,,EXACT MATCH,
9,Uttar Pradesh,659,Sambhal,263350,Babralaa,Town Panchayat,FULL MATCH,1.0,,EXACT MATCH,
9,Uttar Pradesh,660,Shamli,248883,Unn,Town Panchayat,FULL MATCH,1.0,,EXACT MATCH,
9,Uttar Pradesh,660,Shamli,248884,Jhinjhana,Town Panchayat,FULL MATCH,1.0,,EXACT MATCH,
9,Uttar Pradesh,660,Shamli,248891,Thana Bhawan,Town Panchayat,FULL MATCH,1.0,,EXACT MATCH,
9,Uttar Pradesh,661,Hapur,248991,Hapur,Municipality,FULL MATCH,1.0,,EXACT MATCH,
9,Uttar Pradesh,661,Hapur,248993,Garhmukteshwar,Municipality,FULL MATCH,1.0,,EXACT MATCH,
9,Uttar Pradesh,770,Khairthal-Tijara,301249,Grasim Industries Ltd,Notified Area Council,AI PREDICTION,1.0,,AMBIGUOUS PREDICTION,770:Khairthal-Tijara(100.0%) | 782:Kotputli-Behror(100.0%) | 87:Alwar(100.0%)
9,Uttar Pradesh,770,Khairthal-Tijara,301364,Harra,Town Panchayat,AI PREDICTION,1.0,,AMBIGUOUS PREDICTION,770:Khairthal-Tijara(100.0%) | 782:Kotputli-Behror(100.0%) | 87:Alwar(100.0%)
10,Bihar,188,Araria,249586,Forbesganj,Municipality,FULL MATCH,1.0,,EXACT MATCH,
10,Bihar,188,Araria,249587,Araria,Municipality,FULL MATCH,1.0,,EXACT MATCH,
10,Bihar,188,Araria,277133,Banmankhi,Municipality,FULL MATCH,1.0,,EXACT MATCH,
10,Bihar,188,Araria,299112,Narpatganj,Town Panchayat,FULL MATCH,1.0,,EXACT MATCH,
10,Bihar,188,Araria,299113,Jokihat,Town Panchayat,FULL MATCH,1.0,,EXACT MATCH,
10,Bihar,188,Araria,299114,Raniganj,Town Panchayat,FULL MATCH,1.0,,EXACT MATCH,
10,Bihar,188,Araria,299234,Banmankhi,Municipality,FULL MATCH,1.0,,EXACT MATCH,
10,Bihar,188,Araria,300557,Jankinagar,Town Panchayat,FULL MATCH,1.0,,EXACT MATCH,
10,Bihar,189,Aurangabad,249674,Daudnagar,Municipality,FULL MATCH,1.0,,EXACT MATCH,
10,Bihar,189,Aurangabad,249675,Rafiganj,Town Panchayat,FULL MATCH,1.0,,EXACT MATCH,
10,Bihar,189,Aurangabad,249678,Nabinagar,Town Panchayat,FULL MATCH,1.0,,EXACT MATCH,
10,Bihar,189,Aurangabad,253281,Arwal,Municipality,FULL MATCH,1.0,,EXACT MATCH,
10,Bihar,189,Aurangabad,290025,Aurangabad,Municipality,FULL MATCH,1.0,,EXACT MATCH,
10,Bihar,189,Aurangabad,299117,Deo,Town Panchayat,FULL MATCH,1.0,,EXACT MATCH,
10,Bihar,189,Aurangabad,299118,Barun,Town Panchayat,FULL MATCH,1.0,,EXACT MATCH,
10,Bihar,190,Banka,249627,Naugachhia,Municipality,FULL MATCH,1.0,,EXACT MATCH,
10,Bihar,190,Banka,249632,Amarpur,Town Panchayat,FULL MATCH,1.0,,EXACT MATCH,
10,Bihar,190,Banka,249633,Banka,Municipality,FULL MATCH,1.0,,EXACT MATCH,
10,Bihar,190,Banka,249662,Jagdishpur,Town Panchayat,AMBIGUOUS MATCH,0.3333,LOW DISPARITY,HIGH AMBIGUITY,190:Banka(33.33%) | | | 192:Bhagalpur(33.33%)
10,Bihar,190,Banka,299120,Baisi ,Town Panchayat,FULL MATCH,1.0,,EXACT MATCH,
10,Bihar,190,Banka,299121,Katoria,Town Panchayat,FULL MATCH,1.0,,EXACT MATCH,
10,Bihar,190,Banka,299123,Habibpur,Town Panchayat,FULL MATCH,1.0,,EXACT MATCH,
10,Bihar,190,Banka,299126,Sabour,Town Panchayat,FULL MATCH,1.0,,EXACT MATCH,
10,Bihar,190,Banka,299188,Fatehpur,Town Panchayat,FULL MATCH,1.0,,EXACT MATCH,
10,Bihar,190,Banka,300550,Sangrampur,Town Panchayat,FULL MATCH,1.0,,EXACT MATCH,
10,Bihar,190,Banka,300565,Bounsi,Town Panchayat,FULL MATCH,1.0,,EXACT MATCH,
10,Bihar,191,Begusarai,249624,Begusarai,Municipal Corporations,FULL MATCH,1.0,,EXACT MATCH,
10,Bihar,191,Begusarai,277129,Bakhri,Municipality,FULL MATCH,1.0,,EXACT MATCH,
10,Bihar,191,Begusarai,277130,Teghara,Municipality,FULL MATCH,1.0,,EXACT MATCH,
10,Bihar,191,Begusarai,277136,Balia,Municipality,FULL MATCH,1.0,,EXACT MATCH,
10,Bihar,191,Begusarai,300544,Barauni,Municipality,FULL MATCH,1.0,,EXACT MATCH,
10,Bihar,192,Bhagalpur,249629,Sultanganj,Municipality,FULL MATCH,1.0,,EXACT MATCH,
10,Bihar,192,Bhagalpur,249630,Bhagalpur,Municipal Corporations,FULL MATCH,1.0,,EXACT MATCH,
10,Bihar,192,Bhagalpur,277134,Kahalgaon,Town Panchayat,FULL MATCH,1.0,,EXACT MATCH,
10,Bihar,192,Bhagalpur,299130,Raghopur,Town Panchayat,FULL MATCH,1.0,,EXACT MATCH,
10,Bihar,192,Bhagalpur,299131,Akbarnagar,Town Panchayat,FULL MATCH,1.0,,EXACT MATCH,
10,Bihar,192,Bhagalpur,299135,Pirpainti,Town Panchayat,FULL MATCH,1.0,,EXACT MATCH,
10,Bihar,192,Bhagalpur,299272,Champanagar,Town Panchayat,FULL MATCH,1.0,,EXACT MATCH,
10,Bihar,192,Bhagalpur,301330,BARARI,Town Panchayat,FULL MATCH,1.0,,EXACT MATCH,
10,Bihar,193,Bhojpur,249659,Arrah,Municipal Corporations,FULL MATCH,1.0,,EXACT MATCH,
10,Bihar,193,Bhojpur,249660,Koilwar,Town Panchayat,FULL MATCH,1.0,,EXACT MATCH,
10,Bihar,193,Bhojpur,249661,Behea,Town Panchayat,FULL MATCH,1.0,,EXACT MATCH,
10,Bihar,193,Bhojpur,249663,Piro,Municipality,FULL MATCH,1.0,,EXACT MATCH,
10,Bihar,193,Bhojpur,249665,Buxar,Municipality,FULL MATCH,1.0,,EXACT MATCH,
10,Bihar,193,Bhojpur,299146,Garhani,Town Panchayat,FULL MATCH,1.0,,EXACT MATCH,
10,Bihar,193,Bhojpur,300545,Brahmpur,Town Panchayat,FULL MATCH,1.0,,EXACT MATCH,
10,Bihar,194,Buxar,249664,Dumraon,Municipality,FULL MATCH,1.0,,EXACT MATCH,
10,Bihar,194,Buxar,300546,Chausa,Town Panchayat,FULL MATCH,1.0,,EXACT MATCH,
10,Bihar,194,Buxar,300547,Itarhi,Town Panchayat,FULL MATCH,1.0,,EXACT MATCH,
10,Bihar,195,Darbhanga,249600,Darbhanga,Municipal Corporations,AMBIGUOUS MATCH,0.6667,HIGH DISPARITY,NEARLY RESOLVABLE,195:Darbhanga(66.67%)
10,Bihar,195,Darbhanga,276642,Benipur,Municipality,FULL MATCH,1.0,,EXACT MATCH,
10,Bihar,195,Darbhanga,299158,KAMTAUL Ahiyari,Town Panchayat,FULL MATCH,1.0,,EXACT MATCH,
10,Bihar,195,Darbhanga,299170,Bharwara,Town Panchayat,FULL MATCH,1.0,,EXACT MATCH,
10,Bihar,195,Darbhanga,301272,SINGHWARA,Town Panchayat,FULL MATCH,1.0,,EXACT MATCH,
10,Bihar,195,Darbhanga,301276,KUSHESWAR ASTHAN EAST,Town Panchayat,FULL MATCH,1.0,,EXACT MATCH,
10,Bihar,195,Darbhanga,301277,HAYAGHAT,Town Panchayat,FULL MATCH,1.0,,EXACT MATCH,
10,Bihar,195,Darbhanga,301283,Baheri,Town Panchayat,FULL MATCH,1.0,,EXACT MATCH,
10,Bihar,195,Darbhanga,301284,Biraul,Town Panchayat,FULL MATCH,1.0,,EXACT MATCH,
10,Bihar,195,Darbhanga,301285,GHANSHYAMPUR,Town Panchayat,FULL MATCH,1.0,,EXACT MATCH,
10,Bihar,195,Darbhanga,301286,Jale,Municipality,FULL MATCH,1.0,,EXACT MATCH,
10,Bihar,196,Gaya,249679,Tekari,Municipality,FULL MATCH,1.0,,EXACT MATCH,
10,Bihar,196,Gaya,249680,Gaya,Municipal Corporations,FULL MATCH,1.0,,EXACT MATCH,
10,Bihar,196,Gaya,249682,Sherghati,Municipality,FULL MATCH,1.0,,EXACT MATCH,
10,Bihar,196,Gaya,249683,Bodh Gaya,Municipality,FULL MATCH,1.0,,EXACT MATCH,
10,Bihar,196,Gaya,299185,Dobhi,Town Panchayat,FULL MATCH,1.0,,EXACT MATCH,
10,Bihar,196,Gaya,299186,Imamganj,Town Panchayat,FULL MATCH,1.0,,EXACT MATCH,
10,Bihar,196,Gaya,299187,Khizarsarai,Town Panchayat,FULL MATCH,1.0,,EXACT MATCH,
10,Bihar,198,Jamui,249687,Jamui,Municipality,FULL MATCH,1.0,,EXACT MATCH,
10,Bihar,198,Jamui,249688,Jhajha,Municipality,FULL MATCH,1.0,,EXACT MATCH,
10,Bihar,198,Jamui,299198,Sikandra,Town Panchayat,FULL MATCH,1.0,,EXACT MATCH,
10,Bihar,199,Jehanabad,249672,Jehanabad,Municipality,FULL MATCH,1.0,,EXACT MATCH,
10,Bihar,199,Jehanabad,249673,Makhdumpur,Town Panchayat,FULL MATCH,1.0,,EXACT MATCH,
10,Bihar,199,Jehanabad,300548,Ghoshi,Town Panchayat,FULL MATCH,1.0,,EXACT MATCH,
10,Bihar,199,Jehanabad,301334,KAKO,Town Panchayat,FULL MATCH,1.0,,EXACT MATCH,
10,Bihar,200,Kaimur (Bhabua),249666,Bhabua,Municipality,FULL MATCH,1.0,,EXACT MATCH,
10,Bihar,200,Kaimur (Bhabua),276648,Mohaniya,Town Panchayat,FULL MATCH,1.0,,EXACT MATCH,
10,Bihar,200,Kaimur (Bhabua),299203,Hata,Town Panchayat,FULL MATCH,1.0,,EXACT MATCH,
10,Bihar,200,Kaimur (Bhabua),299204,Kudra,Town Panchayat,FULL MATCH,1.0,,EXACT MATCH,
10,Bihar,200,Kaimur (Bhabua),299206,Ramgarh,Town Panchayat,FULL MATCH,1.0,,EXACT MATCH,
10,Bihar,201,Katihar,249585,Jogabani,Municipality,AI PREDICTION,1.0,,AMBIGUOUS PREDICTION,201:Katihar(100.0%) | 203:Kishanganj(100.0%) | 214:Purnia(100.0%)
10,Bihar,201,Katihar,249589,Bahadurganj,Town Panchayat,FULL MATCH,1.0,,EXACT MATCH,
10,Bihar,201,Katihar,249595,Katihar,Municipal Corporations,AMBIGUOUS MATCH,1.0,HIGH DISPARITY,NEARLY RESOLVABLE,201:Katihar(80.0%)
10,Bihar,201,Katihar,249596,Manihari,Town Panchayat,FULL MATCH,1.0,,EXACT MATCH,
10,Bihar,201,Katihar,276406,Barsoi,Town Panchayat,FULL MATCH,1.0,,EXACT MATCH,
10,Bihar,201,Katihar,299209,Kursela,Town Panchayat,FULL MATCH,1.0,,EXACT MATCH,
10,Bihar,201,Katihar,299210,Korha,Town Panchayat,FULL MATCH,1.0,,EXACT MATCH,
10,Bihar,201,Katihar,299212,Balrampur,Town Panchayat,FULL MATCH,1.0,,EXACT MATCH,
10,Bihar,201,Katihar,301385,AMDABAD,Town Panchayat,FULL MATCH,1.0,,EXACT MATCH,
10,Bihar,202,Khagaria,249625,Khagaria,Municipality,FULL MATCH,1.0,,EXACT MATCH,
10,Bihar,202,Khagaria,249626,Gogri Jamalpur,Municipality,FULL MATCH,1.0,,EXACT MATCH,
10,Bihar,202,Khagaria,276643,Bihat,Municipality,AI PREDICTION,1.0,,AMBIGUOUS PREDICTION,202:Khagaria(100.0%) | 191:Begusarai(100.0%)
10,Bihar,202,Khagaria,299214,Beldaur,Town Panchayat,FULL MATCH,1.0,,EXACT MATCH,
10,Bihar,202,Khagaria,299215,Parbatta,Town Panchayat,FULL MATCH,1.0,,EXACT MATCH,
10,Bihar,202,Khagaria,299216,Mansi,Town Panchayat,FULL MATCH,1.0,,EXACT MATCH,
10,Bihar,202,Khagaria,299218,Alauli,Town Panchayat,FULL MATCH,1.0,,EXACT MATCH,
10,Bihar,203,Kishanganj,249588,Thakurganj,Town Panchayat,FULL MATCH,1.0,,EXACT MATCH,
10,Bihar,203,Kishanganj,249590,Kishanganj,Municipality,FULL MATCH,1.0,,EXACT MATCH,
10,Bihar,203,Kishanganj,299298,Pauakhali,Town Panchayat,FULL MATCH,1.0,,EXACT MATCH,
10,Bihar,204,Lakhisarai,249638,Barahiya,Municipality,FULL MATCH,1.0,,EXACT MATCH,
10,Bihar,204,Lakhisarai,249639,Lakhisarai,Municipality,FULL MATCH,1.0,,EXACT MATCH,
10,Bihar,204,Lakhisarai,299148,Suryagadha,Municipality,FULL MATCH,1.0,,EXACT MATCH,
10,Bihar,204,Lakhisarai,299151,Chewara,Town Panchayat,FULL MATCH,1.0,,EXACT MATCH,
10,Bihar,205,Madhepura,249597,Madhepura,Municipality,FULL MATCH,1.0,,EXACT MATCH,
10,Bihar,205,Madhepura,249598,Murliganj,Town Panchayat,FULL MATCH,1.0,,EXACT MATCH,
10,Bihar,205,Madhepura,299224,Bihariganj,Town Panchayat,FULL MATCH,1.0,,EXACT MATCH,
10,Bihar,205,Madhepura,299225,Singheshwar,Town Panchayat,FULL MATCH,1.0,,EXACT MATCH,
10,Bihar,205,Madhepura,299226,Udakishunganj,Municipality,FULL MATCH,1.0,,EXACT MATCH,
10,Bihar,205,Madhepura,299227,Alamnagar,Town Panchayat,FULL MATCH,1.0,,EXACT MATCH,
10,Bihar,205,Madhepura,300558,Bangaon,Town Panchayat,FULL MATCH,1.0,,EXACT MATCH,
10,Bihar,206,Madhubani,249578,Jainagar,Town Panchayat,FULL MATCH,1.0,,EXACT MATCH,
10,Bihar,206,Madhubani,249579,Madhubani,Municipal Corporations,FULL MATCH,1.0,,EXACT MATCH,
10,Bihar,206,Madhubani,249580,Jhanjharpur,Municipality,FULL MATCH,1.0,,EXACT MATCH,
10,Bihar,206,Madhubani,249581,Ghoghardiha,Town Panchayat,FULL MATCH,1.0,,EXACT MATCH,
10,Bihar,206,Madhubani,299284,Phulparas,Town Panchayat,FULL MATCH,1.0,,EXACT MATCH,
10,Bihar,206,Madhubani,299291,Benipatti,Town Panchayat,FULL MATCH,1.0,,EXACT MATCH,
10,Bihar,207,Munger,249634,Munger,Municipal Corporations,FULL MATCH,1.0,,EXACT MATCH,
10,Bihar,207,Munger,249635,Jamalpur,Municipality,FULL MATCH,1.0,,EXACT MATCH,
10,Bihar,207,Munger,299171,Haweli Kharagpur,Municipality,FULL MATCH,1.0,,EXACT MATCH,
10,Bihar,207,Munger,299175,Tarapur,Town Panchayat,FULL MATCH,1.0,,EXACT MATCH,
10,Bihar,207,Munger,300549,Asarganj,Town Panchayat,FULL MATCH,1.0,,EXACT MATCH,
10,Bihar,208,Muzaffarpur,249601,Motipur,Municipality,FULL MATCH,1.0,,EXACT MATCH,
10,Bihar,208,Muzaffarpur,249602,Kanti,Municipality,FULL MATCH,1.0,,EXACT MATCH,
10,Bihar,208,Muzaffarpur,249603,Muzaffarpur,Municipal Corporations,FULL MATCH,1.0,,EXACT MATCH,
10,Bihar,208,Muzaffarpur,253219,Sahebganj,Municipality,AMBIGUOUS MATCH,0.5,LOW DISPARITY,HIGH AMBIGUITY,208:Muzaffarpur(50.0%) | | | 218:Saran(50.0%)
10,Bihar,208,Muzaffarpur,299223,Minapur,Town Panchayat,FULL MATCH,1.0,,EXACT MATCH,
10,Bihar,208,Muzaffarpur,299228,Saraiya,Town Panchayat,FULL MATCH,1.0,,EXACT MATCH,
10,Bihar,208,Muzaffarpur,299230,Kurhani,Town Panchayat,FULL MATCH,1.0,,EXACT MATCH,
10,Bihar,208,Muzaffarpur,299240,Sakra,Town Panchayat,FULL MATCH,1.0,,EXACT MATCH,
10,Bihar,208,Muzaffarpur,299271,Mirganj,Town Panchayat,AMBIGUOUS MATCH,0.5,LOW DISPARITY,HIGH AMBIGUITY,208:Muzaffarpur(50.0%) | | | 222:Siwan(50.0%)
10,Bihar,208,Muzaffarpur,300551,Madhopur Susta,Town Panchayat,FULL MATCH,1.0,,EXACT MATCH,
10,Bihar,208,Muzaffarpur,300552,Muraul,Town Panchayat,FULL MATCH,1.0,,EXACT MATCH,
10,Bihar,208,Muzaffarpur,300563,Goraul,Town Panchayat,FULL MATCH,1.0,,EXACT MATCH,
10,Bihar,208,Muzaffarpur,300564,Baruraaj,Town Panchayat,FULL MATCH,1.0,,EXACT MATCH,
10,Bihar,209,Nalanda,249642,Biharsharif,Municipal Corporations,FULL MATCH,1.0,,EXACT MATCH,
10,Bihar,209,Nalanda,249643,Hilsa,Municipality,FULL MATCH,1.0,,EXACT MATCH,
10,Bihar,209,Nalanda,249644,Islampur,Municipality,FULL MATCH,1.0,,EXACT MATCH,
10,Bihar,209,Nalanda,249646,Silao,Town Panchayat,FULL MATCH,1.0,,EXACT MATCH,
10,Bihar,209,Nalanda,249649,Khagaul,Municipality,AI PREDICTION,1.0,,AMBIGUOUS PREDICTION,209:Nalanda(100.0%) | 212:Patna(100.0%)
10,Bihar,209,Nalanda,249685,Warisaliganj,Municipality,FULL MATCH,1.0,,EXACT MATCH,
10,Bihar,209,Nalanda,276429,Harnaut,Town Panchayat,FULL MATCH,1.0,,EXACT MATCH,
10,Bihar,209,Nalanda,277103,Barbigha,Municipality,FULL MATCH,1.0,,EXACT MATCH,
10,Bihar,209,Nalanda,299189,Wazirganj,Town Panchayat,FULL MATCH,1.0,,EXACT MATCH,
10,Bihar,209,Nalanda,299285,Giriak,Town Panchayat,FULL MATCH,1.0,,EXACT MATCH,
10,Bihar,209,Nalanda,299288,Chandi,Town Panchayat,FULL MATCH,1.0,,EXACT MATCH,
10,Bihar,209,Nalanda,299293,Asthawan,Town Panchayat,FULL MATCH,1.0,,EXACT MATCH,
10,Bihar,209,Nalanda,299296,Parbalpur,Town Panchayat,FULL MATCH,1.0,,EXACT MATCH,
10,Bihar,209,Nalanda,299297,Sarmera,Town Panchayat,FULL MATCH,1.0,,EXACT MATCH,
10,Bihar,209,Nalanda,299300,Rahui,Town Panchayat,FULL MATCH,1.0,,EXACT MATCH,
10,Bihar,209,Nalanda,299301,Ekangarsarai,Town Panchayat,FULL MATCH,1.0,,EXACT MATCH,
10,Bihar,209,Nalanda,299316,Rajgir,Municipality,FULL MATCH,1.0,,EXACT MATCH,
10,Bihar,209,Nalanda,299337,Noorsarai,Town Panchayat,FULL MATCH,1.0,,EXACT MATCH,
10,Bihar,209,Nalanda,299454,Nalanda,Town Panchayat,FULL MATCH,1.0,,EXACT MATCH,
10,Bihar,209,Nalanda,300553,Pawapuri,Town Panchayat,FULL MATCH,1.0,,EXACT MATCH,
10,Bihar,210,Nawada,249684,Nawada,Municipality,FULL MATCH,1.0,,EXACT MATCH,
10,Bihar,210,Nawada,249686,Hisua,Municipality,FULL MATCH,1.0,,EXACT MATCH,
10,Bihar,210,Nawada,300554,Rajauli,Town Panchayat,FULL MATCH,1.0,,EXACT MATCH,
10,Bihar,211,Pashchim Champaran,249560,Ramnagar,Town Panchayat,FULL MATCH,1.0,,EXACT MATCH,
10,Bihar,211,Pashchim Champaran,249561,Narkatiaganj,Municipality,FULL MATCH,1.0,,EXACT MATCH,
10,Bihar,211,Pashchim Champaran,249562,Bagaha,Municipality,FULL MATCH,1.0,,EXACT MATCH,
10,Bihar,211,Pashchim Champaran,249563,Chanpatia,Town Panchayat,FULL MATCH,1.0,,EXACT MATCH,
10,Bihar,211,Pashchim Champaran,249564,Bettiah,Municipal Corporations,FULL MATCH,1.0,,EXACT MATCH,
10,Bihar,211,Pashchim Champaran,299237,Bhawanipur,Town Panchayat,AMBIGUOUS MATCH,0.5,LOW DISPARITY,HIGH AMBIGUITY,211:Pashchim | Champaran(50.0%) | |
10,Bihar,211,Pashchim Champaran,300555,Lauria,Town Panchayat,FULL MATCH,1.0,,EXACT MATCH,
10,Bihar,211,Pashchim Champaran,301353,Yogapatti,Town Panchayat,FULL MATCH,1.0,,EXACT MATCH,
10,Bihar,212,Patna,249615,Sonepur,Municipality,FULL MATCH,1.0,,EXACT MATCH,
10,Bihar,212,Patna,249647,Maner,Municipality,FULL MATCH,1.0,,EXACT MATCH,
10,Bihar,212,Patna,249648,Danapur,Municipality,FULL MATCH,1.0,,EXACT MATCH,
10,Bihar,212,Patna,249650,Patna,Municipal Corporations,AMBIGUOUS MATCH,0.5769,HIGH DISPARITY,NEARLY RESOLVABLE,212:Patna(57.69%)
10,Bihar,212,Patna,249651,Phulwari Sharif,Municipality,FULL MATCH,1.0,,EXACT MATCH,
10,Bihar,212,Patna,249652,Masaurhi,Municipality,FULL MATCH,1.0,,EXACT MATCH,
10,Bihar,212,Patna,249653,Fatuha,Municipality,FULL MATCH,1.0,,EXACT MATCH,
10,Bihar,212,Patna,249654,Khusrupur,Town Panchayat,FULL MATCH,1.0,,EXACT MATCH,
10,Bihar,212,Patna,249656,Barh,Municipality,FULL MATCH,1.0,,EXACT MATCH,
10,Bihar,212,Patna,249657,Mokama,Municipality,FULL MATCH,1.0,,EXACT MATCH,
10,Bihar,212,Patna,265437,Parsa Bazar,Town Panchayat,AMBIGUOUS MATCH,0.5,LOW DISPARITY,HIGH AMBIGUITY,212:Patna(50.0%) | | | 218:Saran(50.0%)
10,Bihar,212,Patna,276644,Bikarm,Town Panchayat,FULL MATCH,1.0,,EXACT MATCH,
10,Bihar,212,Patna,276645,Naubatpur,Town Panchayat,FULL MATCH,1.0,,EXACT MATCH,
10,Bihar,212,Patna,277098,Bakhtiyarpur,Municipality,FULL MATCH,1.0,,EXACT MATCH,
10,Bihar,212,Patna,299176,Bihta,Municipality,FULL MATCH,1.0,,EXACT MATCH,
10,Bihar,212,Patna,299178,Sampatchak,Municipality,FULL MATCH,1.0,,EXACT MATCH,
10,Bihar,212,Patna,299196,Punpun,Town Panchayat,FULL MATCH,1.0,,EXACT MATCH,
10,Bihar,212,Patna,299205,Paliganj,Town Panchayat,FULL MATCH,1.0,,EXACT MATCH,
10,Bihar,213,Purbi Champaran,249565,Raxaul,Municipality,FULL MATCH,1.0,,EXACT MATCH,
10,Bihar,213,Purbi Champaran,249566,Sugauli,Town Panchayat,FULL MATCH,1.0,,EXACT MATCH,
10,Bihar,213,Purbi Champaran,249567,Dhaka,Municipality,FULL MATCH,1.0,,EXACT MATCH,
10,Bihar,213,Purbi Champaran,249568,Motihari,Municipal Corporations,FULL MATCH,1.0,,EXACT MATCH,
10,Bihar,213,Purbi Champaran,249570,Areraj,Town Panchayat,FULL MATCH,1.0,,EXACT MATCH,
10,Bihar,213,Purbi Champaran,249571,Chakia,Municipality,FULL MATCH,1.0,,EXACT MATCH,
10,Bihar,213,Purbi Champaran,277126,Kesaria,Town Panchayat,FULL MATCH,1.0,,EXACT MATCH,
10,Bihar,213,Purbi Champaran,277127,Pakri Dayal,Town Panchayat,FULL MATCH,1.0,,EXACT MATCH,
10,Bihar,213,Purbi Champaran,277128,Mehsi,Town Panchayat,FULL MATCH,1.0,,EXACT MATCH,
10,Bihar,213,Purbi Champaran,299129,Pipra,Town Panchayat,AMBIGUOUS MATCH,0.5,LOW DISPARITY,HIGH AMBIGUITY,213:Purbi | Champaran(50.0%) | |
10,Bihar,213,Purbi Champaran,300556,Macharganwa,Town Panchayat,FULL MATCH,1.0,,EXACT MATCH,
10,Bihar,214,Purnia,249592,Purnea,Municipal Corporations,FULL MATCH,1.0,,EXACT MATCH,
10,Bihar,214,Purnia,299233,Kasba,Municipality,FULL MATCH,1.0,,EXACT MATCH,
10,Bihar,214,Purnia,299236,Dhamdaha,Town Panchayat,FULL MATCH,1.0,,EXACT MATCH,
10,Bihar,214,Purnia,299238,Rupauli,Town Panchayat,FULL MATCH,1.0,,EXACT MATCH,
10,Bihar,215,Rohtas,249667,Koath,Town Panchayat,FULL MATCH,1.0,,EXACT MATCH,
10,Bihar,215,Rohtas,249668,Bikramganj,Municipality,FULL MATCH,1.0,,EXACT MATCH,
10,Bihar,215,Rohtas,249669,Nokha,Municipality,FULL MATCH,1.0,,EXACT MATCH,
10,Bihar,215,Rohtas,249670,Sasaram,Municipal Corporations,FULL MATCH,1.0,,EXACT MATCH,
10,Bihar,215,Rohtas,249671,Dehri Dalmianagar,Municipality,FULL MATCH,1.0,,EXACT MATCH,
10,Bihar,215,Rohtas,276405,Kochas,Town Panchayat,FULL MATCH,1.0,,EXACT MATCH,
10,Bihar,215,Rohtas,276646,Nasriganj,Town Panchayat,FULL MATCH,1.0,,EXACT MATCH,
10,Bihar,215,Rohtas,299304,Karakat,Town Panchayat,FULL MATCH,1.0,,EXACT MATCH,
10,Bihar,215,Rohtas,299306,Dinara,Town Panchayat,FULL MATCH,1.0,,EXACT MATCH,
10,Bihar,215,Rohtas,299307,Chenari,Town Panchayat,FULL MATCH,1.0,,EXACT MATCH,
10,Bihar,215,Rohtas,301296,ROHTAS,Town Panchayat,FULL MATCH,1.0,,EXACT MATCH,
10,Bihar,215,Rohtas,305270,JAMHAUR,Town Panchayat,FULL MATCH,1.0,,EXACT MATCH,
10,Bihar,216,Saharsa,249599,Saharsa,Municipal Corporations,AI PREDICTION,1.0,,AMBIGUOUS PREDICTION,216:Saharsa(100.0%) | 202:Khagaria(100.0%) | 205:Madhepura(100.0%)
10,Bihar,216,Saharsa,299160,Nauhatta,Town Panchayat,FULL MATCH,1.0,,EXACT MATCH,
10,Bihar,216,Saharsa,299162,Kahra,Town Panchayat,FULL MATCH,1.0,,EXACT MATCH,
10,Bihar,216,Saharsa,299163,Sour Bazar,Town Panchayat,FULL MATCH,1.0,,EXACT MATCH,
10,Bihar,216,Saharsa,299164,Simri Bakhtiarpur,Municipality,FULL MATCH,1.0,,EXACT MATCH,
10,Bihar,217,Samastipur,249619,Samastipur,Municipal Corporations,FULL MATCH,1.0,,EXACT MATCH,
10,Bihar,217,Samastipur,249621,Dalsinghsarai,Municipality,FULL MATCH,1.0,,EXACT MATCH,
10,Bihar,217,Samastipur,249622,Rosera,Municipality,FULL MATCH,1.0,,EXACT MATCH,
10,Bihar,217,Samastipur,299173,Sarairanjan,Town Panchayat,FULL MATCH,1.0,,EXACT MATCH,
10,Bihar,217,Samastipur,299195,Singhia,Town Panchayat,FULL MATCH,1.0,,EXACT MATCH,
10,Bihar,217,Samastipur,299229,Shahpur Patori,Municipality,FULL MATCH,1.0,,EXACT MATCH,
10,Bihar,217,Samastipur,299448,Tajpur,Municipality,FULL MATCH,1.0,,EXACT MATCH,
10,Bihar,217,Samastipur,300559,Musri Gharari,Town Panchayat,FULL MATCH,1.0,,EXACT MATCH,
10,Bihar,218,Saran,249611,Rivilganj,Town Panchayat,FULL MATCH,1.0,,EXACT MATCH,
10,Bihar,218,Saran,249612,Chapra,Municipal Corporations,FULL MATCH,1.0,,EXACT MATCH,
10,Bihar,218,Saran,249613,Marhaura,Town Panchayat,FULL MATCH,1.0,,EXACT MATCH,
10,Bihar,218,Saran,249614,Dighwara,Town Panchayat,FULL MATCH,1.0,,EXACT MATCH,
10,Bihar,218,Saran,265438,Ekma Bazar,Town Panchayat,FULL MATCH,1.0,,EXACT MATCH,
10,Bihar,218,Saran,299156,Manjhi,Town Panchayat,FULL MATCH,1.0,,EXACT MATCH,
10,Bihar,218,Saran,299157,Mashrakh,Town Panchayat,FULL MATCH,1.0,,EXACT MATCH,
10,Bihar,218,Saran,299159,Jalalpur,Town Panchayat,FULL MATCH,1.0,,EXACT MATCH,
10,Bihar,218,Saran,299232,Amour,Town Panchayat,FULL MATCH,1.0,,EXACT MATCH,
10,Bihar,218,Saran,300560,Kopa,Town Panchayat,FULL MATCH,1.0,,EXACT MATCH,
10,Bihar,218,Saran,300561,Gopalpur,Town Panchayat,FULL MATCH,1.0,,EXACT MATCH,
10,Bihar,219,Sheikhpura,249641,Sheikhpura,Municipality,FULL MATCH,1.0,,EXACT MATCH,
10,Bihar,219,Sheikhpura,299150,Sheikhopur Sarai,Town Panchayat,FULL MATCH,1.0,,EXACT MATCH,
10,Bihar,220,Sheohar,249574,Belsand,Town Panchayat,FULL MATCH,1.0,,EXACT MATCH,
10,Bihar,220,Sheohar,299145,Sheohar,Municipality,FULL MATCH,1.0,,EXACT MATCH,
10,Bihar,221,Sitamarhi,249573,Bairgania,Municipality,FULL MATCH,1.0,,EXACT MATCH,
10,Bihar,221,Sitamarhi,249575,Sitamarhi,Municipal Corporations,FULL MATCH,1.0,,EXACT MATCH,
10,Bihar,221,Sitamarhi,249577,Janakpur Road,Municipality,FULL MATCH,1.0,,EXACT MATCH,
10,Bihar,221,Sitamarhi,260469,Bisahi,Municipality,FULL MATCH,1.0,,EXACT MATCH,
10,Bihar,221,Sitamarhi,290059,Sursand,Town Panchayat,FULL MATCH,1.0,,EXACT MATCH,
10,Bihar,221,Sitamarhi,299149,Pupri,Municipality,FULL MATCH,1.0,,EXACT MATCH,
10,Bihar,221,Sitamarhi,299161,Sonbarsa,Town Panchayat,FULL MATCH,1.0,,EXACT MATCH,
10,Bihar,222,Siwan,249604,Kataiya,Town Panchayat,FULL MATCH,1.0,,EXACT MATCH,
10,Bihar,222,Siwan,249605,Mirganj,Municipality,FULL MATCH,1.0,,EXACT MATCH,
10,Bihar,222,Siwan,249606,Gopalganj,Municipality,FULL MATCH,1.0,,EXACT MATCH,
10,Bihar,222,Siwan,249608,Siwan,Municipality,FULL MATCH,1.0,,EXACT MATCH,
10,Bihar,222,Siwan,249609,Maharajganj,Town Panchayat,FULL MATCH,1.0,,EXACT MATCH,
10,Bihar,222,Siwan,249610,Mairwa,Town Panchayat,FULL MATCH,1.0,,EXACT MATCH,
10,Bihar,222,Siwan,249658,Shahpur,Town Panchayat,FULL MATCH,1.0,,EXACT MATCH,
10,Bihar,222,Siwan,277131,Barauli,Municipality,FULL MATCH,1.0,,EXACT MATCH,
10,Bihar,222,Siwan,299132,Hussainganj,Town Panchayat,FULL MATCH,1.0,,EXACT MATCH,
10,Bihar,222,Siwan,299133,Hasanpura,Town Panchayat,FULL MATCH,1.0,,EXACT MATCH,
10,Bihar,222,Siwan,299134,Andar,Town Panchayat,FULL MATCH,1.0,,EXACT MATCH,
10,Bihar,222,Siwan,299136,Guthani,Town Panchayat,FULL MATCH,1.0,,EXACT MATCH,
10,Bihar,222,Siwan,299138,Hathua,Town Panchayat,FULL MATCH,1.0,,EXACT MATCH,
10,Bihar,222,Siwan,299139,Basantpur,Town Panchayat,FULL MATCH,1.0,,EXACT MATCH,
10,Bihar,222,Siwan,299143,Barharia,Town Panchayat,FULL MATCH,1.0,,EXACT MATCH,
10,Bihar,223,Supaul,249582,Nirmali,Town Panchayat,FULL MATCH,1.0,,EXACT MATCH,
10,Bihar,223,Supaul,249583,Birpur,Town Panchayat,FULL MATCH,1.0,,EXACT MATCH,
10,Bihar,223,Supaul,249584,Supaul,Municipality,FULL MATCH,1.0,,EXACT MATCH,
10,Bihar,223,Supaul,299128,Tribeniganj,Municipality,FULL MATCH,1.0,,EXACT MATCH,
10,Bihar,223,Supaul,300562,Simrahi,Town Panchayat,FULL MATCH,1.0,,EXACT MATCH,
10,Bihar,224,Vaishali,249616,Lalganj,Municipality,FULL MATCH,1.0,,EXACT MATCH,
10,Bihar,224,Vaishali,249617,Hajipur,Municipality,FULL MATCH,1.0,,EXACT MATCH,
10,Bihar,224,Vaishali,249618,Mahnar,Municipality,FULL MATCH,1.0,,EXACT MATCH,
10,Bihar,224,Vaishali,277125,Mahua,Municipality,FULL MATCH,1.0,,EXACT MATCH,
10,Bihar,224,Vaishali,299127,Patepur,Town Panchayat,FULL MATCH,1.0,,EXACT MATCH,
10,Bihar,224,Vaishali,299273,Jandaha,Town Panchayat,FULL MATCH,1.0,,EXACT MATCH,
10,Bihar,611,Arwal,299116,Kurtha,Town Panchayat,FULL MATCH,1.0,,EXACT MATCH,
11,Sikkim,225,Gangtok,249693,Nayabazar Jorethang Nagar Panchayat,Town Panchayat,FULL MATCH,1.0,,EXACT MATCH,
11,Sikkim,225,Gangtok,249694,Gangtok (M Corp.),Municipal Corporations,FULL MATCH,1.0,,EXACT MATCH,
11,Sikkim,225,Gangtok,249695,Singtam (Np),Town Panchayat,FULL MATCH,1.0,,EXACT MATCH,
11,Sikkim,226,Mangan,249689,Mangan Nagar Panchayat,Town Panchayat,FULL MATCH,1.0,,EXACT MATCH,
11,Sikkim,227,Namchi,249692,Namchi Municipal Council,Municipality,FULL MATCH,1.0,,EXACT MATCH,
11,Sikkim,228,Gyalshing,249690,Gyalshing Nagar Panchayat,Town Panchayat,FULL MATCH,1.0,,EXACT MATCH,
11,Sikkim,741,Pakyong,290460,Rangpo (Np),Town Panchayat,AMBIGUOUS MATCH,0.5,HIGH DISPARITY,NEARLY RESOLVABLE,741:Pakyong(50.0%)
12,Arunachal Pradesh,229,Changlang,249710,Namsai,Town Panchayat,FULL MATCH,1.0,,EXACT MATCH,
12,Arunachal Pradesh,229,Changlang,249711,Changlang,Town Panchayat,FULL MATCH,1.0,,EXACT MATCH,
12,Arunachal Pradesh,229,Changlang,249712,Jairampur,Town Panchayat,FULL MATCH,1.0,,EXACT MATCH,
12,Arunachal Pradesh,229,Changlang,299586,Bordumsa,Town Panchayat,FULL MATCH,1.0,,EXACT MATCH,
12,Arunachal Pradesh,229,Changlang,299590,Kharsang,Town Panchayat,FULL MATCH,1.0,,EXACT MATCH,
12,Arunachal Pradesh,231,East Kameng,249700,Seppa,Town Panchayat,FULL MATCH,1.0,,EXACT MATCH,
12,Arunachal Pradesh,231,East Kameng,299587,Chayangtajo,Town Panchayat,FULL MATCH,1.0,,EXACT MATCH,
12,Arunachal Pradesh,231,East Kameng,299591,Lemmi,Town Panchayat,FULL MATCH,1.0,,EXACT MATCH,
12,Arunachal Pradesh,232,East Siang,249707,Pasighat,Town Panchayat,AMBIGUOUS MATCH,0.5,LOW DISPARITY,HIGH AMBIGUITY,232:East | Siang(50.0%) | |
12,Arunachal Pradesh,232,East Siang,276622,Pasighat,Municipality,FULL MATCH,1.0,,EXACT MATCH,
12,Arunachal Pradesh,232,East Siang,299592,Ruksin,Town Panchayat,FULL MATCH,1.0,,EXACT MATCH,
12,Arunachal Pradesh,233,Kurung Kumey,299594,Sangram,Town Panchayat,FULL MATCH,1.0,,EXACT MATCH,
12,Arunachal Pradesh,234,Lohit,249709,Tezu,Town Panchayat,FULL MATCH,1.0,,EXACT MATCH,
12,Arunachal Pradesh,235,Lower Dibang Valley,249708,Roing,Town Panchayat,FULL MATCH,1.0,,EXACT MATCH,
12,Arunachal Pradesh,236,Lower Subansiri,299585,Raga,Town Panchayat,FULL MATCH,1.0,,EXACT MATCH,
12,Arunachal Pradesh,237,Papum Pare,249701,Itanagar,Town Panchayat,FULL MATCH,1.0,,EXACT MATCH,
12,Arunachal Pradesh,237,Papum Pare,249702,Naharlagun,Town Panchayat,FULL MATCH,1.0,,EXACT MATCH,
12,Arunachal Pradesh,237,Papum Pare,276621,Itanagar,Municipal Corporations,FULL MATCH,1.0,,EXACT MATCH,
12,Arunachal Pradesh,237,Papum Pare,299583,Kimin,Town Panchayat,FULL MATCH,1.0,,EXACT MATCH,
12,Arunachal Pradesh,237,Papum Pare,299584,Doimukh,Town Panchayat,FULL MATCH,1.0,,EXACT MATCH,
12,Arunachal Pradesh,237,Papum Pare,299596,Yachuli,Town Panchayat,FULL MATCH,1.0,,EXACT MATCH,
12,Arunachal Pradesh,238,Tawang,249698,Tawang,Town Panchayat,FULL MATCH,1.0,,EXACT MATCH,
12,Arunachal Pradesh,239,Tirap,249713,Deomali,Town Panchayat,FULL MATCH,1.0,,EXACT MATCH,
12,Arunachal Pradesh,239,Tirap,249714,Khonsa,Town Panchayat,FULL MATCH,1.0,,EXACT MATCH,
12,Arunachal Pradesh,241,Upper Subansiri,249704,Daporijo,Town Panchayat,FULL MATCH,1.0,,EXACT MATCH,
12,Arunachal Pradesh,241,Upper Subansiri,299582,Dumporijo,Town Panchayat,FULL MATCH,1.0,,EXACT MATCH,
12,Arunachal Pradesh,242,West Kameng,249699,Bomdila,Town Panchayat,FULL MATCH,1.0,,EXACT MATCH,
12,Arunachal Pradesh,242,West Kameng,299589,Kalaktang,Town Panchayat,FULL MATCH,1.0,,EXACT MATCH,
12,Arunachal Pradesh,242,West Kameng,299593,Rupa,Town Panchayat,FULL MATCH,1.0,,EXACT MATCH,
12,Arunachal Pradesh,243,West Siang,249705,Along,Town Panchayat,FULL MATCH,1.0,,EXACT MATCH,
12,Arunachal Pradesh,243,West Siang,249706,Basar,Town Panchayat,FULL MATCH,1.0,,EXACT MATCH,
12,Arunachal Pradesh,628,Anjaw,299588,Hayuliang,Town Panchayat,FULL MATCH,1.0,,EXACT MATCH,
12,Arunachal Pradesh,725,Shi Yomi,299595,Tato,Town Panchayat,FULL MATCH,1.0,,EXACT MATCH,
12,Arunachal Pradesh,725,Shi Yomi,299597,Mechuka,Town Panchayat,FULL MATCH,1.0,,EXACT MATCH,
12,Arunachal Pradesh,786,Keyi Panyor,249703,Ziro,Town Panchayat,FULL MATCH,1.0,,EXACT MATCH,
13,Nagaland,244,Dimapur,249720,Dimapur Municipal Council,Municipality,FULL MATCH,1.0,,EXACT MATCH,
13,Nagaland,244,Dimapur,249721,Chumukedima Town Council,Town Panchayat,FULL MATCH,1.0,,EXACT MATCH,
13,Nagaland,244,Dimapur,276217,East Dimapur Town Council,Town Panchayat,FULL MATCH,1.0,,EXACT MATCH,
13,Nagaland,244,Dimapur,299083,Niuland Town Council,Town Panchayat,FULL MATCH,1.0,,EXACT MATCH,
13,Nagaland,245,Kohima,299088,Chiephobozou Town Council,Town Panchayat,FULL MATCH,1.0,,EXACT MATCH,
13,Nagaland,246,Mokokchung,249717,Mokokchung Municipal Council,Municipality,FULL MATCH,1.0,,EXACT MATCH,
13,Nagaland,246,Mokokchung,253206,Tuli Town Council,Town Panchayat,FULL MATCH,1.0,,EXACT MATCH,
13,Nagaland,246,Mokokchung,253207,Changtongya Town Council,Town Panchayat,FULL MATCH,1.0,,EXACT MATCH,
13,Nagaland,246,Mokokchung,276221,Mangkolemba Town Council,Town Panchayat,FULL MATCH,1.0,,EXACT MATCH,
13,Nagaland,247,Mon,249715,Mon Town Council,Town Panchayat,FULL MATCH,1.0,,EXACT MATCH,
13,Nagaland,247,Mon,253203,Naginimora Town Council,Town Panchayat,FULL MATCH,1.0,,EXACT MATCH,
13,Nagaland,247,Mon,276216,Aboi Town Council,Town Panchayat,FULL MATCH,1.0,,EXACT MATCH,
13,Nagaland,247,Mon,276227,Tizit Town Council,Town Panchayat,FULL MATCH,1.0,,EXACT MATCH,
13,Nagaland,247,Mon,276228,Tobu Town Council,Town Panchayat,FULL MATCH,1.0,,EXACT MATCH,
13,Nagaland,248,Phek,249723,Phek Town Council,Town Panchayat,FULL MATCH,1.0,,EXACT MATCH,
13,Nagaland,248,Phek,253210,Pfutsero Town Council,Town Panchayat,FULL MATCH,1.0,,EXACT MATCH,
13,Nagaland,248,Phek,276220,Chozuba Town Council,Town Panchayat,FULL MATCH,1.0,,EXACT MATCH,
13,Nagaland,249,Tuensang,249716,Tuensang Town Council,Town Panchayat,FULL MATCH,1.0,,EXACT MATCH,
13,Nagaland,249,Tuensang,276218,Longkhim Town Council,Town Panchayat,FULL MATCH,1.0,,EXACT MATCH,
13,Nagaland,249,Tuensang,276223,Noklak Town Council,Town Panchayat,FULL MATCH,1.0,,EXACT MATCH,
13,Nagaland,249,Tuensang,276225,Shamator Town Council,Town Panchayat,FULL MATCH,1.0,,EXACT MATCH,
13,Nagaland,250,Wokha,249719,Wokha Town Council,Town Panchayat,FULL MATCH,1.0,,EXACT MATCH,
13,Nagaland,250,Wokha,276219,Bhandari Town Council,Town Panchayat,FULL MATCH,1.0,,EXACT MATCH,
13,Nagaland,251,Zunheboto,249718,Zunheboto Town Council,Town Panchayat,FULL MATCH,1.0,,EXACT MATCH,
13,Nagaland,251,Zunheboto,253209,Tseminyu Town Council,Town Panchayat,FULL MATCH,1.0,,EXACT MATCH,
13,Nagaland,251,Zunheboto,299085,Aghunato Town Council,Town Panchayat,FULL MATCH,1.0,,EXACT MATCH,
13,Nagaland,251,Zunheboto,299086,Atoizu Town Council,Town Panchayat,FULL MATCH,1.0,,EXACT MATCH,
13,Nagaland,251,Zunheboto,299087,Satakha Town Council,Town Panchayat,FULL MATCH,1.0,,EXACT MATCH,
13,Nagaland,613,Peren,249722,Kohima Municipal Council,Municipality,AI PREDICTION,1.0,,AMBIGUOUS PREDICTION,613:Peren(100.0%) | 244:Dimapur(100.0%) | 757:Tseminyu(100.0%)
13,Nagaland,613,Peren,253204,Peren Town Council,Town Panchayat,FULL MATCH,1.0,,EXACT MATCH,
13,Nagaland,613,Peren,253205,Jalukie Town Council,Town Panchayat,FULL MATCH,1.0,,EXACT MATCH,
13,Nagaland,613,Peren,253213,Medziphema Town Council,Town Panchayat,FULL MATCH,1.0,,EXACT MATCH,
13,Nagaland,613,Peren,276226,Tening Town Council,Town Panchayat,FULL MATCH,1.0,,EXACT MATCH,
13,Nagaland,614,Kiphire,253202,Kiphire Town Council,Town Panchayat,FULL MATCH,1.0,,EXACT MATCH,
13,Nagaland,614,Kiphire,276224,Pungro Town Council,Town Panchayat,FULL MATCH,1.0,,EXACT MATCH,
13,Nagaland,614,Kiphire,299082,Seyochung Town Council,Town Panchayat,FULL MATCH,1.0,,EXACT MATCH,
13,Nagaland,615,Longleng,253201,Longleng Town Council,Town Panchayat,FULL MATCH,1.0,,EXACT MATCH,
13,Nagaland,615,Longleng,299084,Tamlu Town Council,Town Panchayat,FULL MATCH,1.0,,EXACT MATCH,
13,Nagaland,788,Meluri,276222,Meluri Town Council,Town Panchayat,FULL MATCH,1.0,,EXACT MATCH,
14,Manipur,252,Bishnupur,276501,Bishnupur,Municipality,FULL MATCH,1.0,,EXACT MATCH,
14,Manipur,253,Chandel,276500,Kakching,Municipality,FULL MATCH,1.0,,EXACT MATCH,
14,Manipur,253,Chandel,276510,Sugunu,Municipality,FULL MATCH,1.0,,EXACT MATCH,
14,Manipur,253,Chandel,276536,Kakching Khunou,Municipality,FULL MATCH,1.0,,EXACT MATCH,
14,Manipur,255,Imphal East,276508,Lamlai,Municipality,FULL MATCH,1.0,,EXACT MATCH,
14,Manipur,255,Imphal East,276513,Yairipok,Municipality,FULL MATCH,1.0,,EXACT MATCH,
14,Manipur,255,Imphal East,276527,Andro,Municipality,FULL MATCH,1.0,,EXACT MATCH,
14,Manipur,255,Imphal East,276547,Imphal,Municipal Corporations,FULL MATCH,1.0,,EXACT MATCH,
14,Manipur,255,Imphal East,276548,Lilong (Imphal West),Municipality,FULL MATCH,1.0,,EXACT MATCH,
14,Manipur,256,Imphal West,276505,Kumbi,Municipality,AI PREDICTION,1.0,,AMBIGUOUS PREDICTION,256:Imphal West(100.0%) | 257:Senapati(100.0%) | 258:Tamenglong(100.0%)
14,Manipur,256,Imphal West,276506,Oinam,Municipality,FULL MATCH,1.0,,EXACT MATCH,
14,Manipur,256,Imphal West,276509,Shikhong Sekmai,Municipality,FULL MATCH,1.0,,EXACT MATCH,
14,Manipur,256,Imphal West,276514,Moirang,Municipality,AI PREDICTION,1.0,,AMBIGUOUS PREDICTION,256:Imphal West(100.0%) | 257:Senapati(100.0%) | 258:Tamenglong(100.0%)
14,Manipur,256,Imphal West,276515,Nambol,Municipality,FULL MATCH,1.0,,EXACT MATCH,
14,Manipur,256,Imphal West,276525,Kwakta,Municipality,FULL MATCH,1.0,,EXACT MATCH,
14,Manipur,256,Imphal West,276530,Ningthoukhong,Municipality,AI PREDICTION,1.0,,AMBIGUOUS PREDICTION,256:Imphal West(100.0%) | 257:Senapati(100.0%) | 258:Tamenglong(100.0%)
14,Manipur,256,Imphal West,276545,Lamsang,Municipality,FULL MATCH,1.0,,EXACT MATCH,
14,Manipur,256,Imphal West,276549,Wangoi,Municipality,FULL MATCH,1.0,,EXACT MATCH,
14,Manipur,256,Imphal West,276550,Thongkhong Laxmi,Municipality,FULL MATCH,1.0,,EXACT MATCH,
14,Manipur,256,Imphal West,276551,Samourou,Municipality,FULL MATCH,1.0,,EXACT MATCH,
14,Manipur,256,Imphal West,276552,Mayang Imphal,Municipality,FULL MATCH,1.0,,EXACT MATCH,
14,Manipur,256,Imphal West,276553,Sekmai,Municipality,FULL MATCH,1.0,,EXACT MATCH,
14,Manipur,259,Thoubal,276498,Thoubal,Municipality,FULL MATCH,1.0,,EXACT MATCH,
14,Manipur,259,Thoubal,276502,Lilong (Thoubal),Municipality,FULL MATCH,1.0,,EXACT MATCH,
14,Manipur,259,Thoubal,276511,Wangjing Lamding,Municipality,FULL MATCH,1.0,,EXACT MATCH,
14,Manipur,259,Thoubal,276546,Heirok,Municipality,FULL MATCH,1.0,,EXACT MATCH,
14,Manipur,713,Jiribam,276503,Jiribam,Municipality,FULL MATCH,1.0,,EXACT MATCH,
15,Mizoram,261,Aizawl,249763,Lengpui,Notified Area Council,FULL MATCH,1.0,,EXACT MATCH,
15,Mizoram,261,Aizawl,249768,Darlawn,Notified Area Council,FULL MATCH,1.0,,EXACT MATCH,
15,Mizoram,261,Aizawl,249769,Sairang,Notified Area Council,FULL MATCH,1.0,,EXACT MATCH,
15,Mizoram,261,Aizawl,249770,Aizawl,Notified Area Council,FULL MATCH,1.0,,EXACT MATCH,
15,Mizoram,261,Aizawl,277318,Aizawl Municipal Co-Operation,Municipal Corporations,AMBIGUOUS MATCH,0.3333,MODERATE DISPARITY,MODERATE AMBIGUITY,261:Aizawl(33.33%) | | | 727:Saitual(11.11%)
15,Mizoram,262,Champhai,249773,Champhai,Notified Area Council,FULL MATCH,1.0,,EXACT MATCH,
15,Mizoram,262,Champhai,249774,Khawhai,Notified Area Council,AMBIGUOUS MATCH,0.5,LOW DISPARITY,HIGH AMBIGUITY,262:Champhai(50.0%) | | | 728:Khawzawl(50.0%)
15,Mizoram,263,Kolasib,249764,Vairengte,Notified Area Council,FULL MATCH,1.0,,EXACT MATCH,
15,Mizoram,263,Kolasib,249765,Bairabi,Notified Area Council,FULL MATCH,1.0,,EXACT MATCH,
15,Mizoram,263,Kolasib,249766,Kolasib,Notified Area Council,FULL MATCH,1.0,,EXACT MATCH,
15,Mizoram,263,Kolasib,249767,N.Kawnpui,Notified Area Council,FULL MATCH,1.0,,EXACT MATCH,
15,Mizoram,264,Lawngtlai,249782,Saiha,Notified Area Council,FULL MATCH,1.0,,EXACT MATCH,
15,Mizoram,265,Lunglei,249777,Thenzawl,Notified Area Council,FULL MATCH,1.0,,EXACT MATCH,
15,Mizoram,265,Lunglei,249779,Tlabung,Notified Area Council,FULL MATCH,1.0,,EXACT MATCH,
15,Mizoram,265,Lunglei,249780,Lunglei,Notified Area Council,FULL MATCH,1.0,,EXACT MATCH,
15,Mizoram,266,Mamit,249761,Zawlnuam,Notified Area Council,FULL MATCH,1.0,,EXACT MATCH,
15,Mizoram,266,Mamit,249762,Mamit,Notified Area Council,FULL MATCH,1.0,,EXACT MATCH,
15,Mizoram,268,Serchhip,249771,Saitual,Notified Area Council,FULL MATCH,1.0,,EXACT MATCH,
15,Mizoram,268,Serchhip,249775,Biate,Notified Area Council,FULL MATCH,1.0,,EXACT MATCH,
15,Mizoram,268,Serchhip,249776,Serchhip,Notified Area Council,FULL MATCH,1.0,,EXACT MATCH,
15,Mizoram,268,Serchhip,249778,N.Vanlaiphai,Notified Area Council,FULL MATCH,1.0,,EXACT MATCH,
15,Mizoram,726,Hnahthial,249781,Hnahthial,Notified Area Council,FULL MATCH,1.0,,EXACT MATCH,
15,Mizoram,728,Khawzawl,249772,Khawzawl,Notified Area Council,FULL MATCH,1.0,,EXACT MATCH,
16,Tripura,269,Dhalai,249800,Kamalpur Nagar Panchayat,Town Panchayat,FULL MATCH,1.0,,EXACT MATCH,
16,Tripura,269,Dhalai,249802,Ambassa Municipal Council,Municipality,FULL MATCH,1.0,,EXACT MATCH,
16,Tripura,270,North Tripura,249803,Dharmanagar Municipal Council,Municipality,FULL MATCH,1.0,,EXACT MATCH,
16,Tripura,270,North Tripura,261688,Panisagar Nagar Panchayat,Town Panchayat,FULL MATCH,1.0,,EXACT MATCH,
16,Tripura,271,South Tripura,249798,Belonia Municipal Council,Municipality,FULL MATCH,1.0,,EXACT MATCH,
16,Tripura,271,South Tripura,249799,Sabroom Nagar Panchayat,Town Panchayat,FULL MATCH,1.0,,EXACT MATCH,
16,Tripura,271,South Tripura,261689,Santirbazar Municipal Council,Municipality,FULL MATCH,1.0,,EXACT MATCH,
16,Tripura,272,West Tripura,249785,Agartala Municipal Corporation,Municipal Corporations,AMBIGUOUS MATCH,0.6,HIGH DISPARITY,NEARLY RESOLVABLE,272:West | Tripura(60.0%)
16,Tripura,272,West Tripura,249786,Ranirbazar Municipal Council,Municipality,FULL MATCH,1.0,,EXACT MATCH,
16,Tripura,272,West Tripura,249788,Narsingarh,Town Panchayat,FULL MATCH,1.0,,EXACT MATCH,
16,Tripura,272,West Tripura,249789,Gandhigram,Town Panchayat,FULL MATCH,1.0,,EXACT MATCH,
16,Tripura,272,West Tripura,249790,Kunjaban,Town Panchayat,FULL MATCH,1.0,,EXACT MATCH,
16,Tripura,272,West Tripura,249791,Indranagar,Town Panchayat,FULL MATCH,1.0,,EXACT MATCH,
16,Tripura,272,West Tripura,249792,Jogendranagar,Town Panchayat,FULL MATCH,1.0,,EXACT MATCH,
16,Tripura,272,West Tripura,249793,Pratapgarh,Town Panchayat,FULL MATCH,1.0,,EXACT MATCH,
16,Tripura,272,West Tripura,249794,Badharghat,Town Panchayat,FULL MATCH,1.0,,EXACT MATCH,
16,Tripura,272,West Tripura,261687,Jirania Nagar Panchayat,Town Panchayat,FULL MATCH,1.0,,EXACT MATCH,
16,Tripura,272,West Tripura,261692,Mohanpur Municipal Council,Municipality,FULL MATCH,1.0,,EXACT MATCH,
16,Tripura,652,Khowai,249783,Khowai Municipal Council,Municipality,AMBIGUOUS MATCH,0.5,HIGH DISPARITY,NEARLY RESOLVABLE,652:Khowai(50.0%)
16,Tripura,652,Khowai,249784,Teliamura Municipal Council,Municipality,FULL MATCH,1.0,,EXACT MATCH,
16,Tripura,653,Sepahijala,249787,Sonamura Nagar Panchayat,Town Panchayat,FULL MATCH,1.0,,EXACT MATCH,
16,Tripura,653,Sepahijala,249797,Amarpur Nagar Panchayat,Town Panchayat,FULL MATCH,1.0,,EXACT MATCH,
16,Tripura,653,Sepahijala,261690,Bishalgarh Municipal Council,Municipality,FULL MATCH,1.0,,EXACT MATCH,
16,Tripura,653,Sepahijala,261691,Melaghar Municipal Council,Municipality,FULL MATCH,1.0,,EXACT MATCH,
16,Tripura,654,Gomati,249796,Udaipur Municipal Council,Municipality,FULL MATCH,1.0,,EXACT MATCH,
16,Tripura,655,Unakoti,249804,Kailashahar Municipal Council,Municipality,FULL MATCH,1.0,,EXACT MATCH,
16,Tripura,655,Unakoti,249805,Kumarghat Municipal Council,Municipality,FULL MATCH,1.0,,EXACT MATCH,
17,Meghalaya,273,East Garo Hills,249807,Resubelpara,Municipality,FULL MATCH,1.0,,EXACT MATCH,
17,Meghalaya,273,East Garo Hills,249808,Williamnagar,Municipality,FULL MATCH,1.0,,EXACT MATCH,
17,Meghalaya,274,East Khasi Hills,249814,Shillong,Municipality,FULL MATCH,1.0,,EXACT MATCH,
17,Meghalaya,275,West Jaintia Hills,249820,Jowai,Municipality,FULL MATCH,1.0,,EXACT MATCH,
17,Meghalaya,275,West Jaintia Hills,279714,Khliehriat,Town Panchayat,FULL MATCH,1.0,,EXACT MATCH,
17,Meghalaya,276,Ri Bhoi,249810,Nongstoin,Town Panchayat,FULL MATCH,1.0,,EXACT MATCH,
17,Meghalaya,276,Ri Bhoi,249812,Nongpoh,Town Panchayat,FULL MATCH,1.0,,EXACT MATCH,
17,Meghalaya,277,South Garo Hills,249809,Baghmara,Municipality,FULL MATCH,1.0,,EXACT MATCH,
17,Meghalaya,279,West Khasi Hills,249811,Mairang,Town Panchayat,FULL MATCH,1.0,,EXACT MATCH,
17,Meghalaya,658,South West Khasi Hills,282009,Mawkyrwat,Town Panchayat,FULL MATCH,1.0,,EXACT MATCH,
17,Meghalaya,663,South West Garo Hills,249806,Tura Municipal Board,Municipality,FULL MATCH,1.0,,EXACT MATCH,
18,Assam,280,Barpeta,249841,Barpeta Road,Municipality,FULL MATCH,1.0,,EXACT MATCH,
18,Assam,280,Barpeta,249842,Sarbhog,Town Panchayat,FULL MATCH,1.0,,EXACT MATCH,
18,Assam,280,Barpeta,249843,Barpeta,Municipality,FULL MATCH,1.0,,EXACT MATCH,
18,Assam,280,Barpeta,249844,Howli,Town Panchayat,FULL MATCH,1.0,,EXACT MATCH,
18,Assam,280,Barpeta,249846,Sarthebari,Town Panchayat,FULL MATCH,1.0,,EXACT MATCH,
18,Assam,280,Barpeta,249847,Pathsala,Town Panchayat,FULL MATCH,1.0,,EXACT MATCH,
18,Assam,280,Barpeta,262892,Patacharkuchi,Town Panchayat,FULL MATCH,1.0,,EXACT MATCH,
18,Assam,281,Bongaigaon,249823,Basugaon,Town Panchayat,FULL MATCH,1.0,,EXACT MATCH,
18,Assam,281,Bongaigaon,249834,Goalpara,Municipality,FULL MATCH,1.0,,EXACT MATCH,
18,Assam,281,Bongaigaon,249836,Bongaigaon,Municipality,FULL MATCH,1.0,,EXACT MATCH,
18,Assam,281,Bongaigaon,249838,Abhayapuri,Town Panchayat,FULL MATCH,1.0,,EXACT MATCH,
18,Assam,281,Bongaigaon,296999,Kajalgaon Tc,Town Panchayat,FULL MATCH,1.0,,EXACT MATCH,
18,Assam,282,Cachar,249933,Silchar,Municipality,FULL MATCH,1.0,,EXACT MATCH,
18,Assam,282,Cachar,277152,Sonai,Town Panchayat,FULL MATCH,1.0,,EXACT MATCH,
18,Assam,282,Cachar,289552,Sonai,Municipality,FULL MATCH,1.0,,EXACT MATCH,
18,Assam,282,Cachar,300492,Lakhipur Tc,Town Panchayat,AMBIGUOUS MATCH,0.5,LOW DISPARITY,HIGH AMBIGUITY,282:Cachar(50.0%) | | | 287:Goalpara(50.0%)
18,Assam,283,Darrang,249859,Tangla,Town Panchayat,AMBIGUOUS MATCH,0.5,LOW DISPARITY,HIGH AMBIGUITY,283:Darrang(50.0%) | | | 301:Sonitpur(50.0%)
18,Assam,283,Darrang,249860,Mangaldoi,Municipality,FULL MATCH,1.0,,EXACT MATCH,
18,Assam,283,Darrang,249861,Kharupatia,Town Panchayat,FULL MATCH,1.0,,EXACT MATCH,
18,Assam,283,Darrang,296992,Sipajhar Mb,Municipality,FULL MATCH,1.0,,EXACT MATCH,
18,Assam,284,Dhemaji,249883,Dhemaji,Town Panchayat,FULL MATCH,1.0,,EXACT MATCH,
18,Assam,284,Dhemaji,249884,Silapathar,Town Panchayat,FULL MATCH,1.0,,EXACT MATCH,
18,Assam,285,Dhubri,249826,Gauripur,Town Panchayat,AMBIGUOUS MATCH,0.5,LOW DISPARITY,HIGH AMBIGUITY,285:Dhubri(50.0%) | | | 707:South
18,Assam,285,Dhubri,249827,Dhubri,Municipality,FULL MATCH,1.0,,EXACT MATCH,
18,Assam,285,Dhubri,300488,Bilasipara Tc,Town Panchayat,FULL MATCH,1.0,,EXACT MATCH,
18,Assam,285,Dhubri,300489,Chapar Tc,Town Panchayat,FULL MATCH,1.0,,EXACT MATCH,
18,Assam,285,Dhubri,300491,Golokganj Tc,Town Panchayat,FULL MATCH,1.0,,EXACT MATCH,
18,Assam,286,Dibrugarh,249896,Dibrugarh,Municipality,FULL MATCH,1.0,,EXACT MATCH,
18,Assam,286,Dibrugarh,249898,Chabua,Town Panchayat,FULL MATCH,1.0,,EXACT MATCH,
18,Assam,286,Dibrugarh,249903,Naharkatiya,Town Panchayat,FULL MATCH,1.0,,EXACT MATCH,
18,Assam,286,Dibrugarh,249904,Namrup,Town Panchayat,AMBIGUOUS MATCH,0.5,HIGH DISPARITY,NEARLY RESOLVABLE,286:Dibrugarh(50.0%)
18,Assam,287,Goalpara,249939,Lakhipur Municipality,Municipality,FULL MATCH,1.0,,EXACT MATCH,
18,Assam,288,Golaghat,249918,Dergaon,Municipality,FULL MATCH,1.0,,EXACT MATCH,
18,Assam,288,Golaghat,249919,Golaghat,Municipality,FULL MATCH,1.0,,EXACT MATCH,
18,Assam,288,Golaghat,249921,Sarupathar,Town Panchayat,FULL MATCH,1.0,,EXACT MATCH,
18,Assam,288,Golaghat,249922,Barpathar,Town Panchayat,FULL MATCH,1.0,,EXACT MATCH,
18,Assam,288,Golaghat,277144,Bokakhat,Municipality,FULL MATCH,1.0,,EXACT MATCH,
18,Assam,288,Golaghat,277149,Majuli,Town Panchayat,FULL MATCH,1.0,,EXACT MATCH,
18,Assam,288,Golaghat,299967,Dolamara Town Committee,Town Panchayat,FULL MATCH,1.0,,EXACT MATCH,
18,Assam,288,Golaghat,300494,Bokakhat Tc,Town Panchayat,FULL MATCH,1.0,,EXACT MATCH,
18,Assam,289,Hailakandi,249944,Hailakandi,Municipality,AI PREDICTION,1.0,,AMBIGUOUS PREDICTION,289:Hailakandi(100.0%) | 282:Cachar(100.0%) | 299:Dima Hasao(100.0%)
18,Assam,289,Hailakandi,249945,Lala,Town Panchayat,FULL MATCH,1.0,,EXACT MATCH,
18,Assam,290,Jorhat,249906,Amguri,Municipality,FULL MATCH,1.0,,EXACT MATCH,
18,Assam,290,Jorhat,249912,Jorhat,Municipality,FULL MATCH,1.0,,EXACT MATCH,
18,Assam,290,Jorhat,249915,Mariani,Town Panchayat,FULL MATCH,1.0,,EXACT MATCH,
18,Assam,290,Jorhat,249916,Titabor Town,Town Panchayat,FULL MATCH,1.0,,EXACT MATCH,
18,Assam,290,Jorhat,263017,Teoktc,Town Panchayat,FULL MATCH,1.0,,EXACT MATCH,
18,Assam,291,Kamrup,249851,Palasbari,Municipality,AI PREDICTION,1.0,,AMBIGUOUS PREDICTION,291:Kamrup(100.0%) | 739:Bajali(100.0%) | 616:Baksa(100.0%)
18,Assam,291,Kamrup,249854,Guwahati,Municipal Corporations,AI PREDICTION,1.0,,AMBIGUOUS PREDICTION,291:Kamrup(100.0%) | 739:Bajali(100.0%) | 616:Baksa(100.0%)
18,Assam,291,Kamrup,249855,North Guwahati,Town Panchayat,FULL MATCH,1.0,,EXACT MATCH,
18,Assam,291,Kamrup,277143,Rangia,Municipality,FULL MATCH,1.0,,EXACT MATCH,
18,Assam,291,Kamrup,277147,Goreswar,Town Panchayat,FULL MATCH,1.0,,EXACT MATCH,
18,Assam,292,Karbi Anglong,249872,Lumding,Municipality,FULL MATCH,1.0,,EXACT MATCH,
18,Assam,292,Karbi Anglong,249923,Hamren,Town Panchayat,FULL MATCH,1.0,,EXACT MATCH,
18,Assam,292,Karbi Anglong,249925,Diphu,Town Panchayat,AI PREDICTION,1.0,,AMBIGUOUS PREDICTION,292:Karbi Anglong(100.0%) | 709:Hojai(100.0%) | 710:West Karbi Anglong(100.0%)
18,Assam,292,Karbi Anglong,249926,Bokajan,Town Panchayat,FULL MATCH,1.0,,EXACT MATCH,
18,Assam,292,Karbi Anglong,249927,Howraghat,Town Panchayat,FULL MATCH,1.0,,EXACT MATCH,
18,Assam,292,Karbi Anglong,249928,Dokmoka,Town Panchayat,FULL MATCH,1.0,,EXACT MATCH,
18,Assam,292,Karbi Anglong,253264,Bakalia,Town Panchayat,FULL MATCH,1.0,,EXACT MATCH,
18,Assam,292,Karbi Anglong,277148,Langhin,Town Panchayat,FULL MATCH,1.0,,EXACT MATCH,
18,Assam,292,Karbi Anglong,299966,Deithor Town Committee,Town Panchayat,FULL MATCH,1.0,,EXACT MATCH,
18,Assam,292,Karbi Anglong,299968,Manja Town Committee,Town Panchayat,FULL MATCH,1.0,,EXACT MATCH,
18,Assam,292,Karbi Anglong,299969,Phuloni Centre Town Committee,Town Panchayat,FULL MATCH,1.0,,EXACT MATCH,
18,Assam,292,Karbi Anglong,299971,Samelangso Town Committee,Town Panchayat,FULL MATCH,1.0,,EXACT MATCH,
18,Assam,292,Karbi Anglong,301400,Baithalangso,Town Panchayat,FULL MATCH,1.0,,EXACT MATCH,
18,Assam,293,Sribhumi,249940,Karimganj,Municipality,FULL MATCH,1.0,,EXACT MATCH,
18,Assam,293,Sribhumi,249941,Badarpur,Town Panchayat,FULL MATCH,1.0,,EXACT MATCH,
18,Assam,293,Sribhumi,277150,Ramkrishna Nagar,Town Panchayat,FULL MATCH,1.0,,EXACT MATCH,
18,Assam,293,Sribhumi,289553,Ramkrishnanagar,Municipality,FULL MATCH,1.0,,EXACT MATCH,
18,Assam,294,Kokrajhar,249821,Gossaigaon,Town Panchayat,FULL MATCH,1.0,,EXACT MATCH,
18,Assam,294,Kokrajhar,249828,Sapatgram,Town Panchayat,FULL MATCH,1.0,,EXACT MATCH,
18,Assam,294,Kokrajhar,300487,Kokrajhar Mb,Municipality,FULL MATCH,1.0,,EXACT MATCH,
18,Assam,295,Lakhimpur,249881,Bihpuria,Municipality,FULL MATCH,1.0,,EXACT MATCH,
18,Assam,295,Lakhimpur,253211,Dhakuakhana,Town Panchayat,FULL MATCH,1.0,,EXACT MATCH,
18,Assam,295,Lakhimpur,253212,Narayanpur,Town Panchayat,FULL MATCH,1.0,,EXACT MATCH,
18,Assam,297,Nagaon,249864,Marigaon,Municipality,FULL MATCH,1.0,,EXACT MATCH,
18,Assam,297,Nagaon,249866,Nagaon,Municipality,FULL MATCH,1.0,,EXACT MATCH,
18,Assam,297,Nagaon,249869,Kampur Town,Town Panchayat,FULL MATCH,1.0,,EXACT MATCH,
18,Assam,297,Nagaon,271990,Raha,Town Panchayat,FULL MATCH,1.0,,EXACT MATCH,
18,Assam,297,Nagaon,277145,Dhing,Municipality,FULL MATCH,1.0,,EXACT MATCH,
18,Assam,297,Nagaon,299970,Rongmongve Town Committee,Town Panchayat,FULL MATCH,1.0,,EXACT MATCH,
18,Assam,298,Nalbari,249857,Tihu,Town Panchayat,FULL MATCH,1.0,,EXACT MATCH,
18,Assam,298,Nalbari,249858,Nalbari,Municipality,FULL MATCH,1.0,,EXACT MATCH,
18,Assam,299,Dima Hasao,249929,Umrangso,Town Panchayat,FULL MATCH,1.0,,EXACT MATCH,
18,Assam,299,Dima Hasao,249930,Haflong,Town Panchayat,FULL MATCH,1.0,,EXACT MATCH,
18,Assam,299,Dima Hasao,249931,Mahur,Town Panchayat,FULL MATCH,1.0,,EXACT MATCH,
18,Assam,299,Dima Hasao,249932,Maibong,Town Panchayat,FULL MATCH,1.0,,EXACT MATCH,
18,Assam,300,Sivasagar,249905,Sibsagar,Municipality,FULL MATCH,1.0,,EXACT MATCH,
18,Assam,300,Sivasagar,249907,Nazira,Municipality,FULL MATCH,1.0,,EXACT MATCH,
18,Assam,300,Sivasagar,253214,Simaluguri,Town Panchayat,FULL MATCH,1.0,,EXACT MATCH,
18,Assam,300,Sivasagar,277146,Demow,Town Panchayat,FULL MATCH,1.0,,EXACT MATCH,
18,Assam,301,Sonitpur,249862,Udalguri,Town Panchayat,FULL MATCH,1.0,,EXACT MATCH,
18,Assam,301,Sonitpur,249875,Dhekiajuli,Municipality,FULL MATCH,1.0,,EXACT MATCH,
18,Assam,301,Sonitpur,249876,Rangapara,Town Panchayat,FULL MATCH,1.0,,EXACT MATCH,
18,Assam,301,Sonitpur,249877,Tezpur,Municipality,FULL MATCH,1.0,,EXACT MATCH,
18,Assam,301,Sonitpur,277151,Sootea,Town Panchayat,FULL MATCH,1.0,,EXACT MATCH,
18,Assam,301,Sonitpur,296973,Jamugurihat Mb,Municipality,FULL MATCH,1.0,,EXACT MATCH,
18,Assam,301,Sonitpur,300493,Jamugurihat Tc,Town Panchayat,FULL MATCH,1.0,,EXACT MATCH,
18,Assam,302,Tinsukia,249886,Doom Dooma,Town Panchayat,FULL MATCH,1.0,,EXACT MATCH,
18,Assam,302,Tinsukia,249887,Makum,Town Panchayat,FULL MATCH,1.0,,EXACT MATCH,
18,Assam,302,Tinsukia,249888,Tinsukia,Municipality,FULL MATCH,1.0,,EXACT MATCH,
18,Assam,302,Tinsukia,249890,Digboi,Town Panchayat,FULL MATCH,1.0,,EXACT MATCH,
18,Assam,302,Tinsukia,249892,Margherita,Town Panchayat,FULL MATCH,1.0,,EXACT MATCH,
18,Assam,302,Tinsukia,259861,Chapakhowa,Town Panchayat,FULL MATCH,1.0,,EXACT MATCH,
18,Assam,612,Chirang,249839,Bijni,Town Panchayat,FULL MATCH,1.0,,EXACT MATCH,
18,Assam,705,Biswanath,249879,Biswanath Chariali,Municipality,FULL MATCH,1.0,,EXACT MATCH,
18,Assam,705,Biswanath,249880,Gohpur,Town Panchayat,FULL MATCH,1.0,,EXACT MATCH,
18,Assam,706,Majuli,249882,North Lakhimpur,Municipality,AI PREDICTION,1.0,,AMBIGUOUS PREDICTION,706:Majuli(100.0%) | 284:Dhemaji(100.0%) | 295:Lakhimpur(100.0%)
18,Assam,708,Charaideo,249902,Moran Town,Municipality,FULL MATCH,1.0,,EXACT MATCH,
18,Assam,708,Charaideo,249908,Sonari,Municipality,FULL MATCH,1.0,,EXACT MATCH,
18,Assam,709,Hojai,249870,Hojai,Municipality,FULL MATCH,1.0,,EXACT MATCH,
18,Assam,709,Hojai,249871,Doboka,Town Panchayat,FULL MATCH,1.0,,EXACT MATCH,
18,Assam,709,Hojai,300495,Lanka Mb,Town Panchayat,FULL MATCH,1.0,,EXACT MATCH,
18,Assam,710,West Karbi Anglong,249924,Donkamokam,Town Panchayat,FULL MATCH,1.0,,EXACT MATCH,
19,West Bengal,303,North 24 Parganas,250121,Bongaon,Municipality,FULL MATCH,1.0,,EXACT MATCH,
19,West Bengal,303,North 24 Parganas,250122,Kanchrapara,Municipality,FULL MATCH,1.0,,EXACT MATCH,
19,West Bengal,303,North 24 Parganas,250123,Halisahar,Municipality,AMBIGUOUS MATCH,0.3333,HIGH DISPARITY,NEARLY RESOLVABLE,303:North | 24 | Parganas(33.33%)
19,West Bengal,303,North 24 Parganas,250124,Naihati,Municipality,AMBIGUOUS MATCH,0.6667,HIGH DISPARITY,NEARLY RESOLVABLE,303:North | 24 | Parganas(66.67%)
19,West Bengal,303,North 24 Parganas,250125,Bhatpara,Municipality,AMBIGUOUS MATCH,0.25,MODERATE DISPARITY,MODERATE AMBIGUITY,303:North | 24 | Parganas(25.0%)
19,West Bengal,303,North 24 Parganas,250126,Gobardanga,Municipality,FULL MATCH,1.0,,EXACT MATCH,
19,West Bengal,303,North 24 Parganas,250127,Habra,Municipality,FULL MATCH,1.0,,EXACT MATCH,
19,West Bengal,303,North 24 Parganas,250128,Ashokenagar Kalyangarh,Municipality,FULL MATCH,1.0,,EXACT MATCH,
19,West Bengal,303,North 24 Parganas,250131,North Barrackpore,Municipality,AMBIGUOUS MATCH,0.6667,HIGH DISPARITY,NEARLY RESOLVABLE,303:North | 24 | Parganas(66.67%)
19,West Bengal,303,North 24 Parganas,250132,Barrackpur,Municipality,AMBIGUOUS MATCH,0.3333,HIGH DISPARITY,NEARLY RESOLVABLE,303:North | 24 | Parganas(33.33%)
19,West Bengal,303,North 24 Parganas,250133,Titagarh,Municipality,AMBIGUOUS MATCH,0.3333,HIGH DISPARITY,NEARLY RESOLVABLE,303:North | 24 | Parganas(33.33%)
19,West Bengal,303,North 24 Parganas,250134,Baduria,Municipality,FULL MATCH,1.0,,EXACT MATCH,
19,West Bengal,303,North 24 Parganas,250135,Barasat,Municipality,FULL MATCH,1.0,,EXACT MATCH,
19,West Bengal,303,North 24 Parganas,250137,Khardah,Municipality,AMBIGUOUS MATCH,0.1667,MODERATE DISPARITY,MODERATE AMBIGUITY,303:North | 24 | Parganas(16.67%)
19,West Bengal,303,North 24 Parganas,250138,Panihati,Municipality,AMBIGUOUS MATCH,0.25,MODERATE DISPARITY,MODERATE AMBIGUITY,303:North | 24 | Parganas(25.0%)
19,West Bengal,303,North 24 Parganas,250145,Bidhannagar,Municipal Corporations,AMBIGUOUS MATCH,0.1333,MODERATE DISPARITY,MODERATE AMBIGUITY,303:North | 24 | Parganas(13.33%)
19,West Bengal,303,North 24 Parganas,250147,Basirhat,Municipality,FULL MATCH,1.0,,EXACT MATCH,
19,West Bengal,303,North 24 Parganas,250148,Taki,Municipality,FULL MATCH,1.0,,EXACT MATCH,
19,West Bengal,304,South 24 Parganas,250129,Garulia,Municipality,AI PREDICTION,1.0,,AMBIGUOUS PREDICTION,304:South 24 Parganas(100.0%) | 303:North 24 Parganas(100.0%)
19,West Bengal,304,South 24 Parganas,250136,Madhyamgram,Municipality,AI PREDICTION,1.0,,AMBIGUOUS PREDICTION,304:South 24 Parganas(100.0%) | 303:North 24 Parganas(100.0%)
19,West Bengal,304,South 24 Parganas,250139,New Barrackpore,Municipality,AI PREDICTION,1.0,,AMBIGUOUS PREDICTION,304:South 24 Parganas(100.0%) | 303:North 24 Parganas(100.0%)
19,West Bengal,304,South 24 Parganas,250140,Kamarhati,Municipality,AI PREDICTION,1.0,,AMBIGUOUS PREDICTION,304:South 24 Parganas(100.0%) | 303:North 24 Parganas(100.0%)
19,West Bengal,304,South 24 Parganas,250141,Baranagar,Municipality,AI PREDICTION,1.0,,AMBIGUOUS PREDICTION,304:South 24 Parganas(100.0%) | 303:North 24 Parganas(100.0%)
19,West Bengal,304,South 24 Parganas,250142,North Dum Dum,Municipality,AI PREDICTION,1.0,,AMBIGUOUS PREDICTION,304:South 24 Parganas(100.0%) | 303:North 24 Parganas(100.0%)
19,West Bengal,304,South 24 Parganas,250143,Dum Dum,Municipality,AI PREDICTION,1.0,,AMBIGUOUS PREDICTION,304:South 24 Parganas(100.0%) | 303:North 24 Parganas(100.0%)
19,West Bengal,304,South 24 Parganas,250144,South Dum Dum,Municipality,AI PREDICTION,1.0,,AMBIGUOUS PREDICTION,304:South 24 Parganas(100.0%) | 303:North 24 Parganas(100.0%)
19,West Bengal,304,South 24 Parganas,250299,Kolkata,Municipal Corporations,AI PREDICTION,1.0,,AMBIGUOUS PREDICTION,304:South 24 Parganas(100.0%) | 303:North 24 Parganas(100.0%)
19,West Bengal,304,South 24 Parganas,250300,Maheshtala,Municipality,FULL MATCH,1.0,,EXACT MATCH,
19,West Bengal,304,South 24 Parganas,250301,Budge Budge,Municipality,FULL MATCH,1.0,,EXACT MATCH,
19,West Bengal,304,South 24 Parganas,250302,Pujali,Municipality,AI PREDICTION,1.0,,AMBIGUOUS PREDICTION,304:South 24 Parganas(100.0%) | 303:North 24 Parganas(100.0%)
19,West Bengal,304,South 24 Parganas,250303,Rajpur Sonarpur,Municipality,AMBIGUOUS MATCH,0.5,HIGH DISPARITY,NEARLY RESOLVABLE,304:South | 24 | Parganas(50.0%)
19,West Bengal,304,South 24 Parganas,250304,Baruipur,Municipality,FULL MATCH,1.0,,EXACT MATCH,
19,West Bengal,304,South 24 Parganas,250305,Diamond Harbour,Municipality,FULL MATCH,1.0,,EXACT MATCH,
19,West Bengal,304,South 24 Parganas,250306,Jaynagar Mazilpur,Municipality,FULL MATCH,1.0,,EXACT MATCH,
19,West Bengal,305,Bankura,250208,Sonamukhi,Municipality,FULL MATCH,1.0,,EXACT MATCH,
19,West Bengal,305,Bankura,250209,Bankura,Municipality,AMBIGUOUS MATCH,0.5,HIGH DISPARITY,NEARLY RESOLVABLE,305:Bankura(50.0%)
19,West Bengal,305,Bankura,250210,Bishnupur,Municipality,FULL MATCH,1.0,,EXACT MATCH,
19,West Bengal,306,Purba Bardhaman,250035,Katwa,Municipality,FULL MATCH,1.0,,EXACT MATCH,
19,West Bengal,306,Purba Bardhaman,250036,Dainhat,Municipality,FULL MATCH,1.0,,EXACT MATCH,
19,West Bengal,306,Purba Bardhaman,250037,Guskara,Municipality,FULL MATCH,1.0,,EXACT MATCH,
19,West Bengal,306,Purba Bardhaman,250038,Burdwan,Municipality,FULL MATCH,1.0,,EXACT MATCH,
19,West Bengal,306,Purba Bardhaman,250039,Memari,Municipality,FULL MATCH,1.0,,EXACT MATCH,
19,West Bengal,306,Purba Bardhaman,250040,Kalna,Municipality,FULL MATCH,1.0,,EXACT MATCH,
19,West Bengal,307,Birbhum,250024,Rampurhat,Municipality,AI PREDICTION,1.0,,AMBIGUOUS PREDICTION,307:Birbhum(100.0%) | 319:Murshidabad(100.0%)
19,West Bengal,307,Birbhum,250025,Sainthia,Municipality,FULL MATCH,1.0,,EXACT MATCH,
19,West Bengal,307,Birbhum,250026,Suri,Municipality,FULL MATCH,1.0,,EXACT MATCH,
19,West Bengal,307,Birbhum,250027,Dubrajpur,Municipality,FULL MATCH,1.0,,EXACT MATCH,
19,West Bengal,307,Birbhum,250028,Bolpur,Municipality,FULL MATCH,1.0,,EXACT MATCH,
19,West Bengal,307,Birbhum,253250,Nalhati,Municipality,FULL MATCH,1.0,,EXACT MATCH,
19,West Bengal,308,Cooch Behar,249958,Alipurduar,Municipality,FULL MATCH,1.0,,EXACT MATCH,
19,West Bengal,308,Cooch Behar,249972,Haldibari,Municipality,FULL MATCH,1.0,,EXACT MATCH,
19,West Bengal,308,Cooch Behar,249973,Mekliganj,Municipality,FULL MATCH,1.0,,EXACT MATCH,
19,West Bengal,308,Cooch Behar,249974,Mathabhanga,Municipality,FULL MATCH,1.0,,EXACT MATCH,
19,West Bengal,308,Cooch Behar,249976,Tufanganj,Municipality,FULL MATCH,1.0,,EXACT MATCH,
19,West Bengal,308,Cooch Behar,249977,Dinhata,Municipality,FULL MATCH,1.0,,EXACT MATCH,
19,West Bengal,309,Darjeeling,249946,Darjeeling,Municipality,FULL MATCH,1.0,,EXACT MATCH,
19,West Bengal,309,Darjeeling,249948,Mirik,Notified Area Council,FULL MATCH,1.0,,EXACT MATCH,
19,West Bengal,309,Darjeeling,249949,Kurseong,Municipality,FULL MATCH,1.0,,EXACT MATCH,
19,West Bengal,309,Darjeeling,249957,Siliguri,Municipal Corporations,AMBIGUOUS MATCH,0.3333,HIGH DISPARITY,NEARLY RESOLVABLE,309:Darjeeling(33.33%)
19,West Bengal,310,Dakshin Dinajpur,249988,Gangarampore,Municipality,FULL MATCH,1.0,,EXACT MATCH,
19,West Bengal,310,Dakshin Dinajpur,249989,Balurghat,Municipality,FULL MATCH,1.0,,EXACT MATCH,
19,West Bengal,310,Dakshin Dinajpur,289244,Buniadpur,Municipality,FULL MATCH,1.0,,EXACT MATCH,
19,West Bengal,311,Uttar Dinajpur,249982,Islampore,Municipality,FULL MATCH,1.0,,EXACT MATCH,
19,West Bengal,311,Uttar Dinajpur,249983,Raiganj,Municipality,FULL MATCH,1.0,,EXACT MATCH,
19,West Bengal,311,Uttar Dinajpur,249984,Kaliaganj,Municipality,FULL MATCH,1.0,,EXACT MATCH,
19,West Bengal,311,Uttar Dinajpur,249985,Dalkhola,Municipality,FULL MATCH,1.0,,EXACT MATCH,
19,West Bengal,312,Hooghly,250168,Arambag,Municipality,FULL MATCH,1.0,,EXACT MATCH,
19,West Bengal,312,Hooghly,250169,Tarakeswar,Municipality,FULL MATCH,1.0,,EXACT MATCH,
19,West Bengal,312,Hooghly,250170,Bansberia,Municipality,FULL MATCH,1.0,,EXACT MATCH,
19,West Bengal,312,Hooghly,250171,Hooghly Chinsurah,Municipality,FULL MATCH,1.0,,EXACT MATCH,
19,West Bengal,312,Hooghly,250172,Chandannagar,Municipal Corporations,AMBIGUOUS MATCH,0.3333,HIGH DISPARITY,NEARLY RESOLVABLE,312:Hooghly(33.33%)
19,West Bengal,312,Hooghly,250173,Bhadreswar,Municipality,AMBIGUOUS MATCH,0.3333,HIGH DISPARITY,NEARLY RESOLVABLE,312:Hooghly(33.33%)
19,West Bengal,312,Hooghly,250174,Champdany,Municipality,AMBIGUOUS MATCH,0.5,HIGH DISPARITY,NEARLY RESOLVABLE,312:Hooghly(50.0%)
19,West Bengal,312,Hooghly,250175,Baidyabati,Municipality,FULL MATCH,1.0,,EXACT MATCH,
19,West Bengal,312,Hooghly,250176,Serampore,Municipality,AMBIGUOUS MATCH,0.4,HIGH DISPARITY,NEARLY RESOLVABLE,312:Hooghly(40.0%)
19,West Bengal,312,Hooghly,250177,Rishra,Municipality,AMBIGUOUS MATCH,0.6667,HIGH DISPARITY,NEARLY RESOLVABLE,312:Hooghly(66.67%)
19,West Bengal,312,Hooghly,250178,Konnagar,Municipality,AI PREDICTION,1.0,,AMBIGUOUS PREDICTION,312:Hooghly(100.0%) | 313:Howrah(100.0%) | 306:Purba Bardhaman(100.0%)
19,West Bengal,312,Hooghly,250179,Uttarpara Kotrung,Municipality,AMBIGUOUS MATCH,0.25,MODERATE DISPARITY,MODERATE AMBIGUITY,312:Hooghly(25.0%)
19,West Bengal,312,Hooghly,250229,Ghatal,Municipality,FULL MATCH,1.0,,EXACT MATCH,
19,West Bengal,312,Hooghly,250233,Tamralipta,Municipality,AI PREDICTION,1.0,,AMBIGUOUS PREDICTION,312:Hooghly(100.0%) | 317:Purba Medinipur(100.0%) | 318:Paschim Medinipur(100.0%)
19,West Bengal,312,Hooghly,250234,Haldia,Municipality,AI PREDICTION,1.0,,AMBIGUOUS PREDICTION,312:Hooghly(100.0%) | 317:Purba Medinipur(100.0%) | 318:Paschim Medinipur(100.0%)
19,West Bengal,312,Hooghly,298972,Dankuni,Municipality,AMBIGUOUS MATCH,0.6667,HIGH DISPARITY,NEARLY RESOLVABLE,312:Hooghly(66.67%)
19,West Bengal,313,Howrah,250246,Bally,Municipality,AMBIGUOUS MATCH,0.5,HIGH DISPARITY,NEARLY RESOLVABLE,313:Howrah(50.0%)
19,West Bengal,313,Howrah,250247,Howrah,Municipal Corporations,AMBIGUOUS MATCH,0.2667,MODERATE DISPARITY,MODERATE AMBIGUITY,313:Howrah(26.67%)
19,West Bengal,313,Howrah,250248,Uluberia,Municipality,AMBIGUOUS MATCH,1.0,HIGH DISPARITY,NEARLY RESOLVABLE,313:Howrah(83.33%)
19,West Bengal,314,Jalpaiguri,249955,Mal,Municipality,FULL MATCH,1.0,,EXACT MATCH,
19,West Bengal,314,Jalpaiguri,249970,Dhupguri,Municipality,FULL MATCH,1.0,,EXACT MATCH,
19,West Bengal,314,Jalpaiguri,301103,Maynaguri,Municipality,FULL MATCH,1.0,,EXACT MATCH,
19,West Bengal,316,Malda,249990,Old Malda,Municipality,FULL MATCH,1.0,,EXACT MATCH,
19,West Bengal,316,Malda,249991,English Bazar,Municipality,FULL MATCH,1.0,,EXACT MATCH,
19,West Bengal,317,Purba Medinipur,250235,Egra,Municipality,FULL MATCH,1.0,,EXACT MATCH,
19,West Bengal,317,Purba Medinipur,250236,Contai,Municipality,FULL MATCH,1.0,,EXACT MATCH,
19,West Bengal,317,Purba Medinipur,253229,Panskura,Municipality,FULL MATCH,1.0,,EXACT MATCH,
19,West Bengal,318,Paschim Medinipur,250225,Ramjibanpur,Municipality,FULL MATCH,1.0,,EXACT MATCH,
19,West Bengal,318,Paschim Medinipur,250226,Chandrakona,Municipality,FULL MATCH,1.0,,EXACT MATCH,
19,West Bengal,318,Paschim Medinipur,250227,Khirpai,Municipality,FULL MATCH,1.0,,EXACT MATCH,
19,West Bengal,318,Paschim Medinipur,250228,Kharar,Municipality,FULL MATCH,1.0,,EXACT MATCH,
19,West Bengal,318,Paschim Medinipur,250230,Midnapore,Municipality,FULL MATCH,1.0,,EXACT MATCH,
19,West Bengal,318,Paschim Medinipur,250232,Kharagpur,Municipality,AMBIGUOUS MATCH,0.6667,HIGH DISPARITY,NEARLY RESOLVABLE,318:Paschim | Medinipur(66.67%)
19,West Bengal,319,Murshidabad,249995,Dhulian,Municipality,FULL MATCH,1.0,,EXACT MATCH,
19,West Bengal,319,Murshidabad,249996,Jangipur,Municipality,FULL MATCH,1.0,,EXACT MATCH,
19,West Bengal,319,Murshidabad,249997,Jiaganj Azimganj,Municipality,FULL MATCH,1.0,,EXACT MATCH,
19,West Bengal,319,Murshidabad,249998,Murshidabad,Municipality,AI PREDICTION,1.0,,STRONG MATCH,319:Murshidabad(100.0%)
19,West Bengal,319,Murshidabad,249999,Berhampore,Municipality,AMBIGUOUS MATCH,0.5,HIGH DISPARITY,NEARLY RESOLVABLE,319:Murshidabad(50.0%)
19,West Bengal,319,Murshidabad,250000,Kandi,Municipality,FULL MATCH,1.0,,EXACT MATCH,
19,West Bengal,319,Murshidabad,250001,Beldanga,Municipality,FULL MATCH,1.0,,EXACT MATCH,
19,West Bengal,319,Murshidabad,273007,Domkal,Municipality,FULL MATCH,1.0,,EXACT MATCH,
19,West Bengal,320,Nadia,250096,Krishnanagar,Municipality,FULL MATCH,1.0,,EXACT MATCH,
19,West Bengal,320,Nadia,250097,Nabadwip,Municipality,FULL MATCH,1.0,,EXACT MATCH,
19,West Bengal,320,Nadia,250098,Taherpur,Notified Area Council,AI PREDICTION,1.0,,AMBIGUOUS PREDICTION,320:Nadia(100.0%) | 319:Murshidabad(100.0%)
19,West Bengal,320,Nadia,250099,Santipur,Municipality,FULL MATCH,1.0,,EXACT MATCH,
19,West Bengal,320,Nadia,250100,Birnagar,Municipality,FULL MATCH,1.0,,EXACT MATCH,
19,West Bengal,320,Nadia,250101,Ranaghat,Municipality,FULL MATCH,1.0,,EXACT MATCH,
19,West Bengal,320,Nadia,250102,Cooper S Camp,Notified Area Council,AI PREDICTION,1.0,,AMBIGUOUS PREDICTION,320:Nadia(100.0%) | 319:Murshidabad(100.0%)
19,West Bengal,320,Nadia,250103,Chakdaha,Municipality,FULL MATCH,1.0,,EXACT MATCH,
19,West Bengal,320,Nadia,250104,Kalyani,Municipality,AMBIGUOUS MATCH,0.5,HIGH DISPARITY,NEARLY RESOLVABLE,320:Nadia(50.0%)
19,West Bengal,320,Nadia,250105,Gayeshpur,Municipality,AMBIGUOUS MATCH,0.5,HIGH DISPARITY,NEARLY RESOLVABLE,320:Nadia(50.0%)
19,West Bengal,320,Nadia,273006,Haringhata,Municipality,AMBIGUOUS MATCH,0.5,HIGH DISPARITY,NEARLY RESOLVABLE,320:Nadia(50.0%)
19,West Bengal,321,Purulia,250213,Raghunathpur,Municipality,FULL MATCH,1.0,,EXACT MATCH,
19,West Bengal,321,Purulia,250214,Jhalda,Municipality,FULL MATCH,1.0,,EXACT MATCH,
19,West Bengal,321,Purulia,250215,Purulia,Municipality,FULL MATCH,1.0,,EXACT MATCH,
19,West Bengal,664,Alipurduar,249956,Jalpaiguri,Municipality,AI PREDICTION,1.0,,AMBIGUOUS PREDICTION,664:Alipurduar(100.0%) | 314:Jalpaiguri(100.0%) | 308:Cooch Behar(100.0%)
19,West Bengal,664,Alipurduar,249975,Cooch Behar,Municipality,AI PREDICTION,1.0,,AMBIGUOUS PREDICTION,664:Alipurduar(100.0%) | 308:Cooch Behar(100.0%)
19,West Bengal,664,Alipurduar,299774,Falakata,Municipality,FULL MATCH,1.0,,EXACT MATCH,
19,West Bengal,702,Kalimpong,249947,Kalimpong,Municipality,FULL MATCH,1.0,,EXACT MATCH,
19,West Bengal,703,Jhargram,250231,Jhargram,Municipality,FULL MATCH,1.0,,EXACT MATCH,
19,West Bengal,704,Paschim Bardhaman,250032,Asansol,Municipal Corporations,FULL MATCH,1.0,,EXACT MATCH,
19,West Bengal,704,Paschim Bardhaman,250034,Durgapur,Municipal Corporations,FULL MATCH,1.0,,EXACT MATCH,
20,Jharkhand,322,Bokaro,248056,Chas,Municipal Corporations,AMBIGUOUS MATCH,0.3333,HIGH DISPARITY,NEARLY RESOLVABLE,322:Bokaro(33.33%)
20,Jharkhand,323,Chatra,248129,Chatra,Municipality,AMBIGUOUS MATCH,0.5,LOW DISPARITY,HIGH AMBIGUITY,323:Chatra(50.0%) | | | 326:Dumka(50.0%)
20,Jharkhand,323,Chatra,250415,Bundu,Town Panchayat,AMBIGUOUS MATCH,0.5,LOW DISPARITY,HIGH AMBIGUITY,323:Chatra(50.0%) | | | 332:Hazaribagh(50.0%)
20,Jharkhand,324,Deoghar,248049,Deoghar,Municipal Corporations,FULL MATCH,1.0,,EXACT MATCH,
20,Jharkhand,324,Deoghar,248050,Madhupur,Municipality,AMBIGUOUS MATCH,0.5,LOW DISPARITY,HIGH AMBIGUITY,324:Deoghar(50.0%) | | | 326:Dumka(50.0%)
20,Jharkhand,324,Deoghar,248134,Jamtara,Town Panchayat,FULL MATCH,1.0,,EXACT MATCH,
20,Jharkhand,324,Deoghar,250323,Hussainabad,Town Panchayat,AMBIGUOUS MATCH,0.5,LOW DISPARITY,HIGH AMBIGUITY,324:Deoghar(50.0%) | | | 338:Palamu(50.0%)
20,Jharkhand,324,Deoghar,250352,Basukinath,Town Panchayat,AMBIGUOUS MATCH,0.5,HIGH DISPARITY,NEARLY RESOLVABLE,324:Deoghar(50.0%)
20,Jharkhand,324,Deoghar,300370,Mahagama Municipal Corporation,Town Panchayat,AI PREDICTION,1.0,,AMBIGUOUS PREDICTION,324:Deoghar(100.0%) | 326:Dumka(100.0%) | 330:Godda(100.0%)
20,Jharkhand,325,Dhanbad,250378,Dhanbad,Municipal Corporations,AMBIGUOUS MATCH,0.0741,LOW DISPARITY,HIGH AMBIGUITY,325:Dhanbad(7.41%)
20,Jharkhand,326,Dumka,248051,Godda,Municipality,AMBIGUOUS MATCH,0.5,LOW DISPARITY,HIGH AMBIGUITY,326:Dumka(50.0%) | | | 330:Godda(50.0%)
20,Jharkhand,326,Dumka,248052,Sahibganj,Municipality,AMBIGUOUS MATCH,0.5,LOW DISPARITY,HIGH AMBIGUITY,326:Dumka(50.0%) | | | 340:Sahebganj(50.0%)
20,Jharkhand,326,Dumka,248054,Dumka,Municipality,FULL MATCH,1.0,,EXACT MATCH,
20,Jharkhand,326,Dumka,248055,Chirkunda,Municipality,FULL MATCH,1.0,,EXACT MATCH,
20,Jharkhand,326,Dumka,248057,Gumla,Municipality,FULL MATCH,1.0,,EXACT MATCH,
20,Jharkhand,326,Dumka,248128,Garhwa,Municipality,AMBIGUOUS MATCH,0.5,LOW DISPARITY,HIGH AMBIGUITY,326:Dumka(50.0%) | | | 328:Garhwa(50.0%)
20,Jharkhand,326,Dumka,248132,Jhumri Telaiya,Municipality,AMBIGUOUS MATCH,0.5,LOW DISPARITY,HIGH AMBIGUITY,326:Dumka(50.0%) | | | 334:Koderma(50.0%)
20,Jharkhand,326,Dumka,248133,Pakur,Municipality,AMBIGUOUS MATCH,0.5,LOW DISPARITY,HIGH AMBIGUITY,326:Dumka(50.0%) | | | 337:Pakur(50.0%)
20,Jharkhand,326,Dumka,248135,Mihijam,Municipality,FULL MATCH,1.0,,EXACT MATCH,
20,Jharkhand,326,Dumka,248136,Phusro,Municipality,FULL MATCH,1.0,,EXACT MATCH,
20,Jharkhand,326,Dumka,248137,Lohardaga,Municipality,FULL MATCH,1.0,,EXACT MATCH,
20,Jharkhand,326,Dumka,248138,Simdega,Municipality,FULL MATCH,1.0,,EXACT MATCH,
20,Jharkhand,326,Dumka,250416,Chakradharpur,Municipality,FULL MATCH,1.0,,EXACT MATCH,
20,Jharkhand,326,Dumka,250430,Chaibasa,Municipality,FULL MATCH,1.0,,EXACT MATCH,
20,Jharkhand,326,Dumka,250435,Jugsalai,Municipality,AMBIGUOUS MATCH,0.3333,LOW DISPARITY,HIGH AMBIGUITY,326:Dumka(33.33%) | | | 327:East
20,Jharkhand,326,Dumka,253231,Bishrampur,Municipality,AMBIGUOUS MATCH,0.5,LOW DISPARITY,HIGH AMBIGUITY,326:Dumka(50.0%) | | | 338:Palamu(50.0%)
20,Jharkhand,326,Dumka,274814,Ramgarh Nagar Parishad,Municipality,AMBIGUOUS MATCH,0.3333,LOW DISPARITY,HIGH AMBIGUITY,326:Dumka(33.33%) | | | 607:Ramgarh(33.33%)
20,Jharkhand,326,Dumka,276352,Kapali,Municipality,AMBIGUOUS MATCH,0.5,HIGH DISPARITY,NEARLY RESOLVABLE,326:Dumka(50.0%)
20,Jharkhand,327,East Singhbum,250434,Jamshedpur,Notified Area Council,FULL MATCH,1.0,,EXACT MATCH,
20,Jharkhand,327,East Singhbum,250445,Chakulia,Town Panchayat,FULL MATCH,1.0,,EXACT MATCH,
20,Jharkhand,328,Garhwa,250324,Medininagar (Daltonganj) Municipal Corporation,Municipal Corporations,AI PREDICTION,1.0,,AMBIGUOUS PREDICTION,328:Garhwa(100.0%) | 338:Palamu(100.0%) | 335:Latehar(100.0%)
20,Jharkhand,328,Garhwa,253228,Manjhiaon,Town Panchayat,FULL MATCH,1.0,,EXACT MATCH,
20,Jharkhand,328,Garhwa,274815,Nagar Untari Nagar Panchayat,Town Panchayat,FULL MATCH,1.0,,EXACT MATCH,
20,Jharkhand,329,Giridih,250349,Giridih Municipal Corporation,Municipal Corporations,FULL MATCH,1.0,,EXACT MATCH,
20,Jharkhand,329,Giridih,277138,Dhanwar,Town Panchayat,FULL MATCH,1.0,,EXACT MATCH,
20,Jharkhand,329,Giridih,290364,Badaki Suriya,Town Panchayat,FULL MATCH,1.0,,EXACT MATCH,
20,Jharkhand,332,Hazaribagh,248130,Hazaribag,Municipal Corporations,FULL MATCH,1.0,,EXACT MATCH,
20,Jharkhand,332,Hazaribagh,277135,Domchanch,Town Panchayat,FULL MATCH,1.0,,EXACT MATCH,
20,Jharkhand,334,Koderma,248131,Kodarma,Town Panchayat,FULL MATCH,1.0,,EXACT MATCH,
20,Jharkhand,335,Latehar,250326,Latehar,Town Panchayat,FULL MATCH,1.0,,EXACT MATCH,
20,Jharkhand,338,Palamu,300371,Hariharganj Municipal Corporation,Municipal Corporations,FULL MATCH,1.0,,EXACT MATCH,
20,Jharkhand,338,Palamu,300374,Chhatarpur ,Town Panchayat,FULL MATCH,1.0,,EXACT MATCH,
20,Jharkhand,339,Ranchi,250413,Ranchi,Municipal Corporations,FULL MATCH,1.0,,EXACT MATCH,
20,Jharkhand,340,Sahebganj,248053,Rajmahal,Town Panchayat,FULL MATCH,1.0,,EXACT MATCH,
20,Jharkhand,340,Sahebganj,277137,Barharwa,Town Panchayat,FULL MATCH,1.0,,EXACT MATCH,
20,Jharkhand,341,Saraikela Kharsawan,250423,Seraikella,Town Panchayat,FULL MATCH,1.0,,EXACT MATCH,
20,Jharkhand,341,Saraikela Kharsawan,250433,Mango,Municipal Corporations,AI PREDICTION,1.0,,AMBIGUOUS PREDICTION,341:Saraikela Kharsawan(100.0%) | 327:East Singhbum(100.0%)
20,Jharkhand,341,Saraikela Kharsawan,253166,Adityapur,Municipal Corporations,FULL MATCH,1.0,,EXACT MATCH,
20,Jharkhand,606,Khunti,250414,Khunti,Town Panchayat,FULL MATCH,1.0,,EXACT MATCH,
21,Odisha,344,Angul,248140,Anugul,Municipality,FULL MATCH,1.0,,EXACT MATCH,
21,Odisha,344,Angul,248141,Talcher,Municipality,FULL MATCH,1.0,,EXACT MATCH,
21,Odisha,344,Angul,248142,Athamallik,Notified Area Council,FULL MATCH,1.0,,EXACT MATCH,
21,Odisha,344,Angul,259680,Hindol,Notified Area Council,FULL MATCH,1.0,,EXACT MATCH,
21,Odisha,345,Balangir,250552,Kantabanji,Notified Area Council,FULL MATCH,1.0,,EXACT MATCH,
21,Odisha,345,Balangir,250553,Titlagarh,Municipality,FULL MATCH,1.0,,EXACT MATCH,
21,Odisha,345,Balangir,250554,Patnagarh,Notified Area Council,FULL MATCH,1.0,,EXACT MATCH,
21,Odisha,345,Balangir,250555,Balangir,Municipality,AMBIGUOUS MATCH,0.5,HIGH DISPARITY,NEARLY RESOLVABLE,345:Balangir(50.0%)
21,Odisha,345,Balangir,263006,Tusura,Notified Area Council,FULL MATCH,1.0,,EXACT MATCH,
21,Odisha,346,Balasore,250482,Jaleswar,Municipality,AI PREDICTION,1.0,,AMBIGUOUS PREDICTION,346:Balasore(100.0%) | 348:Bhadrak(100.0%)
21,Odisha,346,Balasore,250484,Nilagiri,Notified Area Council,FULL MATCH,1.0,,EXACT MATCH,
21,Odisha,346,Balasore,250485,Soro,Municipality,FULL MATCH,1.0,,EXACT MATCH,
21,Odisha,346,Balasore,250486,Baleshwar,Municipality,AI PREDICTION,1.0,,AMBIGUOUS PREDICTION,346:Balasore(100.0%) | 348:Bhadrak(100.0%)
21,Odisha,346,Balasore,300314,Remuna,Notified Area Council,FULL MATCH,1.0,,EXACT MATCH,
21,Odisha,347,Bargarh,250446,Padmapur,Notified Area Council,FULL MATCH,1.0,,EXACT MATCH,
21,Odisha,347,Bargarh,250447,Barapali,Notified Area Council,FULL MATCH,1.0,,EXACT MATCH,
21,Odisha,347,Bargarh,259705,Attabira,Notified Area Council,FULL MATCH,1.0,,EXACT MATCH,
21,Odisha,347,Bargarh,276628,Bijepur,Notified Area Council,FULL MATCH,1.0,,EXACT MATCH,
21,Odisha,348,Bhadrak,250487,Bhadrak,Municipality,FULL MATCH,1.0,,EXACT MATCH,
21,Odisha,348,Bhadrak,250489,Basudebpur,Municipality,FULL MATCH,1.0,,EXACT MATCH,
21,Odisha,348,Bhadrak,276631,Chandabali,Notified Area Council,FULL MATCH,1.0,,EXACT MATCH,
21,Odisha,348,Bhadrak,276632,Dhamanagar,Notified Area Council,FULL MATCH,1.0,,EXACT MATCH,
21,Odisha,349,Boudh,250548,Boudhgarh,Notified Area Council,FULL MATCH,1.0,,EXACT MATCH,
21,Odisha,350,Cuttack,250494,Choudwar,Municipality,FULL MATCH,1.0,,EXACT MATCH,
21,Odisha,350,Cuttack,250498,Athagad,Notified Area Council,FULL MATCH,1.0,,EXACT MATCH,
21,Odisha,350,Cuttack,250500,Banki,Notified Area Council,FULL MATCH,1.0,,EXACT MATCH,
21,Odisha,350,Cuttack,250501,Cuttack,Municipal Corporations,AMBIGUOUS MATCH,0.5,HIGH DISPARITY,NEARLY RESOLVABLE,350:Cuttack(50.0%)
21,Odisha,350,Cuttack,263336,Jagatsinghpur,Municipality,FULL MATCH,1.0,,EXACT MATCH,
21,Odisha,351,Deogarh,250457,Debagarh,Municipality,FULL MATCH,1.0,,EXACT MATCH,
21,Odisha,352,Dhenkanal,248058,Kamakhyanagar,Notified Area Council,FULL MATCH,1.0,,EXACT MATCH,
21,Odisha,352,Dhenkanal,248059,Bhuban,Notified Area Council,FULL MATCH,1.0,,EXACT MATCH,
21,Odisha,352,Dhenkanal,248060,Dhenkanal,Municipality,FULL MATCH,1.0,,EXACT MATCH,
21,Odisha,353,Gajapati,250527,Bellaguntha,Notified Area Council,AI PREDICTION,1.0,,AMBIGUOUS PREDICTION,353:Gajapati(100.0%) | 354:Ganjam(100.0%) | 370:Rayagada(100.0%)
21,Odisha,353,Gajapati,250544,Paralakhemundi,Municipality,FULL MATCH,1.0,,EXACT MATCH,
21,Odisha,353,Gajapati,250545,Kasinagar,Notified Area Council,FULL MATCH,1.0,,EXACT MATCH,
21,Odisha,353,Gajapati,250565,Rayagada,Municipality,AI PREDICTION,1.0,,AMBIGUOUS PREDICTION,353:Gajapati(100.0%) | 370:Rayagada(100.0%) | 363:Koraput(100.0%)
21,Odisha,354,Ganjam,250525,Buguda,Notified Area Council,FULL MATCH,1.0,,EXACT MATCH,
21,Odisha,354,Ganjam,250526,Bhanjanagar,Notified Area Council,FULL MATCH,1.0,,EXACT MATCH,
21,Odisha,354,Ganjam,250528,Surada,Notified Area Council,FULL MATCH,1.0,,EXACT MATCH,
21,Odisha,354,Ganjam,250529,Asika,Notified Area Council,FULL MATCH,1.0,,EXACT MATCH,
21,Odisha,354,Ganjam,250531,Purusottampur,Notified Area Council,FULL MATCH,1.0,,EXACT MATCH,
21,Odisha,354,Ganjam,250532,Kavisurjyanagar,Notified Area Council,FULL MATCH,1.0,,EXACT MATCH,
21,Odisha,354,Ganjam,250533,Polasara,Notified Area Council,FULL MATCH,1.0,,EXACT MATCH,
21,Odisha,354,Ganjam,250534,Kodala,Notified Area Council,FULL MATCH,1.0,,EXACT MATCH,
21,Odisha,354,Ganjam,250535,Khalikote,Notified Area Council,FULL MATCH,1.0,,EXACT MATCH,
21,Odisha,354,Ganjam,250536,Rambha,Notified Area Council,FULL MATCH,1.0,,EXACT MATCH,
21,Odisha,354,Ganjam,250537,Chhatrapur,Notified Area Council,AMBIGUOUS MATCH,0.5,HIGH DISPARITY,NEARLY RESOLVABLE,354:Ganjam(50.0%)
21,Odisha,354,Ganjam,250538,Ganjam,Notified Area Council,FULL MATCH,1.0,,EXACT MATCH,
21,Odisha,354,Ganjam,250539,Gopalpur,Notified Area Council,FULL MATCH,1.0,,EXACT MATCH,
21,Odisha,354,Ganjam,250540,Chikiti,Notified Area Council,FULL MATCH,1.0,,EXACT MATCH,
21,Odisha,354,Ganjam,250541,Digapahandi,Notified Area Council,FULL MATCH,1.0,,EXACT MATCH,
21,Odisha,354,Ganjam,250542,Hinjilicut,Municipality,FULL MATCH,1.0,,EXACT MATCH,
21,Odisha,354,Ganjam,250543,Berhampur,Municipal Corporations,AMBIGUOUS MATCH,0.3,MODERATE DISPARITY,MODERATE AMBIGUITY,354:Ganjam(30.0%)
21,Odisha,355,Jagatsinghapur,263324,Paradeep,Municipality,FULL MATCH,1.0,,EXACT MATCH,
21,Odisha,356,Jajpur,250502,Vyasanagar,Municipality,FULL MATCH,1.0,,EXACT MATCH,
21,Odisha,356,Jajpur,250503,Jajapur,Municipality,FULL MATCH,1.0,,EXACT MATCH,
21,Odisha,357,Jharsuguda,250448,Bargarh,Municipality,AI PREDICTION,1.0,,AMBIGUOUS PREDICTION,357:Jharsuguda(100.0%) | 371:Sambalpur(100.0%) | 373:Sundargarh(100.0%)
21,Odisha,357,Jharsuguda,250450,Belpahar,Municipality,AI PREDICTION,1.0,,AMBIGUOUS PREDICTION,357:Jharsuguda(100.0%) | 371:Sambalpur(100.0%) | 373:Sundargarh(100.0%)
21,Odisha,357,Jharsuguda,250451,Brajarajnagar,Municipality,FULL MATCH,1.0,,EXACT MATCH,
21,Odisha,357,Jharsuguda,250452,Jharsuguda,Municipality,AMBIGUOUS MATCH,0.5,HIGH DISPARITY,NEARLY RESOLVABLE,357:Jharsuguda(50.0%)
21,Odisha,357,Jharsuguda,250458,Sundargarh,Municipality,AI PREDICTION,1.0,,AMBIGUOUS PREDICTION,357:Jharsuguda(100.0%) | 373:Sundargarh(100.0%)
21,Odisha,358,Kalahandi,250559,Kesinga,Notified Area Council,FULL MATCH,1.0,,EXACT MATCH,
21,Odisha,358,Kalahandi,250560,Junagarh,Notified Area Council,FULL MATCH,1.0,,EXACT MATCH,
21,Odisha,358,Kalahandi,263009,Dharmagarh,Notified Area Council,FULL MATCH,1.0,,EXACT MATCH,
21,Odisha,359,Kandhamal,250546,Phulabani,Municipality,FULL MATCH,1.0,,EXACT MATCH,
21,Odisha,359,Kandhamal,250547,G. Udayagiri,Notified Area Council,FULL MATCH,1.0,,EXACT MATCH,
21,Odisha,359,Kandhamal,263005,Baliguda,Notified Area Council,FULL MATCH,1.0,,EXACT MATCH,
21,Odisha,360,Kendrapara,250490,Pattamundai,Municipality,FULL MATCH,1.0,,EXACT MATCH,
21,Odisha,360,Kendrapara,250491,Kendrapara,Municipality,FULL MATCH,1.0,,EXACT MATCH,
21,Odisha,361,Keonjhar,250469,Barbil,Municipality,FULL MATCH,1.0,,EXACT MATCH,
21,Odisha,361,Keonjhar,250471,Joda,Municipality,FULL MATCH,1.0,,EXACT MATCH,
21,Odisha,361,Keonjhar,250474,Kendujhar,Municipality,AI PREDICTION,1.0,,STRONG MATCH,361:Keonjhar(100.0%)
21,Odisha,361,Keonjhar,250476,Anandapur,Municipality,FULL MATCH,1.0,,EXACT MATCH,
21,Odisha,361,Keonjhar,263000,Champua,Notified Area Council,FULL MATCH,1.0,,EXACT MATCH,
21,Odisha,362,Khordha,250514,Khordha,Municipality,FULL MATCH,1.0,,EXACT MATCH,
21,Odisha,362,Khordha,250516,Jatani,Municipality,FULL MATCH,1.0,,EXACT MATCH,
21,Odisha,362,Khordha,250517,Balugaon,Notified Area Council,FULL MATCH,1.0,,EXACT MATCH,
21,Odisha,362,Khordha,250519,Banapur,Notified Area Council,FULL MATCH,1.0,,EXACT MATCH,
21,Odisha,362,Khordha,250520,Bhubaneswar,Municipal Corporations,AMBIGUOUS MATCH,0.3,MODERATE DISPARITY,MODERATE AMBIGUITY,362:Khordha(30.0%) | | | 369:Puri(3.33%)
21,Odisha,363,Koraput,250570,Kotpad,Notified Area Council,FULL MATCH,1.0,,EXACT MATCH,
21,Odisha,363,Koraput,250571,Koraput,Municipality,FULL MATCH,1.0,,EXACT MATCH,
21,Odisha,363,Koraput,250573,Sunabeda,Municipality,FULL MATCH,1.0,,EXACT MATCH,
21,Odisha,363,Koraput,250574,Jeypur,Municipality,AMBIGUOUS MATCH,0.75,HIGH DISPARITY,NEARLY RESOLVABLE,363:Koraput(75.0%)
21,Odisha,364,Malkangiri,250576,Balimela,Notified Area Council,FULL MATCH,1.0,,EXACT MATCH,
21,Odisha,364,Malkangiri,263345,Malkangiri,Municipality,FULL MATCH,1.0,,EXACT MATCH,
21,Odisha,365,Mayurbhanj,250478,Rairangpur,Municipality,FULL MATCH,1.0,,EXACT MATCH,
21,Odisha,365,Mayurbhanj,250479,Udala,Notified Area Council,FULL MATCH,1.0,,EXACT MATCH,
21,Odisha,365,Mayurbhanj,250480,Karanjia,Notified Area Council,FULL MATCH,1.0,,EXACT MATCH,
21,Odisha,365,Mayurbhanj,250481,Baripada,Municipality,FULL MATCH,1.0,,EXACT MATCH,
21,Odisha,366,Nabarangpur,250567,Umarkote,Municipality,FULL MATCH,1.0,,EXACT MATCH,
21,Odisha,367,Nayagarh,250510,Khandapada,Notified Area Council,FULL MATCH,1.0,,EXACT MATCH,
21,Odisha,367,Nayagarh,250512,Nayagarh,Municipality,FULL MATCH,1.0,,EXACT MATCH,
21,Odisha,367,Nayagarh,262987,Dasapalla,Notified Area Council,FULL MATCH,1.0,,EXACT MATCH,
21,Odisha,367,Nayagarh,262994,Ranapur,Notified Area Council,FULL MATCH,1.0,,EXACT MATCH,
21,Odisha,367,Nayagarh,276434,Odogaon,Notified Area Council,FULL MATCH,1.0,,EXACT MATCH,
21,Odisha,368,Nuapada,250556,Khariar Road,Notified Area Council,FULL MATCH,1.0,,EXACT MATCH,
21,Odisha,368,Nuapada,250557,Khariar,Notified Area Council,FULL MATCH,1.0,,EXACT MATCH,
21,Odisha,368,Nuapada,250558,Bhawanipatna,Municipality,AI PREDICTION,1.0,,AMBIGUOUS PREDICTION,368:Nuapada(100.0%) | 358:Kalahandi(100.0%)
21,Odisha,368,Nuapada,259201,Nuapada,Notified Area Council,FULL MATCH,1.0,,EXACT MATCH,
21,Odisha,369,Puri,250521,Pipili,Notified Area Council,FULL MATCH,1.0,,EXACT MATCH,
21,Odisha,369,Puri,250522,Nimapada,Notified Area Council,FULL MATCH,1.0,,EXACT MATCH,
21,Odisha,369,Puri,250523,Konark,Notified Area Council,FULL MATCH,1.0,,EXACT MATCH,
21,Odisha,369,Puri,250524,Puri,Municipality,AMBIGUOUS MATCH,0.3333,HIGH DISPARITY,NEARLY RESOLVABLE,369:Puri(33.33%)
21,Odisha,370,Rayagada,250563,Gudari,Notified Area Council,FULL MATCH,1.0,,EXACT MATCH,
21,Odisha,370,Rayagada,250564,Gunupur,Municipality,FULL MATCH,1.0,,EXACT MATCH,
21,Odisha,370,Rayagada,250569,Nabarangapur,Municipality,AI PREDICTION,1.0,,AMBIGUOUS PREDICTION,370:Rayagada(100.0%) | 363:Koraput(100.0%) | 364:Malkangiri(100.0%)
21,Odisha,371,Sambalpur,250453,Kochinda,Notified Area Council,FULL MATCH,1.0,,EXACT MATCH,
21,Odisha,371,Sambalpur,250454,Redhakhol,Notified Area Council,FULL MATCH,1.0,,EXACT MATCH,
21,Odisha,371,Sambalpur,253100,Sambalpur,Municipal Corporations,AMBIGUOUS MATCH,0.125,MODERATE DISPARITY,MODERATE AMBIGUITY,371:Sambalpur(12.5%)
21,Odisha,372,Sonepur,250549,Tarbha,Notified Area Council,FULL MATCH,1.0,,EXACT MATCH,
21,Odisha,372,Sonepur,250550,Sonapur,Municipality,FULL MATCH,1.0,,EXACT MATCH,
21,Odisha,372,Sonepur,250551,Binika,Notified Area Council,FULL MATCH,1.0,,EXACT MATCH,
21,Odisha,373,Sundargarh,250459,Rajagangapur,Municipality,FULL MATCH,1.0,,EXACT MATCH,
21,Odisha,373,Sundargarh,250462,Biramitrapur,Municipality,FULL MATCH,1.0,,EXACT MATCH,
21,Odisha,373,Sundargarh,250467,Raurkela,Municipal Corporations,AMBIGUOUS MATCH,0.2,MODERATE DISPARITY,MODERATE AMBIGUITY,373:Sundargarh(20.0%)
22,Chhattisgarh,374,Bastar,248143,Bastar,Town Panchayat,FULL MATCH,1.0,,EXACT MATCH,
22,Chhattisgarh,374,Bastar,250665,Jagdalpur,Municipal Corporations,FULL MATCH,1.0,,EXACT MATCH,
22,Chhattisgarh,374,Bastar,250668,Geedam,Town Panchayat,FULL MATCH,1.0,,EXACT MATCH,
22,Chhattisgarh,374,Bastar,250669,Dantewada,Municipality,FULL MATCH,1.0,,EXACT MATCH,
22,Chhattisgarh,374,Bastar,253215,Barsoor,Town Panchayat,FULL MATCH,1.0,,EXACT MATCH,
22,Chhattisgarh,375,Bilaspur,250601,Baloda,Town Panchayat,FULL MATCH,1.0,,EXACT MATCH,
22,Chhattisgarh,375,Bilaspur,250602,Naila Janjgir,Municipality,FULL MATCH,1.0,,EXACT MATCH,
22,Chhattisgarh,375,Bilaspur,250611,Lormi,Municipality,FULL MATCH,1.0,,EXACT MATCH,
22,Chhattisgarh,375,Bilaspur,250612,Ratanpur,Municipality,FULL MATCH,1.0,,EXACT MATCH,
22,Chhattisgarh,375,Bilaspur,250613,Kota,Town Panchayat,FULL MATCH,1.0,,EXACT MATCH,
22,Chhattisgarh,375,Bilaspur,250615,Takhatpur,Municipality,FULL MATCH,1.0,,EXACT MATCH,
22,Chhattisgarh,375,Bilaspur,250616,Bilaspur,Municipal Corporations,FULL MATCH,1.0,,EXACT MATCH,
22,Chhattisgarh,375,Bilaspur,250621,Bodri,Municipality,FULL MATCH,1.0,,EXACT MATCH,
22,Chhattisgarh,375,Bilaspur,250622,Bilha,Town Panchayat,FULL MATCH,1.0,,EXACT MATCH,
22,Chhattisgarh,375,Bilaspur,253110,Pali,Town Panchayat,FULL MATCH,1.0,,EXACT MATCH,
22,Chhattisgarh,375,Bilaspur,253148,Nawagarh,Town Panchayat,FULL MATCH,1.0,,EXACT MATCH,
22,Chhattisgarh,375,Bilaspur,253174,Malhar,Town Panchayat,FULL MATCH,1.0,,EXACT MATCH,
22,Chhattisgarh,375,Bilaspur,253176,Sargaon,Town Panchayat,FULL MATCH,1.0,,EXACT MATCH,
22,Chhattisgarh,375,Bilaspur,301512,Pamgarh,Town Panchayat,FULL MATCH,1.0,,EXACT MATCH,
22,Chhattisgarh,375,Bilaspur,301522,Barela,Town Panchayat,FULL MATCH,1.0,,EXACT MATCH,
22,Chhattisgarh,376,Dakshin Bastar Dantewada,250670,Bade Bacheli,Municipality,FULL MATCH,1.0,,EXACT MATCH,
22,Chhattisgarh,376,Dakshin Bastar Dantewada,250671,Kirandul,Municipality,FULL MATCH,1.0,,EXACT MATCH,
22,Chhattisgarh,376,Dakshin Bastar Dantewada,253244,Bijapur,Municipality,FULL MATCH,1.0,,EXACT MATCH,
22,Chhattisgarh,377,Dhamtari,248061,Kurud,Municipality,FULL MATCH,1.0,,EXACT MATCH,
22,Chhattisgarh,377,Dhamtari,248062,Dhamtari,Municipal Corporations,FULL MATCH,1.0,,EXACT MATCH,
22,Chhattisgarh,377,Dhamtari,250663,Kanker,Municipality,FULL MATCH,1.0,,EXACT MATCH,
22,Chhattisgarh,377,Dhamtari,253106,Aamdi,Town Panchayat,FULL MATCH,1.0,,EXACT MATCH,
22,Chhattisgarh,377,Dhamtari,253107,Bhakhara,Town Panchayat,FULL MATCH,1.0,,EXACT MATCH,
22,Chhattisgarh,377,Dhamtari,253108,Magarlod,Town Panchayat,FULL MATCH,1.0,,EXACT MATCH,
22,Chhattisgarh,377,Dhamtari,253109,Nagri,Town Panchayat,FULL MATCH,1.0,,EXACT MATCH,
22,Chhattisgarh,377,Dhamtari,253144,Charama,Town Panchayat,FULL MATCH,1.0,,EXACT MATCH,
22,Chhattisgarh,377,Dhamtari,253177,Abhanpur,Municipality,FULL MATCH,1.0,,EXACT MATCH,
22,Chhattisgarh,377,Dhamtari,253178,Rajim,Town Panchayat,FULL MATCH,1.0,,EXACT MATCH,
22,Chhattisgarh,377,Dhamtari,253182,Gariabandh,Municipality,FULL MATCH,1.0,,EXACT MATCH,
22,Chhattisgarh,377,Dhamtari,253249,Narharpur,Town Panchayat,FULL MATCH,1.0,,EXACT MATCH,
22,Chhattisgarh,377,Dhamtari,298991,Chandkhuri,Town Panchayat,FULL MATCH,1.0,,EXACT MATCH,
22,Chhattisgarh,377,Dhamtari,300355,Mandir Hasod,Municipality,FULL MATCH,1.0,,EXACT MATCH,
22,Chhattisgarh,378,Durg,250634,Dhamdha,Town Panchayat,FULL MATCH,1.0,,EXACT MATCH,
22,Chhattisgarh,378,Durg,250635,Ahiwara,Municipality,FULL MATCH,1.0,,EXACT MATCH,
22,Chhattisgarh,378,Durg,250636,Jamul,Municipality,FULL MATCH,1.0,,EXACT MATCH,
22,Chhattisgarh,378,Durg,250637,Kumhari,Municipality,FULL MATCH,1.0,,EXACT MATCH,
22,Chhattisgarh,378,Durg,250638,Bhilai Charoda,Municipal Corporations,FULL MATCH,1.0,,EXACT MATCH,
22,Chhattisgarh,378,Durg,250639,Bhilai,Municipal Corporations,AMBIGUOUS MATCH,0.4286,HIGH DISPARITY,NEARLY RESOLVABLE,378:Durg(42.86%)
22,Chhattisgarh,378,Durg,250640,Durg,Municipal Corporations,AMBIGUOUS MATCH,0.5,LOW DISPARITY,HIGH AMBIGUITY,378:Durg(50.0%) | | | 388:Rajnandgaon(50.0%)
22,Chhattisgarh,378,Durg,250641,Patan,Town Panchayat,FULL MATCH,1.0,,EXACT MATCH,
22,Chhattisgarh,378,Durg,253114,Bhatgaon,Town Panchayat,AMBIGUOUS MATCH,0.5,LOW DISPARITY,HIGH AMBIGUITY,378:Durg(50.0%) | | | 388:Rajnandgaon(50.0%)
22,Chhattisgarh,378,Durg,253150,Parpodi,Town Panchayat,FULL MATCH,1.0,,EXACT MATCH,
22,Chhattisgarh,378,Durg,253152,Berla,Town Panchayat,FULL MATCH,1.0,,EXACT MATCH,
22,Chhattisgarh,378,Durg,253153,Utai,Town Panchayat,FULL MATCH,1.0,,EXACT MATCH,
22,Chhattisgarh,378,Durg,253154,Gunderdehi,Town Panchayat,FULL MATCH,1.0,,EXACT MATCH,
22,Chhattisgarh,378,Durg,253155,Arjunda,Town Panchayat,FULL MATCH,1.0,,EXACT MATCH,
22,Chhattisgarh,378,Durg,296874,Risali,Municipal Corporations,FULL MATCH,1.0,,EXACT MATCH,
22,Chhattisgarh,378,Durg,299657,Amleshwar,Municipality,FULL MATCH,1.0,,EXACT MATCH,
22,Chhattisgarh,378,Durg,301511,Bhinbhouree,Town Panchayat,FULL MATCH,1.0,,EXACT MATCH,
22,Chhattisgarh,379,Janjgir-Champa,250603,Akaltara,Municipality,FULL MATCH,1.0,,EXACT MATCH,
22,Chhattisgarh,379,Janjgir-Champa,250604,Shivrinarayan,Town Panchayat,FULL MATCH,1.0,,EXACT MATCH,
22,Chhattisgarh,379,Janjgir-Champa,250605,Champa,Municipality,FULL MATCH,1.0,,EXACT MATCH,
22,Chhattisgarh,379,Janjgir-Champa,250607,Naya Baradwar,Town Panchayat,FULL MATCH,1.0,,EXACT MATCH,
22,Chhattisgarh,379,Janjgir-Champa,250608,Kharod,Town Panchayat,FULL MATCH,1.0,,EXACT MATCH,
22,Chhattisgarh,379,Janjgir-Champa,253287,Saragaon,Town Panchayat,FULL MATCH,1.0,,EXACT MATCH,
22,Chhattisgarh,379,Janjgir-Champa,253288,Rahoud,Town Panchayat,FULL MATCH,1.0,,EXACT MATCH,
22,Chhattisgarh,379,Janjgir-Champa,301526,Nariyara,Town Panchayat,FULL MATCH,1.0,,EXACT MATCH,
22,Chhattisgarh,379,Janjgir-Champa,301919,Bamhanidih,Town Panchayat,FULL MATCH,1.0,,EXACT MATCH,
22,Chhattisgarh,380,Jashpur,250590,Jashpur Nagar,Municipality,FULL MATCH,1.0,,EXACT MATCH,
22,Chhattisgarh,380,Jashpur,250591,Pathalgaon,Municipality,FULL MATCH,1.0,,EXACT MATCH,
22,Chhattisgarh,380,Jashpur,253198,Kunkuri,Town Panchayat,FULL MATCH,1.0,,EXACT MATCH,
22,Chhattisgarh,380,Jashpur,253199,Kotba,Town Panchayat,FULL MATCH,1.0,,EXACT MATCH,
22,Chhattisgarh,380,Jashpur,253200,Bagicha,Town Panchayat,FULL MATCH,1.0,,EXACT MATCH,
22,Chhattisgarh,380,Jashpur,253279,Lailunga,Town Panchayat,FULL MATCH,1.0,,EXACT MATCH,
22,Chhattisgarh,381,Uttar Bastar Kanker,248063,Keshkal,Town Panchayat,FULL MATCH,1.0,,EXACT MATCH,
22,Chhattisgarh,381,Uttar Bastar Kanker,248064,Narayanpur,Municipality,FULL MATCH,1.0,,EXACT MATCH,
22,Chhattisgarh,381,Uttar Bastar Kanker,253145,Bhanupratappur,Town Panchayat,FULL MATCH,1.0,,EXACT MATCH,
22,Chhattisgarh,381,Uttar Bastar Kanker,253146,Pakhajur,Town Panchayat,FULL MATCH,1.0,,EXACT MATCH,
22,Chhattisgarh,381,Uttar Bastar Kanker,253248,Antagarh,Town Panchayat,FULL MATCH,1.0,,EXACT MATCH,
22,Chhattisgarh,382,Kabeerdham,250623,Kawardha,Municipality,FULL MATCH,1.0,,EXACT MATCH,
22,Chhattisgarh,382,Kabeerdham,250624,Pandariya,Municipality,FULL MATCH,1.0,,EXACT MATCH,
22,Chhattisgarh,382,Kabeerdham,250625,Gandai,Town Panchayat,FULL MATCH,1.0,,EXACT MATCH,
22,Chhattisgarh,382,Kabeerdham,273465,Pipariya,Town Panchayat,FULL MATCH,1.0,,EXACT MATCH,
22,Chhattisgarh,382,Kabeerdham,273466,Bodla,Town Panchayat,FULL MATCH,1.0,,EXACT MATCH,
22,Chhattisgarh,382,Kabeerdham,273467,Pandatarai,Town Panchayat,FULL MATCH,1.0,,EXACT MATCH,
22,Chhattisgarh,382,Kabeerdham,273468,Sahaspur-Lohara,Town Panchayat,FULL MATCH,1.0,,EXACT MATCH,
22,Chhattisgarh,382,Kabeerdham,301507,Indouri,Town Panchayat,FULL MATCH,1.0,,EXACT MATCH,
22,Chhattisgarh,383,Korba,250597,Katghora,Municipality,FULL MATCH,1.0,,EXACT MATCH,
22,Chhattisgarh,383,Korba,250598,Korba,Municipal Corporations,FULL MATCH,1.0,,EXACT MATCH,
22,Chhattisgarh,383,Korba,250599,Dipka,Municipality,FULL MATCH,1.0,,EXACT MATCH,
22,Chhattisgarh,383,Korba,253111,Churikala,Town Panchayat,FULL MATCH,1.0,,EXACT MATCH,
22,Chhattisgarh,383,Korba,301510,Banki Mongra,Municipality,FULL MATCH,1.0,,EXACT MATCH,
22,Chhattisgarh,384,Korea,250578,Chirimiri,Municipal Corporations,FULL MATCH,1.0,,EXACT MATCH,
22,Chhattisgarh,384,Korea,250579,Baikunthpur,Municipality,FULL MATCH,1.0,,EXACT MATCH,
22,Chhattisgarh,384,Korea,250582,Jhagrakhand,Town Panchayat,AI PREDICTION,1.0,,AMBIGUOUS PREDICTION,384:Korea(100.0%) | 389:Surguja(100.0%) | 648:Surajpur(100.0%)
22,Chhattisgarh,384,Korea,259685,Shivpur Charcha,Municipality,FULL MATCH,1.0,,EXACT MATCH,
22,Chhattisgarh,384,Korea,301809,Patna,Town Panchayat,FULL MATCH,1.0,,EXACT MATCH,
22,Chhattisgarh,385,Mahasamund,250658,Basna,Town Panchayat,FULL MATCH,1.0,,EXACT MATCH,
22,Chhattisgarh,385,Mahasamund,250659,Saraipali,Municipality,FULL MATCH,1.0,,EXACT MATCH,
22,Chhattisgarh,385,Mahasamund,250660,Pithora,Town Panchayat,FULL MATCH,1.0,,EXACT MATCH,
22,Chhattisgarh,385,Mahasamund,250661,Mahasamund,Municipality,FULL MATCH,1.0,,EXACT MATCH,
22,Chhattisgarh,385,Mahasamund,250662,Bagbahara,Municipality,FULL MATCH,1.0,,EXACT MATCH,
22,Chhattisgarh,385,Mahasamund,253105,Tumgaon,Town Panchayat,FULL MATCH,1.0,,EXACT MATCH,
22,Chhattisgarh,386,Raigarh,250592,Dharamjaigarh,Town Panchayat,FULL MATCH,1.0,,EXACT MATCH,
22,Chhattisgarh,386,Raigarh,250593,Gharghoda,Town Panchayat,FULL MATCH,1.0,,EXACT MATCH,
22,Chhattisgarh,386,Raigarh,250594,Raigarh,Municipal Corporations,FULL MATCH,1.0,,EXACT MATCH,
22,Chhattisgarh,386,Raigarh,250595,Kharsia,Municipality,FULL MATCH,1.0,,EXACT MATCH,
22,Chhattisgarh,386,Raigarh,253278,Pussore,Town Panchayat,FULL MATCH,1.0,,EXACT MATCH,
22,Chhattisgarh,386,Raigarh,253280,Kirodimal Nagar,Town Panchayat,FULL MATCH,1.0,,EXACT MATCH,
22,Chhattisgarh,387,Raipur,250644,Simga,Municipality,FULL MATCH,1.0,,EXACT MATCH,
22,Chhattisgarh,387,Raipur,250646,Kurra,Town Panchayat,FULL MATCH,1.0,,EXACT MATCH,
22,Chhattisgarh,387,Raipur,250649,Gobra Nawapara,Municipality,FULL MATCH,1.0,,EXACT MATCH,
22,Chhattisgarh,387,Raipur,250650,Arang,Municipality,FULL MATCH,1.0,,EXACT MATCH,
22,Chhattisgarh,387,Raipur,250652,Kharora,Town Panchayat,FULL MATCH,1.0,,EXACT MATCH,
22,Chhattisgarh,387,Raipur,250653,Raipur,Municipal Corporations,FULL MATCH,1.0,,EXACT MATCH,
22,Chhattisgarh,387,Raipur,250655,Mana Camp,Town Panchayat,FULL MATCH,1.0,,EXACT MATCH,
22,Chhattisgarh,387,Raipur,250657,Tilda Newra,Municipality,FULL MATCH,1.0,,EXACT MATCH,
22,Chhattisgarh,387,Raipur,253179,Birgaon,Municipal Corporations,FULL MATCH,1.0,,EXACT MATCH,
22,Chhattisgarh,387,Raipur,298990,Samoda,Town Panchayat,FULL MATCH,1.0,,EXACT MATCH,
22,Chhattisgarh,387,Raipur,301509,Sarsiwan,Town Panchayat,FULL MATCH,1.0,,EXACT MATCH,
22,Chhattisgarh,388,Rajnandgaon,250628,Dongargarh,Municipality,FULL MATCH,1.0,,EXACT MATCH,
22,Chhattisgarh,388,Rajnandgaon,250629,Rajnandgaon,Municipal Corporations,FULL MATCH,1.0,,EXACT MATCH,
22,Chhattisgarh,388,Rajnandgaon,250630,Dongargaon,Town Panchayat,FULL MATCH,1.0,,EXACT MATCH,
22,Chhattisgarh,388,Rajnandgaon,250631,Ambagarh Chowki,Town Panchayat,FULL MATCH,1.0,,EXACT MATCH,
22,Chhattisgarh,388,Rajnandgaon,253112,Chhuriya,Town Panchayat,FULL MATCH,1.0,,EXACT MATCH,
22,Chhattisgarh,388,Rajnandgaon,301808,Lal Bahadur Nagar,Town Panchayat,FULL MATCH,1.0,,EXACT MATCH,
22,Chhattisgarh,388,Rajnandgaon,301920,Ghumka,Town Panchayat,FULL MATCH,1.0,,EXACT MATCH,
22,Chhattisgarh,389,Surguja,250588,Ambikapur,Municipal Corporations,FULL MATCH,1.0,,EXACT MATCH,
22,Chhattisgarh,389,Surguja,253120,Sitapur,Town Panchayat,FULL MATCH,1.0,,EXACT MATCH,
22,Chhattisgarh,389,Surguja,253121,Lakhanpur,Town Panchayat,FULL MATCH,1.0,,EXACT MATCH,
22,Chhattisgarh,636,Bijapur,253245,Bhairamgarh,Town Panchayat,FULL MATCH,1.0,,EXACT MATCH,
22,Chhattisgarh,636,Bijapur,253246,Bhopalpatnam,Town Panchayat,FULL MATCH,1.0,,EXACT MATCH,
22,Chhattisgarh,642,Sukma,253216,Sukma,Municipality,FULL MATCH,1.0,,EXACT MATCH,
22,Chhattisgarh,642,Sukma,253217,Konta,Town Panchayat,FULL MATCH,1.0,,EXACT MATCH,
22,Chhattisgarh,642,Sukma,253218,Dornapal,Town Panchayat,FULL MATCH,1.0,,EXACT MATCH,
22,Chhattisgarh,643,Kondagaon,250664,Kondagaon,Municipality,FULL MATCH,1.0,,EXACT MATCH,
22,Chhattisgarh,643,Kondagaon,265121,Farasgaon,Town Panchayat,FULL MATCH,1.0,,EXACT MATCH,
22,Chhattisgarh,644,Balodabazar-Bhatapara,250645,Kasdol,Town Panchayat,FULL MATCH,1.0,,EXACT MATCH,
22,Chhattisgarh,644,Balodabazar-Bhatapara,250647,Palari,Town Panchayat,FULL MATCH,1.0,,EXACT MATCH,
22,Chhattisgarh,644,Balodabazar-Bhatapara,250648,Baloda Bazar,Municipality,FULL MATCH,1.0,,EXACT MATCH,
22,Chhattisgarh,644,Balodabazar-Bhatapara,250651,Bhatapara,Municipality,FULL MATCH,1.0,,EXACT MATCH,
22,Chhattisgarh,644,Balodabazar-Bhatapara,250654,Tundra,Town Panchayat,FULL MATCH,1.0,,EXACT MATCH,
22,Chhattisgarh,644,Balodabazar-Bhatapara,250656,Bilaigarh,Town Panchayat,FULL MATCH,1.0,,EXACT MATCH,
22,Chhattisgarh,644,Balodabazar-Bhatapara,253184,Lavan,Town Panchayat,FULL MATCH,1.0,,EXACT MATCH,
22,Chhattisgarh,644,Balodabazar-Bhatapara,301527,Pawni,Town Panchayat,FULL MATCH,1.0,,EXACT MATCH,
22,Chhattisgarh,644,Balodabazar-Bhatapara,301528,Rohansi,Town Panchayat,FULL MATCH,1.0,,EXACT MATCH,
22,Chhattisgarh,645,Gariyaband,253180,Fingeswar,Town Panchayat,FULL MATCH,1.0,,EXACT MATCH,
22,Chhattisgarh,645,Gariyaband,253181,Churra,Town Panchayat,FULL MATCH,1.0,,EXACT MATCH,
22,Chhattisgarh,645,Gariyaband,301514,Kopra,Town Panchayat,FULL MATCH,1.0,,EXACT MATCH,
22,Chhattisgarh,645,Gariyaband,301812,Devbhog,Town Panchayat,FULL MATCH,1.0,,EXACT MATCH,
22,Chhattisgarh,646,Balod,250642,Balod,Municipality,FULL MATCH,1.0,,EXACT MATCH,
22,Chhattisgarh,646,Balod,250643,Dalli Rajhara,Municipality,FULL MATCH,1.0,,EXACT MATCH,
22,Chhattisgarh,646,Balod,253156,Dondi,Town Panchayat,FULL MATCH,1.0,,EXACT MATCH,
22,Chhattisgarh,646,Balod,253157,Chikhlakasa,Town Panchayat,FULL MATCH,1.0,,EXACT MATCH,
22,Chhattisgarh,646,Balod,253158,Gurur,Town Panchayat,FULL MATCH,1.0,,EXACT MATCH,
22,Chhattisgarh,646,Balod,253159,Dondilohara,Town Panchayat,FULL MATCH,1.0,,EXACT MATCH,
22,Chhattisgarh,647,Mungeli,250614,Mungeli,Municipality,FULL MATCH,1.0,,EXACT MATCH,
22,Chhattisgarh,647,Mungeli,253172,Pathariya,Town Panchayat,FULL MATCH,1.0,,EXACT MATCH,
22,Chhattisgarh,647,Mungeli,301630,Jarhagaon,Town Panchayat,FULL MATCH,1.0,,EXACT MATCH,
22,Chhattisgarh,648,Surajpur,250585,Surajpur,Municipality,FULL MATCH,1.0,,EXACT MATCH,
22,Chhattisgarh,648,Surajpur,250586,Vishrampur,Town Panchayat,FULL MATCH,1.0,,EXACT MATCH,
22,Chhattisgarh,648,Surajpur,253115,Jarhi,Town Panchayat,FULL MATCH,1.0,,EXACT MATCH,
22,Chhattisgarh,648,Surajpur,253123,Pratappur,Town Panchayat,FULL MATCH,1.0,,EXACT MATCH,
22,Chhattisgarh,648,Surajpur,253191,Premnagar,Town Panchayat,FULL MATCH,1.0,,EXACT MATCH,
22,Chhattisgarh,648,Surajpur,301867,Shivnandanpur,Town Panchayat,FULL MATCH,1.0,,EXACT MATCH,
22,Chhattisgarh,649,Balrampur-Ramanujganj,250583,Ramanujganj,Municipality,FULL MATCH,1.0,,EXACT MATCH,
22,Chhattisgarh,649,Balrampur-Ramanujganj,253116,Wadrafnagar,Town Panchayat,FULL MATCH,1.0,,EXACT MATCH,
22,Chhattisgarh,649,Balrampur-Ramanujganj,253117,Rajpur,Town Panchayat,FULL MATCH,1.0,,EXACT MATCH,
22,Chhattisgarh,649,Balrampur-Ramanujganj,253118,Kusmi,Town Panchayat,AMBIGUOUS MATCH,0.5,LOW DISPARITY,HIGH AMBIGUITY,649:Balrampur-Ramanujganj(50.0%) | | | 650:Bemetara(50.0%)
22,Chhattisgarh,649,Balrampur-Ramanujganj,253119,Balrampur,Municipality,FULL MATCH,1.0,,EXACT MATCH,
22,Chhattisgarh,649,Balrampur-Ramanujganj,301834,Kusmi,Town Panchayat,FULL MATCH,1.0,,EXACT MATCH,
22,Chhattisgarh,650,Bemetara,250632,Bemetara,Municipality,FULL MATCH,1.0,,EXACT MATCH,
22,Chhattisgarh,650,Bemetara,250633,Than Khamharia,Town Panchayat,FULL MATCH,1.0,,EXACT MATCH,
22,Chhattisgarh,650,Bemetara,253149,Saja,Town Panchayat,FULL MATCH,1.0,,EXACT MATCH,
22,Chhattisgarh,650,Bemetara,253151,Devkar,Town Panchayat,FULL MATCH,1.0,,EXACT MATCH,
22,Chhattisgarh,650,Bemetara,253160,Maro,Town Panchayat,FULL MATCH,1.0,,EXACT MATCH,
22,Chhattisgarh,650,Bemetara,253283,Nawagarh,Town Panchayat,FULL MATCH,1.0,,EXACT MATCH,
22,Chhattisgarh,650,Bemetara,301508,Dadhi,Town Panchayat,FULL MATCH,1.0,,EXACT MATCH,
22,Chhattisgarh,734,Gaurela-Pendra-Marwahi,250609,Pendra,Municipality,FULL MATCH,1.0,,EXACT MATCH,
22,Chhattisgarh,734,Gaurela-Pendra-Marwahi,250610,Gaurella,Municipality,FULL MATCH,1.0,,EXACT MATCH,
22,Chhattisgarh,734,Gaurela-Pendra-Marwahi,301513,Marwahi,Town Panchayat,FULL MATCH,1.0,,EXACT MATCH,
22,Chhattisgarh,759,Khairagarh-Chhuikhadan-Gandai,250626,Chhuikhadan,Town Panchayat,FULL MATCH,1.0,,EXACT MATCH,
22,Chhattisgarh,759,Khairagarh-Chhuikhadan-Gandai,262094,Khairagarh Municipality,Municipality,FULL MATCH,1.0,,EXACT MATCH,
22,Chhattisgarh,760,Manendragarh-Chirmiri-Bharatpur(M C B),250580,Manendragarh,Municipality,FULL MATCH,1.0,,EXACT MATCH,
22,Chhattisgarh,760,Manendragarh-Chirmiri-Bharatpur(M C B),250581,Khongapani,Town Panchayat,FULL MATCH,1.0,,EXACT MATCH,
22,Chhattisgarh,760,Manendragarh-Chirmiri-Bharatpur(M C B),253220,Nai Ladri,Town Panchayat,FULL MATCH,1.0,,EXACT MATCH,
22,Chhattisgarh,760,Manendragarh-Chirmiri-Bharatpur(M C B),301515,Janakpur,Town Panchayat,FULL MATCH,1.0,,EXACT MATCH,
22,Chhattisgarh,762,Sakti,250606,Sakti,Municipality,FULL MATCH,1.0,,EXACT MATCH,
22,Chhattisgarh,762,Sakti,253284,Jaijaipur,Town Panchayat,FULL MATCH,1.0,,EXACT MATCH,
22,Chhattisgarh,762,Sakti,253285,Chandrapur,Town Panchayat,FULL MATCH,1.0,,EXACT MATCH,
22,Chhattisgarh,762,Sakti,253286,Dhabhara,Town Panchayat,FULL MATCH,1.0,,EXACT MATCH,
22,Chhattisgarh,762,Sakti,253289,Adbhar,Town Panchayat,FULL MATCH,1.0,,EXACT MATCH,
22,Chhattisgarh,763,Sarangarh-Bilaigarh,250596,Sarangarh,Municipality,FULL MATCH,1.0,,EXACT MATCH,
22,Chhattisgarh,763,Sarangarh-Bilaigarh,253183,Bhatgaon,Town Panchayat,FULL MATCH,1.0,,EXACT MATCH,
22,Chhattisgarh,763,Sarangarh-Bilaigarh,253276,Baramkela,Town Panchayat,FULL MATCH,1.0,,EXACT MATCH,
22,Chhattisgarh,763,Sarangarh-Bilaigarh,253277,Saria,Town Panchayat,FULL MATCH,1.0,,EXACT MATCH,
23,Madhya Pradesh,390,Anuppur,253193,Kotma,Municipality,FULL MATCH,1.0,,EXACT MATCH,
23,Madhya Pradesh,390,Anuppur,253194,Bijuri,Municipality,FULL MATCH,1.0,,EXACT MATCH,
23,Madhya Pradesh,390,Anuppur,253195,Amarkantak,Town Panchayat,FULL MATCH,1.0,,EXACT MATCH,
23,Madhya Pradesh,390,Anuppur,253196,Jaithari,Town Panchayat,FULL MATCH,1.0,,EXACT MATCH,
23,Madhya Pradesh,390,Anuppur,253197,Pasan,Municipality,FULL MATCH,1.0,,EXACT MATCH,
23,Madhya Pradesh,390,Anuppur,265847,Anuppur Np,Municipality,FULL MATCH,1.0,,EXACT MATCH,
23,Madhya Pradesh,390,Anuppur,298927,Dola,Town Panchayat,FULL MATCH,1.0,,EXACT MATCH,
23,Madhya Pradesh,390,Anuppur,298928,Doomar Kachhar,Town Panchayat,FULL MATCH,1.0,,EXACT MATCH,
23,Madhya Pradesh,390,Anuppur,299278,Rajnagar Bangawan,Town Panchayat,FULL MATCH,1.0,,EXACT MATCH,
23,Madhya Pradesh,391,Ashoknagar,250712,Isagarh,Town Panchayat,FULL MATCH,1.0,,EXACT MATCH,
23,Madhya Pradesh,391,Ashoknagar,250713,Chanderi,Municipality,FULL MATCH,1.0,,EXACT MATCH,
23,Madhya Pradesh,391,Ashoknagar,250715,Ashoknagar,Municipality,FULL MATCH,1.0,,EXACT MATCH,
23,Madhya Pradesh,391,Ashoknagar,250717,Mungaoli,Town Panchayat,FULL MATCH,1.0,,EXACT MATCH,
23,Madhya Pradesh,391,Ashoknagar,262977,Shadora,Town Panchayat,FULL MATCH,1.0,,EXACT MATCH,
23,Madhya Pradesh,391,Ashoknagar,299252,Piprai,Town Panchayat,FULL MATCH,1.0,,EXACT MATCH,
23,Madhya Pradesh,392,Balaghat,250984,Katangi,Town Panchayat,FULL MATCH,1.0,,EXACT MATCH,
23,Madhya Pradesh,392,Balaghat,251037,Waraseoni,Municipality,FULL MATCH,1.0,,EXACT MATCH,
23,Madhya Pradesh,392,Balaghat,251040,Balaghat,Municipality,FULL MATCH,1.0,,EXACT MATCH,
23,Madhya Pradesh,392,Balaghat,251041,Baihar,Town Panchayat,FULL MATCH,1.0,,EXACT MATCH,
23,Madhya Pradesh,392,Balaghat,251042,Malajkhand,Municipality,FULL MATCH,1.0,,EXACT MATCH,
23,Madhya Pradesh,392,Balaghat,253162,Lanji,Town Panchayat,FULL MATCH,1.0,,EXACT MATCH,
23,Madhya Pradesh,393,Barwani,250908,Sanawad,Municipality,FULL MATCH,1.0,,EXACT MATCH,
23,Madhya Pradesh,393,Barwani,250909,Maheshwar,Town Panchayat,FULL MATCH,1.0,,EXACT MATCH,
23,Madhya Pradesh,393,Barwani,250910,Mandleshwar,Town Panchayat,FULL MATCH,1.0,,EXACT MATCH,
23,Madhya Pradesh,393,Barwani,250911,Kasrawad,Town Panchayat,FULL MATCH,1.0,,EXACT MATCH,
23,Madhya Pradesh,393,Barwani,250913,Khargone,Municipality,FULL MATCH,1.0,,EXACT MATCH,
23,Madhya Pradesh,393,Barwani,250914,Barwani,Municipality,FULL MATCH,1.0,,EXACT MATCH,
23,Madhya Pradesh,393,Barwani,250915,Anjad,Town Panchayat,FULL MATCH,1.0,,EXACT MATCH,
23,Madhya Pradesh,393,Barwani,250916,Rajpur,Town Panchayat,FULL MATCH,1.0,,EXACT MATCH,
23,Madhya Pradesh,393,Barwani,250917,Pansemal,Town Panchayat,FULL MATCH,1.0,,EXACT MATCH,
23,Madhya Pradesh,393,Barwani,250918,Khetia,Town Panchayat,FULL MATCH,1.0,,EXACT MATCH,
23,Madhya Pradesh,393,Barwani,250919,Sendhwa,Municipality,FULL MATCH,1.0,,EXACT MATCH,
23,Madhya Pradesh,393,Barwani,250923,Khandwa,Municipal Corporations,FULL MATCH,1.0,,EXACT MATCH,
23,Madhya Pradesh,393,Barwani,250928,Machalpur,Town Panchayat,AMBIGUOUS MATCH,0.5,LOW DISPARITY,HIGH AMBIGUITY,393:Barwani(50.0%) | | | 396:Bhopal(50.0%)
23,Madhya Pradesh,393,Barwani,253251,Palsud,Town Panchayat,FULL MATCH,1.0,,EXACT MATCH,
23,Madhya Pradesh,393,Barwani,297118,Niwali Bujurg,Town Panchayat,FULL MATCH,1.0,,EXACT MATCH,
23,Madhya Pradesh,393,Barwani,297119,Thikri,Town Panchayat,FULL MATCH,1.0,,EXACT MATCH,
23,Madhya Pradesh,394,Betul,248069,Sarni,Municipality,FULL MATCH,1.0,,EXACT MATCH,
23,Madhya Pradesh,394,Betul,248070,Betul Bazar,Town Panchayat,FULL MATCH,1.0,,EXACT MATCH,
23,Madhya Pradesh,394,Betul,248071,Multai,Municipality,FULL MATCH,1.0,,EXACT MATCH,
23,Madhya Pradesh,394,Betul,248072,Betul,Municipality,FULL MATCH,1.0,,EXACT MATCH,
23,Madhya Pradesh,394,Betul,248073,Amla,Municipality,FULL MATCH,1.0,,EXACT MATCH,
23,Madhya Pradesh,394,Betul,250964,Bhainsdehi,Town Panchayat,FULL MATCH,1.0,,EXACT MATCH,
23,Madhya Pradesh,394,Betul,263217,Sainkheda,Town Panchayat,FULL MATCH,1.0,,EXACT MATCH,
23,Madhya Pradesh,394,Betul,263218,Chicholi,Town Panchayat,FULL MATCH,1.0,,EXACT MATCH,
23,Madhya Pradesh,394,Betul,263361,Athner,Town Panchayat,FULL MATCH,1.0,,EXACT MATCH,
23,Madhya Pradesh,394,Betul,298919,Ghodadongri,Town Panchayat,FULL MATCH,1.0,,EXACT MATCH,
23,Madhya Pradesh,394,Betul,298920,Shahpur,Town Panchayat,FULL MATCH,1.0,,EXACT MATCH,
23,Madhya Pradesh,395,Bhind,250683,Phuphkalan,Town Panchayat,FULL MATCH,1.0,,EXACT MATCH,
23,Madhya Pradesh,395,Bhind,250684,Bhind,Municipality,FULL MATCH,1.0,,EXACT MATCH,
23,Madhya Pradesh,395,Bhind,250685,Akoda,Town Panchayat,FULL MATCH,1.0,,EXACT MATCH,
23,Madhya Pradesh,395,Bhind,250686,Gormi,Town Panchayat,FULL MATCH,1.0,,EXACT MATCH,
23,Madhya Pradesh,395,Bhind,250688,Gohad,Municipality,FULL MATCH,1.0,,EXACT MATCH,
23,Madhya Pradesh,395,Bhind,250689,Mau,Town Panchayat,FULL MATCH,1.0,,EXACT MATCH,
23,Madhya Pradesh,395,Bhind,250690,Mihona,Town Panchayat,FULL MATCH,1.0,,EXACT MATCH,
23,Madhya Pradesh,395,Bhind,250691,Lahar,Municipality,FULL MATCH,1.0,,EXACT MATCH,
23,Madhya Pradesh,395,Bhind,250692,Alampur,Town Panchayat,FULL MATCH,1.0,,EXACT MATCH,
23,Madhya Pradesh,395,Bhind,250693,Daboh,Town Panchayat,FULL MATCH,1.0,,EXACT MATCH,
23,Madhya Pradesh,395,Bhind,290392,Mehgaon,Town Panchayat,FULL MATCH,1.0,,EXACT MATCH,
23,Madhya Pradesh,395,Bhind,298924,Malanpur,Town Panchayat,FULL MATCH,1.0,,EXACT MATCH,
23,Madhya Pradesh,396,Bhopal,250826,Manasa,Town Panchayat,AMBIGUOUS MATCH,0.5,LOW DISPARITY,HIGH AMBIGUITY,396:Bhopal(50.0%) | | | 419:Neemuch(50.0%)
23,Madhya Pradesh,396,Bhopal,250929,Jirapur,Town Panchayat,FULL MATCH,1.0,,EXACT MATCH,
23,Madhya Pradesh,396,Bhopal,250945,Berasia,Municipality,FULL MATCH,1.0,,EXACT MATCH,
23,Madhya Pradesh,396,Bhopal,250946,Bhopal,Municipal Corporations,AMBIGUOUS MATCH,0.5667,HIGH DISPARITY,NEARLY RESOLVABLE,396:Bhopal(56.67%) | | | 421:Raisen(3.33%)
23,Madhya Pradesh,396,Bhopal,250951,Nasrullaganj,Town Panchayat,FULL MATCH,1.0,,EXACT MATCH,
23,Madhya Pradesh,396,Bhopal,250959,Mandideep,Municipality,FULL MATCH,1.0,,EXACT MATCH,
23,Madhya Pradesh,396,Bhopal,250967,Harda,Municipality,FULL MATCH,1.0,,EXACT MATCH,
23,Madhya Pradesh,397,Burhanpur,250912,Bhikangaon,Town Panchayat,FULL MATCH,1.0,,EXACT MATCH,
23,Madhya Pradesh,397,Burhanpur,250924,Pandhana,Town Panchayat,FULL MATCH,1.0,,EXACT MATCH,
23,Madhya Pradesh,397,Burhanpur,250925,Burhanpur,Municipal Corporations,FULL MATCH,1.0,,EXACT MATCH,
23,Madhya Pradesh,397,Burhanpur,250926,Shahpur Burhanpur,Town Panchayat,FULL MATCH,1.0,,EXACT MATCH,
23,Madhya Pradesh,397,Burhanpur,250927,Nepanagar,Municipality,FULL MATCH,1.0,,EXACT MATCH,
23,Madhya Pradesh,397,Burhanpur,298931,Bistan,Town Panchayat,FULL MATCH,1.0,,EXACT MATCH,
23,Madhya Pradesh,398,Chhatarpur,250734,Barigarh,Town Panchayat,FULL MATCH,1.0,,EXACT MATCH,
23,Madhya Pradesh,398,Chhatarpur,250735,Lavkush Nagar,Town Panchayat,FULL MATCH,1.0,,EXACT MATCH,
23,Madhya Pradesh,398,Chhatarpur,250736,Chandla,Town Panchayat,FULL MATCH,1.0,,EXACT MATCH,
23,Madhya Pradesh,398,Chhatarpur,250737,Harpalpur,Town Panchayat,FULL MATCH,1.0,,EXACT MATCH,
23,Madhya Pradesh,398,Chhatarpur,250738,Nowgong,Municipality,FULL MATCH,1.0,,EXACT MATCH,
23,Madhya Pradesh,398,Chhatarpur,250739,Garhi -Malhara,Town Panchayat,FULL MATCH,1.0,,EXACT MATCH,
23,Madhya Pradesh,398,Chhatarpur,250740,Maharajpur,Municipality,FULL MATCH,1.0,,EXACT MATCH,
23,Madhya Pradesh,398,Chhatarpur,250741,Chhatarpur,Municipality,FULL MATCH,1.0,,EXACT MATCH,
23,Madhya Pradesh,398,Chhatarpur,250742,Rajnagar,Town Panchayat,FULL MATCH,1.0,,EXACT MATCH,
23,Madhya Pradesh,398,Chhatarpur,250743,Khajuraho,Town Panchayat,FULL MATCH,1.0,,EXACT MATCH,
23,Madhya Pradesh,398,Chhatarpur,250744,Bada -Malhera,Town Panchayat,FULL MATCH,1.0,,EXACT MATCH,
23,Madhya Pradesh,398,Chhatarpur,250745,Ghuwara,Town Panchayat,FULL MATCH,1.0,,EXACT MATCH,
23,Madhya Pradesh,398,Chhatarpur,250746,Satai,Town Panchayat,FULL MATCH,1.0,,EXACT MATCH,
23,Madhya Pradesh,398,Chhatarpur,250747,Bijawar,Town Panchayat,FULL MATCH,1.0,,EXACT MATCH,
23,Madhya Pradesh,398,Chhatarpur,250748,Buxwaha,Town Panchayat,FULL MATCH,1.0,,EXACT MATCH,
23,Madhya Pradesh,399,Chhindwara,250756,Chand,Town Panchayat,FULL MATCH,1.0,,EXACT MATCH,
23,Madhya Pradesh,399,Chhindwara,251007,Harrai,Town Panchayat,FULL MATCH,1.0,,EXACT MATCH,
23,Madhya Pradesh,399,Chhindwara,251008,Amarwara,Municipality,FULL MATCH,1.0,,EXACT MATCH,
23,Madhya Pradesh,399,Chhindwara,251009,Chaurai,Municipality,FULL MATCH,1.0,,EXACT MATCH,
23,Madhya Pradesh,399,Chhindwara,251010,Jamai,Municipality,FULL MATCH,1.0,,EXACT MATCH,
23,Madhya Pradesh,399,Chhindwara,251018,Newton Chikhli Kalan,Town Panchayat,FULL MATCH,1.0,,EXACT MATCH,
23,Madhya Pradesh,399,Chhindwara,251022,Dongar Parasia,Municipality,FULL MATCH,1.0,,EXACT MATCH,
23,Madhya Pradesh,399,Chhindwara,251026,Chhindwara,Municipal Corporations,FULL MATCH,1.0,,EXACT MATCH,
23,Madhya Pradesh,399,Chhindwara,251029,Lodhikheda,Town Panchayat,FULL MATCH,1.0,,EXACT MATCH,
23,Madhya Pradesh,399,Chhindwara,263072,Bichhua,Town Panchayat,FULL MATCH,1.0,,EXACT MATCH,
23,Madhya Pradesh,399,Chhindwara,293808,Damua,Municipality,FULL MATCH,1.0,,EXACT MATCH,
23,Madhya Pradesh,400,Damoh,250771,Hatta,Municipality,FULL MATCH,1.0,,EXACT MATCH,
23,Madhya Pradesh,400,Damoh,250772,Patharia,Town Panchayat,FULL MATCH,1.0,,EXACT MATCH,
23,Madhya Pradesh,400,Damoh,250773,Hindoria,Town Panchayat,FULL MATCH,1.0,,EXACT MATCH,
23,Madhya Pradesh,400,Damoh,250774,Damoh,Municipality,FULL MATCH,1.0,,EXACT MATCH,
23,Madhya Pradesh,400,Damoh,290462,Tendukheda- Damoh,Town Panchayat,FULL MATCH,1.0,,EXACT MATCH,
23,Madhya Pradesh,400,Damoh,293826,Patera,Town Panchayat,FULL MATCH,1.0,,EXACT MATCH,
23,Madhya Pradesh,401,Datia,250701,Seondha,Town Panchayat,FULL MATCH,1.0,,EXACT MATCH,
23,Madhya Pradesh,401,Datia,250702,Indergarh,Town Panchayat,FULL MATCH,1.0,,EXACT MATCH,
23,Madhya Pradesh,401,Datia,250703,Datia,Municipality,FULL MATCH,1.0,,EXACT MATCH,
23,Madhya Pradesh,401,Datia,250704,Bhander,Town Panchayat,FULL MATCH,1.0,,EXACT MATCH,
23,Madhya Pradesh,401,Datia,277237,Badonee,Town Panchayat,FULL MATCH,1.0,,EXACT MATCH,
23,Madhya Pradesh,402,Dewas,250827,Bhanpura,Town Panchayat,AMBIGUOUS MATCH,0.6667,HIGH DISPARITY,NEARLY RESOLVABLE,402:Dewas(66.67%) | | | 416:Mandsaur(33.33%)
23,Madhya Pradesh,402,Dewas,250865,Bhaurasa,Town Panchayat,FULL MATCH,1.0,,EXACT MATCH,
23,Madhya Pradesh,402,Dewas,250866,Sonkatch,Town Panchayat,FULL MATCH,1.0,,EXACT MATCH,
23,Madhya Pradesh,402,Dewas,250867,Dewas,Municipal Corporations,FULL MATCH,1.0,,EXACT MATCH,
23,Madhya Pradesh,402,Dewas,250868,Kannod,Town Panchayat,FULL MATCH,1.0,,EXACT MATCH,
23,Madhya Pradesh,402,Dewas,250870,Kantaphod,Town Panchayat,FULL MATCH,1.0,,EXACT MATCH,
23,Madhya Pradesh,402,Dewas,250871,Satwas,Town Panchayat,FULL MATCH,1.0,,EXACT MATCH,
23,Madhya Pradesh,402,Dewas,250872,Hatpipalya,Town Panchayat,FULL MATCH,1.0,,EXACT MATCH,
23,Madhya Pradesh,402,Dewas,250873,Karnawad,Town Panchayat,FULL MATCH,1.0,,EXACT MATCH,
23,Madhya Pradesh,402,Dewas,250875,Khategaon,Town Panchayat,FULL MATCH,1.0,,EXACT MATCH,
23,Madhya Pradesh,402,Dewas,250884,Badnawar,Town Panchayat,AMBIGUOUS MATCH,0.5,LOW DISPARITY,HIGH AMBIGUITY,402:Dewas(50.0%) | | | 403:Dhar(50.0%)
23,Madhya Pradesh,402,Dewas,250889,Mandav,Town Panchayat,AMBIGUOUS MATCH,0.5,LOW DISPARITY,HIGH AMBIGUITY,402:Dewas(50.0%) | | | 403:Dhar(50.0%)
23,Madhya Pradesh,402,Dewas,250891,Kukshi,Town Panchayat,AMBIGUOUS MATCH,0.5,LOW DISPARITY,HIGH AMBIGUITY,402:Dewas(50.0%) | | | 403:Dhar(50.0%)
23,Madhya Pradesh,402,Dewas,250896,Depalpur,Town Panchayat,AMBIGUOUS MATCH,0.5,LOW DISPARITY,HIGH AMBIGUITY,402:Dewas(50.0%) | | | 410:Indore(50.0%)
23,Madhya Pradesh,402,Dewas,250897,Betma,Town Panchayat,AMBIGUOUS MATCH,0.5,LOW DISPARITY,HIGH AMBIGUITY,402:Dewas(50.0%) | | | 410:Indore(50.0%)
23,Madhya Pradesh,402,Dewas,250898,Sawer,Town Panchayat,AMBIGUOUS MATCH,0.5,LOW DISPARITY,HIGH AMBIGUITY,402:Dewas(50.0%) | | | 410:Indore(50.0%)
23,Madhya Pradesh,402,Dewas,250900,Hatod,Town Panchayat,AMBIGUOUS MATCH,0.5,LOW DISPARITY,HIGH AMBIGUITY,402:Dewas(50.0%) | | | 410:Indore(50.0%)
23,Madhya Pradesh,402,Dewas,250904,Rau,Town Panchayat,AMBIGUOUS MATCH,0.5,LOW DISPARITY,HIGH AMBIGUITY,402:Dewas(50.0%) | | | 410:Indore(50.0%)
23,Madhya Pradesh,402,Dewas,250906,Manpur,Town Panchayat,AMBIGUOUS MATCH,0.5,LOW DISPARITY,HIGH AMBIGUITY,402:Dewas(50.0%) | | | 410:Indore(50.0%)
23,Madhya Pradesh,402,Dewas,274350,Nemawar,Town Panchayat,FULL MATCH,1.0,,EXACT MATCH,
23,Madhya Pradesh,402,Dewas,290271,Tonk Khurd,Town Panchayat,FULL MATCH,1.0,,EXACT MATCH,
23,Madhya Pradesh,402,Dewas,290272,Pipalrawan,Town Panchayat,FULL MATCH,1.0,,EXACT MATCH,
23,Madhya Pradesh,402,Dewas,290379,Dhamnod- Dhar,Town Panchayat,FULL MATCH,1.0,,EXACT MATCH,
23,Madhya Pradesh,402,Dewas,290389,Bagali,Town Panchayat,FULL MATCH,1.0,,EXACT MATCH,
23,Madhya Pradesh,402,Dewas,297136,Manpur (Umaria),Town Panchayat,FULL MATCH,1.0,,EXACT MATCH,
23,Madhya Pradesh,403,Dhar,250869,Loharda,Town Panchayat,FULL MATCH,1.0,,EXACT MATCH,
23,Madhya Pradesh,403,Dhar,250886,Sardarpur,Town Panchayat,FULL MATCH,1.0,,EXACT MATCH,
23,Madhya Pradesh,403,Dhar,250887,Dhar,Municipality,FULL MATCH,1.0,,EXACT MATCH,
23,Madhya Pradesh,403,Dhar,250888,Pithampur,Municipality,FULL MATCH,1.0,,EXACT MATCH,
23,Madhya Pradesh,403,Dhar,250892,Manawar,Municipality,FULL MATCH,1.0,,EXACT MATCH,
23,Madhya Pradesh,403,Dhar,250894,Dharampuri,Town Panchayat,FULL MATCH,1.0,,EXACT MATCH,
23,Madhya Pradesh,403,Dhar,290394,Dahi,Town Panchayat,FULL MATCH,1.0,,EXACT MATCH,
23,Madhya Pradesh,404,Dindori,250986,Shahpura Dindori,Town Panchayat,FULL MATCH,1.0,,EXACT MATCH,
23,Madhya Pradesh,404,Dindori,290390,Dindori,Town Panchayat,FULL MATCH,1.0,,EXACT MATCH,
23,Madhya Pradesh,405,Khandwa (East Nimar),250920,Harsud,Town Panchayat,FULL MATCH,1.0,,EXACT MATCH,
23,Madhya Pradesh,405,Khandwa (East Nimar),250921,Omkareshwar,Town Panchayat,FULL MATCH,1.0,,EXACT MATCH,
23,Madhya Pradesh,405,Khandwa (East Nimar),250922,Mundi,Town Panchayat,FULL MATCH,1.0,,EXACT MATCH,
23,Madhya Pradesh,405,Khandwa (East Nimar),250948,Jawar,Town Panchayat,AMBIGUOUS MATCH,0.5,LOW DISPARITY,HIGH AMBIGUITY,405:Khandwa | (East | Nimar)(50.0%)
23,Madhya Pradesh,405,Khandwa (East Nimar),300388,Punasa,Town Panchayat,FULL MATCH,1.0,,EXACT MATCH,
23,Madhya Pradesh,406,Guna,250714,Guna,Municipality,FULL MATCH,1.0,,EXACT MATCH,
23,Madhya Pradesh,406,Guna,250716,Raghogarh-Vijaypur,Municipality,FULL MATCH,1.0,,EXACT MATCH,
23,Madhya Pradesh,406,Guna,250718,Kumbhraj,Town Panchayat,FULL MATCH,1.0,,EXACT MATCH,
23,Madhya Pradesh,406,Guna,250719,Aron,Town Panchayat,FULL MATCH,1.0,,EXACT MATCH,
23,Madhya Pradesh,406,Guna,250720,Chachaura -Binaganj,Town Panchayat,FULL MATCH,1.0,,EXACT MATCH,
23,Madhya Pradesh,406,Guna,299255,Madhusudangarh,Town Panchayat,FULL MATCH,1.0,,EXACT MATCH,
23,Madhya Pradesh,407,Gwalior,250694,Gwalior,Municipal Corporations,AMBIGUOUS MATCH,0.5714,HIGH DISPARITY,NEARLY RESOLVABLE,407:Gwalior(57.14%)
23,Madhya Pradesh,407,Gwalior,250695,Bilaua,Town Panchayat,FULL MATCH,1.0,,EXACT MATCH,
23,Madhya Pradesh,407,Gwalior,250697,Pichhore Gwalior,Town Panchayat,FULL MATCH,1.0,,EXACT MATCH,
23,Madhya Pradesh,407,Gwalior,250698,Dabra,Municipality,FULL MATCH,1.0,,EXACT MATCH,
23,Madhya Pradesh,407,Gwalior,250699,Antari,Town Panchayat,FULL MATCH,1.0,,EXACT MATCH,
23,Madhya Pradesh,407,Gwalior,250700,Bhitarwar,Town Panchayat,FULL MATCH,1.0,,EXACT MATCH,
23,Madhya Pradesh,407,Gwalior,299289,Mohna,Town Panchayat,FULL MATCH,1.0,,EXACT MATCH,
23,Madhya Pradesh,408,Harda,250966,Khirkiya,Town Panchayat,FULL MATCH,1.0,,EXACT MATCH,
23,Madhya Pradesh,408,Harda,250968,Timarni,Town Panchayat,FULL MATCH,1.0,,EXACT MATCH,
23,Madhya Pradesh,408,Harda,298918,Sirali,Town Panchayat,FULL MATCH,1.0,,EXACT MATCH,
23,Madhya Pradesh,409,Narmadapuram,250969,Seoni-Malwa,Municipality,FULL MATCH,1.0,,EXACT MATCH,
23,Madhya Pradesh,409,Narmadapuram,250970,Itarsi,Municipality,AMBIGUOUS MATCH,0.5,HIGH DISPARITY,NEARLY RESOLVABLE,409:Narmadapuram(50.0%)
23,Madhya Pradesh,409,Narmadapuram,250974,Narmadapuram,Municipality,FULL MATCH,1.0,,EXACT MATCH,
23,Madhya Pradesh,409,Narmadapuram,250975,Babai,Town Panchayat,FULL MATCH,1.0,,EXACT MATCH,
23,Madhya Pradesh,409,Narmadapuram,250976,Sohagpur,Town Panchayat,FULL MATCH,1.0,,EXACT MATCH,
23,Madhya Pradesh,409,Narmadapuram,250977,Pipariya,Municipality,FULL MATCH,1.0,,EXACT MATCH,
23,Madhya Pradesh,409,Narmadapuram,253125,Silwani,Town Panchayat,AMBIGUOUS MATCH,0.5,LOW DISPARITY,HIGH AMBIGUITY,409:Narmadapuram(50.0%) | | | 421:Raisen(50.0%)
23,Madhya Pradesh,409,Narmadapuram,263020,Bankhedi,Town Panchayat,FULL MATCH,1.0,,EXACT MATCH,
23,Madhya Pradesh,410,Indore,250895,Runji -Gautampura,Town Panchayat,FULL MATCH,1.0,,EXACT MATCH,
23,Madhya Pradesh,410,Indore,250901,Indore,Municipal Corporations,AMBIGUOUS MATCH,0.6429,HIGH DISPARITY,NEARLY RESOLVABLE,410:Indore(64.29%)
23,Madhya Pradesh,410,Indore,250905,Mhowgaon,Town Panchayat,FULL MATCH,1.0,,EXACT MATCH,
23,Madhya Pradesh,411,Jabalpur,250979,Murwara - Katni,Municipal Corporations,FULL MATCH,1.0,,EXACT MATCH,
23,Madhya Pradesh,411,Jabalpur,250982,Manjholi Jabalpur,Town Panchayat,FULL MATCH,1.0,,EXACT MATCH,
23,Madhya Pradesh,411,Jabalpur,250983,Sihora,Municipality,AMBIGUOUS MATCH,0.5,LOW DISPARITY,HIGH AMBIGUITY,411:Jabalpur(50.0%) | | | 413:Katni(50.0%)
23,Madhya Pradesh,411,Jabalpur,250985,Patan,Town Panchayat,FULL MATCH,1.0,,EXACT MATCH,
23,Madhya Pradesh,411,Jabalpur,250987,Panagar,Municipality,FULL MATCH,1.0,,EXACT MATCH,
23,Madhya Pradesh,411,Jabalpur,250995,Jabalpur,Municipal Corporations,FULL MATCH,1.0,,EXACT MATCH,
23,Madhya Pradesh,411,Jabalpur,250996,Bhedaghat,Town Panchayat,FULL MATCH,1.0,,EXACT MATCH,
23,Madhya Pradesh,411,Jabalpur,250997,Barela,Town Panchayat,FULL MATCH,1.0,,EXACT MATCH,
23,Madhya Pradesh,411,Jabalpur,251003,Shahpura,Town Panchayat,FULL MATCH,1.0,,EXACT MATCH,
23,Madhya Pradesh,411,Jabalpur,251035,Katangi Jabalpur,Town Panchayat,FULL MATCH,1.0,,EXACT MATCH,
23,Madhya Pradesh,412,Jhabua,250876,Thandla,Town Panchayat,FULL MATCH,1.0,,EXACT MATCH,
23,Madhya Pradesh,412,Jhabua,250877,Petlawad,Town Panchayat,FULL MATCH,1.0,,EXACT MATCH,
23,Madhya Pradesh,412,Jhabua,250879,Jhabua,Municipality,FULL MATCH,1.0,,EXACT MATCH,
23,Madhya Pradesh,412,Jhabua,250882,Alirajpur,Municipality,FULL MATCH,1.0,,EXACT MATCH,
23,Madhya Pradesh,412,Jhabua,250883,Ranapur,Town Panchayat,FULL MATCH,1.0,,EXACT MATCH,
23,Madhya Pradesh,412,Jhabua,273379,Meghnagar New,Town Panchayat,FULL MATCH,1.0,,EXACT MATCH,
23,Madhya Pradesh,413,Katni,250978,Barhi,Town Panchayat,AMBIGUOUS MATCH,0.5,HIGH DISPARITY,NEARLY RESOLVABLE,413:Katni(50.0%)
23,Madhya Pradesh,413,Katni,250980,Kymore,Town Panchayat,FULL MATCH,1.0,,EXACT MATCH,
23,Madhya Pradesh,413,Katni,250981,Vijayraghavgarh,Town Panchayat,FULL MATCH,1.0,,EXACT MATCH,
23,Madhya Pradesh,414,Khargone (West Nimar),250907,Barwaha,Municipality,FULL MATCH,1.0,,EXACT MATCH,
23,Madhya Pradesh,414,Khargone (West Nimar),293822,Karahi,Town Panchayat,FULL MATCH,1.0,,EXACT MATCH,
23,Madhya Pradesh,415,Mandla,248075,"Nagar Palika, Nainpur",Municipality,FULL MATCH,1.0,,EXACT MATCH,
23,Madhya Pradesh,415,Mandla,251028,Mohgaon,Town Panchayat,FULL MATCH,1.0,,EXACT MATCH,
23,Madhya Pradesh,415,Mandla,253170,Niwas,Town Panchayat,FULL MATCH,1.0,,EXACT MATCH,
23,Madhya Pradesh,415,Mandla,253171,Bhuwa Bichhia,Town Panchayat,FULL MATCH,1.0,,EXACT MATCH,
23,Madhya Pradesh,415,Mandla,289259,Mandla,Municipality,FULL MATCH,1.0,,EXACT MATCH,
23,Madhya Pradesh,415,Mandla,289260,Bamhni Banjar,Town Panchayat,FULL MATCH,1.0,,EXACT MATCH,
23,Madhya Pradesh,415,Mandla,290382,Niwari,Town Panchayat,AMBIGUOUS MATCH,0.5,LOW DISPARITY,HIGH AMBIGUITY,415:Mandla(50.0%) | | | 434:Tikamgarh(50.0%)
23,Madhya Pradesh,415,Mandla,298933,Keolari,Town Panchayat,FULL MATCH,1.0,,EXACT MATCH,
23,Madhya Pradesh,416,Mandsaur,250823,Neemuch,Municipality,FULL MATCH,1.0,,EXACT MATCH,
23,Madhya Pradesh,416,Mandsaur,250828,Malhargarh,Town Panchayat,FULL MATCH,1.0,,EXACT MATCH,
23,Madhya Pradesh,416,Mandsaur,250829,Narayangarh,Town Panchayat,FULL MATCH,1.0,,EXACT MATCH,
23,Madhya Pradesh,416,Mandsaur,250830,Piplya Mandi,Town Panchayat,FULL MATCH,1.0,,EXACT MATCH,
23,Madhya Pradesh,416,Mandsaur,250831,Garoth,Town Panchayat,FULL MATCH,1.0,,EXACT MATCH,
23,Madhya Pradesh,416,Mandsaur,250832,Shamgarh,Town Panchayat,FULL MATCH,1.0,,EXACT MATCH,
23,Madhya Pradesh,416,Mandsaur,250833,Mandsaur,Municipality,FULL MATCH,1.0,,EXACT MATCH,
23,Madhya Pradesh,416,Mandsaur,250834,Nagri,Town Panchayat,FULL MATCH,1.0,,EXACT MATCH,
23,Madhya Pradesh,416,Mandsaur,250835,Sitamau,Town Panchayat,FULL MATCH,1.0,,EXACT MATCH,
23,Madhya Pradesh,416,Mandsaur,290381,Suwasra,Town Panchayat,FULL MATCH,1.0,,EXACT MATCH,
23,Madhya Pradesh,416,Mandsaur,298922,Bhensoda,Town Panchayat,FULL MATCH,1.0,,EXACT MATCH,
23,Madhya Pradesh,417,Morena,250675,Ambah,Municipality,FULL MATCH,1.0,,EXACT MATCH,
23,Madhya Pradesh,417,Morena,250676,Porsa,Municipality,FULL MATCH,1.0,,EXACT MATCH,
23,Madhya Pradesh,417,Morena,250677,Morena,Municipal Corporations,FULL MATCH,1.0,,EXACT MATCH,
23,Madhya Pradesh,417,Morena,250678,Banmor,Town Panchayat,FULL MATCH,1.0,,EXACT MATCH,
23,Madhya Pradesh,417,Morena,250679,Joura,Town Panchayat,FULL MATCH,1.0,,EXACT MATCH,
23,Madhya Pradesh,417,Morena,250680,Kailaras,Town Panchayat,FULL MATCH,1.0,,EXACT MATCH,
23,Madhya Pradesh,417,Morena,250681,Jhundpura,Town Panchayat,FULL MATCH,1.0,,EXACT MATCH,
23,Madhya Pradesh,417,Morena,250682,Sabalgarh,Municipality,FULL MATCH,1.0,,EXACT MATCH,
23,Madhya Pradesh,418,Narsimhapur,250998,Gotegaon,Municipality,FULL MATCH,1.0,,EXACT MATCH,
23,Madhya Pradesh,418,Narsimhapur,250999,Gadarwara,Municipality,FULL MATCH,1.0,,EXACT MATCH,
23,Madhya Pradesh,418,Narsimhapur,251000,Chichli,Town Panchayat,FULL MATCH,1.0,,EXACT MATCH,
23,Madhya Pradesh,418,Narsimhapur,251001,Narsimhapur,Municipality,FULL MATCH,1.0,,EXACT MATCH,
23,Madhya Pradesh,418,Narsimhapur,251002,Kareli,Municipality,FULL MATCH,1.0,,EXACT MATCH,
23,Madhya Pradesh,418,Narsimhapur,290429,Tendukheda- Narsimhapur,Town Panchayat,FULL MATCH,1.0,,EXACT MATCH,
23,Madhya Pradesh,418,Narsimhapur,293820,Salichauka,Town Panchayat,FULL MATCH,1.0,,EXACT MATCH,
23,Madhya Pradesh,419,Neemuch,250819,Singoli,Town Panchayat,FULL MATCH,1.0,,EXACT MATCH,
23,Madhya Pradesh,419,Neemuch,250820,Ratangarh,Town Panchayat,FULL MATCH,1.0,,EXACT MATCH,
23,Madhya Pradesh,419,Neemuch,250821,Diken,Town Panchayat,FULL MATCH,1.0,,EXACT MATCH,
23,Madhya Pradesh,419,Neemuch,250822,Jawad,Town Panchayat,FULL MATCH,1.0,,EXACT MATCH,
23,Madhya Pradesh,419,Neemuch,250824,Jiran,Town Panchayat,FULL MATCH,1.0,,EXACT MATCH,
23,Madhya Pradesh,419,Neemuch,250825,Rampura,Town Panchayat,FULL MATCH,1.0,,EXACT MATCH,
23,Madhya Pradesh,419,Neemuch,253134,Kukdeshwar,Town Panchayat,FULL MATCH,1.0,,EXACT MATCH,
23,Madhya Pradesh,419,Neemuch,263154,Nayagoan,Town Panchayat,FULL MATCH,1.0,,EXACT MATCH,
23,Madhya Pradesh,419,Neemuch,263155,Sarwaniya Maharaj,Town Panchayat,FULL MATCH,1.0,,EXACT MATCH,
23,Madhya Pradesh,419,Neemuch,293817,Athana,Town Panchayat,FULL MATCH,1.0,,EXACT MATCH,
23,Madhya Pradesh,420,Panna,250749,Ajaygarh,Town Panchayat,FULL MATCH,1.0,,EXACT MATCH,
23,Madhya Pradesh,420,Panna,250750,Panna,Municipality,FULL MATCH,1.0,,EXACT MATCH,
23,Madhya Pradesh,420,Panna,250751,Devendranagar,Town Panchayat,FULL MATCH,1.0,,EXACT MATCH,
23,Madhya Pradesh,420,Panna,250752,Kakarhati,Town Panchayat,FULL MATCH,1.0,,EXACT MATCH,
23,Madhya Pradesh,420,Panna,250753,Amanganj,Town Panchayat,FULL MATCH,1.0,,EXACT MATCH,
23,Madhya Pradesh,420,Panna,250754,Pawai,Town Panchayat,FULL MATCH,1.0,,EXACT MATCH,
23,Madhya Pradesh,420,Panna,290276,Baldevgarh,Town Panchayat,FULL MATCH,1.0,,EXACT MATCH,
23,Madhya Pradesh,420,Panna,297930,Gunnor,Town Panchayat,FULL MATCH,1.0,,EXACT MATCH,
23,Madhya Pradesh,421,Raisen,250954,Sanchi,Town Panchayat,FULL MATCH,1.0,,EXACT MATCH,
23,Madhya Pradesh,421,Raisen,250955,Raisen,Municipality,FULL MATCH,1.0,,EXACT MATCH,
23,Madhya Pradesh,421,Raisen,250956,Gairatganj,Town Panchayat,FULL MATCH,1.0,,EXACT MATCH,
23,Madhya Pradesh,421,Raisen,250957,Begamganj,Municipality,FULL MATCH,1.0,,EXACT MATCH,
23,Madhya Pradesh,421,Raisen,250958,Sultanpur,Town Panchayat,FULL MATCH,1.0,,EXACT MATCH,
23,Madhya Pradesh,421,Raisen,250960,Obedullaganj,Town Panchayat,FULL MATCH,1.0,,EXACT MATCH,
23,Madhya Pradesh,421,Raisen,250961,Badi,Town Panchayat,FULL MATCH,1.0,,EXACT MATCH,
23,Madhya Pradesh,421,Raisen,250962,Bareli,Town Panchayat,FULL MATCH,1.0,,EXACT MATCH,
23,Madhya Pradesh,421,Raisen,250963,Udaipura,Town Panchayat,FULL MATCH,1.0,,EXACT MATCH,
23,Madhya Pradesh,422,Rajgarh,250885,Rajgarh,Municipality,FULL MATCH,1.0,,EXACT MATCH,
23,Madhya Pradesh,422,Rajgarh,250930,Khilchipur,Town Panchayat,FULL MATCH,1.0,,EXACT MATCH,
23,Madhya Pradesh,422,Rajgarh,250931,Rajgarh,Town Panchayat,FULL MATCH,1.0,,EXACT MATCH,
23,Madhya Pradesh,422,Rajgarh,250932,Khujner,Town Panchayat,FULL MATCH,1.0,,EXACT MATCH,
23,Madhya Pradesh,422,Rajgarh,250933,Suthaliya,Town Panchayat,FULL MATCH,1.0,,EXACT MATCH,
23,Madhya Pradesh,422,Rajgarh,250934,Biaora,Municipality,FULL MATCH,1.0,,EXACT MATCH,
23,Madhya Pradesh,422,Rajgarh,250935,Pachore,Town Panchayat,FULL MATCH,1.0,,EXACT MATCH,
23,Madhya Pradesh,422,Rajgarh,250936,Sarangpur,Municipality,FULL MATCH,1.0,,EXACT MATCH,
23,Madhya Pradesh,422,Rajgarh,250937,Narsinghgarh,Municipality,FULL MATCH,1.0,,EXACT MATCH,
23,Madhya Pradesh,422,Rajgarh,250938,Boda,Town Panchayat,FULL MATCH,1.0,,EXACT MATCH,
23,Madhya Pradesh,422,Rajgarh,250939,Talen,Town Panchayat,FULL MATCH,1.0,,EXACT MATCH,
23,Madhya Pradesh,422,Rajgarh,262908,Kurawar,Town Panchayat,FULL MATCH,1.0,,EXACT MATCH,
23,Madhya Pradesh,422,Rajgarh,262992,Chhapiheda,Town Panchayat,FULL MATCH,1.0,,EXACT MATCH,
23,Madhya Pradesh,423,Ratlam,250836,Piploda,Town Panchayat,FULL MATCH,1.0,,EXACT MATCH,
23,Madhya Pradesh,423,Ratlam,250837,Jaora,Municipality,FULL MATCH,1.0,,EXACT MATCH,
23,Madhya Pradesh,423,Ratlam,250838,Badawada,Town Panchayat,FULL MATCH,1.0,,EXACT MATCH,
23,Madhya Pradesh,423,Ratlam,250839,Alot,Town Panchayat,FULL MATCH,1.0,,EXACT MATCH,
23,Madhya Pradesh,423,Ratlam,250840,Tal,Town Panchayat,FULL MATCH,1.0,,EXACT MATCH,
23,Madhya Pradesh,423,Ratlam,250841,Sailana,Town Panchayat,FULL MATCH,1.0,,EXACT MATCH,
23,Madhya Pradesh,423,Ratlam,250842,Namli,Town Panchayat,FULL MATCH,1.0,,EXACT MATCH,
23,Madhya Pradesh,423,Ratlam,250843,Ratlam,Municipal Corporations,FULL MATCH,1.0,,EXACT MATCH,
23,Madhya Pradesh,423,Ratlam,250893,Dhamnod Ratlam,Town Panchayat,FULL MATCH,1.0,,EXACT MATCH,
23,Madhya Pradesh,424,Rewa,250788,Chakghat,Town Panchayat,FULL MATCH,1.0,,EXACT MATCH,
23,Madhya Pradesh,424,Rewa,250789,Teonthar,Town Panchayat,FULL MATCH,1.0,,EXACT MATCH,
23,Madhya Pradesh,424,Rewa,250790,Sirmaur,Town Panchayat,FULL MATCH,1.0,,EXACT MATCH,
23,Madhya Pradesh,424,Rewa,250791,Semaria,Town Panchayat,FULL MATCH,1.0,,EXACT MATCH,
23,Madhya Pradesh,424,Rewa,250792,Baikunthpur,Town Panchayat,FULL MATCH,1.0,,EXACT MATCH,
23,Madhya Pradesh,424,Rewa,250793,Mangawan,Town Panchayat,FULL MATCH,1.0,,EXACT MATCH,
23,Madhya Pradesh,424,Rewa,250797,Rewa,Municipal Corporations,FULL MATCH,1.0,,EXACT MATCH,
23,Madhya Pradesh,424,Rewa,250798,Govindgarh,Town Panchayat,FULL MATCH,1.0,,EXACT MATCH,
23,Madhya Pradesh,424,Rewa,250799,Gurh,Town Panchayat,FULL MATCH,1.0,,EXACT MATCH,
23,Madhya Pradesh,424,Rewa,298925,Dabhaura,Town Panchayat,FULL MATCH,1.0,,EXACT MATCH,
23,Madhya Pradesh,425,Sagar,250755,Bina,Municipality,FULL MATCH,1.0,,EXACT MATCH,
23,Madhya Pradesh,425,Sagar,250758,Khurai,Municipality,FULL MATCH,1.0,,EXACT MATCH,
23,Madhya Pradesh,425,Sagar,250759,Shahgarh,Town Panchayat,FULL MATCH,1.0,,EXACT MATCH,
23,Madhya Pradesh,425,Sagar,250760,Banda,Town Panchayat,FULL MATCH,1.0,,EXACT MATCH,
23,Madhya Pradesh,425,Sagar,250761,Rahatgarh,Town Panchayat,FULL MATCH,1.0,,EXACT MATCH,
23,Madhya Pradesh,425,Sagar,250764,Sagar,Municipal Corporations,FULL MATCH,1.0,,EXACT MATCH,
23,Madhya Pradesh,425,Sagar,250766,Makronia Buzurg,Municipality,FULL MATCH,1.0,,EXACT MATCH,
23,Madhya Pradesh,425,Sagar,250768,Garhakota,Municipality,FULL MATCH,1.0,,EXACT MATCH,
23,Madhya Pradesh,425,Sagar,250769,Rehli,Municipality,FULL MATCH,1.0,,EXACT MATCH,
23,Madhya Pradesh,425,Sagar,250770,Deori,Municipality,FULL MATCH,1.0,,EXACT MATCH,
23,Madhya Pradesh,425,Sagar,250806,Jaisinghnagar,Town Panchayat,FULL MATCH,1.0,,EXACT MATCH,
23,Madhya Pradesh,425,Sagar,250815,Devri,Town Panchayat,FULL MATCH,1.0,,EXACT MATCH,
23,Madhya Pradesh,425,Sagar,250965,Shahpur Sagar,Town Panchayat,FULL MATCH,1.0,,EXACT MATCH,
23,Madhya Pradesh,425,Sagar,297114,Bandri,Town Panchayat,FULL MATCH,1.0,,EXACT MATCH,
23,Madhya Pradesh,425,Sagar,297116,Malthone,Town Panchayat,FULL MATCH,1.0,,EXACT MATCH,
23,Madhya Pradesh,425,Sagar,298917,Bilhara,Town Panchayat,FULL MATCH,1.0,,EXACT MATCH,
23,Madhya Pradesh,425,Sagar,298934,Surkhi,Town Panchayat,FULL MATCH,1.0,,EXACT MATCH,
23,Madhya Pradesh,425,Sagar,300085,Barodiyakalan,Town Panchayat,FULL MATCH,1.0,,EXACT MATCH,
23,Madhya Pradesh,425,Sagar,300387,Karrapur,Town Panchayat,FULL MATCH,1.0,,EXACT MATCH,
23,Madhya Pradesh,426,Satna,250777,Chitrakoot,Town Panchayat,FULL MATCH,1.0,,EXACT MATCH,
23,Madhya Pradesh,426,Satna,250778,Birsinghpur,Town Panchayat,FULL MATCH,1.0,,EXACT MATCH,
23,Madhya Pradesh,426,Satna,250779,Kothi,Town Panchayat,FULL MATCH,1.0,,EXACT MATCH,
23,Madhya Pradesh,426,Satna,250780,Jaitwara,Town Panchayat,FULL MATCH,1.0,,EXACT MATCH,
23,Madhya Pradesh,426,Satna,250781,Satna,Municipal Corporations,FULL MATCH,1.0,,EXACT MATCH,
23,Madhya Pradesh,426,Satna,250782,Nagod,Town Panchayat,FULL MATCH,1.0,,EXACT MATCH,
23,Madhya Pradesh,426,Satna,250783,Unchahara,Town Panchayat,FULL MATCH,1.0,,EXACT MATCH,
23,Madhya Pradesh,426,Satna,250784,Kotar,Town Panchayat,FULL MATCH,1.0,,EXACT MATCH,
23,Madhya Pradesh,426,Satna,250785,Rampur Baghelan,Town Panchayat,FULL MATCH,1.0,,EXACT MATCH,
23,Madhya Pradesh,426,Satna,250786,Amarpatan,Town Panchayat,FULL MATCH,1.0,,EXACT MATCH,
23,Madhya Pradesh,426,Satna,250787,Maihar,Municipality,FULL MATCH,1.0,,EXACT MATCH,
23,Madhya Pradesh,426,Satna,293819,New Ramnagar,Town Panchayat,FULL MATCH,1.0,,EXACT MATCH,
23,Madhya Pradesh,427,Sehore,250947,Sehore,Municipality,FULL MATCH,1.0,,EXACT MATCH,
23,Madhya Pradesh,427,Sehore,250949,Ashta,Municipality,FULL MATCH,1.0,,EXACT MATCH,
23,Madhya Pradesh,427,Sehore,250950,Ichhawar,Town Panchayat,FULL MATCH,1.0,,EXACT MATCH,
23,Madhya Pradesh,427,Sehore,250952,Budni,Town Panchayat,FULL MATCH,1.0,,EXACT MATCH,
23,Madhya Pradesh,427,Sehore,250953,Rehti,Town Panchayat,FULL MATCH,1.0,,EXACT MATCH,
23,Madhya Pradesh,427,Sehore,262903,Shahganj,Town Panchayat,AI PREDICTION,1.0,,AMBIGUOUS PREDICTION,427:Sehore(100.0%) | 396:Bhopal(100.0%)
23,Madhya Pradesh,427,Sehore,290383,Kothri,Town Panchayat,FULL MATCH,1.0,,EXACT MATCH,
23,Madhya Pradesh,428,Seoni,251031,Lakhnadon,Town Panchayat,FULL MATCH,1.0,,EXACT MATCH,
23,Madhya Pradesh,428,Seoni,251033,Seoni,Municipality,FULL MATCH,1.0,,EXACT MATCH,
23,Madhya Pradesh,428,Seoni,251034,Barghat,Town Panchayat,FULL MATCH,1.0,,EXACT MATCH,
23,Madhya Pradesh,428,Seoni,298932,Chhapara,Town Panchayat,FULL MATCH,1.0,,EXACT MATCH,
23,Madhya Pradesh,429,Shahdol,250804,Khand - Bansagar,Town Panchayat,FULL MATCH,1.0,,EXACT MATCH,
23,Madhya Pradesh,429,Shahdol,250805,Beohari,Town Panchayat,FULL MATCH,1.0,,EXACT MATCH,
23,Madhya Pradesh,429,Shahdol,250807,Shahdol,Municipality,FULL MATCH,1.0,,EXACT MATCH,
23,Madhya Pradesh,429,Shahdol,250808,Burhar,Town Panchayat,FULL MATCH,1.0,,EXACT MATCH,
23,Madhya Pradesh,430,Shajapur,250733,Badagaon Shajapur,Town Panchayat,FULL MATCH,1.0,,EXACT MATCH,
23,Madhya Pradesh,430,Shajapur,250860,Shajapur,Municipality,FULL MATCH,1.0,,EXACT MATCH,
23,Madhya Pradesh,430,Shajapur,250861,Maksi,Town Panchayat,FULL MATCH,1.0,,EXACT MATCH,
23,Madhya Pradesh,430,Shajapur,250862,Shujalpur,Municipality,FULL MATCH,1.0,,EXACT MATCH,
23,Madhya Pradesh,430,Shajapur,250863,Akodia,Town Panchayat,FULL MATCH,1.0,,EXACT MATCH,
23,Madhya Pradesh,430,Shajapur,250864,Polaykalan,Town Panchayat,FULL MATCH,1.0,,EXACT MATCH,
23,Madhya Pradesh,430,Shajapur,263010,Pankhedi Kalapipal,Town Panchayat,FULL MATCH,1.0,,EXACT MATCH,
23,Madhya Pradesh,431,Sheopur,250672,Vijaypur,Town Panchayat,FULL MATCH,1.0,,EXACT MATCH,
23,Madhya Pradesh,431,Sheopur,250673,Sheopur,Municipality,FULL MATCH,1.0,,EXACT MATCH,
23,Madhya Pradesh,431,Sheopur,250674,Badoda,Town Panchayat,FULL MATCH,1.0,,EXACT MATCH,
23,Madhya Pradesh,431,Sheopur,298923,Roun,Town Panchayat,FULL MATCH,1.0,,EXACT MATCH,
23,Madhya Pradesh,432,Shivpuri,250705,Shivpuri,Municipality,FULL MATCH,1.0,,EXACT MATCH,
23,Madhya Pradesh,432,Shivpuri,250706,Narwar,Town Panchayat,FULL MATCH,1.0,,EXACT MATCH,
23,Madhya Pradesh,432,Shivpuri,250707,Karera,Town Panchayat,FULL MATCH,1.0,,EXACT MATCH,
23,Madhya Pradesh,432,Shivpuri,250708,Kolaras,Town Panchayat,FULL MATCH,1.0,,EXACT MATCH,
23,Madhya Pradesh,432,Shivpuri,250709,Badarwas,Town Panchayat,FULL MATCH,1.0,,EXACT MATCH,
23,Madhya Pradesh,432,Shivpuri,250710,Pichhore Shivpuri,Town Panchayat,FULL MATCH,1.0,,EXACT MATCH,
23,Madhya Pradesh,432,Shivpuri,250711,Khaniyadhana,Town Panchayat,FULL MATCH,1.0,,EXACT MATCH,
23,Madhya Pradesh,432,Shivpuri,263211,Bairad,Town Panchayat,FULL MATCH,1.0,,EXACT MATCH,
23,Madhya Pradesh,432,Shivpuri,289710,Pohari,Town Panchayat,FULL MATCH,1.0,,EXACT MATCH,
23,Madhya Pradesh,432,Shivpuri,298921,Rannod,Town Panchayat,FULL MATCH,1.0,,EXACT MATCH,
23,Madhya Pradesh,432,Shivpuri,299299,Magroni,Town Panchayat,FULL MATCH,1.0,,EXACT MATCH,
23,Madhya Pradesh,433,Sidhi,248065,Sidhi,Municipality,FULL MATCH,1.0,,EXACT MATCH,
23,Madhya Pradesh,433,Sidhi,248067,Rampur Naikin,Town Panchayat,FULL MATCH,1.0,,EXACT MATCH,
23,Madhya Pradesh,433,Sidhi,248068,Churhat,Town Panchayat,FULL MATCH,1.0,,EXACT MATCH,
23,Madhya Pradesh,433,Sidhi,250818,Majhauli,Town Panchayat,FULL MATCH,1.0,,EXACT MATCH,
23,Madhya Pradesh,434,Tikamgarh,290253,Lidhorakhas,Town Panchayat,FULL MATCH,1.0,,EXACT MATCH,
23,Madhya Pradesh,434,Tikamgarh,290256,Kari,Town Panchayat,FULL MATCH,1.0,,EXACT MATCH,
23,Madhya Pradesh,434,Tikamgarh,290257,Jatara,Town Panchayat,FULL MATCH,1.0,,EXACT MATCH,
23,Madhya Pradesh,434,Tikamgarh,290258,Badagaon,Town Panchayat,FULL MATCH,1.0,,EXACT MATCH,
23,Madhya Pradesh,434,Tikamgarh,290285,Tikamgarh,Municipality,FULL MATCH,1.0,,EXACT MATCH,
23,Madhya Pradesh,434,Tikamgarh,290306,Khargapur,Town Panchayat,FULL MATCH,1.0,,EXACT MATCH,
23,Madhya Pradesh,434,Tikamgarh,290323,Jeron Khalsa,Town Panchayat,FULL MATCH,1.0,,EXACT MATCH,
23,Madhya Pradesh,434,Tikamgarh,290343,Palera,Town Panchayat,FULL MATCH,1.0,,EXACT MATCH,
23,Madhya Pradesh,434,Tikamgarh,293827,Orchha,Town Panchayat,FULL MATCH,1.0,,EXACT MATCH,
23,Madhya Pradesh,435,Ujjain,250845,Khacharod,Municipality,FULL MATCH,1.0,,EXACT MATCH,
23,Madhya Pradesh,435,Ujjain,250846,Nagda,Municipality,FULL MATCH,1.0,,EXACT MATCH,
23,Madhya Pradesh,435,Ujjain,250847,Unhel,Town Panchayat,FULL MATCH,1.0,,EXACT MATCH,
23,Madhya Pradesh,435,Ujjain,250849,Mahidpur,Municipality,FULL MATCH,1.0,,EXACT MATCH,
23,Madhya Pradesh,435,Ujjain,250850,Tarana,Town Panchayat,FULL MATCH,1.0,,EXACT MATCH,
23,Madhya Pradesh,435,Ujjain,250851,Ujjain,Municipal Corporations,FULL MATCH,1.0,,EXACT MATCH,
23,Madhya Pradesh,435,Ujjain,250852,Badnagar,Municipality,FULL MATCH,1.0,,EXACT MATCH,
23,Madhya Pradesh,435,Ujjain,263205,Makdon,Town Panchayat,FULL MATCH,1.0,,EXACT MATCH,
23,Madhya Pradesh,436,Umaria,250800,Chandia,Town Panchayat,FULL MATCH,1.0,,EXACT MATCH,
23,Madhya Pradesh,436,Umaria,250801,Umaria,Municipality,FULL MATCH,1.0,,EXACT MATCH,
23,Madhya Pradesh,436,Umaria,250802,Pali,Municipality,FULL MATCH,1.0,,EXACT MATCH,
23,Madhya Pradesh,436,Umaria,250803,Nowrozabad - Khodargama,Town Panchayat,FULL MATCH,1.0,,EXACT MATCH,
23,Madhya Pradesh,436,Umaria,250809,Dhanpuri,Municipality,AI PREDICTION,1.0,,AMBIGUOUS PREDICTION,436:Umaria(100.0%) | 429:Shahdol(100.0%) | 390:Anuppur(100.0%)
23,Madhya Pradesh,436,Umaria,298926,Bakho,Town Panchayat,AI PREDICTION,1.0,,AMBIGUOUS PREDICTION,436:Umaria(100.0%) | 429:Shahdol(100.0%) | 390:Anuppur(100.0%)
23,Madhya Pradesh,436,Umaria,299804,Bargawan (Amlai),Town Panchayat,AI PREDICTION,1.0,,AMBIGUOUS PREDICTION,436:Umaria(100.0%) | 429:Shahdol(100.0%) | 390:Anuppur(100.0%)
23,Madhya Pradesh,437,Vidisha,250940,Lateri,Town Panchayat,FULL MATCH,1.0,,EXACT MATCH,
23,Madhya Pradesh,437,Vidisha,250941,Sironj,Municipality,FULL MATCH,1.0,,EXACT MATCH,
23,Madhya Pradesh,437,Vidisha,250942,Kurwai,Town Panchayat,FULL MATCH,1.0,,EXACT MATCH,
23,Madhya Pradesh,437,Vidisha,250944,Vidisha,Municipality,FULL MATCH,1.0,,EXACT MATCH,
23,Madhya Pradesh,437,Vidisha,262993,Samsabad,Town Panchayat,FULL MATCH,1.0,,EXACT MATCH,
23,Madhya Pradesh,437,Vidisha,293809,Ganjbasoda,Municipality,FULL MATCH,1.0,,EXACT MATCH,
23,Madhya Pradesh,638,Singrauli,248066,Singrauli,Municipal Corporations,FULL MATCH,1.0,,EXACT MATCH,
23,Madhya Pradesh,638,Singrauli,300386,Sarai,Town Panchayat,FULL MATCH,1.0,,EXACT MATCH,
23,Madhya Pradesh,638,Singrauli,300395,Bargawan,Town Panchayat,FULL MATCH,1.0,,EXACT MATCH,
23,Madhya Pradesh,639,Alirajpur,250880,Bhavra,Town Panchayat,FULL MATCH,1.0,,EXACT MATCH,
23,Madhya Pradesh,639,Alirajpur,250881,Jobat,Town Panchayat,FULL MATCH,1.0,,EXACT MATCH,
23,Madhya Pradesh,667,Agar-Malwa,250853,Soyatkalan,Town Panchayat,FULL MATCH,1.0,,EXACT MATCH,
23,Madhya Pradesh,667,Agar-Malwa,250854,Susner,Town Panchayat,FULL MATCH,1.0,,EXACT MATCH,
23,Madhya Pradesh,667,Agar-Malwa,250855,Nalkheda,Town Panchayat,FULL MATCH,1.0,,EXACT MATCH,
23,Madhya Pradesh,667,Agar-Malwa,250857,Badod,Town Panchayat,FULL MATCH,1.0,,EXACT MATCH,
23,Madhya Pradesh,667,Agar-Malwa,250858,Agar,Municipality,FULL MATCH,1.0,,EXACT MATCH,
23,Madhya Pradesh,667,Agar-Malwa,250859,Kanad,Town Panchayat,FULL MATCH,1.0,,EXACT MATCH,
23,Madhya Pradesh,722,Niwari,293818,Taricharkala,Town Panchayat,FULL MATCH,1.0,,EXACT MATCH,
23,Madhya Pradesh,722,Niwari,293821,Prithvipur,Town Panchayat,FULL MATCH,1.0,,EXACT MATCH,
23,Madhya Pradesh,766,MAUGANJ,250794,Hanumana,Town Panchayat,FULL MATCH,1.0,,EXACT MATCH,
23,Madhya Pradesh,766,MAUGANJ,250795,Nai-Garhi,Town Panchayat,FULL MATCH,1.0,,EXACT MATCH,
23,Madhya Pradesh,766,MAUGANJ,250796,Mauganj,Town Panchayat,FULL MATCH,1.0,,EXACT MATCH,
23,Madhya Pradesh,785,Pandhurna,251023,Chandameta -Butaria,Town Panchayat,AI PREDICTION,1.0,,AMBIGUOUS PREDICTION,785:Pandhurna(100.0%) | 428:Seoni(100.0%) | 399:Chhindwara(100.0%)
23,Madhya Pradesh,785,Pandhurna,251025,Badkuhi,Town Panchayat,AI PREDICTION,1.0,,AMBIGUOUS PREDICTION,785:Pandhurna(100.0%) | 428:Seoni(100.0%) | 399:Chhindwara(100.0%)
23,Madhya Pradesh,785,Pandhurna,251027,Sausar,Municipality,FULL MATCH,1.0,,EXACT MATCH,
23,Madhya Pradesh,785,Pandhurna,251030,Pandhurna,Municipality,FULL MATCH,1.0,,EXACT MATCH,
23,Madhya Pradesh,785,Pandhurna,290395,Pipla Narayanwar,Town Panchayat,FULL MATCH,1.0,,EXACT MATCH,
24,Gujarat,438,Ahmedabad,251089,Viramgam,Municipality,FULL MATCH,1.0,,EXACT MATCH,
24,Gujarat,438,Ahmedabad,251090,Sanand,Municipality,FULL MATCH,1.0,,EXACT MATCH,
24,Gujarat,438,Ahmedabad,251096,Ahmadabad,Municipal Corporations,FULL MATCH,1.0,,EXACT MATCH,
24,Gujarat,438,Ahmedabad,251108,Dholka,Municipality,FULL MATCH,1.0,,EXACT MATCH,
24,Gujarat,438,Ahmedabad,251109,Bavla,Municipality,FULL MATCH,1.0,,EXACT MATCH,
24,Gujarat,438,Ahmedabad,251110,Dhandhuka,Municipality,FULL MATCH,1.0,,EXACT MATCH,
24,Gujarat,438,Ahmedabad,251117,Limbdi,Municipality,FULL MATCH,1.0,,EXACT MATCH,
24,Gujarat,438,Ahmedabad,277165,Bareja,Municipality,FULL MATCH,1.0,,EXACT MATCH,
24,Gujarat,439,Amreli,251121,Jasdan,Municipality,FULL MATCH,1.0,,EXACT MATCH,
24,Gujarat,439,Amreli,251147,Junagadh,Municipal Corporations,FULL MATCH,1.0,,EXACT MATCH,
24,Gujarat,439,Amreli,251155,Lathi,Municipality,FULL MATCH,1.0,,EXACT MATCH,
24,Gujarat,439,Amreli,251156,Damnagar,Municipality,FULL MATCH,1.0,,EXACT MATCH,
24,Gujarat,439,Amreli,251157,Amreli,Municipality,FULL MATCH,1.0,,EXACT MATCH,
24,Gujarat,439,Amreli,251158,Bagasara,Municipality,FULL MATCH,1.0,,EXACT MATCH,
24,Gujarat,439,Amreli,251159,Chalala,Municipality,FULL MATCH,1.0,,EXACT MATCH,
24,Gujarat,439,Amreli,251160,Savarkundla,Municipality,FULL MATCH,1.0,,EXACT MATCH,
24,Gujarat,439,Amreli,251161,Jafrabad,Municipality,FULL MATCH,1.0,,EXACT MATCH,
24,Gujarat,439,Amreli,251162,Rajula,Municipality,FULL MATCH,1.0,,EXACT MATCH,
24,Gujarat,439,Amreli,251168,Palitana,Municipality,FULL MATCH,1.0,,EXACT MATCH,
24,Gujarat,439,Amreli,253147,Babra,Municipality,AMBIGUOUS MATCH,0.5,LOW DISPARITY,HIGH AMBIGUITY,439:Amreli(50.0%) | | | 450:Kheda(50.0%)
24,Gujarat,439,Amreli,302660,DHARI,Municipality,FULL MATCH,1.0,,EXACT MATCH,
24,Gujarat,440,Anand,251171,Umreth,Municipality,FULL MATCH,1.0,,EXACT MATCH,
24,Gujarat,440,Anand,251172,Boriavi,Municipality,FULL MATCH,1.0,,EXACT MATCH,
24,Gujarat,440,Anand,251173,Ode,Municipality,FULL MATCH,1.0,,EXACT MATCH,
24,Gujarat,440,Anand,251174,Anand,Municipal Corporations,FULL MATCH,1.0,,EXACT MATCH,
24,Gujarat,440,Anand,251176,Karamsad,Municipality,FULL MATCH,1.0,,EXACT MATCH,
24,Gujarat,440,Anand,251178,Petlad,Municipality,FULL MATCH,1.0,,EXACT MATCH,
24,Gujarat,440,Anand,251179,Khambhat,Municipality,FULL MATCH,1.0,,EXACT MATCH,
24,Gujarat,440,Anand,251180,Borsad,Municipality,FULL MATCH,1.0,,EXACT MATCH,
24,Gujarat,440,Anand,251182,Anklav,Municipality,FULL MATCH,1.0,,EXACT MATCH,
24,Gujarat,440,Anand,251184,Balasinor,Municipality,FULL MATCH,1.0,,EXACT MATCH,
24,Gujarat,440,Anand,251186,Kheda,Municipality,AI PREDICTION,1.0,,AMBIGUOUS PREDICTION,440:Anand(100.0%) | 450:Kheda(100.0%)
24,Gujarat,440,Anand,253230,Sojitra,Municipality,FULL MATCH,1.0,,EXACT MATCH,
24,Gujarat,441,Banas Kantha,251053,Dhanera,Municipality,FULL MATCH,1.0,,EXACT MATCH,
24,Gujarat,441,Banas Kantha,251055,Palanpur,Municipality,FULL MATCH,1.0,,EXACT MATCH,
24,Gujarat,441,Banas Kantha,251057,Deesa,Municipality,FULL MATCH,1.0,,EXACT MATCH,
24,Gujarat,441,Banas Kantha,253103,Bhabhar,Municipality,FULL MATCH,1.0,,EXACT MATCH,
24,Gujarat,441,Banas Kantha,253164,Thara,Municipality,FULL MATCH,1.0,,EXACT MATCH,
24,Gujarat,442,Bharuch,251219,Jambusar,Municipality,FULL MATCH,1.0,,EXACT MATCH,
24,Gujarat,442,Bharuch,251222,Bharuch,Municipality,FULL MATCH,1.0,,EXACT MATCH,
24,Gujarat,442,Bharuch,253223,Amod,Municipality,FULL MATCH,1.0,,EXACT MATCH,
24,Gujarat,442,Bharuch,276026,Tarsadi,Municipality,FULL MATCH,1.0,,EXACT MATCH,
24,Gujarat,443,Bhavnagar,251165,Bhavnagar,Municipal Corporations,FULL MATCH,1.0,,EXACT MATCH,
24,Gujarat,443,Bhavnagar,251166,Sihor,Municipality,FULL MATCH,1.0,,EXACT MATCH,
24,Gujarat,443,Bhavnagar,251167,Gariadhar,Municipality,FULL MATCH,1.0,,EXACT MATCH,
24,Gujarat,443,Bhavnagar,251169,Talaja,Municipality,FULL MATCH,1.0,,EXACT MATCH,
24,Gujarat,443,Bhavnagar,251170,Mahuva,Municipality,FULL MATCH,1.0,,EXACT MATCH,
24,Gujarat,443,Bhavnagar,253126,Vallabhipur,Municipality,FULL MATCH,1.0,,EXACT MATCH,
24,Gujarat,444,Dangs,277167,Saputara,Notified Area Council,FULL MATCH,1.0,,EXACT MATCH,
24,Gujarat,445,Dahod,251193,Godhra,Municipality,AI PREDICTION,1.0,,AMBIGUOUS PREDICTION,445:Dahod(100.0%) | 454:Panch Mahals(100.0%) | 669:Mahisagar(100.0%)
24,Gujarat,445,Dahod,251197,Jhalod,Municipality,FULL MATCH,1.0,,EXACT MATCH,
24,Gujarat,445,Dahod,251199,Dahod,Municipality,FULL MATCH,1.0,,EXACT MATCH,
24,Gujarat,445,Dahod,251200,Devgadbaria,Municipality,FULL MATCH,1.0,,EXACT MATCH,
24,Gujarat,446,Gandhinagar,251081,Kalol,Municipality,FULL MATCH,1.0,,EXACT MATCH,
24,Gujarat,446,Gandhinagar,251082,Mansa,Municipality,FULL MATCH,1.0,,EXACT MATCH,
24,Gujarat,446,Gandhinagar,251088,Dehgam,Municipality,FULL MATCH,1.0,,EXACT MATCH,
24,Gujarat,447,Jamnagar,251124,Upleta,Municipality,FULL MATCH,1.0,,EXACT MATCH,
24,Gujarat,447,Jamnagar,251132,Sikka,Municipality,FULL MATCH,1.0,,EXACT MATCH,
24,Gujarat,447,Jamnagar,251133,Jamnagar,Municipal Corporations,FULL MATCH,1.0,,EXACT MATCH,
24,Gujarat,447,Jamnagar,251134,Dhrol,Municipality,FULL MATCH,1.0,,EXACT MATCH,
24,Gujarat,447,Jamnagar,251135,Kalavad,Municipality,FULL MATCH,1.0,,EXACT MATCH,
24,Gujarat,447,Jamnagar,251137,Jamjodhpur,Municipality,FULL MATCH,1.0,,EXACT MATCH,
24,Gujarat,448,Junagadh,251142,Kutiyana,Municipality,FULL MATCH,1.0,,EXACT MATCH,
24,Gujarat,448,Junagadh,251143,Bantwa,Municipality,FULL MATCH,1.0,,EXACT MATCH,
24,Gujarat,448,Junagadh,251144,Manavadar,Municipality,FULL MATCH,1.0,,EXACT MATCH,
24,Gujarat,448,Junagadh,251145,Vanthali,Municipality,FULL MATCH,1.0,,EXACT MATCH,
24,Gujarat,448,Junagadh,251148,Visavadar,Municipality,FULL MATCH,1.0,,EXACT MATCH,
24,Gujarat,448,Junagadh,251149,Keshod,Municipality,FULL MATCH,1.0,,EXACT MATCH,
24,Gujarat,448,Junagadh,251150,Mangrol,Municipality,FULL MATCH,1.0,,EXACT MATCH,
24,Gujarat,448,Junagadh,251151,Chorvad,Municipality,FULL MATCH,1.0,,EXACT MATCH,
24,Gujarat,448,Junagadh,277170,Talala,Municipality,FULL MATCH,1.0,,EXACT MATCH,
24,Gujarat,449,Kachchh,251044,Rapar,Municipality,FULL MATCH,1.0,,EXACT MATCH,
24,Gujarat,449,Kachchh,251045,Bhachau,Municipality,FULL MATCH,1.0,,EXACT MATCH,
24,Gujarat,449,Kachchh,251046,Anjar,Municipality,FULL MATCH,1.0,,EXACT MATCH,
24,Gujarat,449,Kachchh,251047,Bhuj,Municipality,FULL MATCH,1.0,,EXACT MATCH,
24,Gujarat,449,Kachchh,251050,Gandhidham,Municipal Corporations,FULL MATCH,1.0,,EXACT MATCH,
24,Gujarat,449,Kachchh,277169,Mandvi Kachchh,Municipality,AMBIGUOUS MATCH,0.5,LOW DISPARITY,HIGH AMBIGUITY,449:Kachchh(50.0%) | | | 450:Kheda(50.0%)
24,Gujarat,449,Kachchh,297099,Mundra-Baroi,Municipality,FULL MATCH,1.0,,EXACT MATCH,
24,Gujarat,449,Kachchh,301161,Nakhatrana,Municipality,FULL MATCH,1.0,,EXACT MATCH,
24,Gujarat,449,Kachchh,302675,GANDHIDHAM,Municipality,FULL MATCH,1.0,,EXACT MATCH,
24,Gujarat,449,Kachchh,302676,GANDHIDHAM,Municipality,FULL MATCH,1.0,,EXACT MATCH,
24,Gujarat,450,Kheda,251175,Vallabh Vidyanagar,Municipality,AI PREDICTION,1.0,,AMBIGUOUS PREDICTION,450:Kheda(100.0%) | 454:Panch Mahals(100.0%) | 461:Vadodara(100.0%)
24,Gujarat,450,Kheda,251183,Kapadvanj,Municipality,FULL MATCH,1.0,,EXACT MATCH,
24,Gujarat,450,Kheda,251185,Mehmedabad,Municipality,FULL MATCH,1.0,,EXACT MATCH,
24,Gujarat,450,Kheda,251187,Nadiad,Municipality,FULL MATCH,1.0,,EXACT MATCH,
24,Gujarat,450,Kheda,251188,Chaklasi,Municipality,FULL MATCH,1.0,,EXACT MATCH,
24,Gujarat,450,Kheda,251189,Mahudha,Municipality,FULL MATCH,1.0,,EXACT MATCH,
24,Gujarat,450,Kheda,251190,Dakor,Municipality,FULL MATCH,1.0,,EXACT MATCH,
24,Gujarat,450,Kheda,253224,Thasra,Municipality,FULL MATCH,1.0,,EXACT MATCH,
24,Gujarat,450,Kheda,253225,Kathlal,Municipality,FULL MATCH,1.0,,EXACT MATCH,
24,Gujarat,450,Kheda,253226,Kanajari,Municipality,FULL MATCH,1.0,,EXACT MATCH,
24,Gujarat,451,Mahesana,251063,Kheralu,Municipality,FULL MATCH,1.0,,EXACT MATCH,
24,Gujarat,451,Mahesana,251064,Unjha,Municipality,FULL MATCH,1.0,,EXACT MATCH,
24,Gujarat,451,Mahesana,251065,Visnagar,Municipality,FULL MATCH,1.0,,EXACT MATCH,
24,Gujarat,451,Mahesana,251066,Vadnagar,Municipality,FULL MATCH,1.0,,EXACT MATCH,
24,Gujarat,451,Mahesana,251067,Vijapur,Municipality,FULL MATCH,1.0,,EXACT MATCH,
24,Gujarat,451,Mahesana,251068,Mahesana,Municipal Corporations,FULL MATCH,1.0,,EXACT MATCH,
24,Gujarat,451,Mahesana,251070,Kadi,Municipality,FULL MATCH,1.0,,EXACT MATCH,
24,Gujarat,451,Mahesana,276440,Gandhinagar,Municipal Corporations,AI PREDICTION,1.0,,AMBIGUOUS PREDICTION,451:Mahesana(100.0%) | 676:Botad(100.0%) | 460:Surendranagar(100.0%)
24,Gujarat,453,Navsari,251245,Navsari-Vijalpor,Municipal Corporations,FULL MATCH,1.0,,EXACT MATCH,
24,Gujarat,453,Navsari,251249,Gandevi,Municipality,FULL MATCH,1.0,,EXACT MATCH,
24,Gujarat,453,Navsari,251251,Bilimora,Municipality,FULL MATCH,1.0,,EXACT MATCH,
24,Gujarat,454,Panch Mahals,248076,Shahera,Municipality,FULL MATCH,1.0,,EXACT MATCH,
24,Gujarat,454,Panch Mahals,251192,Lunawada,Municipality,FULL MATCH,1.0,,EXACT MATCH,
24,Gujarat,454,Panch Mahals,251194,Kaalol,Municipality,FULL MATCH,1.0,,EXACT MATCH,
24,Gujarat,454,Panch Mahals,251196,Halol,Municipality,FULL MATCH,1.0,,EXACT MATCH,
24,Gujarat,455,Patan,251058,Radhanpur,Municipality,FULL MATCH,1.0,,EXACT MATCH,
24,Gujarat,455,Patan,251059,Sidhpur,Municipality,FULL MATCH,1.0,,EXACT MATCH,
24,Gujarat,455,Patan,251060,Patan,Municipality,FULL MATCH,1.0,,EXACT MATCH,
24,Gujarat,455,Patan,251061,Harij,Municipality,FULL MATCH,1.0,,EXACT MATCH,
24,Gujarat,455,Patan,251062,Chanasma,Municipality,FULL MATCH,1.0,,EXACT MATCH,
24,Gujarat,456,Porbandar,251136,Bhanvad,Municipality,FULL MATCH,1.0,,EXACT MATCH,
24,Gujarat,456,Porbandar,251138,Porbandar,Municipal Corporations,FULL MATCH,1.0,,EXACT MATCH,
24,Gujarat,456,Porbandar,251141,Ranavav,Municipality,FULL MATCH,1.0,,EXACT MATCH,
24,Gujarat,456,Porbandar,302656,PORBANDAR ,Municipal Corporations,FULL MATCH,1.0,,EXACT MATCH,
24,Gujarat,456,Porbandar,302657,PORBANDAR ,Municipal Corporations,FULL MATCH,1.0,,EXACT MATCH,
24,Gujarat,457,Rajkot,251120,Rajkot,Municipal Corporations,AMBIGUOUS MATCH,0.7143,HIGH DISPARITY,NEARLY RESOLVABLE,457:Rajkot(71.43%) | | | 673:Morbi(14.29%)
24,Gujarat,457,Rajkot,251122,Gondal,Municipality,FULL MATCH,1.0,,EXACT MATCH,
24,Gujarat,457,Rajkot,251123,Bhayavadar,Municipality,FULL MATCH,1.0,,EXACT MATCH,
24,Gujarat,457,Rajkot,251125,Dhoraji,Municipality,FULL MATCH,1.0,,EXACT MATCH,
24,Gujarat,457,Rajkot,251126,Jetpur Navagadh,Municipality,FULL MATCH,1.0,,EXACT MATCH,
24,Gujarat,457,Rajkot,253137,Chotila,Municipality,FULL MATCH,1.0,,EXACT MATCH,
24,Gujarat,457,Rajkot,302662,TANKARA,Municipality,FULL MATCH,1.0,,EXACT MATCH,
24,Gujarat,458,Sabar Kantha,251071,Khedbrahma,Municipality,FULL MATCH,1.0,,EXACT MATCH,
24,Gujarat,458,Sabar Kantha,251072,Idar,Municipality,FULL MATCH,1.0,,EXACT MATCH,
24,Gujarat,458,Sabar Kantha,251074,Himatnagar,Municipality,FULL MATCH,1.0,,EXACT MATCH,
24,Gujarat,458,Sabar Kantha,251075,Prantij,Municipality,FULL MATCH,1.0,,EXACT MATCH,
24,Gujarat,458,Sabar Kantha,251076,Talod,Municipality,FULL MATCH,1.0,,EXACT MATCH,
24,Gujarat,458,Sabar Kantha,253128,Vadali,Municipality,FULL MATCH,1.0,,EXACT MATCH,
24,Gujarat,459,Surat,251048,Mandvi,Municipality,FULL MATCH,1.0,,EXACT MATCH,
24,Gujarat,459,Surat,251230,Songadh,Municipality,FULL MATCH,1.0,,EXACT MATCH,
24,Gujarat,459,Surat,251231,Surat,Municipal Corporations,FULL MATCH,1.0,,EXACT MATCH,
24,Gujarat,459,Surat,251243,Bardoli,Municipality,FULL MATCH,1.0,,EXACT MATCH,
24,Gujarat,459,Surat,276024,Kadodara,Municipality,FULL MATCH,1.0,,EXACT MATCH,
24,Gujarat,460,Surendranagar,251111,Halvad,Municipality,FULL MATCH,1.0,,EXACT MATCH,
24,Gujarat,460,Surendranagar,251112,Dhrangadhra,Municipality,FULL MATCH,1.0,,EXACT MATCH,
24,Gujarat,460,Surendranagar,251116,Thangadh,Municipality,FULL MATCH,1.0,,EXACT MATCH,
24,Gujarat,460,Surendranagar,253138,Patdi,Municipality,FULL MATCH,1.0,,EXACT MATCH,
24,Gujarat,461,Vadodara,251209,Vadodara,Municipal Corporations,AMBIGUOUS MATCH,0.64,HIGH DISPARITY,NEARLY RESOLVABLE,461:Vadodara(64.0%)
24,Gujarat,461,Vadodara,251211,Chhota-Udepur,Municipality,FULL MATCH,1.0,,EXACT MATCH,
24,Gujarat,461,Vadodara,251213,Dabhoi,Municipality,FULL MATCH,1.0,,EXACT MATCH,
24,Gujarat,461,Vadodara,251214,Padra,Municipality,FULL MATCH,1.0,,EXACT MATCH,
24,Gujarat,461,Vadodara,251215,Karjan,Municipality,FULL MATCH,1.0,,EXACT MATCH,
24,Gujarat,461,Vadodara,253247,Savli,Municipality,FULL MATCH,1.0,,EXACT MATCH,
24,Gujarat,461,Vadodara,301666,KV 33 of 2024 UDUHD-CMO-e-file-18-2023-1647-M,Municipality,FULL MATCH,1.0,,EXACT MATCH,
24,Gujarat,462,Valsad,251254,Valsad,Municipality,FULL MATCH,1.0,,EXACT MATCH,
24,Gujarat,462,Valsad,251261,Dharampur,Municipality,FULL MATCH,1.0,,EXACT MATCH,
24,Gujarat,462,Valsad,251262,Pardi,Municipality,FULL MATCH,1.0,,EXACT MATCH,
24,Gujarat,462,Valsad,251264,Vapi,Municipal Corporations,FULL MATCH,1.0,,EXACT MATCH,
24,Gujarat,462,Valsad,251269,Ummargam,Municipality,FULL MATCH,1.0,,EXACT MATCH,
24,Gujarat,641,Tapi,251216,Rajpipla,Municipality,AI PREDICTION,1.0,,AMBIGUOUS PREDICTION,641:Tapi(100.0%) | 442:Bharuch(100.0%) | 452:Narmada(100.0%)
24,Gujarat,641,Tapi,251225,Anklesvar,Municipality,AI PREDICTION,1.0,,AMBIGUOUS PREDICTION,641:Tapi(100.0%) | 442:Bharuch(100.0%) | 452:Narmada(100.0%)
24,Gujarat,641,Tapi,251244,Vyara,Municipality,FULL MATCH,1.0,,EXACT MATCH,
24,Gujarat,669,Mahisagar,251191,Santrampur,Municipality,FULL MATCH,1.0,,EXACT MATCH,
24,Gujarat,672,Arvalli,251077,Modasa,Municipality,FULL MATCH,1.0,,EXACT MATCH,
24,Gujarat,672,Arvalli,253127,Bayad,Municipality,FULL MATCH,1.0,,EXACT MATCH,
24,Gujarat,673,Morbi,251114,Surendranagar,Municipal Corporations,AI PREDICTION,1.0,,AMBIGUOUS PREDICTION,673:Morbi(100.0%) | 676:Botad(100.0%) | 457:Rajkot(100.0%)
24,Gujarat,673,Morbi,251118,Morbi,Municipal Corporations,FULL MATCH,1.0,,EXACT MATCH,
24,Gujarat,673,Morbi,251119,Wankaner,Municipality,FULL MATCH,1.0,,EXACT MATCH,
24,Gujarat,673,Morbi,253135,Maliya Miyana,Municipality,FULL MATCH,1.0,,EXACT MATCH,
24,Gujarat,673,Morbi,301667,KV 51 of 2024 UDUHD-MISC-MPMLA-18-2024-1370-M,Municipality,FULL MATCH,1.0,,EXACT MATCH,
24,Gujarat,673,Morbi,302661,MORABI,Municipal Corporations,FULL MATCH,1.0,,EXACT MATCH,
24,Gujarat,674,Devbhumi Dwarka,251127,Okha,Municipality,FULL MATCH,1.0,,EXACT MATCH,
24,Gujarat,674,Devbhumi Dwarka,251129,Dwarka,Municipality,FULL MATCH,1.0,,EXACT MATCH,
24,Gujarat,674,Devbhumi Dwarka,251130,Salaya,Municipality,FULL MATCH,1.0,,EXACT MATCH,
24,Gujarat,674,Devbhumi Dwarka,251131,Khambhalia,Municipality,FULL MATCH,1.0,,EXACT MATCH,
24,Gujarat,674,Devbhumi Dwarka,253143,Raval,Municipality,FULL MATCH,1.0,,EXACT MATCH,
24,Gujarat,675,Gir Somnath,251152,Veraval,Municipality,FULL MATCH,1.0,,EXACT MATCH,
24,Gujarat,675,Gir Somnath,251153,Kodinar,Municipality,FULL MATCH,1.0,,EXACT MATCH,
24,Gujarat,675,Gir Somnath,251154,Una,Municipality,FULL MATCH,1.0,,EXACT MATCH,
24,Gujarat,675,Gir Somnath,277171,Sutrapada,Municipality,FULL MATCH,1.0,,EXACT MATCH,
24,Gujarat,676,Botad,251163,Botad,Municipality,FULL MATCH,1.0,,EXACT MATCH,
24,Gujarat,676,Botad,251164,Gadhada,Municipality,FULL MATCH,1.0,,EXACT MATCH,
24,Gujarat,676,Botad,253241,Barwala,Municipality,FULL MATCH,1.0,,EXACT MATCH,
24,Gujarat,789,Vav-Tharad,251052,Tharad,Municipality,FULL MATCH,1.0,,EXACT MATCH,
27,Maharashtra,466,Ahilyanagar,251293,Dharangaon,Municipality,AMBIGUOUS MATCH,0.5,LOW DISPARITY,HIGH AMBIGUITY,466:Ahilyanagar(50.0%) | | | 478:Jalgaon(50.0%)
27,Maharashtra,466,Ahilyanagar,251539,Sangamner,Municipality,FULL MATCH,1.0,,EXACT MATCH,
27,Maharashtra,466,Ahilyanagar,251540,Kopargaon,Municipality,FULL MATCH,1.0,,EXACT MATCH,
27,Maharashtra,466,Ahilyanagar,251542,Shirdi,Town Panchayat,FULL MATCH,1.0,,EXACT MATCH,
27,Maharashtra,466,Ahilyanagar,251543,Rahta Pimplas,Municipality,FULL MATCH,1.0,,EXACT MATCH,
27,Maharashtra,466,Ahilyanagar,251544,Shrirampur,Municipality,FULL MATCH,1.0,,EXACT MATCH,
27,Maharashtra,466,Ahilyanagar,251546,Pathardi,Municipality,FULL MATCH,1.0,,EXACT MATCH,
27,Maharashtra,466,Ahilyanagar,251548,Ahmadnagar,Municipal Corporations,FULL MATCH,1.0,,EXACT MATCH,
27,Maharashtra,466,Ahilyanagar,251551,Rahuri,Municipality,FULL MATCH,1.0,,EXACT MATCH,
27,Maharashtra,466,Ahilyanagar,251552,Deolali Pravara,Municipality,FULL MATCH,1.0,,EXACT MATCH,
27,Maharashtra,466,Ahilyanagar,251553,Shrigonda,Municipality,FULL MATCH,1.0,,EXACT MATCH,
27,Maharashtra,466,Ahilyanagar,251554,Jamkhed,Municipality,FULL MATCH,1.0,,EXACT MATCH,
27,Maharashtra,466,Ahilyanagar,259697,Bhokar,Municipality,FULL MATCH,1.0,,EXACT MATCH,
27,Maharashtra,466,Ahilyanagar,275728,Akole,Town Panchayat,FULL MATCH,1.0,,EXACT MATCH,
27,Maharashtra,466,Ahilyanagar,275729,Karjat,Town Panchayat,AMBIGUOUS MATCH,0.5,LOW DISPARITY,HIGH AMBIGUITY,466:Ahilyanagar(50.0%) | | | 491:Raigad(50.0%)
27,Maharashtra,466,Ahilyanagar,275730,Parner,Town Panchayat,FULL MATCH,1.0,,EXACT MATCH,
27,Maharashtra,466,Ahilyanagar,276320,Nevasa,Town Panchayat,FULL MATCH,1.0,,EXACT MATCH,
27,Maharashtra,466,Ahilyanagar,276331,Shevgaon,Municipality,FULL MATCH,1.0,,EXACT MATCH,
27,Maharashtra,467,Akola,251309,Telhara,Municipality,FULL MATCH,1.0,,EXACT MATCH,
27,Maharashtra,467,Akola,251310,Akot,Municipality,FULL MATCH,1.0,,EXACT MATCH,
27,Maharashtra,467,Akola,251311,Balapur,Municipality,FULL MATCH,1.0,,EXACT MATCH,
27,Maharashtra,467,Akola,251312,Akola,Municipal Corporations,FULL MATCH,1.0,,EXACT MATCH,
27,Maharashtra,467,Akola,251315,Murtijapur,Municipality,FULL MATCH,1.0,,EXACT MATCH,
27,Maharashtra,467,Akola,251316,Patur,Municipality,FULL MATCH,1.0,,EXACT MATCH,
27,Maharashtra,467,Akola,251318,Karanja,Municipality,FULL MATCH,1.0,,EXACT MATCH,
27,Maharashtra,467,Akola,276293,Malegaon,Town Panchayat,AMBIGUOUS MATCH,0.5,LOW DISPARITY,HIGH AMBIGUITY,467:Akola(50.0%) | | | 490:Pune(50.0%)
27,Maharashtra,467,Akola,276332,Barshitakli,Town Panchayat,FULL MATCH,1.0,,EXACT MATCH,
27,Maharashtra,468,Amravati,251322,Anjangaon,Municipality,FULL MATCH,1.0,,EXACT MATCH,
27,Maharashtra,468,Amravati,251323,Achalpur,Municipality,FULL MATCH,1.0,,EXACT MATCH,
27,Maharashtra,468,Amravati,251324,Chandurbazar,Municipality,FULL MATCH,1.0,,EXACT MATCH,
27,Maharashtra,468,Amravati,251325,Morshi,Municipality,FULL MATCH,1.0,,EXACT MATCH,
27,Maharashtra,468,Amravati,251326,Warud,Municipality,FULL MATCH,1.0,,EXACT MATCH,
27,Maharashtra,468,Amravati,251327,Shendurjana,Municipality,FULL MATCH,1.0,,EXACT MATCH,
27,Maharashtra,468,Amravati,251328,Amravati,Municipal Corporations,AMBIGUOUS MATCH,0.5714,HIGH DISPARITY,NEARLY RESOLVABLE,468:Amravati(57.14%)
27,Maharashtra,468,Amravati,251329,Daryapur Banosa,Municipality,FULL MATCH,1.0,,EXACT MATCH,
27,Maharashtra,468,Amravati,251330,Chandur,Municipality,FULL MATCH,1.0,,EXACT MATCH,
27,Maharashtra,468,Amravati,251331,Dattapur Dhamangaon,Municipality,FULL MATCH,1.0,,EXACT MATCH,
27,Maharashtra,468,Amravati,276289,Tiwsa,Town Panchayat,FULL MATCH,1.0,,EXACT MATCH,
27,Maharashtra,468,Amravati,276290,Bhatkuli,Town Panchayat,FULL MATCH,1.0,,EXACT MATCH,
27,Maharashtra,468,Amravati,276291,Nandgaon Khandeshwar,Town Panchayat,FULL MATCH,1.0,,EXACT MATCH,
27,Maharashtra,468,Amravati,276292,Dharni,Town Panchayat,FULL MATCH,1.0,,EXACT MATCH,
27,Maharashtra,468,Amravati,276634,Chikhaldara,Municipality,FULL MATCH,1.0,,EXACT MATCH,
27,Maharashtra,468,Amravati,303119,Hiwarkhed,Municipality,FULL MATCH,1.0,,EXACT MATCH,
27,Maharashtra,469,Chhatrapati Sambhajinagar,251422,Bhokardan,Municipality,FULL MATCH,1.0,,EXACT MATCH,
27,Maharashtra,469,Chhatrapati Sambhajinagar,251423,Jalna,Municipal Corporations,AMBIGUOUS MATCH,0.5,HIGH DISPARITY,NEARLY RESOLVABLE,469:Chhatrapati | Sambhajinagar(50.0%)
27,Maharashtra,469,Chhatrapati Sambhajinagar,251424,Ambad,Municipality,AMBIGUOUS MATCH,0.5,LOW DISPARITY,HIGH AMBIGUITY,469:Chhatrapati | Sambhajinagar(50.0%) | |
27,Maharashtra,469,Chhatrapati Sambhajinagar,251426,Kannad,Municipality,FULL MATCH,1.0,,EXACT MATCH,
27,Maharashtra,469,Chhatrapati Sambhajinagar,251428,Aurangabad,Municipal Corporations,FULL MATCH,1.0,,EXACT MATCH,
27,Maharashtra,469,Chhatrapati Sambhajinagar,251430,Khuldabad,Municipality,FULL MATCH,1.0,,EXACT MATCH,
27,Maharashtra,469,Chhatrapati Sambhajinagar,251431,Vaijapur,Municipality,FULL MATCH,1.0,,EXACT MATCH,
27,Maharashtra,469,Chhatrapati Sambhajinagar,251432,Gangapur,Municipality,FULL MATCH,1.0,,EXACT MATCH,
27,Maharashtra,469,Chhatrapati Sambhajinagar,251433,Paithan,Municipality,FULL MATCH,1.0,,EXACT MATCH,
27,Maharashtra,469,Chhatrapati Sambhajinagar,251436,Soyagaon,Town Panchayat,FULL MATCH,1.0,,EXACT MATCH,
27,Maharashtra,469,Chhatrapati Sambhajinagar,276353,Fulambri,Town Panchayat,FULL MATCH,1.0,,EXACT MATCH,
27,Maharashtra,469,Chhatrapati Sambhajinagar,297092,Sillod Municipal Council,Municipality,FULL MATCH,1.0,,EXACT MATCH,
27,Maharashtra,470,Beed,251555,Georai,Municipality,FULL MATCH,1.0,,EXACT MATCH,
27,Maharashtra,470,Beed,251556,Majalgaon,Municipality,FULL MATCH,1.0,,EXACT MATCH,
27,Maharashtra,470,Beed,251557,Bid,Municipality,FULL MATCH,1.0,,EXACT MATCH,
27,Maharashtra,470,Beed,251558,Kille Dharur,Municipality,FULL MATCH,1.0,,EXACT MATCH,
27,Maharashtra,470,Beed,251559,Parli,Municipality,FULL MATCH,1.0,,EXACT MATCH,
27,Maharashtra,470,Beed,251560,Ambajogai,Municipality,FULL MATCH,1.0,,EXACT MATCH,
27,Maharashtra,470,Beed,259696,Kaij,Town Panchayat,FULL MATCH,1.0,,EXACT MATCH,
27,Maharashtra,470,Beed,275726,Shirur Kasar,Town Panchayat,FULL MATCH,1.0,,EXACT MATCH,
27,Maharashtra,470,Beed,275731,Wadvani,Town Panchayat,FULL MATCH,1.0,,EXACT MATCH,
27,Maharashtra,470,Beed,275732,Patoda.,Town Panchayat,FULL MATCH,1.0,,EXACT MATCH,
27,Maharashtra,471,Bhandara,248077,Pauni,Municipality,FULL MATCH,1.0,,EXACT MATCH,
27,Maharashtra,471,Bhandara,248078,Bhandara,Municipality,FULL MATCH,1.0,,EXACT MATCH,
27,Maharashtra,471,Bhandara,248079,Tumsar,Municipality,FULL MATCH,1.0,,EXACT MATCH,
27,Maharashtra,471,Bhandara,251353,Ramtek,Municipality,FULL MATCH,1.0,,EXACT MATCH,
27,Maharashtra,471,Bhandara,251358,Mahadula,Town Panchayat,FULL MATCH,1.0,,EXACT MATCH,
27,Maharashtra,471,Bhandara,251366,Umred,Municipality,FULL MATCH,1.0,,EXACT MATCH,
27,Maharashtra,471,Bhandara,251371,Gondiya,Municipality,FULL MATCH,1.0,,EXACT MATCH,
27,Maharashtra,471,Bhandara,251510,Goregaon,Town Panchayat,AMBIGUOUS MATCH,0.5,LOW DISPARITY,HIGH AMBIGUITY,471:Bhandara(50.0%) | | | 476:Gondia(50.0%)
27,Maharashtra,471,Bhandara,276319,Sakoli,Municipality,FULL MATCH,1.0,,EXACT MATCH,
27,Maharashtra,471,Bhandara,276323,Lakhani,Town Panchayat,FULL MATCH,1.0,,EXACT MATCH,
27,Maharashtra,471,Bhandara,276324,Lakhandur,Town Panchayat,FULL MATCH,1.0,,EXACT MATCH,
27,Maharashtra,471,Bhandara,276325,Mohadi,Town Panchayat,FULL MATCH,1.0,,EXACT MATCH,
27,Maharashtra,472,Buldhana,251298,Jalgaon - Jamod,Municipality,FULL MATCH,1.0,,EXACT MATCH,
27,Maharashtra,472,Buldhana,251299,Shegaon,Municipality,FULL MATCH,1.0,,EXACT MATCH,
27,Maharashtra,472,Buldhana,251300,Nandura,Municipality,FULL MATCH,1.0,,EXACT MATCH,
27,Maharashtra,472,Buldhana,251301,Malkapur,Municipality,FULL MATCH,1.0,,EXACT MATCH,
27,Maharashtra,472,Buldhana,251302,Khamgaon,Municipality,FULL MATCH,1.0,,EXACT MATCH,
27,Maharashtra,472,Buldhana,251303,Mehkar,Municipality,FULL MATCH,1.0,,EXACT MATCH,
27,Maharashtra,472,Buldhana,251304,Chikhli,Municipality,FULL MATCH,1.0,,EXACT MATCH,
27,Maharashtra,472,Buldhana,251305,Buldana,Municipality,FULL MATCH,1.0,,EXACT MATCH,
27,Maharashtra,472,Buldhana,251306,Deulgaon Raja,Municipality,FULL MATCH,1.0,,EXACT MATCH,
27,Maharashtra,472,Buldhana,251307,Sindkhed Raja,Municipality,FULL MATCH,1.0,,EXACT MATCH,
27,Maharashtra,472,Buldhana,251308,Lonar,Municipality,FULL MATCH,1.0,,EXACT MATCH,
27,Maharashtra,472,Buldhana,276274,Sangrampur,Town Panchayat,FULL MATCH,1.0,,EXACT MATCH,
27,Maharashtra,472,Buldhana,276275,Motala,Town Panchayat,FULL MATCH,1.0,,EXACT MATCH,
27,Maharashtra,473,Chandrapur,248080,Municipal Council Gadchiroli,Municipality,FULL MATCH,1.0,,EXACT MATCH,
27,Maharashtra,473,Chandrapur,248082,Chandrapur,Municipal Corporations,FULL MATCH,1.0,,EXACT MATCH,
27,Maharashtra,473,Chandrapur,251373,Brahmapuri,Municipality,FULL MATCH,1.0,,EXACT MATCH,
27,Maharashtra,473,Chandrapur,251375,Bhadravati,Municipality,FULL MATCH,1.0,,EXACT MATCH,
27,Maharashtra,473,Chandrapur,251376,Warora,Municipality,FULL MATCH,1.0,,EXACT MATCH,
27,Maharashtra,473,Chandrapur,251381,Ballarpur,Municipality,FULL MATCH,1.0,,EXACT MATCH,
27,Maharashtra,473,Chandrapur,251382,Mul,Municipality,FULL MATCH,1.0,,EXACT MATCH,
27,Maharashtra,473,Chandrapur,251384,Rajura,Municipality,FULL MATCH,1.0,,EXACT MATCH,
27,Maharashtra,473,Chandrapur,265713,Chimur,Municipality,FULL MATCH,1.0,,EXACT MATCH,
27,Maharashtra,473,Chandrapur,265791,Gadchandur Nagar Parishad,Municipality,FULL MATCH,1.0,,EXACT MATCH,
27,Maharashtra,473,Chandrapur,276355,Jiwati,Town Panchayat,FULL MATCH,1.0,,EXACT MATCH,
27,Maharashtra,473,Chandrapur,276356,Saoli,Town Panchayat,FULL MATCH,1.0,,EXACT MATCH,
27,Maharashtra,473,Chandrapur,276357,Korpana,Town Panchayat,FULL MATCH,1.0,,EXACT MATCH,
27,Maharashtra,473,Chandrapur,276358,Gondpimpri,Town Panchayat,FULL MATCH,1.0,,EXACT MATCH,
27,Maharashtra,473,Chandrapur,276359,Pombhurna,Town Panchayat,FULL MATCH,1.0,,EXACT MATCH,
27,Maharashtra,473,Chandrapur,276361,Nagbhid Muncipal Council,Municipality,FULL MATCH,1.0,,EXACT MATCH,
27,Maharashtra,473,Chandrapur,276362,Sindewahi,Town Panchayat,FULL MATCH,1.0,,EXACT MATCH,
27,Maharashtra,473,Chandrapur,298902,Ghugus,Municipality,FULL MATCH,1.0,,EXACT MATCH,
27,Maharashtra,473,Chandrapur,300392,Bhisi,Town Panchayat,AI PREDICTION,1.0,,AMBIGUOUS PREDICTION,473:Chandrapur(100.0%) | 498:Wardha(100.0%) | 475:Gadchiroli(100.0%)
27,Maharashtra,474,Dhule,251278,Nandurbar,Municipality,FULL MATCH,1.0,,EXACT MATCH,
27,Maharashtra,474,Dhule,251279,Nawapur,Municipality,FULL MATCH,1.0,,EXACT MATCH,
27,Maharashtra,474,Dhule,251280,Shirpur-Warwade,Municipality,FULL MATCH,1.0,,EXACT MATCH,
27,Maharashtra,474,Dhule,251281,Dondaicha-Warwade,Municipality,FULL MATCH,1.0,,EXACT MATCH,
27,Maharashtra,474,Dhule,251282,Dhule,Municipal Corporations,FULL MATCH,1.0,,EXACT MATCH,
27,Maharashtra,474,Dhule,251296,Chalisgaon,Municipality,AI PREDICTION,1.0,,AMBIGUOUS PREDICTION,474:Dhule(100.0%) | 478:Jalgaon(100.0%) | 487:Nashik(100.0%)
27,Maharashtra,474,Dhule,259701,Sindhakeda,Town Panchayat,FULL MATCH,1.0,,EXACT MATCH,
27,Maharashtra,474,Dhule,276339,Sakri,Town Panchayat,FULL MATCH,1.0,,EXACT MATCH,
27,Maharashtra,474,Dhule,303133,Pimpalner Nagar Pnchayat,Town Panchayat,FULL MATCH,1.0,,EXACT MATCH,
27,Maharashtra,475,Gadchiroli,248081,Municipal Council Desaiganj ( Wadsa),Municipality,FULL MATCH,1.0,,EXACT MATCH,
27,Maharashtra,475,Gadchiroli,276283,Bhamragad,Town Panchayat,FULL MATCH,1.0,,EXACT MATCH,
27,Maharashtra,475,Gadchiroli,276284,Dhanora,Town Panchayat,FULL MATCH,1.0,,EXACT MATCH,
27,Maharashtra,475,Gadchiroli,276286,Kurkheda,Town Panchayat,FULL MATCH,1.0,,EXACT MATCH,
27,Maharashtra,475,Gadchiroli,276287,Mulchera,Town Panchayat,FULL MATCH,1.0,,EXACT MATCH,
27,Maharashtra,475,Gadchiroli,276288,Sironcha,Town Panchayat,FULL MATCH,1.0,,EXACT MATCH,
27,Maharashtra,475,Gadchiroli,276327,Aheri,Town Panchayat,FULL MATCH,1.0,,EXACT MATCH,
27,Maharashtra,475,Gadchiroli,276329,Chamorshi,Town Panchayat,FULL MATCH,1.0,,EXACT MATCH,
27,Maharashtra,475,Gadchiroli,276330,Etapalli,Town Panchayat,FULL MATCH,1.0,,EXACT MATCH,
27,Maharashtra,475,Gadchiroli,297866,Municipal Council Armori,Municipality,FULL MATCH,1.0,,EXACT MATCH,
27,Maharashtra,476,Gondia,251370,Tirora,Municipality,FULL MATCH,1.0,,EXACT MATCH,
27,Maharashtra,476,Gondia,276363,Deori,Town Panchayat,FULL MATCH,1.0,,EXACT MATCH,
27,Maharashtra,476,Gondia,276364,Amgaon,Municipality,FULL MATCH,1.0,,EXACT MATCH,
27,Maharashtra,476,Gondia,276365,Salekasa,Town Panchayat,FULL MATCH,1.0,,EXACT MATCH,
27,Maharashtra,476,Gondia,276366,Arjuni,Town Panchayat,FULL MATCH,1.0,,EXACT MATCH,
27,Maharashtra,476,Gondia,276368,Sadak-Arjuni,Town Panchayat,FULL MATCH,1.0,,EXACT MATCH,
27,Maharashtra,477,Hingoli,251399,Hadgaon,Municipality,FULL MATCH,1.0,,EXACT MATCH,
27,Maharashtra,477,Hingoli,251411,Hingoli,Municipality,FULL MATCH,1.0,,EXACT MATCH,
27,Maharashtra,477,Hingoli,251412,Kalamnuri,Municipality,FULL MATCH,1.0,,EXACT MATCH,
27,Maharashtra,477,Hingoli,251413,Basmath,Municipality,FULL MATCH,1.0,,EXACT MATCH,
27,Maharashtra,477,Hingoli,251415,Jintur,Municipality,FULL MATCH,1.0,,EXACT MATCH,
27,Maharashtra,477,Hingoli,296909,Aundha Nagnath,Town Panchayat,FULL MATCH,1.0,,EXACT MATCH,
27,Maharashtra,477,Hingoli,296910,Sengaon,Town Panchayat,FULL MATCH,1.0,,EXACT MATCH,
27,Maharashtra,478,Jalgaon,251283,Chopda,Municipality,FULL MATCH,1.0,,EXACT MATCH,
27,Maharashtra,478,Jalgaon,251284,Yawal,Municipality,FULL MATCH,1.0,,EXACT MATCH,
27,Maharashtra,478,Jalgaon,251285,Faizpur,Municipality,FULL MATCH,1.0,,EXACT MATCH,
27,Maharashtra,478,Jalgaon,251286,Savda,Municipality,FULL MATCH,1.0,,EXACT MATCH,
27,Maharashtra,478,Jalgaon,251287,Raver,Municipality,FULL MATCH,1.0,,EXACT MATCH,
27,Maharashtra,478,Jalgaon,251290,Bhusawal,Municipality,FULL MATCH,1.0,,EXACT MATCH,
27,Maharashtra,478,Jalgaon,251292,Erandol,Municipality,FULL MATCH,1.0,,EXACT MATCH,
27,Maharashtra,478,Jalgaon,251294,Amalner,Municipality,FULL MATCH,1.0,,EXACT MATCH,
27,Maharashtra,478,Jalgaon,251295,Parola,Municipality,FULL MATCH,1.0,,EXACT MATCH,
27,Maharashtra,478,Jalgaon,251297,Pachora,Municipality,FULL MATCH,1.0,,EXACT MATCH,
27,Maharashtra,478,Jalgaon,253139,Jamner,Municipality,FULL MATCH,1.0,,EXACT MATCH,
27,Maharashtra,478,Jalgaon,253140,Bhadgaon,Municipality,FULL MATCH,1.0,,EXACT MATCH,
27,Maharashtra,478,Jalgaon,276272,Bodwad,Town Panchayat,FULL MATCH,1.0,,EXACT MATCH,
27,Maharashtra,478,Jalgaon,276273,Varangaon,Municipality,FULL MATCH,1.0,,EXACT MATCH,
27,Maharashtra,478,Jalgaon,276421,Muktainagar,Town Panchayat,FULL MATCH,1.0,,EXACT MATCH,
27,Maharashtra,478,Jalgaon,276571,Jalgaon,Municipal Corporations,AMBIGUOUS MATCH,0.6667,HIGH DISPARITY,NEARLY RESOLVABLE,478:Jalgaon(66.67%)
27,Maharashtra,478,Jalgaon,277413,Shendurni,Town Panchayat,FULL MATCH,1.0,,EXACT MATCH,
27,Maharashtra,479,Jalna,251414,Sailu,Municipality,FULL MATCH,1.0,,EXACT MATCH,
27,Maharashtra,479,Jalna,251418,Pathri,Municipality,FULL MATCH,1.0,,EXACT MATCH,
27,Maharashtra,479,Jalna,251425,Partur,Municipality,FULL MATCH,1.0,,EXACT MATCH,
27,Maharashtra,479,Jalna,275734,Ashti,Town Panchayat,FULL MATCH,1.0,,EXACT MATCH,
27,Maharashtra,479,Jalna,276369,Badnapur,Town Panchayat,FULL MATCH,1.0,,EXACT MATCH,
27,Maharashtra,479,Jalna,276370,Ghansawangi,Town Panchayat,FULL MATCH,1.0,,EXACT MATCH,
27,Maharashtra,479,Jalna,276371,Mantha,Town Panchayat,FULL MATCH,1.0,,EXACT MATCH,
27,Maharashtra,479,Jalna,276372,Jafrabad,Town Panchayat,FULL MATCH,1.0,,EXACT MATCH,
27,Maharashtra,480,Kolhapur,251614,Malkapur-Kolhapur,Municipality,FULL MATCH,1.0,,EXACT MATCH,
27,Maharashtra,480,Kolhapur,251615,Panhala,Municipality,FULL MATCH,1.0,,EXACT MATCH,
27,Maharashtra,480,Kolhapur,251616,Vadgaon Kasba,Municipality,FULL MATCH,1.0,,EXACT MATCH,
27,Maharashtra,480,Kolhapur,251619,Ichalkaranji,Municipal Corporations,FULL MATCH,1.0,,EXACT MATCH,
27,Maharashtra,480,Kolhapur,251621,Jaysingpur,Municipality,FULL MATCH,1.0,,EXACT MATCH,
27,Maharashtra,480,Kolhapur,251622,Kurundvad,Municipality,FULL MATCH,1.0,,EXACT MATCH,
27,Maharashtra,480,Kolhapur,251625,Kolhapur,Municipal Corporations,AMBIGUOUS MATCH,0.2,MODERATE DISPARITY,MODERATE AMBIGUITY,480:Kolhapur(20.0%)
27,Maharashtra,480,Kolhapur,251628,Kagal,Municipality,FULL MATCH,1.0,,EXACT MATCH,
27,Maharashtra,480,Kolhapur,251629,Murgud,Municipality,FULL MATCH,1.0,,EXACT MATCH,
27,Maharashtra,480,Kolhapur,251630,Ajara,Town Panchayat,FULL MATCH,1.0,,EXACT MATCH,
27,Maharashtra,480,Kolhapur,251631,Gadhinglaj,Municipality,FULL MATCH,1.0,,EXACT MATCH,
27,Maharashtra,480,Kolhapur,276296,Hupari,Municipality,FULL MATCH,1.0,,EXACT MATCH,
27,Maharashtra,480,Kolhapur,276635,Shirol,Municipality,FULL MATCH,1.0,,EXACT MATCH,
27,Maharashtra,480,Kolhapur,290433,Chandgad.,Town Panchayat,FULL MATCH,1.0,,EXACT MATCH,
27,Maharashtra,480,Kolhapur,290434,Hatkanangale.,Town Panchayat,FULL MATCH,1.0,,EXACT MATCH,
27,Maharashtra,481,Latur,251561,Latur,Municipal Corporations,FULL MATCH,1.0,,EXACT MATCH,
27,Maharashtra,481,Latur,251562,Ahmadpur,Municipality,FULL MATCH,1.0,,EXACT MATCH,
27,Maharashtra,481,Latur,251563,Ausa,Municipality,FULL MATCH,1.0,,EXACT MATCH,
27,Maharashtra,481,Latur,251564,Nilanga,Municipality,FULL MATCH,1.0,,EXACT MATCH,
27,Maharashtra,481,Latur,251565,Udgir,Municipality,FULL MATCH,1.0,,EXACT MATCH,
27,Maharashtra,481,Latur,251569,Osmanabad,Municipality,AI PREDICTION,1.0,,AMBIGUOUS PREDICTION,481:Latur(100.0%) | 488:Dharashiv(100.0%) | 490:Pune(100.0%)
27,Maharashtra,481,Latur,276373,Jalkot,Town Panchayat,FULL MATCH,1.0,,EXACT MATCH,
27,Maharashtra,481,Latur,276374,Shirur-Anantpal,Town Panchayat,FULL MATCH,1.0,,EXACT MATCH,
27,Maharashtra,481,Latur,276375,Chakur,Town Panchayat,FULL MATCH,1.0,,EXACT MATCH,
27,Maharashtra,481,Latur,276376,Renapur,Town Panchayat,FULL MATCH,1.0,,EXACT MATCH,
27,Maharashtra,481,Latur,276377,Deoni (Bk),Town Panchayat,FULL MATCH,1.0,,EXACT MATCH,
27,Maharashtra,483,Mumbai Suburban,251492,Panvel,Municipal Corporations,FULL MATCH,1.0,,EXACT MATCH,
27,Maharashtra,484,Nagpur,251339,Mowad,Municipality,FULL MATCH,1.0,,EXACT MATCH,
27,Maharashtra,484,Nagpur,251340,Narkhed,Municipality,FULL MATCH,1.0,,EXACT MATCH,
27,Maharashtra,484,Nagpur,251341,Katol,Municipality,FULL MATCH,1.0,,EXACT MATCH,
27,Maharashtra,484,Nagpur,251342,Kalameshwar,Municipality,FULL MATCH,1.0,,EXACT MATCH,
27,Maharashtra,484,Nagpur,251343,Mohpa,Municipality,FULL MATCH,1.0,,EXACT MATCH,
27,Maharashtra,484,Nagpur,251344,Savner,Municipality,FULL MATCH,1.0,,EXACT MATCH,
27,Maharashtra,484,Nagpur,251345,Khapa,Municipality,FULL MATCH,1.0,,EXACT MATCH,
27,Maharashtra,484,Nagpur,251350,Kanhan - Pipri,Municipality,FULL MATCH,1.0,,EXACT MATCH,
27,Maharashtra,484,Nagpur,251356,Kamptee,Municipality,FULL MATCH,1.0,,EXACT MATCH,
27,Maharashtra,484,Nagpur,251359,Wadi,Municipality,FULL MATCH,1.0,,EXACT MATCH,
27,Maharashtra,484,Nagpur,251362,Nagpur,Municipal Corporations,AMBIGUOUS MATCH,0.5,HIGH DISPARITY,NEARLY RESOLVABLE,484:Nagpur(50.0%)
27,Maharashtra,484,Nagpur,251363,Wanadongri,Municipality,FULL MATCH,1.0,,EXACT MATCH,
27,Maharashtra,484,Nagpur,259672,Mouda,Town Panchayat,FULL MATCH,1.0,,EXACT MATCH,
27,Maharashtra,484,Nagpur,263362,Hingna,Town Panchayat,FULL MATCH,1.0,,EXACT MATCH,
27,Maharashtra,484,Nagpur,263363,Bhiwapur,Town Panchayat,FULL MATCH,1.0,,EXACT MATCH,
27,Maharashtra,484,Nagpur,263364,Kuhi Nagar Parishad,Town Panchayat,FULL MATCH,1.0,,EXACT MATCH,
27,Maharashtra,484,Nagpur,276305,Parshivni,Town Panchayat,FULL MATCH,1.0,,EXACT MATCH,
27,Maharashtra,484,Nagpur,277411,Butibori,Town Panchayat,FULL MATCH,1.0,,EXACT MATCH,
27,Maharashtra,484,Nagpur,290358,Kadegaon.,Town Panchayat,AMBIGUOUS MATCH,0.5,LOW DISPARITY,HIGH AMBIGUITY,484:Nagpur(50.0%) | | | 493:Sangli(50.0%)
27,Maharashtra,484,Nagpur,301078,Besa Pipla Nagar Panchayat,Town Panchayat,FULL MATCH,1.0,,EXACT MATCH,
27,Maharashtra,484,Nagpur,301085,Bahadura Nagar Panchayat,Town Panchayat,FULL MATCH,1.0,,EXACT MATCH,
27,Maharashtra,485,Nanded,251398,Kinwat,Municipality,FULL MATCH,1.0,,EXACT MATCH,
27,Maharashtra,485,Nanded,251401,Nanded-Waghala,Municipal Corporations,FULL MATCH,1.0,,EXACT MATCH,
27,Maharashtra,485,Nanded,251402,Mudkhed,Municipality,FULL MATCH,1.0,,EXACT MATCH,
27,Maharashtra,485,Nanded,251403,Peth Umri,Municipality,FULL MATCH,1.0,,EXACT MATCH,
27,Maharashtra,485,Nanded,251404,Dharmabad,Municipality,FULL MATCH,1.0,,EXACT MATCH,
27,Maharashtra,485,Nanded,251405,Kundalwadi,Municipality,FULL MATCH,1.0,,EXACT MATCH,
27,Maharashtra,485,Nanded,251406,Biloli,Municipality,FULL MATCH,1.0,,EXACT MATCH,
27,Maharashtra,485,Nanded,251407,Loha,Municipality,FULL MATCH,1.0,,EXACT MATCH,
27,Maharashtra,485,Nanded,251408,Kandhar,Municipality,FULL MATCH,1.0,,EXACT MATCH,
27,Maharashtra,485,Nanded,251409,Mukhed,Municipality,FULL MATCH,1.0,,EXACT MATCH,
27,Maharashtra,485,Nanded,251410,Deglur,Municipality,FULL MATCH,1.0,,EXACT MATCH,
27,Maharashtra,485,Nanded,258020,Ardhapur,Town Panchayat,FULL MATCH,1.0,,EXACT MATCH,
27,Maharashtra,485,Nanded,258024,Mahur,Town Panchayat,FULL MATCH,1.0,,EXACT MATCH,
27,Maharashtra,485,Nanded,276333,Shahapur,Town Panchayat,FULL MATCH,1.0,,EXACT MATCH,
27,Maharashtra,485,Nanded,276606,Himayatnagar Nagarpanchayat,Town Panchayat,FULL MATCH,1.0,,EXACT MATCH,
27,Maharashtra,485,Nanded,276623,Naigaon (Khairgaon),Town Panchayat,FULL MATCH,1.0,,EXACT MATCH,
27,Maharashtra,486,Nandurbar,251275,Talode,Municipality,FULL MATCH,1.0,,EXACT MATCH,
27,Maharashtra,486,Nandurbar,251277,Shahade,Municipality,FULL MATCH,1.0,,EXACT MATCH,
27,Maharashtra,486,Nandurbar,276345,Dhadgaon,Town Panchayat,FULL MATCH,1.0,,EXACT MATCH,
27,Maharashtra,487,Nashik,251434,Surgana,Town Panchayat,FULL MATCH,1.0,,EXACT MATCH,
27,Maharashtra,487,Nashik,251435,Satana,Municipality,FULL MATCH,1.0,,EXACT MATCH,
27,Maharashtra,487,Nashik,251438,Malegaon,Municipal Corporations,FULL MATCH,1.0,,EXACT MATCH,
27,Maharashtra,487,Nashik,251439,Nandgaon,Municipality,FULL MATCH,1.0,,EXACT MATCH,
27,Maharashtra,487,Nashik,251440,Manmad,Municipality,FULL MATCH,1.0,,EXACT MATCH,
27,Maharashtra,487,Nashik,251441,Trimbak,Municipality,FULL MATCH,1.0,,EXACT MATCH,
27,Maharashtra,487,Nashik,251442,Nashik,Municipal Corporations,AMBIGUOUS MATCH,0.6923,HIGH DISPARITY,NEARLY RESOLVABLE,487:Nashik(69.23%)
27,Maharashtra,487,Nashik,251444,Bhagur,Municipality,FULL MATCH,1.0,,EXACT MATCH,
27,Maharashtra,487,Nashik,251445,Igatpuri,Municipality,FULL MATCH,1.0,,EXACT MATCH,
27,Maharashtra,487,Nashik,251447,Sinnar,Municipality,FULL MATCH,1.0,,EXACT MATCH,
27,Maharashtra,487,Nashik,251450,Yevla,Municipality,FULL MATCH,1.0,,EXACT MATCH,
27,Maharashtra,487,Nashik,276276,Dindori,Town Panchayat,FULL MATCH,1.0,,EXACT MATCH,
27,Maharashtra,487,Nashik,276277,Deola,Town Panchayat,FULL MATCH,1.0,,EXACT MATCH,
27,Maharashtra,487,Nashik,276278,Kalwan,Town Panchayat,FULL MATCH,1.0,,EXACT MATCH,
27,Maharashtra,487,Nashik,276279,Niphad,Town Panchayat,FULL MATCH,1.0,,EXACT MATCH,
27,Maharashtra,487,Nashik,276280,Peth,Town Panchayat,FULL MATCH,1.0,,EXACT MATCH,
27,Maharashtra,487,Nashik,276281,Chandwad,Municipality,FULL MATCH,1.0,,EXACT MATCH,
27,Maharashtra,487,Nashik,303075,Pimpalgaon Baswant,Municipality,FULL MATCH,1.0,,EXACT MATCH,
27,Maharashtra,488,Dharashiv,251566,Paranda,Municipality,FULL MATCH,1.0,,EXACT MATCH,
27,Maharashtra,488,Dharashiv,251567,Bhum,Municipality,FULL MATCH,1.0,,EXACT MATCH,
27,Maharashtra,488,Dharashiv,251568,Kalamb,Municipality,FULL MATCH,1.0,,EXACT MATCH,
27,Maharashtra,488,Dharashiv,251570,Tuljapur,Municipality,FULL MATCH,1.0,,EXACT MATCH,
27,Maharashtra,488,Dharashiv,251571,Naldurg,Municipality,FULL MATCH,1.0,,EXACT MATCH,
27,Maharashtra,488,Dharashiv,251572,Murum,Municipality,FULL MATCH,1.0,,EXACT MATCH,
27,Maharashtra,488,Dharashiv,251573,Umarga,Municipality,FULL MATCH,1.0,,EXACT MATCH,
27,Maharashtra,488,Dharashiv,266073,Kalamb Nagar Panchayat,Town Panchayat,AMBIGUOUS MATCH,0.5,LOW DISPARITY,HIGH AMBIGUITY,488:Dharashiv(50.0%) | | | 500:Yavatmal(50.0%)
27,Maharashtra,488,Dharashiv,276312,Washi,Town Panchayat,FULL MATCH,1.0,,EXACT MATCH,
27,Maharashtra,488,Dharashiv,276313,Lohara (Bk),Town Panchayat,AMBIGUOUS MATCH,0.5,LOW DISPARITY,HIGH AMBIGUITY,488:Dharashiv(50.0%) | | | 500:Yavatmal(50.0%)
27,Maharashtra,489,Parbhani,251416,Parbhani,Municipal Corporations,FULL MATCH,1.0,,EXACT MATCH,
27,Maharashtra,489,Parbhani,251417,Manwath,Municipality,FULL MATCH,1.0,,EXACT MATCH,
27,Maharashtra,489,Parbhani,251419,Sonpeth,Municipality,FULL MATCH,1.0,,EXACT MATCH,
27,Maharashtra,489,Parbhani,251420,Gangakhed,Municipality,FULL MATCH,1.0,,EXACT MATCH,
27,Maharashtra,489,Parbhani,251421,Purna,Municipality,FULL MATCH,1.0,,EXACT MATCH,
27,Maharashtra,489,Parbhani,276297,Palam,Town Panchayat,FULL MATCH,1.0,,EXACT MATCH,
27,Maharashtra,490,Pune,251516,Junnar,Municipality,FULL MATCH,1.0,,EXACT MATCH,
27,Maharashtra,490,Pune,251518,Shirur,Municipality,FULL MATCH,1.0,,EXACT MATCH,
27,Maharashtra,490,Pune,251520,Chakan,Municipality,FULL MATCH,1.0,,EXACT MATCH,
27,Maharashtra,490,Pune,251521,Alandi,Municipality,FULL MATCH,1.0,,EXACT MATCH,
27,Maharashtra,490,Pune,251522,Talegaon Dabhade,Municipality,FULL MATCH,1.0,,EXACT MATCH,
27,Maharashtra,490,Pune,251526,Lonavala,Municipality,FULL MATCH,1.0,,EXACT MATCH,
27,Maharashtra,490,Pune,251528,Pimpri Chinchwad,Municipal Corporations,AMBIGUOUS MATCH,0.6875,HIGH DISPARITY,NEARLY RESOLVABLE,490:Pune(68.75%)
27,Maharashtra,490,Pune,251530,Pune,Municipal Corporations,AMBIGUOUS MATCH,0.5814,HIGH DISPARITY,NEARLY RESOLVABLE,490:Pune(58.14%)
27,Maharashtra,490,Pune,251531,Daund,Municipality,FULL MATCH,1.0,,EXACT MATCH,
27,Maharashtra,490,Pune,251532,Sasvad,Municipality,FULL MATCH,1.0,,EXACT MATCH,
27,Maharashtra,490,Pune,251533,Jejuri,Municipality,FULL MATCH,1.0,,EXACT MATCH,
27,Maharashtra,490,Pune,251535,Bhor,Municipality,FULL MATCH,1.0,,EXACT MATCH,
27,Maharashtra,490,Pune,251536,Baramati,Municipality,FULL MATCH,1.0,,EXACT MATCH,
27,Maharashtra,490,Pune,251537,Indapur,Municipality,FULL MATCH,1.0,,EXACT MATCH,
27,Maharashtra,490,Pune,276348,Khanapur,Town Panchayat,AMBIGUOUS MATCH,0.5,LOW DISPARITY,HIGH AMBIGUITY,490:Pune(50.0%) | | | 493:Sangli(50.0%)
27,Maharashtra,490,Pune,276637,Vadgaon Mawal,Town Panchayat,FULL MATCH,1.0,,EXACT MATCH,
27,Maharashtra,490,Pune,277475,Wadgaon,Municipality,FULL MATCH,1.0,,EXACT MATCH,
27,Maharashtra,490,Pune,296912,Rajgurunagar,Municipality,FULL MATCH,1.0,,EXACT MATCH,
27,Maharashtra,490,Pune,298888,Dehu,Town Panchayat,FULL MATCH,1.0,,EXACT MATCH,
27,Maharashtra,490,Pune,300391,Manchar,Town Panchayat,FULL MATCH,1.0,,EXACT MATCH,
27,Maharashtra,490,Pune,300394,Malegaon Budruk,Town Panchayat,FULL MATCH,1.0,,EXACT MATCH,
27,Maharashtra,490,Pune,303134,Fursungi Uruli Devachi,Municipality,FULL MATCH,1.0,,EXACT MATCH,
27,Maharashtra,491,Raigad,251491,Uran,Municipality,FULL MATCH,1.0,,EXACT MATCH,
27,Maharashtra,491,Raigad,251498,Karjat,Municipality,FULL MATCH,1.0,,EXACT MATCH,
27,Maharashtra,491,Raigad,251501,Khopoli,Municipality,FULL MATCH,1.0,,EXACT MATCH,
27,Maharashtra,491,Raigad,251502,Pen,Municipality,FULL MATCH,1.0,,EXACT MATCH,
27,Maharashtra,491,Raigad,251503,Alibag,Municipality,FULL MATCH,1.0,,EXACT MATCH,
27,Maharashtra,491,Raigad,251504,Murud,Municipality,FULL MATCH,1.0,,EXACT MATCH,
27,Maharashtra,491,Raigad,251506,Roha Ashtami,Municipality,FULL MATCH,1.0,,EXACT MATCH,
27,Maharashtra,491,Raigad,251511,Shrivardhan,Municipality,FULL MATCH,1.0,,EXACT MATCH,
27,Maharashtra,491,Raigad,251512,Mhasla,Town Panchayat,FULL MATCH,1.0,,EXACT MATCH,
27,Maharashtra,491,Raigad,251513,Mahad,Municipality,FULL MATCH,1.0,,EXACT MATCH,
27,Maharashtra,491,Raigad,276267,Khalapur,Town Panchayat,FULL MATCH,1.0,,EXACT MATCH,
27,Maharashtra,491,Raigad,276268,Mangaon,Town Panchayat,FULL MATCH,1.0,,EXACT MATCH,
27,Maharashtra,491,Raigad,276270,Tala,Town Panchayat,FULL MATCH,1.0,,EXACT MATCH,
27,Maharashtra,491,Raigad,276636,Poladpur,Town Panchayat,FULL MATCH,1.0,,EXACT MATCH,
27,Maharashtra,491,Raigad,300027,Pali,Town Panchayat,FULL MATCH,1.0,,EXACT MATCH,
27,Maharashtra,492,Ratnagiri,251599,Dapoli Camp,Town Panchayat,FULL MATCH,1.0,,EXACT MATCH,
27,Maharashtra,492,Ratnagiri,251601,Khed,Municipality,FULL MATCH,1.0,,EXACT MATCH,
27,Maharashtra,492,Ratnagiri,251602,Chiplun,Municipality,FULL MATCH,1.0,,EXACT MATCH,
27,Maharashtra,492,Ratnagiri,251604,Guhagar,Town Panchayat,FULL MATCH,1.0,,EXACT MATCH,
27,Maharashtra,492,Ratnagiri,251605,Ratnagiri,Municipality,FULL MATCH,1.0,,EXACT MATCH,
27,Maharashtra,492,Ratnagiri,251607,Lanja,Town Panchayat,FULL MATCH,1.0,,EXACT MATCH,
27,Maharashtra,492,Ratnagiri,251608,Rajapur,Municipality,FULL MATCH,1.0,,EXACT MATCH,
27,Maharashtra,492,Ratnagiri,259684,Devrukh,Town Panchayat,FULL MATCH,1.0,,EXACT MATCH,
27,Maharashtra,492,Ratnagiri,276295,Mandangad,Town Panchayat,FULL MATCH,1.0,,EXACT MATCH,
27,Maharashtra,493,Sangli,251633,Uran Islampur,Municipality,FULL MATCH,1.0,,EXACT MATCH,
27,Maharashtra,493,Sangli,251634,Ashta,Municipality,FULL MATCH,1.0,,EXACT MATCH,
27,Maharashtra,493,Sangli,251635,Vita,Municipality,FULL MATCH,1.0,,EXACT MATCH,
27,Maharashtra,493,Sangli,251636,Tasgaon,Municipality,FULL MATCH,1.0,,EXACT MATCH,
27,Maharashtra,493,Sangli,251639,Sangli-Miraj Kupwad,Municipal Corporations,FULL MATCH,1.0,,EXACT MATCH,
27,Maharashtra,493,Sangli,259699,Jath,Municipality,FULL MATCH,1.0,,EXACT MATCH,
27,Maharashtra,493,Sangli,276346,Kavthemahankal,Town Panchayat,FULL MATCH,1.0,,EXACT MATCH,
27,Maharashtra,493,Sangli,276349,Shirala,Town Panchayat,FULL MATCH,1.0,,EXACT MATCH,
27,Maharashtra,493,Sangli,276350,Palus,Municipality,FULL MATCH,1.0,,EXACT MATCH,
27,Maharashtra,493,Sangli,300410,Atpadi,Town Panchayat,FULL MATCH,1.0,,EXACT MATCH,
27,Maharashtra,494,Satara,251314,Malkapur,Town Panchayat,FULL MATCH,1.0,,EXACT MATCH,
27,Maharashtra,494,Satara,251584,Mahabaleshwar,Municipality,FULL MATCH,1.0,,EXACT MATCH,
27,Maharashtra,494,Satara,251585,Panchgani,Municipality,FULL MATCH,1.0,,EXACT MATCH,
27,Maharashtra,494,Satara,251586,Wai,Municipality,FULL MATCH,1.0,,EXACT MATCH,
27,Maharashtra,494,Satara,251588,Phaltan,Municipality,FULL MATCH,1.0,,EXACT MATCH,
27,Maharashtra,494,Satara,251589,Mhaswad,Municipality,FULL MATCH,1.0,,EXACT MATCH,
27,Maharashtra,494,Satara,251590,Rahimatpur,Municipality,FULL MATCH,1.0,,EXACT MATCH,
27,Maharashtra,494,Satara,251593,Satara,Municipality,FULL MATCH,1.0,,EXACT MATCH,
27,Maharashtra,494,Satara,251596,Patan,Town Panchayat,FULL MATCH,1.0,,EXACT MATCH,
27,Maharashtra,494,Satara,251598,Karad,Municipality,FULL MATCH,1.0,,EXACT MATCH,
27,Maharashtra,494,Satara,276381,Koregaon,Town Panchayat,FULL MATCH,1.0,,EXACT MATCH,
27,Maharashtra,494,Satara,276383,Khandala,Town Panchayat,FULL MATCH,1.0,,EXACT MATCH,
27,Maharashtra,494,Satara,276414,Lonand,Town Panchayat,FULL MATCH,1.0,,EXACT MATCH,
27,Maharashtra,494,Satara,276415,Medha,Town Panchayat,FULL MATCH,1.0,,EXACT MATCH,
27,Maharashtra,494,Satara,276416,Vaduj,Town Panchayat,FULL MATCH,1.0,,EXACT MATCH,
27,Maharashtra,494,Satara,276417,Dahiwadi,Town Panchayat,FULL MATCH,1.0,,EXACT MATCH,
27,Maharashtra,495,Sindhudurg,251609,Kankavli,Town Panchayat,FULL MATCH,1.0,,EXACT MATCH,
27,Maharashtra,495,Sindhudurg,251610,Malwan,Municipality,FULL MATCH,1.0,,EXACT MATCH,
27,Maharashtra,495,Sindhudurg,251611,Vengurla,Municipality,FULL MATCH,1.0,,EXACT MATCH,
27,Maharashtra,495,Sindhudurg,251612,Kudal,Town Panchayat,FULL MATCH,1.0,,EXACT MATCH,
27,Maharashtra,495,Sindhudurg,251613,Sawantwadi,Municipality,FULL MATCH,1.0,,EXACT MATCH,
27,Maharashtra,495,Sindhudurg,263834,Vabhave Vaibhavwadi Nagar Panchayat,Town Panchayat,FULL MATCH,1.0,,EXACT MATCH,
27,Maharashtra,495,Sindhudurg,263884,Kasai Dodamarg,Town Panchayat,FULL MATCH,1.0,,EXACT MATCH,
27,Maharashtra,495,Sindhudurg,276321,Devgad-Jamsande,Town Panchayat,FULL MATCH,1.0,,EXACT MATCH,
27,Maharashtra,496,Solapur,251574,Karmala,Municipality,FULL MATCH,1.0,,EXACT MATCH,
27,Maharashtra,496,Solapur,251575,Kurduvadi,Municipality,FULL MATCH,1.0,,EXACT MATCH,
27,Maharashtra,496,Solapur,251576,Barshi,Municipality,FULL MATCH,1.0,,EXACT MATCH,
27,Maharashtra,496,Solapur,251577,Solapur,Municipal Corporations,AMBIGUOUS MATCH,0.5556,HIGH DISPARITY,NEARLY RESOLVABLE,496:Solapur(55.56%)
27,Maharashtra,496,Solapur,251579,Sangole,Municipality,FULL MATCH,1.0,,EXACT MATCH,
27,Maharashtra,496,Solapur,251580,Mangalvedhe,Municipality,FULL MATCH,1.0,,EXACT MATCH,
27,Maharashtra,496,Solapur,251581,Akkalkot,Municipality,FULL MATCH,1.0,,EXACT MATCH,
27,Maharashtra,496,Solapur,251582,Maindargi,Municipality,FULL MATCH,1.0,,EXACT MATCH,
27,Maharashtra,496,Solapur,251583,Dudhani,Municipality,FULL MATCH,1.0,,EXACT MATCH,
27,Maharashtra,496,Solapur,276301,Mohol,Municipality,FULL MATCH,1.0,,EXACT MATCH,
27,Maharashtra,496,Solapur,276302,Madha,Town Panchayat,FULL MATCH,1.0,,EXACT MATCH,
27,Maharashtra,496,Solapur,276303,Malshiras,Town Panchayat,FULL MATCH,1.0,,EXACT MATCH,
27,Maharashtra,496,Solapur,297006,Pandharpur,Municipality,FULL MATCH,1.0,,EXACT MATCH,
27,Maharashtra,496,Solapur,298893,Mahalung Shripur,Municipality,FULL MATCH,1.0,,EXACT MATCH,
27,Maharashtra,496,Solapur,300382,Angar,Town Panchayat,FULL MATCH,1.0,,EXACT MATCH,
27,Maharashtra,496,Solapur,300383,Akluj,Municipality,FULL MATCH,1.0,,EXACT MATCH,
27,Maharashtra,496,Solapur,300384,Natepute,Town Panchayat,FULL MATCH,1.0,,EXACT MATCH,
27,Maharashtra,496,Solapur,300385,Vairag,Town Panchayat,FULL MATCH,1.0,,EXACT MATCH,
27,Maharashtra,497,Thane,251470,Mira-Bhayandar,Municipal Corporations,FULL MATCH,1.0,,EXACT MATCH,
27,Maharashtra,497,Thane,251471,Thane,Municipal Corporations,AMBIGUOUS MATCH,0.7,HIGH DISPARITY,NEARLY RESOLVABLE,497:Thane(70.0%)
27,Maharashtra,497,Thane,251472,Navi Mumbai,Municipal Corporations,AI PREDICTION,1.0,,AMBIGUOUS PREDICTION,497:Thane(100.0%) | 483:Mumbai Suburban(100.0%) | 491:Raigad(100.0%)
27,Maharashtra,497,Thane,251477,Bhiwandi,Municipal Corporations,FULL MATCH,1.0,,EXACT MATCH,
27,Maharashtra,497,Thane,251483,Kalyan-Dombivli,Municipal Corporations,FULL MATCH,1.0,,EXACT MATCH,
27,Maharashtra,497,Thane,251484,Ulhasnagar,Municipal Corporations,AMBIGUOUS MATCH,0.2,MODERATE DISPARITY,MODERATE AMBIGUITY,497:Thane(20.0%)
27,Maharashtra,497,Thane,251485,Ambarnath,Municipality,FULL MATCH,1.0,,EXACT MATCH,
27,Maharashtra,497,Thane,251486,Badlapur,Municipality,FULL MATCH,1.0,,EXACT MATCH,
27,Maharashtra,497,Thane,251487,Murbad,Town Panchayat,FULL MATCH,1.0,,EXACT MATCH,
27,Maharashtra,497,Thane,251488,Greater Mumbai,Municipal Corporations,AI PREDICTION,1.0,,AMBIGUOUS PREDICTION,497:Thane(100.0%) | 483:Mumbai Suburban(100.0%) | 491:Raigad(100.0%)
27,Maharashtra,497,Thane,251497,Matheran,Municipality,AI PREDICTION,1.0,,AMBIGUOUS PREDICTION,497:Thane(100.0%) | 490:Pune(100.0%) | 483:Mumbai Suburban(100.0%)
27,Maharashtra,497,Thane,276318,Wada,Town Panchayat,FULL MATCH,1.0,,EXACT MATCH,
27,Maharashtra,498,Wardha,251332,Arvi,Municipality,FULL MATCH,1.0,,EXACT MATCH,
27,Maharashtra,498,Wardha,251333,Sindi,Municipality,FULL MATCH,1.0,,EXACT MATCH,
27,Maharashtra,498,Wardha,251334,Wardha,Municipality,FULL MATCH,1.0,,EXACT MATCH,
27,Maharashtra,498,Wardha,251336,Pulgaon,Municipality,FULL MATCH,1.0,,EXACT MATCH,
27,Maharashtra,498,Wardha,251337,Deoli,Municipality,FULL MATCH,1.0,,EXACT MATCH,
27,Maharashtra,498,Wardha,251338,Hinganghat,Municipality,FULL MATCH,1.0,,EXACT MATCH,
27,Maharashtra,498,Wardha,276378,Seloo,Town Panchayat,FULL MATCH,1.0,,EXACT MATCH,
27,Maharashtra,498,Wardha,276379,Samudrapur,Town Panchayat,FULL MATCH,1.0,,EXACT MATCH,
27,Maharashtra,498,Wardha,276380,Ashti (Wardha),Town Panchayat,FULL MATCH,1.0,,EXACT MATCH,
27,Maharashtra,498,Wardha,276633,Karanja Wardha,Town Panchayat,FULL MATCH,1.0,,EXACT MATCH,
27,Maharashtra,499,Washim,251317,Mangrulpir,Municipality,FULL MATCH,1.0,,EXACT MATCH,
27,Maharashtra,499,Washim,251319,Washim,Municipality,FULL MATCH,1.0,,EXACT MATCH,
27,Maharashtra,499,Washim,251320,Risod,Municipality,FULL MATCH,1.0,,EXACT MATCH,
27,Maharashtra,499,Washim,276294,Manora,Town Panchayat,FULL MATCH,1.0,,EXACT MATCH,
27,Maharashtra,500,Yavatmal,251386,Yavatmal,Municipality,FULL MATCH,1.0,,EXACT MATCH,
27,Maharashtra,500,Yavatmal,251389,Darwha,Municipality,FULL MATCH,1.0,,EXACT MATCH,
27,Maharashtra,500,Yavatmal,251390,Digras,Municipality,FULL MATCH,1.0,,EXACT MATCH,
27,Maharashtra,500,Yavatmal,251391,Pusad,Municipality,FULL MATCH,1.0,,EXACT MATCH,
27,Maharashtra,500,Yavatmal,251393,Umarkhed,Municipality,FULL MATCH,1.0,,EXACT MATCH,
27,Maharashtra,500,Yavatmal,251394,Ghatanji,Municipality,FULL MATCH,1.0,,EXACT MATCH,
27,Maharashtra,500,Yavatmal,251395,Pandharkawda,Municipality,FULL MATCH,1.0,,EXACT MATCH,
27,Maharashtra,500,Yavatmal,251397,Wani,Municipality,FULL MATCH,1.0,,EXACT MATCH,
27,Maharashtra,500,Yavatmal,259703,Arni,Municipality,FULL MATCH,1.0,,EXACT MATCH,
27,Maharashtra,500,Yavatmal,259704,Ner Nababpur,Municipality,FULL MATCH,1.0,,EXACT MATCH,
27,Maharashtra,500,Yavatmal,272842,Babhulgaon Nagar Panchayat,Town Panchayat,FULL MATCH,1.0,,EXACT MATCH,
27,Maharashtra,500,Yavatmal,272845,Zari Zamani,Town Panchayat,FULL MATCH,1.0,,EXACT MATCH,
27,Maharashtra,500,Yavatmal,276308,Ralegaon,Town Panchayat,FULL MATCH,1.0,,EXACT MATCH,
27,Maharashtra,500,Yavatmal,276309,Mahagaon,Town Panchayat,FULL MATCH,1.0,,EXACT MATCH,
27,Maharashtra,500,Yavatmal,276310,Maregaon,Town Panchayat,FULL MATCH,1.0,,EXACT MATCH,
27,Maharashtra,500,Yavatmal,290430,Dhanki,Town Panchayat,FULL MATCH,1.0,,EXACT MATCH,
27,Maharashtra,665,Palghar,251451,Dahanu,Municipality,FULL MATCH,1.0,,EXACT MATCH,
27,Maharashtra,665,Palghar,251453,Jawhar,Municipality,FULL MATCH,1.0,,EXACT MATCH,
27,Maharashtra,665,Palghar,251460,Palghar,Municipality,FULL MATCH,1.0,,EXACT MATCH,
27,Maharashtra,665,Palghar,251463,Vasai-Virar,Municipal Corporations,FULL MATCH,1.0,,EXACT MATCH,
27,Maharashtra,665,Palghar,276315,Talasari,Town Panchayat,FULL MATCH,1.0,,EXACT MATCH,
27,Maharashtra,665,Palghar,276316,Vikramgad,Town Panchayat,FULL MATCH,1.0,,EXACT MATCH,
27,Maharashtra,665,Palghar,276317,Mokhada,Town Panchayat,FULL MATCH,1.0,,EXACT MATCH,
27,Maharashtra,770,Khairthal-Tijara,301086,Kandri Kanhan Nagar Panchayat,Town Panchayat,AI PREDICTION,1.0,,AMBIGUOUS PREDICTION,770:Khairthal-Tijara(100.0%) | 782:Kotputli-Behror(100.0%) | 87:Alwar(100.0%)
28,Andhra Pradesh,502,Ananthapuramu,248112,Anantapur,Municipal Corporations,FULL MATCH,1.0,,EXACT MATCH,
28,Andhra Pradesh,502,Ananthapuramu,248114,Tadipatri,Municipality,FULL MATCH,1.0,,EXACT MATCH,
28,Andhra Pradesh,502,Ananthapuramu,248117,Rayadurg,Municipality,FULL MATCH,1.0,,EXACT MATCH,
28,Andhra Pradesh,502,Ananthapuramu,251797,Gooty,Municipality,FULL MATCH,1.0,,EXACT MATCH,
28,Andhra Pradesh,502,Ananthapuramu,251799,Kalyandurg,Municipality,FULL MATCH,1.0,,EXACT MATCH,
28,Andhra Pradesh,503,Chittoor,248122,Chittoor,Municipal Corporations,FULL MATCH,1.0,,EXACT MATCH,
28,Andhra Pradesh,503,Chittoor,248123,Palamaner,Municipality,FULL MATCH,1.0,,EXACT MATCH,
28,Andhra Pradesh,503,Chittoor,248125,Nagari,Municipality,FULL MATCH,1.0,,EXACT MATCH,
28,Andhra Pradesh,503,Chittoor,248126,Puttur,Municipality,FULL MATCH,1.0,,EXACT MATCH,
28,Andhra Pradesh,503,Chittoor,296257,Kuppam,Municipality,FULL MATCH,1.0,,EXACT MATCH,
28,Andhra Pradesh,504,Y.S.R. Kadapa,248111,Badvel,Municipality,FULL MATCH,1.0,,EXACT MATCH,
28,Andhra Pradesh,504,Y.S.R. Kadapa,251778,Proddatur,Municipality,FULL MATCH,1.0,,EXACT MATCH,
28,Andhra Pradesh,504,Y.S.R. Kadapa,251780,Jammalamadugu,Town Panchayat,FULL MATCH,1.0,,EXACT MATCH,
28,Andhra Pradesh,504,Y.S.R. Kadapa,251782,Cuddapah,Municipal Corporations,FULL MATCH,1.0,,EXACT MATCH,
28,Andhra Pradesh,504,Y.S.R. Kadapa,253101,Pulivendula,Municipality,FULL MATCH,1.0,,EXACT MATCH,
28,Andhra Pradesh,504,Y.S.R. Kadapa,253102,Rajampet,Municipality,FULL MATCH,1.0,,EXACT MATCH,
28,Andhra Pradesh,504,Y.S.R. Kadapa,253297,Mydukur,Municipality,FULL MATCH,1.0,,EXACT MATCH,
28,Andhra Pradesh,505,East Godavari,251724,Peddapuram,Municipality,FULL MATCH,1.0,,EXACT MATCH,
28,Andhra Pradesh,505,East Godavari,251725,Rajahmundry,Municipal Corporations,AMBIGUOUS MATCH,1.0,HIGH DISPARITY,NEARLY RESOLVABLE,505:East | Godavari(80.0%)
28,Andhra Pradesh,505,East Godavari,251732,Mandapeta,Municipality,FULL MATCH,1.0,,EXACT MATCH,
28,Andhra Pradesh,505,East Godavari,251733,Ramachandrapuram,Municipality,AMBIGUOUS MATCH,0.5,LOW DISPARITY,HIGH AMBIGUITY,505:East | Godavari(50.0%) | |
28,Andhra Pradesh,505,East Godavari,251736,Kovvur,Municipality,FULL MATCH,1.0,,EXACT MATCH,
28,Andhra Pradesh,505,East Godavari,251737,Nidadavole,Municipality,FULL MATCH,1.0,,EXACT MATCH,
28,Andhra Pradesh,506,Guntur,251752,Mangalagiri Tadepalli,Municipal Corporations,FULL MATCH,1.0,,EXACT MATCH,
28,Andhra Pradesh,506,Guntur,251755,Narasaraopeta,Municipality,AI PREDICTION,1.0,,AMBIGUOUS PREDICTION,506:Guntur(100.0%) | 750:Bapatla(100.0%) | 751:Palnadu(100.0%)
28,Andhra Pradesh,506,Guntur,251757,Guntur,Municipal Corporations,AMBIGUOUS MATCH,0.5714,HIGH DISPARITY,NEARLY RESOLVABLE,506:Guntur(57.14%)
28,Andhra Pradesh,506,Guntur,251758,Tenali,Municipality,FULL MATCH,1.0,,EXACT MATCH,
28,Andhra Pradesh,506,Guntur,251759,Ponnuru,Municipality,FULL MATCH,1.0,,EXACT MATCH,
28,Andhra Pradesh,510,Krishna,251747,Gudivada,Municipality,FULL MATCH,1.0,,EXACT MATCH,
28,Andhra Pradesh,510,Krishna,251749,Pedana,Municipality,FULL MATCH,1.0,,EXACT MATCH,
28,Andhra Pradesh,510,Krishna,299612,Ysr Tadigadapa,Municipality,FULL MATCH,1.0,,EXACT MATCH,
28,Andhra Pradesh,511,Kurnool,251787,Yemmiganur,Municipality,FULL MATCH,1.0,,EXACT MATCH,
28,Andhra Pradesh,511,Kurnool,251789,Kurnool,Municipal Corporations,FULL MATCH,1.0,,EXACT MATCH,
28,Andhra Pradesh,511,Kurnool,251792,Adoni,Municipality,FULL MATCH,1.0,,EXACT MATCH,
28,Andhra Pradesh,511,Kurnool,253169,Dhone(M),Municipality,FULL MATCH,1.0,,EXACT MATCH,
28,Andhra Pradesh,515,Sri Potti Sriramulu Nellore,251770,Kavali,Municipality,FULL MATCH,1.0,,EXACT MATCH,
28,Andhra Pradesh,515,Sri Potti Sriramulu Nellore,251772,Nellore Municipal Corporation,Municipal Corporations,FULL MATCH,1.0,,EXACT MATCH,
28,Andhra Pradesh,515,Sri Potti Sriramulu Nellore,257831,Naidupeta,Municipality,FULL MATCH,1.0,,EXACT MATCH,
28,Andhra Pradesh,515,Sri Potti Sriramulu Nellore,258033,Atmakur,Municipality,AMBIGUOUS MATCH,0.5,LOW DISPARITY,HIGH AMBIGUITY,515:Sri | Potti | Sriramulu
28,Andhra Pradesh,515,Sri Potti Sriramulu Nellore,263068,Gudur,Municipality,FULL MATCH,1.0,,EXACT MATCH,
28,Andhra Pradesh,517,Prakasam,251762,Markapur,Municipality,AI PREDICTION,1.0,,AMBIGUOUS PREDICTION,517:Prakasam(100.0%) | 750:Bapatla(100.0%) | 790:Markapuram(100.0%)
28,Andhra Pradesh,517,Prakasam,251763,Chirala,Municipality,AI PREDICTION,1.0,,AMBIGUOUS PREDICTION,517:Prakasam(100.0%) | 750:Bapatla(100.0%) | 790:Markapuram(100.0%)
28,Andhra Pradesh,517,Prakasam,251766,Ongole,Municipal Corporations,AMBIGUOUS MATCH,0.5,HIGH DISPARITY,NEARLY RESOLVABLE,517:Prakasam(50.0%)
28,Andhra Pradesh,517,Prakasam,251768,Kandukur,Municipality,FULL MATCH,1.0,,EXACT MATCH,
28,Andhra Pradesh,517,Prakasam,253274,Chimakurthy,Municipality,AMBIGUOUS MATCH,0.6667,LOW DISPARITY,HIGH AMBIGUITY,517:Prakasam(66.67%) | | | 790:Markapuram(66.67%)
28,Andhra Pradesh,517,Prakasam,257868,Addanki,Municipality,AMBIGUOUS MATCH,0.6667,LOW DISPARITY,HIGH AMBIGUITY,517:Prakasam(66.67%) | | | 790:Markapuram(66.67%)
28,Andhra Pradesh,519,Srikakulam,251700,Srikakulam,Municipal Corporations,FULL MATCH,1.0,,EXACT MATCH,
28,Andhra Pradesh,520,Visakhapatnam,251719,Visakhapatnam,Municipal Corporations,AI PREDICTION,1.0,,AMBIGUOUS PREDICTION,520:Visakhapatnam(100.0%) | 521:Vizianagaram(100.0%) | 744:Anakapalli(100.0%)
28,Andhra Pradesh,521,Vizianagaram,251702,Bobbili,Municipality,FULL MATCH,1.0,,EXACT MATCH,
28,Andhra Pradesh,521,Vizianagaram,251709,Vizianagaram Municipal Corporation,Municipal Corporations,AMBIGUOUS MATCH,0.75,HIGH DISPARITY,NEARLY RESOLVABLE,521:Vizianagaram(75.0%)
28,Andhra Pradesh,521,Vizianagaram,251711,Nellimarla,Town Panchayat,AMBIGUOUS MATCH,0.5,LOW DISPARITY,HIGH AMBIGUITY,521:Vizianagaram(50.0%) | | | 790:Markapuram(50.0%)
28,Andhra Pradesh,523,West Godavari,251738,Tadepalligudem,Municipality,FULL MATCH,1.0,,EXACT MATCH,
28,Andhra Pradesh,523,West Godavari,251740,Tanuku,Municipality,FULL MATCH,1.0,,EXACT MATCH,
28,Andhra Pradesh,523,West Godavari,251741,Bhimavaram,Municipality,FULL MATCH,1.0,,EXACT MATCH,
28,Andhra Pradesh,523,West Godavari,251742,Narasapur,Municipality,FULL MATCH,1.0,,EXACT MATCH,
28,Andhra Pradesh,523,West Godavari,251743,Palacole,Municipality,AI PREDICTION,1.0,,AMBIGUOUS PREDICTION,523:West Godavari(100.0%) | 748:Eluru(100.0%) | 791:Polavaram(100.0%)
28,Andhra Pradesh,743,Parvathipuram Manyam,251701,Parvathipuram,Municipality,FULL MATCH,1.0,,EXACT MATCH,
28,Andhra Pradesh,743,Parvathipuram Manyam,251703,Salur,Municipality,FULL MATCH,1.0,,EXACT MATCH,
28,Andhra Pradesh,744,Anakapalli,251716,Narsipatnam,Municipality,FULL MATCH,1.0,,EXACT MATCH,
28,Andhra Pradesh,744,Anakapalli,251722,Tuni,Municipality,FULL MATCH,1.0,,EXACT MATCH,
28,Andhra Pradesh,744,Anakapalli,258054,Yelamanchili,Municipality,FULL MATCH,1.0,,EXACT MATCH,
28,Andhra Pradesh,746,Kakinada,251727,Samalkot,Municipality,FULL MATCH,1.0,,EXACT MATCH,
28,Andhra Pradesh,746,Kakinada,251728,Pithapuram,Municipality,FULL MATCH,1.0,,EXACT MATCH,
28,Andhra Pradesh,746,Kakinada,251731,Kakinada,Municipal Corporations,AMBIGUOUS MATCH,0.4,HIGH DISPARITY,NEARLY RESOLVABLE,746:Kakinada(40.0%)
28,Andhra Pradesh,747,Dr. B.R. Ambedkar Konaseema,251735,Amalapuram,Municipality,FULL MATCH,1.0,,EXACT MATCH,
28,Andhra Pradesh,748,Eluru,251739,Eluru,Municipal Corporations,AMBIGUOUS MATCH,0.6,HIGH DISPARITY,NEARLY RESOLVABLE,748:Eluru(60.0%)
28,Andhra Pradesh,748,Eluru,251745,Nuzvid,Municipality,AI PREDICTION,1.0,,AMBIGUOUS PREDICTION,748:Eluru(100.0%) | 749:Ntr(100.0%) | 510:Krishna(100.0%)
28,Andhra Pradesh,748,Eluru,251750,Machilipatnam Municipal Corporation,Municipal Corporations,AI PREDICTION,1.0,,AMBIGUOUS PREDICTION,748:Eluru(100.0%) | 749:Ntr(100.0%) | 510:Krishna(100.0%)
28,Andhra Pradesh,748,Eluru,257906,Jangareddygudem,Municipality,FULL MATCH,1.0,,EXACT MATCH,
28,Andhra Pradesh,749,Ntr,251746,Vijayawada Municipal Corporation,Municipal Corporations,FULL MATCH,1.0,,EXACT MATCH,
28,Andhra Pradesh,749,Ntr,277319,Jaggiahpet,Municipality,FULL MATCH,1.0,,EXACT MATCH,
28,Andhra Pradesh,749,Ntr,296264,Kondapalli,Municipality,FULL MATCH,1.0,,EXACT MATCH,
28,Andhra Pradesh,750,Bapatla,251760,Bapatla,Municipality,FULL MATCH,1.0,,EXACT MATCH,
28,Andhra Pradesh,750,Bapatla,251761,Repalle,Municipality,FULL MATCH,1.0,,EXACT MATCH,
28,Andhra Pradesh,751,Palnadu,251751,Macherla,Municipality,FULL MATCH,1.0,,EXACT MATCH,
28,Andhra Pradesh,751,Palnadu,251753,Sattenapalle,Municipality,FULL MATCH,1.0,,EXACT MATCH,
28,Andhra Pradesh,751,Palnadu,251754,Vinukonda,Municipality,FULL MATCH,1.0,,EXACT MATCH,
28,Andhra Pradesh,751,Palnadu,251756,Chilakaluripeta,Municipality,FULL MATCH,1.0,,EXACT MATCH,
28,Andhra Pradesh,751,Palnadu,253167,Piduguralla,Municipality,FULL MATCH,1.0,,EXACT MATCH,
28,Andhra Pradesh,752,Tirupati,248119,Madanapalli,Municipality,AI PREDICTION,1.0,,AMBIGUOUS PREDICTION,752:Tirupati(100.0%) | 753:Annamayya(100.0%) | 503:Chittoor(100.0%)
28,Andhra Pradesh,752,Tirupati,248121,Tirupati,Municipal Corporations,AI PREDICTION,1.0,,AMBIGUOUS PREDICTION,752:Tirupati(100.0%) | 753:Annamayya(100.0%) | 503:Chittoor(100.0%)
28,Andhra Pradesh,752,Tirupati,248124,Srikalahasti,Municipality,FULL MATCH,1.0,,EXACT MATCH,
28,Andhra Pradesh,752,Tirupati,251774,Venkatagiri,Municipality,FULL MATCH,1.0,,EXACT MATCH,
28,Andhra Pradesh,752,Tirupati,253227,Sullurupeta,Municipality,FULL MATCH,1.0,,EXACT MATCH,
28,Andhra Pradesh,753,Annamayya,248120,Punganur,Municipality,FULL MATCH,1.0,,EXACT MATCH,
28,Andhra Pradesh,753,Annamayya,251786,Rayachoti,Municipality,FULL MATCH,1.0,,EXACT MATCH,
28,Andhra Pradesh,754,Sri Sathya Sai,248113,Guntakal,Municipality,AI PREDICTION,1.0,,AMBIGUOUS PREDICTION,754:Sri Sathya Sai(100.0%) | 502:Ananthapuramu(100.0%)
28,Andhra Pradesh,754,Sri Sathya Sai,248115,Dharmavaram,Municipality,AMBIGUOUS MATCH,0.5,HIGH DISPARITY,NEARLY RESOLVABLE,754:Sri | Sathya | Sai(50.0%)
28,Andhra Pradesh,754,Sri Sathya Sai,248116,Kadiri,Municipality,FULL MATCH,1.0,,EXACT MATCH,
28,Andhra Pradesh,754,Sri Sathya Sai,248118,Hindupur,Municipality,FULL MATCH,1.0,,EXACT MATCH,
28,Andhra Pradesh,755,Nandyal,251795,Nandyal,Municipality,AMBIGUOUS MATCH,0.6667,HIGH DISPARITY,NEARLY RESOLVABLE,755:Nandyal(66.67%)
28,Andhra Pradesh,755,Nandyal,253270,Atmakur (Kurnool),Municipality,FULL MATCH,1.0,,EXACT MATCH,
28,Andhra Pradesh,790,Markapuram,251695,Palasa Kasibugga,Municipality,AMBIGUOUS MATCH,0.6667,HIGH DISPARITY,NEARLY RESOLVABLE,790:Markapuram(66.67%) | | | 517:Prakasam(33.33%)
28,Andhra Pradesh,790,Markapuram,251696,Ichapuram,Municipality,FULL MATCH,1.0,,EXACT MATCH,
28,Andhra Pradesh,790,Markapuram,251698,Rajam,Municipality,FULL MATCH,1.0,,EXACT MATCH,
28,Andhra Pradesh,790,Markapuram,251699,Amadalavalasa,Municipality,AMBIGUOUS MATCH,0.6667,HIGH DISPARITY,NEARLY RESOLVABLE,790:Markapuram(66.67%) | | | 517:Prakasam(33.33%)
28,Andhra Pradesh,790,Markapuram,251773,Gudur (Kurnool),Town Panchayat,AMBIGUOUS MATCH,0.6667,HIGH DISPARITY,NEARLY RESOLVABLE,790:Markapuram(66.67%) | | | 511:Kurnool(33.33%)
28,Andhra Pradesh,790,Markapuram,251781,Yerraguntla,Town Panchayat,FULL MATCH,1.0,,EXACT MATCH,
28,Andhra Pradesh,790,Markapuram,253252,Pamidi,Town Panchayat,AMBIGUOUS MATCH,0.6667,HIGH DISPARITY,NEARLY RESOLVABLE,790:Markapuram(66.67%) | | | 502:Ananthapuramu(33.33%)
28,Andhra Pradesh,790,Markapuram,253253,Madakasira,Town Panchayat,AMBIGUOUS MATCH,0.6667,HIGH DISPARITY,NEARLY RESOLVABLE,790:Markapuram(66.67%) | | | 517:Prakasam(33.33%)
28,Andhra Pradesh,790,Markapuram,253254,Puttaparthi,Municipality,AMBIGUOUS MATCH,0.6667,HIGH DISPARITY,NEARLY RESOLVABLE,790:Markapuram(66.67%) | | | 517:Prakasam(33.33%)
28,Andhra Pradesh,790,Markapuram,253272,Allagadda,Municipality,AMBIGUOUS MATCH,0.6667,HIGH DISPARITY,NEARLY RESOLVABLE,790:Markapuram(66.67%) | | | 517:Prakasam(33.33%)
28,Andhra Pradesh,790,Markapuram,253273,Nandikotkur,Municipality,AMBIGUOUS MATCH,0.6667,HIGH DISPARITY,NEARLY RESOLVABLE,790:Markapuram(66.67%) | | | 517:Prakasam(33.33%)
28,Andhra Pradesh,790,Markapuram,253295,Kanigiri,Municipality,FULL MATCH,1.0,,EXACT MATCH,
28,Andhra Pradesh,790,Markapuram,254922,Nandigama,Municipality,AMBIGUOUS MATCH,0.6667,HIGH DISPARITY,NEARLY RESOLVABLE,790:Markapuram(66.67%) | | | 517:Prakasam(33.33%)
28,Andhra Pradesh,790,Markapuram,254923,Vuyyuru,Town Panchayat,AMBIGUOUS MATCH,0.6667,HIGH DISPARITY,NEARLY RESOLVABLE,790:Markapuram(66.67%) | | | 510:Krishna(33.33%)
28,Andhra Pradesh,790,Markapuram,254924,Tiruvuru,Town Panchayat,AMBIGUOUS MATCH,0.6667,HIGH DISPARITY,NEARLY RESOLVABLE,790:Markapuram(66.67%) | | | 517:Prakasam(33.33%)
28,Andhra Pradesh,790,Markapuram,257869,Giddalur,Town Panchayat,FULL MATCH,1.0,,EXACT MATCH,
28,Andhra Pradesh,790,Markapuram,257967,Palakonda,Town Panchayat,FULL MATCH,1.0,,EXACT MATCH,
28,Andhra Pradesh,790,Markapuram,277315,Mummidivaram,Town Panchayat,FULL MATCH,1.0,,EXACT MATCH,
28,Andhra Pradesh,790,Markapuram,277316,Gollaprolu,Town Panchayat,FULL MATCH,1.0,,EXACT MATCH,
28,Andhra Pradesh,790,Markapuram,277317,Yeleswaram,Town Panchayat,FULL MATCH,1.0,,EXACT MATCH,
28,Andhra Pradesh,790,Markapuram,296250,Penukonda,Town Panchayat,AMBIGUOUS MATCH,0.6667,HIGH DISPARITY,NEARLY RESOLVABLE,790:Markapuram(66.67%) | | | 517:Prakasam(33.33%)
28,Andhra Pradesh,790,Markapuram,296256,Akiveedu,Town Panchayat,AMBIGUOUS MATCH,0.6667,HIGH DISPARITY,NEARLY RESOLVABLE,790:Markapuram(66.67%) | | | 517:Prakasam(33.33%)
28,Andhra Pradesh,790,Markapuram,296259,Kamalapuram,Town Panchayat,FULL MATCH,1.0,,EXACT MATCH,
28,Andhra Pradesh,790,Markapuram,296260,Bethamcherla,Town Panchayat,AMBIGUOUS MATCH,0.6667,HIGH DISPARITY,NEARLY RESOLVABLE,790:Markapuram(66.67%) | | | 517:Prakasam(33.33%)
28,Andhra Pradesh,790,Markapuram,296261,Dachepalli,Town Panchayat,AMBIGUOUS MATCH,0.6667,HIGH DISPARITY,NEARLY RESOLVABLE,790:Markapuram(66.67%) | | | 517:Prakasam(33.33%)
28,Andhra Pradesh,790,Markapuram,296262,Gurajala,Town Panchayat,AMBIGUOUS MATCH,0.6667,HIGH DISPARITY,NEARLY RESOLVABLE,790:Markapuram(66.67%) | | | 517:Prakasam(33.33%)
28,Andhra Pradesh,790,Markapuram,296263,Darsi,Town Panchayat,FULL MATCH,1.0,,EXACT MATCH,
28,Andhra Pradesh,790,Markapuram,296328,Buchireddypalem,Town Panchayat,AMBIGUOUS MATCH,0.6667,HIGH DISPARITY,NEARLY RESOLVABLE,790:Markapuram(66.67%) | | | 515:Sri
28,Andhra Pradesh,790,Markapuram,299713,Alluru,Town Panchayat,AMBIGUOUS MATCH,0.6667,HIGH DISPARITY,NEARLY RESOLVABLE,790:Markapuram(66.67%) | | | 515:Sri
28,Andhra Pradesh,790,Markapuram,299714,B Kothakota,Town Panchayat,FULL MATCH,1.0,,EXACT MATCH,
28,Andhra Pradesh,790,Markapuram,299715,Chinthalapudi,Town Panchayat,AMBIGUOUS MATCH,0.6667,HIGH DISPARITY,NEARLY RESOLVABLE,790:Markapuram(66.67%) | | | 517:Prakasam(33.33%)
28,Andhra Pradesh,790,Markapuram,299716,Podili,Town Panchayat,FULL MATCH,1.0,,EXACT MATCH,
29,Karnataka,524,Bagalkote,251816,Konnur,Town Municipal Council,AMBIGUOUS MATCH,0.5,LOW DISPARITY,HIGH AMBIGUITY,524:Bagalkote(50.0%) | | | 527:Belagavi(50.0%)
29,Karnataka,524,Bagalkote,251830,Mahalingpur,Town Municipal Council,FULL MATCH,1.0,,EXACT MATCH,
29,Karnataka,524,Bagalkote,251831,Terdal,Town Municipal Council,FULL MATCH,1.0,,EXACT MATCH,
29,Karnataka,524,Bagalkote,251832,Jamkhandi,City Municipal Council,FULL MATCH,1.0,,EXACT MATCH,
29,Karnataka,524,Bagalkote,251833,Rabkavi-Banhatti,City Municipal Council,FULL MATCH,1.0,,EXACT MATCH,
29,Karnataka,524,Bagalkote,251834,Bilgi,Town Panchayat,FULL MATCH,1.0,,EXACT MATCH,
29,Karnataka,524,Bagalkote,251835,Mudhol,City Municipal Council,FULL MATCH,1.0,,EXACT MATCH,
29,Karnataka,524,Bagalkote,251837,Badami,Town Municipal Council,FULL MATCH,1.0,,EXACT MATCH,
29,Karnataka,524,Bagalkote,251838,Guledgudda,Town Municipal Council,FULL MATCH,1.0,,EXACT MATCH,
29,Karnataka,524,Bagalkote,251839,Bagalkot,City Municipal Council,FULL MATCH,1.0,,EXACT MATCH,
29,Karnataka,524,Bagalkote,251840,Hungund,Town Municipal Council,FULL MATCH,1.0,,EXACT MATCH,
29,Karnataka,524,Bagalkote,251841,Ilkal,City Municipal Council,FULL MATCH,1.0,,EXACT MATCH,
29,Karnataka,524,Bagalkote,276529,Belagali,Town Panchayat,FULL MATCH,1.0,,EXACT MATCH,
29,Karnataka,524,Bagalkote,276597,Aminagad,Town Panchayat,FULL MATCH,1.0,,EXACT MATCH,
29,Karnataka,524,Bagalkote,299317,Lokapura,Town Panchayat,FULL MATCH,1.0,,EXACT MATCH,
29,Karnataka,524,Bagalkote,301079,Kamatagi,Town Panchayat,FULL MATCH,1.0,,EXACT MATCH,
29,Karnataka,525,Bengaluru Urban,251990,Nelamangala,City Municipal Council,FULL MATCH,1.0,,EXACT MATCH,
29,Karnataka,525,Bengaluru Urban,253189,Anekal,Town Municipal Council,FULL MATCH,1.0,,EXACT MATCH,
29,Karnataka,525,Bengaluru Urban,276463,Hebbugodi,City Municipal Council,FULL MATCH,1.0,,EXACT MATCH,
29,Karnataka,525,Bengaluru Urban,276464,Jigani,Town Municipal Council,FULL MATCH,1.0,,EXACT MATCH,
29,Karnataka,525,Bengaluru Urban,276533,Chandapura,Town Municipal Council,FULL MATCH,1.0,,EXACT MATCH,
29,Karnataka,525,Bengaluru Urban,276537,Bommasandra,Town Municipal Council,FULL MATCH,1.0,,EXACT MATCH,
29,Karnataka,525,Bengaluru Urban,276539,Attibele,Town Municipal Council,FULL MATCH,1.0,,EXACT MATCH,
29,Karnataka,525,Bengaluru Urban,276600,Bbmp,Municipal Corporations,AMBIGUOUS MATCH,0.6852,HIGH DISPARITY,NEARLY RESOLVABLE,525:Bengaluru | Urban(68.52%)
29,Karnataka,525,Bengaluru Urban,296975,Madanayakanahalli,City Municipal Council,FULL MATCH,1.0,,EXACT MATCH,
29,Karnataka,525,Bengaluru Urban,299169,Bashettihalli,Town Panchayat,FULL MATCH,1.0,,EXACT MATCH,
29,Karnataka,525,Bengaluru Urban,299318,Chikkabanavara,Town Municipal Council,FULL MATCH,1.0,,EXACT MATCH,
29,Karnataka,525,Bengaluru Urban,299319,Hunasamaranahalli,Town Municipal Council,FULL MATCH,1.0,,EXACT MATCH,
29,Karnataka,525,Bengaluru Urban,301176,Doddathoguru,Town Panchayat,FULL MATCH,1.0,,EXACT MATCH,
29,Karnataka,525,Bengaluru Urban,301790,Konappanaagrahara,Town Municipal Council,FULL MATCH,1.0,,EXACT MATCH,
29,Karnataka,526,Bengaluru Rural,251992,Dod Ballapur,City Municipal Council,FULL MATCH,1.0,,EXACT MATCH,
29,Karnataka,526,Bengaluru Rural,251994,Devanahalli,Town Municipal Council,FULL MATCH,1.0,,EXACT MATCH,
29,Karnataka,526,Bengaluru Rural,251995,Hosakote,City Municipal Council,FULL MATCH,1.0,,EXACT MATCH,
29,Karnataka,527,Belagavi,251809,Nipani,City Municipal Council,FULL MATCH,1.0,,EXACT MATCH,
29,Karnataka,527,Belagavi,251810,Sadalgi,Town Municipal Council,FULL MATCH,1.0,,EXACT MATCH,
29,Karnataka,527,Belagavi,251811,Chikodi,Town Municipal Council,AI PREDICTION,1.0,,STRONG MATCH,527:Belagavi(100.0%)
29,Karnataka,527,Belagavi,251812,Athni,Town Municipal Council,FULL MATCH,1.0,,EXACT MATCH,
29,Karnataka,527,Belagavi,251813,Kudchi,Town Municipal Council,FULL MATCH,1.0,,EXACT MATCH,
29,Karnataka,527,Belagavi,251814,Raybag,Town Panchayat,FULL MATCH,1.0,,EXACT MATCH,
29,Karnataka,527,Belagavi,251815,Mudalgi,Town Municipal Council,FULL MATCH,1.0,,EXACT MATCH,
29,Karnataka,527,Belagavi,251818,Gokak,City Municipal Council,AI PREDICTION,1.0,,STRONG MATCH,527:Belagavi(100.0%)
29,Karnataka,527,Belagavi,251819,Sankeshwar,Town Municipal Council,FULL MATCH,1.0,,EXACT MATCH,
29,Karnataka,527,Belagavi,251820,Hukeri,Town Municipal Council,FULL MATCH,1.0,,EXACT MATCH,
29,Karnataka,527,Belagavi,251824,Belagavi,Municipal Corporations,AI PREDICTION,1.0,,STRONG MATCH,527:Belagavi(100.0%)
29,Karnataka,527,Belagavi,251825,Khanapur,Town Panchayat,FULL MATCH,1.0,,EXACT MATCH,
29,Karnataka,527,Belagavi,251827,Bail Hongal,Town Municipal Council,FULL MATCH,1.0,,EXACT MATCH,
29,Karnataka,527,Belagavi,251828,Saundatti-Yellamma,Town Municipal Council,FULL MATCH,1.0,,EXACT MATCH,
29,Karnataka,527,Belagavi,251829,Ramdurg,Town Municipal Council,FULL MATCH,1.0,,EXACT MATCH,
29,Karnataka,527,Belagavi,251836,Kerur,Town Panchayat,FULL MATCH,1.0,,EXACT MATCH,
29,Karnataka,527,Belagavi,276477,Chinchali,Town Panchayat,FULL MATCH,1.0,,EXACT MATCH,
29,Karnataka,527,Belagavi,276483,Kabbur,Town Panchayat,FULL MATCH,1.0,,EXACT MATCH,
29,Karnataka,527,Belagavi,276563,Mugalakoda,Town Municipal Council,FULL MATCH,1.0,,EXACT MATCH,
29,Karnataka,527,Belagavi,276564,Munavalli,Town Municipal Council,FULL MATCH,1.0,,EXACT MATCH,
29,Karnataka,527,Belagavi,276565,Ugar Khurda,Town Municipal Council,FULL MATCH,1.0,,EXACT MATCH,
29,Karnataka,527,Belagavi,276567,Kankanavadi,Town Panchayat,FULL MATCH,1.0,,EXACT MATCH,
29,Karnataka,527,Belagavi,276568,Chinchali,Town Municipal Council,FULL MATCH,1.0,,EXACT MATCH,
29,Karnataka,527,Belagavi,276569,Harogeri,Town Municipal Council,FULL MATCH,1.0,,EXACT MATCH,
29,Karnataka,527,Belagavi,276574,Ghataprabha,Town Municipal Council,FULL MATCH,1.0,,EXACT MATCH,
29,Karnataka,527,Belagavi,276575,Examba,Town Panchayat,FULL MATCH,1.0,,EXACT MATCH,
29,Karnataka,527,Belagavi,276576,Kallolli,Town Panchayat,FULL MATCH,1.0,,EXACT MATCH,
29,Karnataka,527,Belagavi,276577,Arabhavi,Town Panchayat,FULL MATCH,1.0,,EXACT MATCH,
29,Karnataka,527,Belagavi,276578,Chennammana Kittur,Town Panchayat,FULL MATCH,1.0,,EXACT MATCH,
29,Karnataka,527,Belagavi,276579,Shedbala,Town Panchayat,FULL MATCH,1.0,,EXACT MATCH,
29,Karnataka,527,Belagavi,276583,Boragaon,Town Panchayat,FULL MATCH,1.0,,EXACT MATCH,
29,Karnataka,527,Belagavi,276618,Ainapur,Town Panchayat,FULL MATCH,1.0,,EXACT MATCH,
29,Karnataka,527,Belagavi,299329,Ankalagi-Akkathangerahal,Town Panchayat,FULL MATCH,1.0,,EXACT MATCH,
29,Karnataka,527,Belagavi,299330,Yaragatti,Town Panchayat,FULL MATCH,1.0,,EXACT MATCH,
29,Karnataka,527,Belagavi,299331,Kagawada,Town Panchayat,AI PREDICTION,1.0,,STRONG MATCH,527:Belagavi(100.0%)
29,Karnataka,527,Belagavi,299332,Machhe,Town Panchayat,FULL MATCH,1.0,,EXACT MATCH,
29,Karnataka,527,Belagavi,299333,Peeranawadi,Town Panchayat,FULL MATCH,1.0,,EXACT MATCH,
29,Karnataka,527,Belagavi,299417,Mkhubballi,Town Panchayat,FULL MATCH,1.0,,EXACT MATCH,
29,Karnataka,527,Belagavi,301061,Naganur,Town Panchayat,FULL MATCH,1.0,,EXACT MATCH,
29,Karnataka,528,Ballari,251924,Kampli,Town Municipal Council,FULL MATCH,1.0,,EXACT MATCH,
29,Karnataka,528,Ballari,251925,Siruguppa,City Municipal Council,FULL MATCH,1.0,,EXACT MATCH,
29,Karnataka,528,Ballari,251926,Tekkalakote,Town Panchayat,FULL MATCH,1.0,,EXACT MATCH,
29,Karnataka,528,Ballari,251927,Ballari,Municipal Corporations,FULL MATCH,1.0,,EXACT MATCH,
29,Karnataka,528,Ballari,251929,Sandur,Town Municipal Council,FULL MATCH,1.0,,EXACT MATCH,
29,Karnataka,528,Ballari,251931,Kotturu,Town Panchayat,FULL MATCH,1.0,,EXACT MATCH,
29,Karnataka,528,Ballari,276532,Kurugodu,Town Municipal Council,FULL MATCH,1.0,,EXACT MATCH,
29,Karnataka,528,Ballari,276534,Kudutini,Town Panchayat,FULL MATCH,1.0,,EXACT MATCH,
29,Karnataka,528,Ballari,276538,Kurekuppa,Town Municipal Council,FULL MATCH,1.0,,EXACT MATCH,
29,Karnataka,529,Bidar,251864,Basavakalyan,City Municipal Council,FULL MATCH,1.0,,EXACT MATCH,
29,Karnataka,529,Bidar,251865,Bhalki,Town Municipal Council,FULL MATCH,1.0,,EXACT MATCH,
29,Karnataka,529,Bidar,251866,Aurad,Town Panchayat,FULL MATCH,1.0,,EXACT MATCH,
29,Karnataka,529,Bidar,251867,Bidar,City Municipal Council,FULL MATCH,1.0,,EXACT MATCH,
29,Karnataka,529,Bidar,251868,Homnabad,Town Municipal Council,FULL MATCH,1.0,,EXACT MATCH,
29,Karnataka,529,Bidar,251869,Chitgoppa,Town Municipal Council,FULL MATCH,1.0,,EXACT MATCH,
29,Karnataka,530,Vijayapura,251842,Vijayapura,Town Municipal Council,AI PREDICTION,1.0,,STRONG MATCH,530:Vijayapura(100.0%)
29,Karnataka,530,Vijayapura,251843,Indi,Town Municipal Council,FULL MATCH,1.0,,EXACT MATCH,
29,Karnataka,530,Vijayapura,251844,Sindgi,Town Municipal Council,FULL MATCH,1.0,,EXACT MATCH,
29,Karnataka,530,Vijayapura,251845,Basavana Bagevadi,Town Municipal Council,FULL MATCH,1.0,,EXACT MATCH,
29,Karnataka,530,Vijayapura,251846,Muddebihal,Town Municipal Council,FULL MATCH,1.0,,EXACT MATCH,
29,Karnataka,530,Vijayapura,251847,Talikota,Town Municipal Council,FULL MATCH,1.0,,EXACT MATCH,
29,Karnataka,530,Vijayapura,251993,Vijayapura,Municipal Corporations,AI PREDICTION,1.0,,STRONG MATCH,530:Vijayapura(100.0%)
29,Karnataka,530,Vijayapura,276540,Alamela,Town Panchayat,FULL MATCH,1.0,,EXACT MATCH,
29,Karnataka,530,Vijayapura,276541,Managuli,Town Panchayat,FULL MATCH,1.0,,EXACT MATCH,
29,Karnataka,530,Vijayapura,276543,Kolhara,Town Panchayat,FULL MATCH,1.0,,EXACT MATCH,
29,Karnataka,530,Vijayapura,276544,Nalatavada,Town Panchayat,FULL MATCH,1.0,,EXACT MATCH,
29,Karnataka,530,Vijayapura,276557,Nidagundi,Town Panchayat,FULL MATCH,1.0,,EXACT MATCH,
29,Karnataka,530,Vijayapura,276558,Devarahipparagi,Town Panchayat,FULL MATCH,1.0,,EXACT MATCH,
29,Karnataka,530,Vijayapura,276559,Chadachana,Town Panchayat,FULL MATCH,1.0,,EXACT MATCH,
29,Karnataka,530,Vijayapura,297131,Tikota,Town Panchayat,FULL MATCH,1.0,,EXACT MATCH,
29,Karnataka,530,Vijayapura,299327,Babaleshwar,Town Panchayat,FULL MATCH,1.0,,EXACT MATCH,
29,Karnataka,531,Chamarajanagar,252052,Tirumakudal - Narsipur,Town Municipal Council,FULL MATCH,1.0,,EXACT MATCH,
29,Karnataka,531,Chamarajanagar,252053,Gundlupet,Town Municipal Council,FULL MATCH,1.0,,EXACT MATCH,
29,Karnataka,531,Chamarajanagar,252054,Chamarajanagar,City Municipal Council,FULL MATCH,1.0,,EXACT MATCH,
29,Karnataka,531,Chamarajanagar,252055,Yelandur,Town Panchayat,FULL MATCH,1.0,,EXACT MATCH,
29,Karnataka,531,Chamarajanagar,252056,Kollegal,City Municipal Council,FULL MATCH,1.0,,EXACT MATCH,
29,Karnataka,531,Chamarajanagar,253130,Hanur,Town Panchayat,FULL MATCH,1.0,,EXACT MATCH,
29,Karnataka,532,Chikkamagaluru,251959,Sringeri,Town Panchayat,FULL MATCH,1.0,,EXACT MATCH,
29,Karnataka,532,Chikkamagaluru,251960,Koppa,Town Panchayat,FULL MATCH,1.0,,EXACT MATCH,
29,Karnataka,532,Chikkamagaluru,251961,Narasimharajapura,Town Panchayat,FULL MATCH,1.0,,EXACT MATCH,
29,Karnataka,532,Chikkamagaluru,251962,Tarikere,Town Municipal Council,FULL MATCH,1.0,,EXACT MATCH,
29,Karnataka,532,Chikkamagaluru,251963,Birur,Town Municipal Council,FULL MATCH,1.0,,EXACT MATCH,
29,Karnataka,532,Chikkamagaluru,251964,Kadur,Town Municipal Council,FULL MATCH,1.0,,EXACT MATCH,
29,Karnataka,532,Chikkamagaluru,251965,Chikkamagaluru,City Municipal Council,FULL MATCH,1.0,,EXACT MATCH,
29,Karnataka,532,Chikkamagaluru,251967,Kudremukh,Notified Area Council,FULL MATCH,1.0,,EXACT MATCH,
29,Karnataka,532,Chikkamagaluru,296977,Ajjampura,Town Panchayat,FULL MATCH,1.0,,EXACT MATCH,
29,Karnataka,533,Chitradurga,251932,Molakalmuru,Town Panchayat,FULL MATCH,1.0,,EXACT MATCH,
29,Karnataka,533,Chitradurga,251933,Challakere,City Municipal Council,FULL MATCH,1.0,,EXACT MATCH,
29,Karnataka,533,Chitradurga,251934,Chitradurga,City Municipal Council,FULL MATCH,1.0,,EXACT MATCH,
29,Karnataka,533,Chitradurga,251935,Holalkere,Town Municipal Council,FULL MATCH,1.0,,EXACT MATCH,
29,Karnataka,533,Chitradurga,251936,Hosdurga,Town Municipal Council,FULL MATCH,1.0,,EXACT MATCH,
29,Karnataka,533,Chitradurga,251937,Hiriyur,City Municipal Council,FULL MATCH,1.0,,EXACT MATCH,
29,Karnataka,533,Chitradurga,276542,Nayakanahatti,Town Panchayat,FULL MATCH,1.0,,EXACT MATCH,
29,Karnataka,534,Dakshina Kannada,252017,Mulki,Town Panchayat,FULL MATCH,1.0,,EXACT MATCH,
29,Karnataka,534,Dakshina Kannada,252018,Mudbidri,Town Municipal Council,FULL MATCH,1.0,,EXACT MATCH,
29,Karnataka,534,Dakshina Kannada,252021,Mangaluru,Municipal Corporations,FULL MATCH,1.0,,EXACT MATCH,
29,Karnataka,534,Dakshina Kannada,252027,Ullal,City Municipal Council,FULL MATCH,1.0,,EXACT MATCH,
29,Karnataka,534,Dakshina Kannada,252029,Someshwar,Town Municipal Council,FULL MATCH,1.0,,EXACT MATCH,
29,Karnataka,534,Dakshina Kannada,252033,Bantval,Town Municipal Council,FULL MATCH,1.0,,EXACT MATCH,
29,Karnataka,534,Dakshina Kannada,252034,Beltangadi,Town Panchayat,FULL MATCH,1.0,,EXACT MATCH,
29,Karnataka,534,Dakshina Kannada,252035,Puttur,City Municipal Council,FULL MATCH,1.0,,EXACT MATCH,
29,Karnataka,534,Dakshina Kannada,252036,Sulya,Town Panchayat,FULL MATCH,1.0,,EXACT MATCH,
29,Karnataka,534,Dakshina Kannada,276554,Vitla,Town Panchayat,FULL MATCH,1.0,,EXACT MATCH,
29,Karnataka,534,Dakshina Kannada,276555,Kotekar,Town Panchayat,FULL MATCH,1.0,,EXACT MATCH,
29,Karnataka,534,Dakshina Kannada,296954,Kadaba,Town Panchayat,FULL MATCH,1.0,,EXACT MATCH,
29,Karnataka,534,Dakshina Kannada,299320,Bajape,Town Panchayat,FULL MATCH,1.0,,EXACT MATCH,
29,Karnataka,534,Dakshina Kannada,299321,Kinnigoli,Town Panchayat,FULL MATCH,1.0,,EXACT MATCH,
29,Karnataka,535,Davanagere,251938,Harihar,City Municipal Council,FULL MATCH,1.0,,EXACT MATCH,
29,Karnataka,535,Davanagere,251940,Jagalur,Town Panchayat,FULL MATCH,1.0,,EXACT MATCH,
29,Karnataka,535,Davanagere,251941,Davanagere,Municipal Corporations,FULL MATCH,1.0,,EXACT MATCH,
29,Karnataka,535,Davanagere,251942,Honnali,Town Municipal Council,FULL MATCH,1.0,,EXACT MATCH,
29,Karnataka,535,Davanagere,251943,Channagiri,Town Municipal Council,FULL MATCH,1.0,,EXACT MATCH,
29,Karnataka,535,Davanagere,276556,Malebennuru,Town Municipal Council,FULL MATCH,1.0,,EXACT MATCH,
29,Karnataka,535,Davanagere,299183,Nyamathi,Town Panchayat,FULL MATCH,1.0,,EXACT MATCH,
29,Karnataka,536,Dharwad,251888,Gadag-Betigeri,City Municipal Council,AI PREDICTION,1.0,,AMBIGUOUS PREDICTION,536:Dharwad(100.0%) | 537:Gadag(100.0%)
29,Karnataka,536,Dharwad,251893,Hubballi-Dharwad,Municipal Corporations,FULL MATCH,1.0,,EXACT MATCH,
29,Karnataka,536,Dharwad,251894,Alnavar,Town Panchayat,FULL MATCH,1.0,,EXACT MATCH,
29,Karnataka,536,Dharwad,251895,Navalgund,Town Municipal Council,FULL MATCH,1.0,,EXACT MATCH,
29,Karnataka,536,Dharwad,251896,Annigeri,Town Municipal Council,FULL MATCH,1.0,,EXACT MATCH,
29,Karnataka,536,Dharwad,251897,Kalghatgi,Town Panchayat,FULL MATCH,1.0,,EXACT MATCH,
29,Karnataka,536,Dharwad,251898,Kundgol,Town Panchayat,FULL MATCH,1.0,,EXACT MATCH,
29,Karnataka,537,Gadag,251884,Nargund,Town Municipal Council,FULL MATCH,1.0,,EXACT MATCH,
29,Karnataka,537,Gadag,251885,Ron,Town Municipal Council,FULL MATCH,1.0,,EXACT MATCH,
29,Karnataka,537,Gadag,251886,Gajendragarh,Town Municipal Council,FULL MATCH,1.0,,EXACT MATCH,
29,Karnataka,537,Gadag,251887,Naregal,Town Panchayat,FULL MATCH,1.0,,EXACT MATCH,
29,Karnataka,537,Gadag,251889,Mulgund,Town Panchayat,FULL MATCH,1.0,,EXACT MATCH,
29,Karnataka,537,Gadag,251890,Shirahatti,Town Panchayat,FULL MATCH,1.0,,EXACT MATCH,
29,Karnataka,537,Gadag,251891,Lakshmeshwar,Town Municipal Council,FULL MATCH,1.0,,EXACT MATCH,
29,Karnataka,537,Gadag,251892,Mundargi,Town Municipal Council,FULL MATCH,1.0,,EXACT MATCH,
29,Karnataka,538,Kalaburagi,248127,Kalaburagi City Corporation,Municipal Corporations,AMBIGUOUS MATCH,0.7143,HIGH DISPARITY,NEARLY RESOLVABLE,538:Kalaburagi(71.43%)
29,Karnataka,538,Kalaburagi,251848,Aland,Town Municipal Council,FULL MATCH,1.0,,EXACT MATCH,
29,Karnataka,538,Kalaburagi,251849,Afzalpur,Town Municipal Council,FULL MATCH,1.0,,EXACT MATCH,
29,Karnataka,538,Kalaburagi,251852,Sedam,Town Municipal Council,FULL MATCH,1.0,,EXACT MATCH,
29,Karnataka,538,Kalaburagi,251853,Chittapura,Town Municipal Council,FULL MATCH,1.0,,EXACT MATCH,
29,Karnataka,538,Kalaburagi,251854,Shahabad Acc,Notified Area Council,FULL MATCH,1.0,,EXACT MATCH,
29,Karnataka,538,Kalaburagi,251855,Shahabad,City Municipal Council,FULL MATCH,1.0,,EXACT MATCH,
29,Karnataka,538,Kalaburagi,251856,Wadi,Town Municipal Council,FULL MATCH,1.0,,EXACT MATCH,
29,Karnataka,538,Kalaburagi,251858,Jevargi,Town Municipal Council,FULL MATCH,1.0,,EXACT MATCH,
29,Karnataka,538,Kalaburagi,251862,Gurmatkal,Town Municipal Council,FULL MATCH,1.0,,EXACT MATCH,
29,Karnataka,538,Kalaburagi,296978,Kalagi,Town Panchayat,FULL MATCH,1.0,,EXACT MATCH,
29,Karnataka,538,Kalaburagi,297132,Yadrami,Town Panchayat,FULL MATCH,1.0,,EXACT MATCH,
29,Karnataka,538,Kalaburagi,301080,Kamalapura Kalburgi,Town Panchayat,FULL MATCH,1.0,,EXACT MATCH,
29,Karnataka,539,Hassan,252008,Sakleshpur,Town Municipal Council,FULL MATCH,1.0,,EXACT MATCH,
29,Karnataka,539,Hassan,252009,Belur,Town Municipal Council,FULL MATCH,1.0,,EXACT MATCH,
29,Karnataka,539,Hassan,252010,Arsikere,City Municipal Council,FULL MATCH,1.0,,EXACT MATCH,
29,Karnataka,539,Hassan,252012,Hassan,City Municipal Council,FULL MATCH,1.0,,EXACT MATCH,
29,Karnataka,539,Hassan,252013,Alur,Town Panchayat,FULL MATCH,1.0,,EXACT MATCH,
29,Karnataka,539,Hassan,252014,Arkalgud,Town Panchayat,FULL MATCH,1.0,,EXACT MATCH,
29,Karnataka,539,Hassan,252015,Hole Narsipur,Town Municipal Council,FULL MATCH,1.0,,EXACT MATCH,
29,Karnataka,539,Hassan,252016,Channarayapatna,Town Municipal Council,FULL MATCH,1.0,,EXACT MATCH,
29,Karnataka,540,Haveri,251912,Shiggaon,Town Municipal Council,FULL MATCH,1.0,,EXACT MATCH,
29,Karnataka,540,Haveri,251913,Bankapura,Town Municipal Council,FULL MATCH,1.0,,EXACT MATCH,
29,Karnataka,540,Haveri,251914,Savanur,Town Municipal Council,FULL MATCH,1.0,,EXACT MATCH,
29,Karnataka,540,Haveri,251915,Hangal,Town Municipal Council,FULL MATCH,1.0,,EXACT MATCH,
29,Karnataka,540,Haveri,251916,Haveri,City Municipal Council,FULL MATCH,1.0,,EXACT MATCH,
29,Karnataka,540,Haveri,251917,Byadgi,Town Municipal Council,FULL MATCH,1.0,,EXACT MATCH,
29,Karnataka,540,Haveri,251918,Hirekerur,Town Panchayat,FULL MATCH,1.0,,EXACT MATCH,
29,Karnataka,540,Haveri,251919,Ranibennur,City Municipal Council,FULL MATCH,1.0,,EXACT MATCH,
29,Karnataka,540,Haveri,276521,Guttal,Town Panchayat,FULL MATCH,1.0,,EXACT MATCH,
29,Karnataka,540,Haveri,296955,Rattihalli,Town Panchayat,FULL MATCH,1.0,,EXACT MATCH,
29,Karnataka,541,Kodagu,252037,Madikeri,City Municipal Council,FULL MATCH,1.0,,EXACT MATCH,
29,Karnataka,541,Kodagu,252038,Somvarpet,Town Panchayat,FULL MATCH,1.0,,EXACT MATCH,
29,Karnataka,541,Kodagu,252039,Kushalnagar,Town Municipal Council,FULL MATCH,1.0,,EXACT MATCH,
29,Karnataka,541,Kodagu,252040,Virajpet,Town Municipal Council,FULL MATCH,1.0,,EXACT MATCH,
29,Karnataka,542,Kolar,251984,Srinivaspur,Town Municipal Council,FULL MATCH,1.0,,EXACT MATCH,
29,Karnataka,542,Kolar,251985,Kolar,City Municipal Council,FULL MATCH,1.0,,EXACT MATCH,
29,Karnataka,542,Kolar,251986,Malur,Town Municipal Council,FULL MATCH,1.0,,EXACT MATCH,
29,Karnataka,542,Kolar,251989,Mulbagal,City Municipal Council,FULL MATCH,1.0,,EXACT MATCH,
29,Karnataka,542,Kolar,299416,Bangarpete,Town Municipal Council,FULL MATCH,1.0,,EXACT MATCH,
29,Karnataka,543,Koppal,251879,Yelburga,Town Panchayat,FULL MATCH,1.0,,EXACT MATCH,
29,Karnataka,543,Koppal,251880,Kushtagi,Town Municipal Council,FULL MATCH,1.0,,EXACT MATCH,
29,Karnataka,543,Koppal,251881,Gangawati,City Municipal Council,FULL MATCH,1.0,,EXACT MATCH,
29,Karnataka,543,Koppal,251882,Koppal,City Municipal Council,FULL MATCH,1.0,,EXACT MATCH,
29,Karnataka,543,Koppal,276496,Karatagi,Town Municipal Council,FULL MATCH,1.0,,EXACT MATCH,
29,Karnataka,543,Koppal,276497,Kukanooru,Town Panchayat,FULL MATCH,1.0,,EXACT MATCH,
29,Karnataka,543,Koppal,276599,Kanakgiri,Town Panchayat,FULL MATCH,1.0,,EXACT MATCH,
29,Karnataka,543,Koppal,276601,Tavaragera,Town Panchayat,FULL MATCH,1.0,,EXACT MATCH,
29,Karnataka,543,Koppal,276604,Bhagyanagara,Town Panchayat,FULL MATCH,1.0,,EXACT MATCH,
29,Karnataka,544,Mandya,252001,Krishnarajpet,Town Municipal Council,FULL MATCH,1.0,,EXACT MATCH,
29,Karnataka,544,Mandya,252002,Nagamangala,Town Municipal Council,FULL MATCH,1.0,,EXACT MATCH,
29,Karnataka,544,Mandya,252003,Pandavapura,Town Municipal Council,FULL MATCH,1.0,,EXACT MATCH,
29,Karnataka,544,Mandya,252004,Shrirangapattana,Town Municipal Council,FULL MATCH,1.0,,EXACT MATCH,
29,Karnataka,544,Mandya,252005,Mandya,City Municipal Council,FULL MATCH,1.0,,EXACT MATCH,
29,Karnataka,544,Mandya,252006,Maddur,Town Municipal Council,FULL MATCH,1.0,,EXACT MATCH,
29,Karnataka,544,Mandya,252007,Malavalli,Town Municipal Council,FULL MATCH,1.0,,EXACT MATCH,
29,Karnataka,544,Mandya,276602,Belluru,Town Panchayat,FULL MATCH,1.0,,EXACT MATCH,
29,Karnataka,545,Mysuru,252042,Piriyapatna,Town Municipal Council,FULL MATCH,1.0,,EXACT MATCH,
29,Karnataka,545,Mysuru,252043,Hunsur,City Municipal Council,FULL MATCH,1.0,,EXACT MATCH,
29,Karnataka,545,Mysuru,252045,Mysuru,Municipal Corporations,AMBIGUOUS MATCH,0.3,MODERATE DISPARITY,MODERATE AMBIGUITY,545:Mysuru(30.0%)
29,Karnataka,545,Mysuru,252049,Heggadadevankote,Town Municipal Council,FULL MATCH,1.0,,EXACT MATCH,
29,Karnataka,545,Mysuru,252050,Nanjangud,City Municipal Council,FULL MATCH,1.0,,EXACT MATCH,
29,Karnataka,545,Mysuru,252051,Bannur,Town Municipal Council,FULL MATCH,1.0,,EXACT MATCH,
29,Karnataka,545,Mysuru,253132,Saragur,Town Panchayat,FULL MATCH,1.0,,EXACT MATCH,
29,Karnataka,545,Mysuru,299322,Rammanahalli,Town Panchayat,FULL MATCH,1.0,,EXACT MATCH,
29,Karnataka,545,Mysuru,299323,Kadakola,Town Panchayat,FULL MATCH,1.0,,EXACT MATCH,
29,Karnataka,545,Mysuru,299325,Srirampura,Town Panchayat,FULL MATCH,1.0,,EXACT MATCH,
29,Karnataka,545,Mysuru,299334,Bogadi,Town Panchayat,FULL MATCH,1.0,,EXACT MATCH,
29,Karnataka,545,Mysuru,299335,Hootagalli,City Municipal Council,FULL MATCH,1.0,,EXACT MATCH,
29,Karnataka,546,Raichur,251870,Mudgal,Town Municipal Council,FULL MATCH,1.0,,EXACT MATCH,
29,Karnataka,546,Raichur,251871,Lingasugur,Town Municipal Council,FULL MATCH,1.0,,EXACT MATCH,
29,Karnataka,546,Raichur,251872,Hatti Gold Mines,Notified Area Council,FULL MATCH,1.0,,EXACT MATCH,
29,Karnataka,546,Raichur,251873,Hatti,Town Panchayat,FULL MATCH,1.0,,EXACT MATCH,
29,Karnataka,546,Raichur,251874,Devadurga,Town Municipal Council,FULL MATCH,1.0,,EXACT MATCH,
29,Karnataka,546,Raichur,251876,Raichur,City Municipal Council,AI PREDICTION,1.0,,STRONG MATCH,546:Raichur(100.0%)
29,Karnataka,546,Raichur,251877,Manvi,Town Municipal Council,FULL MATCH,1.0,,EXACT MATCH,
29,Karnataka,546,Raichur,251878,Sindhnur,City Municipal Council,FULL MATCH,1.0,,EXACT MATCH,
29,Karnataka,546,Raichur,276519,Maski,Town Municipal Council,FULL MATCH,1.0,,EXACT MATCH,
29,Karnataka,546,Raichur,276522,Kavital,Town Panchayat,FULL MATCH,1.0,,EXACT MATCH,
29,Karnataka,546,Raichur,276523,Balaganur,Town Panchayat,FULL MATCH,1.0,,EXACT MATCH,
29,Karnataka,546,Raichur,276524,Turvihal,Town Panchayat,FULL MATCH,1.0,,EXACT MATCH,
29,Karnataka,546,Raichur,276605,Siravara,Town Panchayat,FULL MATCH,1.0,,EXACT MATCH,
29,Karnataka,547,Shivamogga,251945,Sagar,City Municipal Council,FULL MATCH,1.0,,EXACT MATCH,
29,Karnataka,547,Shivamogga,251946,Sorab,Town Municipal Council,FULL MATCH,1.0,,EXACT MATCH,
29,Karnataka,547,Shivamogga,251947,Siralkoppa,Town Municipal Council,FULL MATCH,1.0,,EXACT MATCH,
29,Karnataka,547,Shivamogga,251948,Shikarpur,Town Municipal Council,FULL MATCH,1.0,,EXACT MATCH,
29,Karnataka,547,Shivamogga,251949,Hosanagara,Town Panchayat,FULL MATCH,1.0,,EXACT MATCH,
29,Karnataka,547,Shivamogga,251950,Tirthahalli,Town Panchayat,FULL MATCH,1.0,,EXACT MATCH,
29,Karnataka,547,Shivamogga,251951,Shivamogga,Municipal Corporations,FULL MATCH,1.0,,EXACT MATCH,
29,Karnataka,547,Shivamogga,251952,Bhadravati,City Municipal Council,FULL MATCH,1.0,,EXACT MATCH,
29,Karnataka,547,Shivamogga,263293,Jog-Kargal,Town Panchayat,FULL MATCH,1.0,,EXACT MATCH,
29,Karnataka,547,Shivamogga,299180,Holehonnuru,Town Panchayat,FULL MATCH,1.0,,EXACT MATCH,
29,Karnataka,547,Shivamogga,299181,Anavatti,Town Panchayat,FULL MATCH,1.0,,EXACT MATCH,
29,Karnataka,548,Tumakuru,251968,Chiknayakanhalli,Town Municipal Council,FULL MATCH,1.0,,EXACT MATCH,
29,Karnataka,548,Tumakuru,251969,Sira,City Municipal Council,FULL MATCH,1.0,,EXACT MATCH,
29,Karnataka,548,Tumakuru,251970,Pavagada,Town Municipal Council,FULL MATCH,1.0,,EXACT MATCH,
29,Karnataka,548,Tumakuru,251971,Madhugiri,Town Municipal Council,FULL MATCH,1.0,,EXACT MATCH,
29,Karnataka,548,Tumakuru,251972,Koratagere,Town Panchayat,FULL MATCH,1.0,,EXACT MATCH,
29,Karnataka,548,Tumakuru,251973,Tumakuru,Municipal Corporations,FULL MATCH,1.0,,EXACT MATCH,
29,Karnataka,548,Tumakuru,251974,Gubbi,Town Panchayat,FULL MATCH,1.0,,EXACT MATCH,
29,Karnataka,548,Tumakuru,251975,Tiptur,City Municipal Council,FULL MATCH,1.0,,EXACT MATCH,
29,Karnataka,548,Tumakuru,251976,Turuvekere,Town Panchayat,FULL MATCH,1.0,,EXACT MATCH,
29,Karnataka,548,Tumakuru,251977,Kunigal,Town Municipal Council,FULL MATCH,1.0,,EXACT MATCH,
29,Karnataka,548,Tumakuru,297133,Huliyaru,Town Panchayat,FULL MATCH,1.0,,EXACT MATCH,
29,Karnataka,549,Udupi,251953,Kundapura,Town Municipal Council,FULL MATCH,1.0,,EXACT MATCH,
29,Karnataka,549,Udupi,251954,Saligram,Town Panchayat,FULL MATCH,1.0,,EXACT MATCH,
29,Karnataka,549,Udupi,251955,Udupi,City Municipal Council,AMBIGUOUS MATCH,0.6667,HIGH DISPARITY,NEARLY RESOLVABLE,549:Udupi(66.67%)
29,Karnataka,549,Udupi,251958,Karkal,Town Municipal Council,FULL MATCH,1.0,,EXACT MATCH,
29,Karnataka,549,Udupi,297129,Bainduru,Town Panchayat,FULL MATCH,1.0,,EXACT MATCH,
29,Karnataka,549,Udupi,299179,Shiruru,Town Panchayat,FULL MATCH,1.0,,EXACT MATCH,
29,Karnataka,550,Uttara Kannada,251899,Dandeli,City Municipal Council,FULL MATCH,1.0,,EXACT MATCH,
29,Karnataka,550,Uttara Kannada,251900,Karwar,City Municipal Council,FULL MATCH,1.0,,EXACT MATCH,
29,Karnataka,550,Uttara Kannada,251901,Haliyal,Town Municipal Council,FULL MATCH,1.0,,EXACT MATCH,
29,Karnataka,550,Uttara Kannada,251903,Yellapur,Town Panchayat,FULL MATCH,1.0,,EXACT MATCH,
29,Karnataka,550,Uttara Kannada,251904,Mundgod,Town Panchayat,FULL MATCH,1.0,,EXACT MATCH,
29,Karnataka,550,Uttara Kannada,251905,Sirsi,City Municipal Council,FULL MATCH,1.0,,EXACT MATCH,
29,Karnataka,550,Uttara Kannada,251906,Ankola,Town Municipal Council,FULL MATCH,1.0,,EXACT MATCH,
29,Karnataka,550,Uttara Kannada,251907,Kumta,Town Municipal Council,FULL MATCH,1.0,,EXACT MATCH,
29,Karnataka,550,Uttara Kannada,251908,Siddapur,Town Panchayat,FULL MATCH,1.0,,EXACT MATCH,
29,Karnataka,550,Uttara Kannada,251909,Honavar,Town Panchayat,FULL MATCH,1.0,,EXACT MATCH,
29,Karnataka,550,Uttara Kannada,251911,Bhatkal,Town Municipal Council,FULL MATCH,1.0,,EXACT MATCH,
29,Karnataka,550,Uttara Kannada,276572,Jaali,Town Panchayat,FULL MATCH,1.0,,EXACT MATCH,
29,Karnataka,550,Uttara Kannada,299328,Manki,Town Panchayat,FULL MATCH,1.0,,EXACT MATCH,
29,Karnataka,630,Chikkaballapura,251978,Gauribidanur,City Municipal Council,FULL MATCH,1.0,,EXACT MATCH,
29,Karnataka,630,Chikkaballapura,251979,Chik Ballapur,City Municipal Council,FULL MATCH,1.0,,EXACT MATCH,
29,Karnataka,630,Chikkaballapura,251980,Gudibanda,Town Panchayat,FULL MATCH,1.0,,EXACT MATCH,
29,Karnataka,630,Chikkaballapura,251981,Bagepalli,Town Municipal Council,FULL MATCH,1.0,,EXACT MATCH,
29,Karnataka,630,Chikkaballapura,251982,Sidlaghatta,City Municipal Council,AI PREDICTION,1.0,,AMBIGUOUS PREDICTION,630:Chikkaballapura(100.0%) | 525:Bengaluru Urban(100.0%) | 526:Bengaluru Rural(100.0%)
29,Karnataka,630,Chikkaballapura,251983,Chintamani,City Municipal Council,FULL MATCH,1.0,,EXACT MATCH,
29,Karnataka,630,Chikkaballapura,251988,Robertson Pet,City Municipal Council,AI PREDICTION,1.0,,AMBIGUOUS PREDICTION,630:Chikkaballapura(100.0%) | 542:Kolar(100.0%)
29,Karnataka,631,Bengaluru South,251996,Magadi,Town Municipal Council,FULL MATCH,1.0,,EXACT MATCH,
29,Karnataka,631,Bengaluru South,253185,Channapatna,City Municipal Council,FULL MATCH,1.0,,EXACT MATCH,
29,Karnataka,631,Bengaluru South,253186,Ramanagara,City Municipal Council,FULL MATCH,1.0,,EXACT MATCH,
29,Karnataka,631,Bengaluru South,253188,Kanakpura,City Municipal Council,FULL MATCH,1.0,,EXACT MATCH,
29,Karnataka,631,Bengaluru South,276526,Bidadi,Town Municipal Council,FULL MATCH,1.0,,EXACT MATCH,
29,Karnataka,631,Bengaluru South,299326,Harohalli,Town Panchayat,FULL MATCH,1.0,,EXACT MATCH,
29,Karnataka,635,Yadgir,251859,Shorapur,City Municipal Council,FULL MATCH,1.0,,EXACT MATCH,
29,Karnataka,635,Yadgir,251860,Bhimarayanagudi,Notified Area Council,FULL MATCH,1.0,,EXACT MATCH,
29,Karnataka,635,Yadgir,251861,Shahpur,City Municipal Council,FULL MATCH,1.0,,EXACT MATCH,
29,Karnataka,635,Yadgir,251863,Yadgir,City Municipal Council,AMBIGUOUS MATCH,0.5,HIGH DISPARITY,NEARLY RESOLVABLE,635:Yadgir(50.0%)
29,Karnataka,635,Yadgir,276516,Kembhavi,Town Municipal Council,FULL MATCH,1.0,,EXACT MATCH,
29,Karnataka,635,Yadgir,276560,Kakkera,Town Municipal Council,FULL MATCH,1.0,,EXACT MATCH,
29,Karnataka,635,Yadgir,296976,Hunasagi,Town Panchayat,FULL MATCH,1.0,,EXACT MATCH,
29,Karnataka,738,Vijayanagara,251921,Hoovina Hadagalli,Town Municipal Council,FULL MATCH,1.0,,EXACT MATCH,
29,Karnataka,738,Vijayanagara,251922,Hosapete,City Municipal Council,FULL MATCH,1.0,,EXACT MATCH,
29,Karnataka,738,Vijayanagara,251930,Kudligi,Town Panchayat,FULL MATCH,1.0,,EXACT MATCH,
29,Karnataka,738,Vijayanagara,251939,Harapanahalli,Town Municipal Council,FULL MATCH,1.0,,EXACT MATCH,
29,Karnataka,738,Vijayanagara,276470,Hagaribommanahalli,Municipality,FULL MATCH,1.0,,EXACT MATCH,
29,Karnataka,738,Vijayanagara,276474,Mariyammanahalli,Town Panchayat,FULL MATCH,1.0,,EXACT MATCH,
29,Karnataka,738,Vijayanagara,276535,Hagaribommanahalli,Town Municipal Council,FULL MATCH,1.0,,EXACT MATCH,
29,Karnataka,738,Vijayanagara,276611,Kamalapura,Town Municipal Council,FULL MATCH,1.0,,EXACT MATCH,
30,Goa,551,North Goa,252057,Pernem,Municipality,FULL MATCH,1.0,,EXACT MATCH,
30,Goa,551,North Goa,252061,Mapusa,Municipality,FULL MATCH,1.0,,EXACT MATCH,
30,Goa,551,North Goa,252071,City Corporation Panaji,Municipal Corporations,AMBIGUOUS MATCH,0.5,HIGH DISPARITY,NEARLY RESOLVABLE,551:North | Goa(50.0%)
30,Goa,551,North Goa,252075,Bicholim,Municipality,FULL MATCH,1.0,,EXACT MATCH,
30,Goa,551,North Goa,252077,Sankhali,Municipality,FULL MATCH,1.0,,EXACT MATCH,
30,Goa,551,North Goa,252079,Valpoi,Municipality,FULL MATCH,1.0,,EXACT MATCH,
30,Goa,552,South Goa,252082,Ponda,Municipality,FULL MATCH,1.0,,EXACT MATCH,
30,Goa,552,South Goa,252084,Mormugao,Municipality,FULL MATCH,1.0,,EXACT MATCH,
30,Goa,552,South Goa,252087,Margao,Municipality,FULL MATCH,1.0,,EXACT MATCH,
30,Goa,552,South Goa,252095,Cuncolim,Municipality,FULL MATCH,1.0,,EXACT MATCH,
30,Goa,552,South Goa,252096,Curchorem Cacora,Municipality,FULL MATCH,1.0,,EXACT MATCH,
30,Goa,552,South Goa,252097,Quepem,Municipality,FULL MATCH,1.0,,EXACT MATCH,
30,Goa,793,Kushavati,252099,Sanguem,Municipality,FULL MATCH,1.0,,EXACT MATCH,
30,Goa,793,Kushavati,252100,Canacona,Municipality,FULL MATCH,1.0,,EXACT MATCH,
32,Kerala,555,Ernakulam,252108,Kasaragod,Municipality,AMBIGUOUS MATCH,0.5,MODERATE DISPARITY,MODERATE AMBIGUITY,555:Ernakulam(50.0%) | | | 558:Kasaragod(25.0%)
32,Kerala,555,Ernakulam,252110,Kanhangad,Municipality,AMBIGUOUS MATCH,0.5,MODERATE DISPARITY,MODERATE AMBIGUITY,555:Ernakulam(50.0%) | | | 558:Kasaragod(25.0%)
32,Kerala,555,Ernakulam,252111,Payyannur,Municipality,AMBIGUOUS MATCH,0.5,MODERATE DISPARITY,MODERATE AMBIGUITY,555:Ernakulam(50.0%) | | | 557:Kannur(25.0%)
32,Kerala,555,Ernakulam,252112,Taliparamba,Municipality,AMBIGUOUS MATCH,0.4,LOW DISPARITY,HIGH AMBIGUITY,555:Ernakulam(40.0%) | | | 557:Kannur(40.0%)
32,Kerala,555,Ernakulam,252139,Mattannur,Municipality,AMBIGUOUS MATCH,0.5,MODERATE DISPARITY,MODERATE AMBIGUITY,555:Ernakulam(50.0%) | | | 557:Kannur(25.0%)
32,Kerala,555,Ernakulam,252144,Koothuparamba,Municipality,AMBIGUOUS MATCH,0.5,MODERATE DISPARITY,MODERATE AMBIGUITY,555:Ernakulam(50.0%) | | | 557:Kannur(25.0%)
32,Kerala,555,Ernakulam,252149,Thalassery,Municipality,AMBIGUOUS MATCH,0.5,HIGH DISPARITY,NEARLY RESOLVABLE,555:Ernakulam(50.0%)
32,Kerala,555,Ernakulam,252155,Kalpetta,Municipality,AMBIGUOUS MATCH,0.6667,HIGH DISPARITY,NEARLY RESOLVABLE,555:Ernakulam(66.67%)
32,Kerala,555,Ernakulam,252157,Vatakara,Municipality,AMBIGUOUS MATCH,0.5,MODERATE DISPARITY,MODERATE AMBIGUITY,555:Ernakulam(50.0%) | | | 561:Kozhikode(25.0%)
32,Kerala,555,Ernakulam,252159,Koyilandy,Municipality,AMBIGUOUS MATCH,0.5,MODERATE DISPARITY,MODERATE AMBIGUITY,555:Ernakulam(50.0%) | | | 561:Kozhikode(25.0%)
32,Kerala,555,Ernakulam,252160,Kozhikode,Municipal Corporations,AMBIGUOUS MATCH,0.5,LOW DISPARITY,HIGH AMBIGUITY,555:Ernakulam(50.0%) | | | 561:Kozhikode(50.0%)
32,Kerala,555,Ernakulam,252169,Manjeri,Municipality,AMBIGUOUS MATCH,0.5,MODERATE DISPARITY,MODERATE AMBIGUITY,555:Ernakulam(50.0%) | | | 562:Malappuram(25.0%)
32,Kerala,555,Ernakulam,252170,Malappuram,Municipality,AMBIGUOUS MATCH,0.5,MODERATE DISPARITY,MODERATE AMBIGUITY,555:Ernakulam(50.0%) | | | 562:Malappuram(25.0%)
32,Kerala,555,Ernakulam,252171,Perinthalmanna,Municipality,AMBIGUOUS MATCH,0.5,MODERATE DISPARITY,MODERATE AMBIGUITY,555:Ernakulam(50.0%) | | | 562:Malappuram(25.0%)
32,Kerala,555,Ernakulam,252172,Tirur,Municipality,AMBIGUOUS MATCH,0.5,MODERATE DISPARITY,MODERATE AMBIGUITY,555:Ernakulam(50.0%) | | | 562:Malappuram(25.0%)
32,Kerala,555,Ernakulam,252173,Ponnani,Municipality,AMBIGUOUS MATCH,0.6667,HIGH DISPARITY,NEARLY RESOLVABLE,555:Ernakulam(66.67%)
32,Kerala,555,Ernakulam,252174,Shoranur,Municipality,AMBIGUOUS MATCH,0.6667,HIGH DISPARITY,NEARLY RESOLVABLE,555:Ernakulam(66.67%)
32,Kerala,555,Ernakulam,252175,Ottappalam,Municipality,AMBIGUOUS MATCH,0.5,MODERATE DISPARITY,MODERATE AMBIGUITY,555:Ernakulam(50.0%) | | | 563:Palakkad(25.0%)
32,Kerala,555,Ernakulam,252176,Palakkad,Municipality,AMBIGUOUS MATCH,0.5,MODERATE DISPARITY,MODERATE AMBIGUITY,555:Ernakulam(50.0%) | | | 563:Palakkad(25.0%)
32,Kerala,555,Ernakulam,252178,Chittur-Thathamangalam,Municipality,AMBIGUOUS MATCH,0.6667,HIGH DISPARITY,NEARLY RESOLVABLE,555:Ernakulam(66.67%)
32,Kerala,555,Ernakulam,252180,Kunnamkulam,Municipality,AMBIGUOUS MATCH,0.5,MODERATE DISPARITY,MODERATE AMBIGUITY,555:Ernakulam(50.0%) | | | 566:Thrissur(25.0%)
32,Kerala,555,Ernakulam,252181,Chavakkad,Municipality,AMBIGUOUS MATCH,0.5,MODERATE DISPARITY,MODERATE AMBIGUITY,555:Ernakulam(50.0%) | | | 566:Thrissur(25.0%)
32,Kerala,555,Ernakulam,252184,Guruvayoor,Municipality,AMBIGUOUS MATCH,0.6667,HIGH DISPARITY,NEARLY RESOLVABLE,555:Ernakulam(66.67%)
32,Kerala,555,Ernakulam,252194,Thrissur,Municipal Corporations,AMBIGUOUS MATCH,0.5,HIGH DISPARITY,NEARLY RESOLVABLE,555:Ernakulam(50.0%)
32,Kerala,555,Ernakulam,252200,Kodungallur,Municipality,AMBIGUOUS MATCH,0.6667,HIGH DISPARITY,NEARLY RESOLVABLE,555:Ernakulam(66.67%)
32,Kerala,555,Ernakulam,252204,Irinjalakuda,Municipality,AMBIGUOUS MATCH,0.5,MODERATE DISPARITY,MODERATE AMBIGUITY,555:Ernakulam(50.0%) | | | 566:Thrissur(25.0%)
32,Kerala,555,Ernakulam,252205,Chalakudy,Municipality,AMBIGUOUS MATCH,0.5,HIGH DISPARITY,NEARLY RESOLVABLE,555:Ernakulam(50.0%)
32,Kerala,555,Ernakulam,252207,Perumbavoor,Municipality,AMBIGUOUS MATCH,0.75,HIGH DISPARITY,NEARLY RESOLVABLE,555:Ernakulam(75.0%)
32,Kerala,555,Ernakulam,252208,Angamaly,Municipality,AMBIGUOUS MATCH,0.75,HIGH DISPARITY,NEARLY RESOLVABLE,555:Ernakulam(75.0%)
32,Kerala,555,Ernakulam,252211,Aluva,Municipality,AMBIGUOUS MATCH,0.75,HIGH DISPARITY,NEARLY RESOLVABLE,555:Ernakulam(75.0%)
32,Kerala,555,Ernakulam,252215,Paravur,Municipality,AMBIGUOUS MATCH,0.6,HIGH DISPARITY,NEARLY RESOLVABLE,555:Ernakulam(60.0%) | | | 559:Kollam(20.0%)
32,Kerala,555,Ernakulam,252218,Eloor,Municipality,AMBIGUOUS MATCH,0.6667,HIGH DISPARITY,NEARLY RESOLVABLE,555:Ernakulam(66.67%)
32,Kerala,555,Ernakulam,252220,Kochi,Municipal Corporations,FULL MATCH,1.0,,EXACT MATCH,
32,Kerala,555,Ernakulam,252224,Kalamassery,Municipality,AMBIGUOUS MATCH,0.6667,HIGH DISPARITY,NEARLY RESOLVABLE,555:Ernakulam(66.67%)
32,Kerala,555,Ernakulam,252226,Maradu,Municipality,AMBIGUOUS MATCH,0.6667,HIGH DISPARITY,NEARLY RESOLVABLE,555:Ernakulam(66.67%)
32,Kerala,555,Ernakulam,252227,Thrippunithura,Municipality,AMBIGUOUS MATCH,0.6667,HIGH DISPARITY,NEARLY RESOLVABLE,555:Ernakulam(66.67%)
32,Kerala,555,Ernakulam,252230,Muvattupuzha,Municipality,AMBIGUOUS MATCH,0.75,HIGH DISPARITY,NEARLY RESOLVABLE,555:Ernakulam(75.0%)
32,Kerala,555,Ernakulam,252231,Kothamangalam,Municipality,AMBIGUOUS MATCH,0.75,HIGH DISPARITY,NEARLY RESOLVABLE,555:Ernakulam(75.0%)
32,Kerala,555,Ernakulam,252233,Thodupuzha,Municipality,AMBIGUOUS MATCH,0.5,HIGH DISPARITY,NEARLY RESOLVABLE,555:Ernakulam(50.0%)
32,Kerala,555,Ernakulam,252234,Palai,Municipality,AMBIGUOUS MATCH,0.5,HIGH DISPARITY,NEARLY RESOLVABLE,555:Ernakulam(50.0%)
32,Kerala,555,Ernakulam,252236,Vaikom,Municipality,AMBIGUOUS MATCH,0.5,HIGH DISPARITY,NEARLY RESOLVABLE,555:Ernakulam(50.0%)
32,Kerala,555,Ernakulam,252238,Kottayam,Municipality,AMBIGUOUS MATCH,0.5,HIGH DISPARITY,NEARLY RESOLVABLE,555:Ernakulam(50.0%)
32,Kerala,555,Ernakulam,252239,Changanassery,Municipality,AMBIGUOUS MATCH,0.5,HIGH DISPARITY,NEARLY RESOLVABLE,555:Ernakulam(50.0%)
32,Kerala,555,Ernakulam,252242,Cherthala,Municipality,AMBIGUOUS MATCH,0.5,MODERATE DISPARITY,MODERATE AMBIGUITY,555:Ernakulam(50.0%) | | | 554:Alappuzha(25.0%)
32,Kerala,555,Ernakulam,252247,Alappuzha,Municipality,AMBIGUOUS MATCH,0.5,MODERATE DISPARITY,MODERATE AMBIGUITY,555:Ernakulam(50.0%) | | | 554:Alappuzha(25.0%)
32,Kerala,555,Ernakulam,252248,Kayamkulam,Municipality,AMBIGUOUS MATCH,0.5,MODERATE DISPARITY,MODERATE AMBIGUITY,555:Ernakulam(50.0%) | | | 554:Alappuzha(25.0%)
32,Kerala,555,Ernakulam,252249,Chengannur,Municipality,AMBIGUOUS MATCH,0.5,MODERATE DISPARITY,MODERATE AMBIGUITY,555:Ernakulam(50.0%) | | | 554:Alappuzha(25.0%)
32,Kerala,555,Ernakulam,252250,Mavelikkara,Municipality,AMBIGUOUS MATCH,0.5,MODERATE DISPARITY,MODERATE AMBIGUITY,555:Ernakulam(50.0%) | | | 554:Alappuzha(25.0%)
32,Kerala,555,Ernakulam,252251,Thiruvalla,Municipality,AMBIGUOUS MATCH,0.5,HIGH DISPARITY,NEARLY RESOLVABLE,555:Ernakulam(50.0%)
32,Kerala,555,Ernakulam,252252,Pathanamthitta,Municipality,AMBIGUOUS MATCH,0.2857,MODERATE DISPARITY,MODERATE AMBIGUITY,555:Ernakulam(28.57%) | | | 564:Pathanamthitta(14.29%)
32,Kerala,555,Ernakulam,252253,Adoor,Municipality,AMBIGUOUS MATCH,0.5,HIGH DISPARITY,NEARLY RESOLVABLE,555:Ernakulam(50.0%)
32,Kerala,555,Ernakulam,252254,Punalur,Municipality,AMBIGUOUS MATCH,0.5,HIGH DISPARITY,NEARLY RESOLVABLE,555:Ernakulam(50.0%)
32,Kerala,555,Ernakulam,252256,Paravoor,Municipality,AMBIGUOUS MATCH,0.6667,HIGH DISPARITY,NEARLY RESOLVABLE,555:Ernakulam(66.67%)
32,Kerala,555,Ernakulam,252257,Varkala,Municipality,AMBIGUOUS MATCH,0.6667,HIGH DISPARITY,NEARLY RESOLVABLE,555:Ernakulam(66.67%)
32,Kerala,555,Ernakulam,252258,Attingal,Municipality,AMBIGUOUS MATCH,0.6667,HIGH DISPARITY,NEARLY RESOLVABLE,555:Ernakulam(66.67%)
32,Kerala,555,Ernakulam,252259,Nedumangad,Municipality,AMBIGUOUS MATCH,0.5,MODERATE DISPARITY,MODERATE AMBIGUITY,555:Ernakulam(50.0%) | | | 565:Thiruvananthapuram(25.0%)
32,Kerala,555,Ernakulam,252261,Neyyattinkara,Municipality,AMBIGUOUS MATCH,0.5,MODERATE DISPARITY,MODERATE AMBIGUITY,555:Ernakulam(50.0%) | | | 565:Thiruvananthapuram(25.0%)
32,Kerala,555,Ernakulam,259707,Karunagappally,Municipality,AMBIGUOUS MATCH,0.4,LOW DISPARITY,HIGH AMBIGUITY,555:Ernakulam(40.0%) | | | 559:Kollam(40.0%)
32,Kerala,555,Ernakulam,259708,Thrikkakara,Municipality,AMBIGUOUS MATCH,0.6667,HIGH DISPARITY,NEARLY RESOLVABLE,555:Ernakulam(66.67%)
32,Kerala,555,Ernakulam,259709,Kottakkal,Municipality,AMBIGUOUS MATCH,0.6667,HIGH DISPARITY,NEARLY RESOLVABLE,555:Ernakulam(66.67%)
32,Kerala,555,Ernakulam,259710,Nilambur,Municipality,AMBIGUOUS MATCH,0.5,MODERATE DISPARITY,MODERATE AMBIGUITY,555:Ernakulam(50.0%) | | | 562:Malappuram(25.0%)
32,Kerala,555,Ernakulam,259711,Nileshwar,Municipality,AMBIGUOUS MATCH,0.5,MODERATE DISPARITY,MODERATE AMBIGUITY,555:Ernakulam(50.0%) | | | 558:Kasaragod(25.0%)
32,Kerala,555,Ernakulam,272880,Harippad,Municipality,AMBIGUOUS MATCH,0.5,MODERATE DISPARITY,MODERATE AMBIGUITY,555:Ernakulam(50.0%) | | | 554:Alappuzha(25.0%)
32,Kerala,555,Ernakulam,272881,Koothattukulam,Municipality,AMBIGUOUS MATCH,0.75,HIGH DISPARITY,NEARLY RESOLVABLE,555:Ernakulam(75.0%)
32,Kerala,555,Ernakulam,272882,Piravom,Municipality,AMBIGUOUS MATCH,0.75,HIGH DISPARITY,NEARLY RESOLVABLE,555:Ernakulam(75.0%)
32,Kerala,555,Ernakulam,272883,Kattappana,Municipality,AMBIGUOUS MATCH,0.5,HIGH DISPARITY,NEARLY RESOLVABLE,555:Ernakulam(50.0%)
32,Kerala,555,Ernakulam,272884,Sreekandapuram,Municipality,AMBIGUOUS MATCH,0.5,MODERATE DISPARITY,MODERATE AMBIGUITY,555:Ernakulam(50.0%) | | | 557:Kannur(25.0%)
32,Kerala,555,Ernakulam,272885,Panoor,Municipality,AMBIGUOUS MATCH,0.5,MODERATE DISPARITY,MODERATE AMBIGUITY,555:Ernakulam(50.0%) | | | 557:Kannur(25.0%)
32,Kerala,555,Ernakulam,272889,Kottarakkara,Municipality,AMBIGUOUS MATCH,0.4,MODERATE DISPARITY,MODERATE AMBIGUITY,555:Ernakulam(40.0%) | | | 559:Kollam(20.0%)
32,Kerala,555,Ernakulam,272890,Iritty,Municipality,AMBIGUOUS MATCH,0.5,MODERATE DISPARITY,MODERATE AMBIGUITY,555:Ernakulam(50.0%) | | | 557:Kannur(25.0%)
32,Kerala,555,Ernakulam,272891,Ettumanoor,Municipality,AMBIGUOUS MATCH,0.5,MODERATE DISPARITY,MODERATE AMBIGUITY,555:Ernakulam(50.0%) | | | 560:Kottayam(25.0%)
32,Kerala,555,Ernakulam,272892,Erattupetta,Municipality,AMBIGUOUS MATCH,0.5,HIGH DISPARITY,NEARLY RESOLVABLE,555:Ernakulam(50.0%)
32,Kerala,555,Ernakulam,272896,Payyoli,Municipality,AMBIGUOUS MATCH,0.6667,HIGH DISPARITY,NEARLY RESOLVABLE,555:Ernakulam(66.67%)
32,Kerala,555,Ernakulam,272897,Koduvally,Municipality,AMBIGUOUS MATCH,0.5,MODERATE DISPARITY,MODERATE AMBIGUITY,555:Ernakulam(50.0%) | | | 561:Kozhikode(25.0%)
32,Kerala,555,Ernakulam,272898,Mukkom,Municipality,AMBIGUOUS MATCH,0.5,MODERATE DISPARITY,MODERATE AMBIGUITY,555:Ernakulam(50.0%) | | | 561:Kozhikode(25.0%)
32,Kerala,555,Ernakulam,272899,Ramanattukara,Municipality,AMBIGUOUS MATCH,0.5,MODERATE DISPARITY,MODERATE AMBIGUITY,555:Ernakulam(50.0%) | | | 561:Kozhikode(25.0%)
32,Kerala,555,Ernakulam,272900,Feroke,Municipality,AMBIGUOUS MATCH,0.5,MODERATE DISPARITY,MODERATE AMBIGUITY,555:Ernakulam(50.0%) | | | 561:Kozhikode(25.0%)
32,Kerala,555,Ernakulam,272901,Kondotty,Municipality,AMBIGUOUS MATCH,0.5,MODERATE DISPARITY,MODERATE AMBIGUITY,555:Ernakulam(50.0%) | | | 562:Malappuram(25.0%)
32,Kerala,555,Ernakulam,272902,Valanchery,Municipality,AMBIGUOUS MATCH,0.6667,HIGH DISPARITY,NEARLY RESOLVABLE,555:Ernakulam(66.67%)
32,Kerala,555,Ernakulam,272903,Tirurangadi,Municipality,AMBIGUOUS MATCH,0.5,MODERATE DISPARITY,MODERATE AMBIGUITY,555:Ernakulam(50.0%) | | | 562:Malappuram(25.0%)
32,Kerala,555,Ernakulam,272904,Tanur,Municipality,AMBIGUOUS MATCH,0.5,MODERATE DISPARITY,MODERATE AMBIGUITY,555:Ernakulam(50.0%) | | | 562:Malappuram(25.0%)
32,Kerala,555,Ernakulam,272905,Pattambi,Municipality,AMBIGUOUS MATCH,0.6667,HIGH DISPARITY,NEARLY RESOLVABLE,555:Ernakulam(66.67%)
32,Kerala,555,Ernakulam,272906,Cherpulassery,Municipality,AMBIGUOUS MATCH,0.6667,HIGH DISPARITY,NEARLY RESOLVABLE,555:Ernakulam(66.67%)
32,Kerala,555,Ernakulam,272907,Mannarkad,Municipality,AMBIGUOUS MATCH,0.6667,HIGH DISPARITY,NEARLY RESOLVABLE,555:Ernakulam(66.67%)
32,Kerala,555,Ernakulam,272908,Pandalam,Municipality,AMBIGUOUS MATCH,0.4,LOW DISPARITY,HIGH AMBIGUITY,555:Ernakulam(40.0%) | | | 564:Pathanamthitta(40.0%)
32,Kerala,555,Ernakulam,272909,Wadakkanchery,Municipality,AMBIGUOUS MATCH,0.5,MODERATE DISPARITY,MODERATE AMBIGUITY,555:Ernakulam(50.0%) | | | 566:Thrissur(25.0%)
32,Kerala,555,Ernakulam,272910,Mananthavady,Municipality,AMBIGUOUS MATCH,0.5,MODERATE DISPARITY,MODERATE AMBIGUITY,555:Ernakulam(50.0%) | | | 567:Wayanad(25.0%)
32,Kerala,555,Ernakulam,272911,Sulthanbathery,Municipality,AMBIGUOUS MATCH,0.5,MODERATE DISPARITY,MODERATE AMBIGUITY,555:Ernakulam(50.0%) | | | 567:Wayanad(25.0%)
32,Kerala,555,Ernakulam,272912,Parappanangadi,Municipality,AMBIGUOUS MATCH,0.5,MODERATE DISPARITY,MODERATE AMBIGUITY,555:Ernakulam(50.0%) | | | 562:Malappuram(25.0%)
32,Kerala,555,Ernakulam,272915,Anthur,Municipality,AMBIGUOUS MATCH,0.5,MODERATE DISPARITY,MODERATE AMBIGUITY,555:Ernakulam(50.0%) | | | 557:Kannur(25.0%)
32,Kerala,557,Kannur,252125,Kannur,Municipal Corporations,AMBIGUOUS MATCH,0.75,HIGH DISPARITY,NEARLY RESOLVABLE,557:Kannur(75.0%) | | | 555:Ernakulam(12.5%)
32,Kerala,559,Kollam,252255,Kollam,Municipal Corporations,AMBIGUOUS MATCH,0.5,HIGH DISPARITY,NEARLY RESOLVABLE,559:Kollam(50.0%) | | | 555:Ernakulam(8.33%)
32,Kerala,565,Thiruvananthapuram,252260,Thiruvananthapuram,Municipal Corporations,AMBIGUOUS MATCH,0.125,LOW DISPARITY,HIGH AMBIGUITY,565:Thiruvananthapuram(12.5%) | | | 555:Ernakulam(3.12%)
33,Tamil Nadu,568,Chennai,252277,Thiruverkadu,Municipality,FULL MATCH,1.0,,EXACT MATCH,
33,Tamil Nadu,568,Chennai,252283,Naravarikuppam,Town Panchayat,FULL MATCH,1.0,,EXACT MATCH,
33,Tamil Nadu,568,Chennai,252294,Greater Chennai Corporation,Municipal Corporations,AMBIGUOUS MATCH,0.7429,HIGH DISPARITY,NEARLY RESOLVABLE,568:Chennai(74.29%) | | | 589:Thiruvallur(5.71%)
33,Tamil Nadu,569,Coimbatore,252531,Punjaipuliampatti,Municipality,FULL MATCH,1.0,,EXACT MATCH,
33,Tamil Nadu,569,Coimbatore,252611,Sirumugai,Town Panchayat,FULL MATCH,1.0,,EXACT MATCH,
33,Tamil Nadu,569,Coimbatore,252612,Mettupalayam,Municipality,AMBIGUOUS MATCH,0.5,LOW DISPARITY,HIGH AMBIGUITY,569:Coimbatore(50.0%) | | | 573:Erode(50.0%)
33,Tamil Nadu,569,Coimbatore,252613,Karamadai,Municipality,FULL MATCH,1.0,,EXACT MATCH,
33,Tamil Nadu,569,Coimbatore,252614,Annur,Town Panchayat,FULL MATCH,1.0,,EXACT MATCH,
33,Tamil Nadu,569,Coimbatore,252617,Chettipalayam,Town Panchayat,FULL MATCH,1.0,,EXACT MATCH,
33,Tamil Nadu,569,Coimbatore,252621,Tiruppur,Municipal Corporations,AI PREDICTION,1.0,,AMBIGUOUS PREDICTION,569:Coimbatore(100.0%) | 634:Tiruppur(100.0%) | 573:Erode(100.0%)
33,Tamil Nadu,569,Coimbatore,252627,Mopperipalayam,Town Panchayat,FULL MATCH,1.0,,EXACT MATCH,
33,Tamil Nadu,569,Coimbatore,252628,Karumathampatti,Municipality,FULL MATCH,1.0,,EXACT MATCH,
33,Tamil Nadu,569,Coimbatore,252629,Irugur,Town Panchayat,FULL MATCH,1.0,,EXACT MATCH,
33,Tamil Nadu,569,Coimbatore,252632,Sulur,Town Panchayat,FULL MATCH,1.0,,EXACT MATCH,
33,Tamil Nadu,569,Coimbatore,252633,Pallapalayam,Town Panchayat,AMBIGUOUS MATCH,0.25,LOW DISPARITY,HIGH AMBIGUITY,569:Coimbatore(25.0%) | | | 573:Erode(25.0%)
33,Tamil Nadu,569,Coimbatore,252634,Kannampalayam,Town Panchayat,FULL MATCH,1.0,,EXACT MATCH,
33,Tamil Nadu,569,Coimbatore,252638,Periyanaickenpalayam,Town Panchayat,FULL MATCH,1.0,,EXACT MATCH,
33,Tamil Nadu,569,Coimbatore,252641,Idikarai,Town Panchayat,FULL MATCH,1.0,,EXACT MATCH,
33,Tamil Nadu,569,Coimbatore,252642,Sarcarsamakulam,Town Panchayat,FULL MATCH,1.0,,EXACT MATCH,
33,Tamil Nadu,569,Coimbatore,252653,Coimbatore,Municipal Corporations,FULL MATCH,1.0,,EXACT MATCH,
33,Tamil Nadu,569,Coimbatore,252655,Vedapatti,Town Panchayat,FULL MATCH,1.0,,EXACT MATCH,
33,Tamil Nadu,569,Coimbatore,252656,Dhaliyur,Town Panchayat,FULL MATCH,1.0,,EXACT MATCH,
33,Tamil Nadu,569,Coimbatore,252657,Thondamuthur,Town Panchayat,FULL MATCH,1.0,,EXACT MATCH,
33,Tamil Nadu,569,Coimbatore,252658,Alanthurai,Town Panchayat,FULL MATCH,1.0,,EXACT MATCH,
33,Tamil Nadu,569,Coimbatore,252659,Pooluvapatti,Town Panchayat,FULL MATCH,1.0,,EXACT MATCH,
33,Tamil Nadu,569,Coimbatore,252661,Perur,Town Panchayat,FULL MATCH,1.0,,EXACT MATCH,
33,Tamil Nadu,569,Coimbatore,252665,Madukkarai,Municipality,FULL MATCH,1.0,,EXACT MATCH,
33,Tamil Nadu,569,Coimbatore,252666,Ettimadai,Town Panchayat,FULL MATCH,1.0,,EXACT MATCH,
33,Tamil Nadu,569,Coimbatore,252667,Thirumalayampalayam,Town Panchayat,FULL MATCH,1.0,,EXACT MATCH,
33,Tamil Nadu,569,Coimbatore,252668,Othakalmandapam,Town Panchayat,FULL MATCH,1.0,,EXACT MATCH,
33,Tamil Nadu,569,Coimbatore,252670,Kinathukadavu,Town Panchayat,FULL MATCH,1.0,,EXACT MATCH,
33,Tamil Nadu,569,Coimbatore,252671,Periya Negamam,Town Panchayat,FULL MATCH,1.0,,EXACT MATCH,
33,Tamil Nadu,569,Coimbatore,252673,Zamin Uthukuli,Town Panchayat,FULL MATCH,1.0,,EXACT MATCH,
33,Tamil Nadu,569,Coimbatore,252674,Pollachi,Municipality,FULL MATCH,1.0,,EXACT MATCH,
33,Tamil Nadu,569,Coimbatore,252676,Suleeswaranpatti,Town Panchayat,FULL MATCH,1.0,,EXACT MATCH,
33,Tamil Nadu,569,Coimbatore,252677,Samathur,Town Panchayat,FULL MATCH,1.0,,EXACT MATCH,
33,Tamil Nadu,569,Coimbatore,252678,Anaimalai,Town Panchayat,FULL MATCH,1.0,,EXACT MATCH,
33,Tamil Nadu,569,Coimbatore,252679,Odaiyakulam,Town Panchayat,AI PREDICTION,1.0,,AMBIGUOUS PREDICTION,569:Coimbatore(100.0%) | 634:Tiruppur(100.0%)
33,Tamil Nadu,569,Coimbatore,252680,Vettaikaranpudur,Town Panchayat,FULL MATCH,1.0,,EXACT MATCH,
33,Tamil Nadu,569,Coimbatore,252681,Kottur,Town Panchayat,AMBIGUOUS MATCH,0.5,LOW DISPARITY,HIGH AMBIGUITY,569:Coimbatore(50.0%) | | | 588:Theni(50.0%)
33,Tamil Nadu,569,Coimbatore,252689,Valparai,Municipality,AI PREDICTION,1.0,,AMBIGUOUS PREDICTION,569:Coimbatore(100.0%) | 634:Tiruppur(100.0%)
33,Tamil Nadu,569,Coimbatore,252903,Thenkarai,Town Panchayat,AMBIGUOUS MATCH,0.6667,HIGH DISPARITY,NEARLY RESOLVABLE,569:Coimbatore(66.67%) | | | 588:Theni(33.33%)
33,Tamil Nadu,569,Coimbatore,260290,Narasimhanaickenpalayam,Town Panchayat,FULL MATCH,1.0,,EXACT MATCH,
33,Tamil Nadu,570,Cuddalore,252453,Ulundurpettai,Municipality,FULL MATCH,1.0,,EXACT MATCH,
33,Tamil Nadu,570,Cuddalore,252768,Melpattampakkam,Town Panchayat,FULL MATCH,1.0,,EXACT MATCH,
33,Tamil Nadu,570,Cuddalore,252769,Nellikuppam,Municipality,FULL MATCH,1.0,,EXACT MATCH,
33,Tamil Nadu,570,Cuddalore,252770,Panruti,Municipality,FULL MATCH,1.0,,EXACT MATCH,
33,Tamil Nadu,570,Cuddalore,252771,Thorapadi,Town Panchayat,FULL MATCH,1.0,,EXACT MATCH,
33,Tamil Nadu,570,Cuddalore,252773,Cuddalore,Municipal Corporations,FULL MATCH,1.0,,EXACT MATCH,
33,Tamil Nadu,570,Cuddalore,252775,Kurinjipadi,Town Panchayat,FULL MATCH,1.0,,EXACT MATCH,
33,Tamil Nadu,570,Cuddalore,252776,Vadalur,Municipality,FULL MATCH,1.0,,EXACT MATCH,
33,Tamil Nadu,570,Cuddalore,252777,Parangipettai,Town Panchayat,FULL MATCH,1.0,,EXACT MATCH,
33,Tamil Nadu,570,Cuddalore,252778,Sethiathoppu,Town Panchayat,FULL MATCH,1.0,,EXACT MATCH,
33,Tamil Nadu,570,Cuddalore,252779,Bhuvanagiri,Town Panchayat,FULL MATCH,1.0,,EXACT MATCH,
33,Tamil Nadu,570,Cuddalore,252780,Killai,Town Panchayat,FULL MATCH,1.0,,EXACT MATCH,
33,Tamil Nadu,570,Cuddalore,252781,Chidambaram,Municipality,FULL MATCH,1.0,,EXACT MATCH,
33,Tamil Nadu,570,Cuddalore,252782,Annamalai Nagar,Town Panchayat,FULL MATCH,1.0,,EXACT MATCH,
33,Tamil Nadu,570,Cuddalore,252783,Srimushnam,Town Panchayat,FULL MATCH,1.0,,EXACT MATCH,
33,Tamil Nadu,570,Cuddalore,252784,Lalpet,Town Panchayat,FULL MATCH,1.0,,EXACT MATCH,
33,Tamil Nadu,570,Cuddalore,252785,Kattumannarkoil,Town Panchayat,FULL MATCH,1.0,,EXACT MATCH,
33,Tamil Nadu,570,Cuddalore,252786,Mangalampet,Town Panchayat,FULL MATCH,1.0,,EXACT MATCH,
33,Tamil Nadu,570,Cuddalore,252787,Virudhachalam,Municipality,FULL MATCH,1.0,,EXACT MATCH,
33,Tamil Nadu,570,Cuddalore,252788,Gangaikondan,Town Panchayat,FULL MATCH,1.0,,EXACT MATCH,
33,Tamil Nadu,570,Cuddalore,252789,Tittakudi,Municipality,FULL MATCH,1.0,,EXACT MATCH,
33,Tamil Nadu,570,Cuddalore,252790,Pennadam,Town Panchayat,FULL MATCH,1.0,,EXACT MATCH,
33,Tamil Nadu,571,Dharmapuri,252407,Marandahalli,Town Panchayat,FULL MATCH,1.0,,EXACT MATCH,
33,Tamil Nadu,571,Dharmapuri,252408,Karimangalam,Town Panchayat,FULL MATCH,1.0,,EXACT MATCH,
33,Tamil Nadu,571,Dharmapuri,252409,Palakkodu,Town Panchayat,FULL MATCH,1.0,,EXACT MATCH,
33,Tamil Nadu,571,Dharmapuri,252412,Kambainallur,Town Panchayat,FULL MATCH,1.0,,EXACT MATCH,
33,Tamil Nadu,571,Dharmapuri,252413,Harur,Municipality,FULL MATCH,1.0,,EXACT MATCH,
33,Tamil Nadu,571,Dharmapuri,252414,Kadathur,Town Panchayat,FULL MATCH,1.0,,EXACT MATCH,
33,Tamil Nadu,571,Dharmapuri,252415,B.Mallapuram,Town Panchayat,FULL MATCH,1.0,,EXACT MATCH,
33,Tamil Nadu,571,Dharmapuri,252416,Pappireddipatti,Town Panchayat,FULL MATCH,1.0,,EXACT MATCH,
33,Tamil Nadu,571,Dharmapuri,252417,Dharmapuri,Municipality,FULL MATCH,1.0,,EXACT MATCH,
33,Tamil Nadu,571,Dharmapuri,252419,Pennagaram,Town Panchayat,FULL MATCH,1.0,,EXACT MATCH,
33,Tamil Nadu,572,Dindigul,252690,Keeranur,Town Panchayat,FULL MATCH,1.0,,EXACT MATCH,
33,Tamil Nadu,572,Dindigul,252691,Ayakudi,Town Panchayat,FULL MATCH,1.0,,EXACT MATCH,
33,Tamil Nadu,572,Dindigul,252692,Palani,Municipality,FULL MATCH,1.0,,EXACT MATCH,
33,Tamil Nadu,572,Dindigul,252693,Neikkarapatti,Town Panchayat,FULL MATCH,1.0,,EXACT MATCH,
33,Tamil Nadu,572,Dindigul,252694,Balasamudram,Town Panchayat,FULL MATCH,1.0,,EXACT MATCH,
33,Tamil Nadu,572,Dindigul,252695,Oddanchatram,Municipality,FULL MATCH,1.0,,EXACT MATCH,
33,Tamil Nadu,572,Dindigul,252696,Palayam,Town Panchayat,FULL MATCH,1.0,,EXACT MATCH,
33,Tamil Nadu,572,Dindigul,252697,Vedasandur,Town Panchayat,FULL MATCH,1.0,,EXACT MATCH,
33,Tamil Nadu,572,Dindigul,252698,Eriodu,Town Panchayat,FULL MATCH,1.0,,EXACT MATCH,
33,Tamil Nadu,572,Dindigul,252699,Ayyalur,Town Panchayat,FULL MATCH,1.0,,EXACT MATCH,
33,Tamil Nadu,572,Dindigul,252700,Vadamadurai,Town Panchayat,FULL MATCH,1.0,,EXACT MATCH,
33,Tamil Nadu,572,Dindigul,252701,Natham,Town Panchayat,FULL MATCH,1.0,,EXACT MATCH,
33,Tamil Nadu,572,Dindigul,252702,Agaram,Town Panchayat,FULL MATCH,1.0,,EXACT MATCH,
33,Tamil Nadu,572,Dindigul,252703,Thadikombu,Town Panchayat,FULL MATCH,1.0,,EXACT MATCH,
33,Tamil Nadu,572,Dindigul,252704,Sriramapuram,Town Panchayat,FULL MATCH,1.0,,EXACT MATCH,
33,Tamil Nadu,572,Dindigul,252705,Kannivadi,Town Panchayat,FULL MATCH,1.0,,EXACT MATCH,
33,Tamil Nadu,572,Dindigul,252707,Dindigul,Municipal Corporations,AMBIGUOUS MATCH,0.6667,HIGH DISPARITY,NEARLY RESOLVABLE,572:Dindigul(66.67%)
33,Tamil Nadu,572,Dindigul,252709,Chinnalapatti,Town Panchayat,FULL MATCH,1.0,,EXACT MATCH,
33,Tamil Nadu,572,Dindigul,252710,Sithayankottai,Town Panchayat,FULL MATCH,1.0,,EXACT MATCH,
33,Tamil Nadu,572,Dindigul,252711,Ayyampalayam,Town Panchayat,FULL MATCH,1.0,,EXACT MATCH,
33,Tamil Nadu,572,Dindigul,252712,Pannaikadu,Town Panchayat,FULL MATCH,1.0,,EXACT MATCH,
33,Tamil Nadu,572,Dindigul,252713,Kodaikanal,Municipality,FULL MATCH,1.0,,EXACT MATCH,
33,Tamil Nadu,572,Dindigul,252714,Ammainaickanur,Town Panchayat,FULL MATCH,1.0,,EXACT MATCH,
33,Tamil Nadu,572,Dindigul,252715,Nilakkottai,Town Panchayat,FULL MATCH,1.0,,EXACT MATCH,
33,Tamil Nadu,572,Dindigul,252716,Sevugampatti,Town Panchayat,FULL MATCH,1.0,,EXACT MATCH,
33,Tamil Nadu,572,Dindigul,252717,Pattiveeranpatti,Town Panchayat,FULL MATCH,1.0,,EXACT MATCH,
33,Tamil Nadu,572,Dindigul,252718,Batlagundu,Town Panchayat,FULL MATCH,1.0,,EXACT MATCH,
33,Tamil Nadu,573,Erode,252506,Pallipalayam,Municipality,FULL MATCH,1.0,,EXACT MATCH,
33,Tamil Nadu,573,Erode,252527,Kembainaickenpalayam,Town Panchayat,FULL MATCH,1.0,,EXACT MATCH,
33,Tamil Nadu,573,Erode,252528,Sathyamangalam,Municipality,FULL MATCH,1.0,,EXACT MATCH,
33,Tamil Nadu,573,Erode,252529,Ariyappampalayam,Town Panchayat,FULL MATCH,1.0,,EXACT MATCH,
33,Tamil Nadu,573,Erode,252530,Bhavanisagar,Town Panchayat,FULL MATCH,1.0,,EXACT MATCH,
33,Tamil Nadu,573,Erode,252532,Nerinjipettai,Town Panchayat,FULL MATCH,1.0,,EXACT MATCH,
33,Tamil Nadu,573,Erode,252533,Ammapettai,Town Panchayat,FULL MATCH,1.0,,EXACT MATCH,
33,Tamil Nadu,573,Erode,252534,Olagadam,Town Panchayat,FULL MATCH,1.0,,EXACT MATCH,
33,Tamil Nadu,573,Erode,252535,Anthiyur,Town Panchayat,FULL MATCH,1.0,,EXACT MATCH,
33,Tamil Nadu,573,Erode,252536,Athani,Town Panchayat,FULL MATCH,1.0,,EXACT MATCH,
33,Tamil Nadu,573,Erode,252537,Appakudal,Town Panchayat,FULL MATCH,1.0,,EXACT MATCH,
33,Tamil Nadu,573,Erode,252538,Jambai,Town Panchayat,FULL MATCH,1.0,,EXACT MATCH,
33,Tamil Nadu,573,Erode,252539,Bhavani,Municipality,FULL MATCH,1.0,,EXACT MATCH,
33,Tamil Nadu,573,Erode,252540,Salangapalayam,Town Panchayat,FULL MATCH,1.0,,EXACT MATCH,
33,Tamil Nadu,573,Erode,252541,Periyakodiveri,Town Panchayat,FULL MATCH,1.0,,EXACT MATCH,
33,Tamil Nadu,573,Erode,252542,Vaniputhur,Town Panchayat,FULL MATCH,1.0,,EXACT MATCH,
33,Tamil Nadu,573,Erode,252543,P.Mettupalayam,Town Panchayat,FULL MATCH,1.0,,EXACT MATCH,
33,Tamil Nadu,573,Erode,252544,Kugalur,Town Panchayat,FULL MATCH,1.0,,EXACT MATCH,
33,Tamil Nadu,573,Erode,252545,Lakkampatti,Town Panchayat,FULL MATCH,1.0,,EXACT MATCH,
33,Tamil Nadu,573,Erode,252546,Kasipalayam (G),Town Panchayat,FULL MATCH,1.0,,EXACT MATCH,
33,Tamil Nadu,573,Erode,252547,Gobichettipalayam,Municipality,FULL MATCH,1.0,,EXACT MATCH,
33,Tamil Nadu,573,Erode,252549,Kolappalur,Town Panchayat,FULL MATCH,1.0,,EXACT MATCH,
33,Tamil Nadu,573,Erode,252550,Nambiyur,Town Panchayat,FULL MATCH,1.0,,EXACT MATCH,
33,Tamil Nadu,573,Erode,252551,Pethampalayam,Town Panchayat,FULL MATCH,1.0,,EXACT MATCH,
33,Tamil Nadu,573,Erode,252553,Kanjikovil,Town Panchayat,FULL MATCH,1.0,,EXACT MATCH,
33,Tamil Nadu,573,Erode,252554,Karumandi Chellipalayam,Town Panchayat,FULL MATCH,1.0,,EXACT MATCH,
33,Tamil Nadu,573,Erode,252555,Nallampatti,Town Panchayat,FULL MATCH,1.0,,EXACT MATCH,
33,Tamil Nadu,573,Erode,252558,Perundurai,Municipality,FULL MATCH,1.0,,EXACT MATCH,
33,Tamil Nadu,573,Erode,252560,Uthukuli,Town Panchayat,FULL MATCH,1.0,,EXACT MATCH,
33,Tamil Nadu,573,Erode,252562,Chennimalai,Town Panchayat,FULL MATCH,1.0,,EXACT MATCH,
33,Tamil Nadu,573,Erode,252564,Chithode,Town Panchayat,FULL MATCH,1.0,,EXACT MATCH,
33,Tamil Nadu,573,Erode,252565,Nasiyanur,Town Panchayat,FULL MATCH,1.0,,EXACT MATCH,
33,Tamil Nadu,573,Erode,252568,Erode,Municipal Corporations,FULL MATCH,1.0,,EXACT MATCH,
33,Tamil Nadu,573,Erode,252572,Avalpoondurai,Town Panchayat,FULL MATCH,1.0,,EXACT MATCH,
33,Tamil Nadu,573,Erode,252573,Modakkurichi,Town Panchayat,FULL MATCH,1.0,,EXACT MATCH,
33,Tamil Nadu,573,Erode,252574,Pasur,Town Panchayat,FULL MATCH,1.0,,EXACT MATCH,
33,Tamil Nadu,573,Erode,252575,Arachalur,Town Panchayat,FULL MATCH,1.0,,EXACT MATCH,
33,Tamil Nadu,573,Erode,252577,Kilambadi,Town Panchayat,FULL MATCH,1.0,,EXACT MATCH,
33,Tamil Nadu,573,Erode,252578,Vellottamparappu,Town Panchayat,FULL MATCH,1.0,,EXACT MATCH,
33,Tamil Nadu,573,Erode,252580,Kollankoil,Town Panchayat,FULL MATCH,1.0,,EXACT MATCH,
33,Tamil Nadu,573,Erode,252581,Unjalur,Town Panchayat,FULL MATCH,1.0,,EXACT MATCH,
33,Tamil Nadu,573,Erode,252582,Vengambur,Town Panchayat,FULL MATCH,1.0,,EXACT MATCH,
33,Tamil Nadu,573,Erode,252583,Kodumudi,Town Panchayat,FULL MATCH,1.0,,EXACT MATCH,
33,Tamil Nadu,573,Erode,252584,Chennasamudram,Town Panchayat,FULL MATCH,1.0,,EXACT MATCH,
33,Tamil Nadu,573,Erode,252987,Sivagiri,Town Panchayat,AMBIGUOUS MATCH,0.5,LOW DISPARITY,HIGH AMBIGUITY,573:Erode(50.0%) | | | 733:Tenkasi(50.0%)
33,Tamil Nadu,574,Kancheepuram,252278,Poonamallee,Municipality,FULL MATCH,1.0,,EXACT MATCH,
33,Tamil Nadu,574,Kancheepuram,252295,Mangadu,Municipality,FULL MATCH,1.0,,EXACT MATCH,
33,Tamil Nadu,574,Kancheepuram,252298,Kundrathur,Municipality,FULL MATCH,1.0,,EXACT MATCH,
33,Tamil Nadu,574,Kancheepuram,252299,Sriperumbudur,Municipality,FULL MATCH,1.0,,EXACT MATCH,
33,Tamil Nadu,574,Kancheepuram,252329,Nandivaram - Guduvancheri,Municipality,FULL MATCH,1.0,,EXACT MATCH,
33,Tamil Nadu,574,Kancheepuram,252336,Kancheepuram,Municipal Corporations,FULL MATCH,1.0,,EXACT MATCH,
33,Tamil Nadu,574,Kancheepuram,252341,Walajabad,Town Panchayat,FULL MATCH,1.0,,EXACT MATCH,
33,Tamil Nadu,574,Kancheepuram,252342,Uthiramerur,Town Panchayat,FULL MATCH,1.0,,EXACT MATCH,
33,Tamil Nadu,574,Kancheepuram,252556,Kunnathur,Town Panchayat,FULL MATCH,1.0,,EXACT MATCH,
33,Tamil Nadu,575,Kanniyakumari,253032,Kadayal,Town Panchayat,FULL MATCH,1.0,,EXACT MATCH,
33,Tamil Nadu,575,Kanniyakumari,253033,Arumanai,Town Panchayat,FULL MATCH,1.0,,EXACT MATCH,
33,Tamil Nadu,575,Kanniyakumari,253034,Edaicode,Town Panchayat,FULL MATCH,1.0,,EXACT MATCH,
33,Tamil Nadu,575,Kanniyakumari,253035,Palugal,Town Panchayat,FULL MATCH,1.0,,EXACT MATCH,
33,Tamil Nadu,575,Kanniyakumari,253036,Kaliyakkavilai,Town Panchayat,FULL MATCH,1.0,,EXACT MATCH,
33,Tamil Nadu,575,Kanniyakumari,253037,Pacode,Town Panchayat,FULL MATCH,1.0,,EXACT MATCH,
33,Tamil Nadu,575,Kanniyakumari,253038,Kuzhithurai,Municipality,FULL MATCH,1.0,,EXACT MATCH,
33,Tamil Nadu,575,Kanniyakumari,253039,Unnamalaikadai,Town Panchayat,FULL MATCH,1.0,,EXACT MATCH,
33,Tamil Nadu,575,Kanniyakumari,253041,Puthukkadai,Town Panchayat,FULL MATCH,1.0,,EXACT MATCH,
33,Tamil Nadu,575,Kanniyakumari,253042,Kollancode,Municipality,FULL MATCH,1.0,,EXACT MATCH,
33,Tamil Nadu,575,Kanniyakumari,253044,Keezhkulam,Town Panchayat,FULL MATCH,1.0,,EXACT MATCH,
33,Tamil Nadu,575,Kanniyakumari,253045,Killiyoor,Town Panchayat,FULL MATCH,1.0,,EXACT MATCH,
33,Tamil Nadu,575,Kanniyakumari,253046,Karungal,Town Panchayat,FULL MATCH,1.0,,EXACT MATCH,
33,Tamil Nadu,575,Kanniyakumari,253048,Thirparappu,Town Panchayat,FULL MATCH,1.0,,EXACT MATCH,
33,Tamil Nadu,575,Kanniyakumari,253049,Thiruvattar,Town Panchayat,FULL MATCH,1.0,,EXACT MATCH,
33,Tamil Nadu,575,Kanniyakumari,253050,Kulasekaram,Town Panchayat,FULL MATCH,1.0,,EXACT MATCH,
33,Tamil Nadu,575,Kanniyakumari,253051,Ponmanai,Town Panchayat,FULL MATCH,1.0,,EXACT MATCH,
33,Tamil Nadu,575,Kanniyakumari,253053,Kothanallur,Town Panchayat,AI PREDICTION,1.0,,STRONG MATCH,575:Kanniyakumari(100.0%)
33,Tamil Nadu,575,Kanniyakumari,253054,Verkilambi,Town Panchayat,AI PREDICTION,1.0,,STRONG MATCH,575:Kanniyakumari(100.0%)
33,Tamil Nadu,575,Kanniyakumari,253056,Valvaithankoshtam,Town Panchayat,FULL MATCH,1.0,,EXACT MATCH,
33,Tamil Nadu,575,Kanniyakumari,253057,Mulagumudu,Town Panchayat,FULL MATCH,1.0,,EXACT MATCH,
33,Tamil Nadu,575,Kanniyakumari,253058,Kappiyarai,Town Panchayat,FULL MATCH,1.0,,EXACT MATCH,
33,Tamil Nadu,575,Kanniyakumari,253059,Thiruvithancode,Town Panchayat,FULL MATCH,1.0,,EXACT MATCH,
33,Tamil Nadu,575,Kanniyakumari,253060,Vilavur,Town Panchayat,AI PREDICTION,1.0,,STRONG MATCH,575:Kanniyakumari(100.0%)
33,Tamil Nadu,575,Kanniyakumari,253061,Padmanabhapuram,Municipality,FULL MATCH,1.0,,EXACT MATCH,
33,Tamil Nadu,575,Kanniyakumari,253062,Villukuri,Town Panchayat,FULL MATCH,1.0,,EXACT MATCH,
33,Tamil Nadu,575,Kanniyakumari,253064,Eraniel,Town Panchayat,FULL MATCH,1.0,,EXACT MATCH,
33,Tamil Nadu,575,Kanniyakumari,253065,Kallukuttam,Town Panchayat,FULL MATCH,1.0,,EXACT MATCH,
33,Tamil Nadu,575,Kanniyakumari,253066,Neyyoor,Town Panchayat,FULL MATCH,1.0,,EXACT MATCH,
33,Tamil Nadu,575,Kanniyakumari,253067,Reethapuram,Town Panchayat,FULL MATCH,1.0,,EXACT MATCH,
33,Tamil Nadu,575,Kanniyakumari,253068,Colachel,Municipality,FULL MATCH,1.0,,EXACT MATCH,
33,Tamil Nadu,575,Kanniyakumari,253069,Manavalakurichi,Town Panchayat,FULL MATCH,1.0,,EXACT MATCH,
33,Tamil Nadu,575,Kanniyakumari,253070,Mandaikadu,Town Panchayat,FULL MATCH,1.0,,EXACT MATCH,
33,Tamil Nadu,575,Kanniyakumari,253071,Thingalnagar,Town Panchayat,FULL MATCH,1.0,,EXACT MATCH,
33,Tamil Nadu,575,Kanniyakumari,253072,Vellimalai,Town Panchayat,FULL MATCH,1.0,,EXACT MATCH,
33,Tamil Nadu,575,Kanniyakumari,253073,Azhagiapandipuram,Town Panchayat,AMBIGUOUS MATCH,0.5,LOW DISPARITY,HIGH AMBIGUITY,575:Kanniyakumari(50.0%) | | | 592:Tirunelveli(50.0%)
33,Tamil Nadu,575,Kanniyakumari,253074,Boothapandi,Town Panchayat,FULL MATCH,1.0,,EXACT MATCH,
33,Tamil Nadu,575,Kanniyakumari,253075,Thazhakudy,Town Panchayat,FULL MATCH,1.0,,EXACT MATCH,
33,Tamil Nadu,575,Kanniyakumari,253076,Aralvaimozhi,Town Panchayat,FULL MATCH,1.0,,EXACT MATCH,
33,Tamil Nadu,575,Kanniyakumari,253077,Therur,Town Panchayat,FULL MATCH,1.0,,EXACT MATCH,
33,Tamil Nadu,575,Kanniyakumari,253078,Marungur,Town Panchayat,FULL MATCH,1.0,,EXACT MATCH,
33,Tamil Nadu,575,Kanniyakumari,253079,Nagercoil,Municipal Corporations,FULL MATCH,1.0,,EXACT MATCH,
33,Tamil Nadu,575,Kanniyakumari,253081,Ganapathipuram,Town Panchayat,FULL MATCH,1.0,,EXACT MATCH,
33,Tamil Nadu,575,Kanniyakumari,253082,Suchindrum,Town Panchayat,FULL MATCH,1.0,,EXACT MATCH,
33,Tamil Nadu,575,Kanniyakumari,253083,Mylaudy,Town Panchayat,FULL MATCH,1.0,,EXACT MATCH,
33,Tamil Nadu,575,Kanniyakumari,253085,Puthalam,Town Panchayat,FULL MATCH,1.0,,EXACT MATCH,
33,Tamil Nadu,575,Kanniyakumari,253087,Thenthamaraikulam,Town Panchayat,FULL MATCH,1.0,,EXACT MATCH,
33,Tamil Nadu,575,Kanniyakumari,253088,Kottaram,Town Panchayat,FULL MATCH,1.0,,EXACT MATCH,
33,Tamil Nadu,575,Kanniyakumari,253089,Anjugrammam,Town Panchayat,FULL MATCH,1.0,,EXACT MATCH,
33,Tamil Nadu,575,Kanniyakumari,253090,Agastheeswaram,Town Panchayat,FULL MATCH,1.0,,EXACT MATCH,
33,Tamil Nadu,575,Kanniyakumari,253091,Kanniyakumari,Municipality,FULL MATCH,1.0,,EXACT MATCH,
33,Tamil Nadu,575,Kanniyakumari,260288,Azhagappapuram,Town Panchayat,FULL MATCH,1.0,,EXACT MATCH,
33,Tamil Nadu,575,Kanniyakumari,260292,Palappallam,Town Panchayat,FULL MATCH,1.0,,EXACT MATCH,
33,Tamil Nadu,576,Karur,252552,Pallapalayam,Town Panchayat,FULL MATCH,1.0,,EXACT MATCH,
33,Tamil Nadu,576,Karur,252589,Kannivadi,Town Panchayat,AMBIGUOUS MATCH,0.5,LOW DISPARITY,HIGH AMBIGUITY,576:Karur(50.0%) | | | 634:Tiruppur(50.0%)
33,Tamil Nadu,576,Karur,252719,Aravakurichi,Town Panchayat,FULL MATCH,1.0,,EXACT MATCH,
33,Tamil Nadu,576,Karur,252720,Pallapatti,Municipality,AMBIGUOUS MATCH,0.5,LOW DISPARITY,HIGH AMBIGUITY,576:Karur(50.0%) | | | 588:Theni(50.0%)
33,Tamil Nadu,576,Karur,252723,Punjai Thottakurichi,Town Panchayat,FULL MATCH,1.0,,EXACT MATCH,
33,Tamil Nadu,576,Karur,252725,Karur,Municipal Corporations,FULL MATCH,1.0,,EXACT MATCH,
33,Tamil Nadu,576,Karur,252726,Puliyur,Town Panchayat,FULL MATCH,1.0,,EXACT MATCH,
33,Tamil Nadu,576,Karur,252727,Uppidamangalam,Town Panchayat,FULL MATCH,1.0,,EXACT MATCH,
33,Tamil Nadu,576,Karur,252729,Krishnarayapuram,Town Panchayat,FULL MATCH,1.0,,EXACT MATCH,
33,Tamil Nadu,576,Karur,252730,P.J. Cholapuram,Town Panchayat,FULL MATCH,1.0,,EXACT MATCH,
33,Tamil Nadu,576,Karur,252731,Kulithalai,Municipality,FULL MATCH,1.0,,EXACT MATCH,
33,Tamil Nadu,576,Karur,252732,Marudur,Town Panchayat,FULL MATCH,1.0,,EXACT MATCH,
33,Tamil Nadu,576,Karur,252733,Nangavaram,Town Panchayat,FULL MATCH,1.0,,EXACT MATCH,
33,Tamil Nadu,576,Karur,252819,Cholapuram,Town Panchayat,AMBIGUOUS MATCH,0.5,LOW DISPARITY,HIGH AMBIGUITY,576:Karur(50.0%) | | | 586:Thanjavur(50.0%)
33,Tamil Nadu,576,Karur,252843,Iluppur,Town Panchayat,AMBIGUOUS MATCH,0.5,LOW DISPARITY,HIGH AMBIGUITY,576:Karur(50.0%) | | | 582:Pudukkottai(50.0%)
33,Tamil Nadu,576,Karur,252845,Keeranur,Town Panchayat,AMBIGUOUS MATCH,0.3333,LOW DISPARITY,HIGH AMBIGUITY,576:Karur(33.33%) | | | 582:Pudukkottai(33.33%)
33,Tamil Nadu,576,Karur,252979,Athur,Town Panchayat,FULL MATCH,1.0,,EXACT MATCH,
33,Tamil Nadu,576,Karur,300381,Pugalur,Municipality,FULL MATCH,1.0,,EXACT MATCH,
33,Tamil Nadu,577,Krishnagiri,252399,Hosur,Municipal Corporations,FULL MATCH,1.0,,EXACT MATCH,
33,Tamil Nadu,577,Krishnagiri,252401,Bargur,Town Panchayat,FULL MATCH,1.0,,EXACT MATCH,
33,Tamil Nadu,577,Krishnagiri,252402,Krishnagiri,Municipality,FULL MATCH,1.0,,EXACT MATCH,
33,Tamil Nadu,577,Krishnagiri,252404,Kaveripattinam,Town Panchayat,FULL MATCH,1.0,,EXACT MATCH,
33,Tamil Nadu,577,Krishnagiri,252405,Kelamangalam,Town Panchayat,FULL MATCH,1.0,,EXACT MATCH,
33,Tamil Nadu,577,Krishnagiri,252406,Denkanikottai,Town Panchayat,FULL MATCH,1.0,,EXACT MATCH,
33,Tamil Nadu,577,Krishnagiri,252410,Nagojanahalli,Town Panchayat,FULL MATCH,1.0,,EXACT MATCH,
33,Tamil Nadu,577,Krishnagiri,252411,Uthangarai,Town Panchayat,FULL MATCH,1.0,,EXACT MATCH,
33,Tamil Nadu,578,Madurai,252660,Thenkarai,Town Panchayat,FULL MATCH,1.0,,EXACT MATCH,
33,Tamil Nadu,578,Madurai,252664,Vellalur,Town Panchayat,FULL MATCH,1.0,,EXACT MATCH,
33,Tamil Nadu,578,Madurai,252870,A.Vellalapatti,Town Panchayat,FULL MATCH,1.0,,EXACT MATCH,
33,Tamil Nadu,578,Madurai,252871,Melur,Municipality,FULL MATCH,1.0,,EXACT MATCH,
33,Tamil Nadu,578,Madurai,252872,Paravai,Town Panchayat,FULL MATCH,1.0,,EXACT MATCH,
33,Tamil Nadu,578,Madurai,252880,Palamedu,Town Panchayat,FULL MATCH,1.0,,EXACT MATCH,
33,Tamil Nadu,578,Madurai,252881,Vadipatti,Town Panchayat,FULL MATCH,1.0,,EXACT MATCH,
33,Tamil Nadu,578,Madurai,252882,Sholavandan,Town Panchayat,FULL MATCH,1.0,,EXACT MATCH,
33,Tamil Nadu,578,Madurai,252883,Alanganallur,Town Panchayat,FULL MATCH,1.0,,EXACT MATCH,
33,Tamil Nadu,578,Madurai,252884,Usilampatti,Municipality,FULL MATCH,1.0,,EXACT MATCH,
33,Tamil Nadu,578,Madurai,252885,Elumalai,Town Panchayat,FULL MATCH,1.0,,EXACT MATCH,
33,Tamil Nadu,578,Madurai,252886,Peraiyur,Town Panchayat,FULL MATCH,1.0,,EXACT MATCH,
33,Tamil Nadu,578,Madurai,252887,T.Kallupatti,Town Panchayat,AMBIGUOUS MATCH,0.5,LOW DISPARITY,HIGH AMBIGUITY,578:Madurai(50.0%) | | | 588:Theni(50.0%)
33,Tamil Nadu,578,Madurai,252888,Tirumangalam,Municipality,FULL MATCH,1.0,,EXACT MATCH,
33,Tamil Nadu,578,Madurai,252889,Madurai,Municipal Corporations,FULL MATCH,1.0,,EXACT MATCH,
33,Tamil Nadu,579,Nagapattinam,252797,Thittachery,Town Panchayat,FULL MATCH,1.0,,EXACT MATCH,
33,Tamil Nadu,579,Nagapattinam,252799,Kilvelur,Town Panchayat,FULL MATCH,1.0,,EXACT MATCH,
33,Tamil Nadu,579,Nagapattinam,252800,Velankanni,Town Panchayat,FULL MATCH,1.0,,EXACT MATCH,
33,Tamil Nadu,579,Nagapattinam,252801,Thalainayar,Town Panchayat,FULL MATCH,1.0,,EXACT MATCH,
33,Tamil Nadu,579,Nagapattinam,252802,Vedaranyam,Municipality,FULL MATCH,1.0,,EXACT MATCH,
33,Tamil Nadu,579,Nagapattinam,299500,Nagapattinam,Municipality,FULL MATCH,1.0,,EXACT MATCH,
33,Tamil Nadu,580,Namakkal,252485,Mallur,Town Panchayat,FULL MATCH,1.0,,EXACT MATCH,
33,Tamil Nadu,580,Namakkal,252497,Thammampatti,Town Panchayat,FULL MATCH,1.0,,EXACT MATCH,
33,Tamil Nadu,580,Namakkal,252499,Komarapalayam,Municipality,FULL MATCH,1.0,,EXACT MATCH,
33,Tamil Nadu,580,Namakkal,252500,Padaiveedu,Town Panchayat,FULL MATCH,1.0,,EXACT MATCH,
33,Tamil Nadu,580,Namakkal,252501,Mallasamudram,Town Panchayat,FULL MATCH,1.0,,EXACT MATCH,
33,Tamil Nadu,580,Namakkal,252502,Tiruchengode,Municipality,FULL MATCH,1.0,,EXACT MATCH,
33,Tamil Nadu,580,Namakkal,252508,Vennanthur,Town Panchayat,FULL MATCH,1.0,,EXACT MATCH,
33,Tamil Nadu,580,Namakkal,252509,Athanur,Town Panchayat,FULL MATCH,1.0,,EXACT MATCH,
33,Tamil Nadu,580,Namakkal,252510,R.Pudupatti,Town Panchayat,FULL MATCH,1.0,,EXACT MATCH,
33,Tamil Nadu,580,Namakkal,252511,Pattanam,Town Panchayat,FULL MATCH,1.0,,EXACT MATCH,
33,Tamil Nadu,580,Namakkal,252512,Rasipuram,Municipality,FULL MATCH,1.0,,EXACT MATCH,
33,Tamil Nadu,580,Namakkal,252513,Seerapalli,Town Panchayat,FULL MATCH,1.0,,EXACT MATCH,
33,Tamil Nadu,580,Namakkal,252514,Namagiripettai,Town Panchayat,FULL MATCH,1.0,,EXACT MATCH,
33,Tamil Nadu,580,Namakkal,252515,Pillanallur,Town Panchayat,FULL MATCH,1.0,,EXACT MATCH,
33,Tamil Nadu,580,Namakkal,252516,Kalappanaickenpatti,Town Panchayat,FULL MATCH,1.0,,EXACT MATCH,
33,Tamil Nadu,580,Namakkal,252518,Namakkal,Municipality,FULL MATCH,1.0,,EXACT MATCH,
33,Tamil Nadu,580,Namakkal,252521,Mohanur,Town Panchayat,FULL MATCH,1.0,,EXACT MATCH,
33,Tamil Nadu,580,Namakkal,252522,Paramathi,Town Panchayat,FULL MATCH,1.0,,EXACT MATCH,
33,Tamil Nadu,580,Namakkal,252523,Velur,Town Panchayat,FULL MATCH,1.0,,EXACT MATCH,
33,Tamil Nadu,580,Namakkal,252524,Pothanur,Town Panchayat,FULL MATCH,1.0,,EXACT MATCH,
33,Tamil Nadu,580,Namakkal,252525,Pandamangalam,Town Panchayat,FULL MATCH,1.0,,EXACT MATCH,
33,Tamil Nadu,580,Namakkal,252526,Venkarai,Town Panchayat,FULL MATCH,1.0,,EXACT MATCH,
33,Tamil Nadu,581,Perambalur,252759,Poolambadi,Town Panchayat,FULL MATCH,1.0,,EXACT MATCH,
33,Tamil Nadu,581,Perambalur,252760,Arumbavur,Town Panchayat,FULL MATCH,1.0,,EXACT MATCH,
33,Tamil Nadu,581,Perambalur,252761,Kurumbalur,Town Panchayat,FULL MATCH,1.0,,EXACT MATCH,
33,Tamil Nadu,581,Perambalur,252762,Perambalur,Municipality,FULL MATCH,1.0,,EXACT MATCH,
33,Tamil Nadu,581,Perambalur,252763,Labbaikudikadu,Town Panchayat,FULL MATCH,1.0,,EXACT MATCH,
33,Tamil Nadu,581,Perambalur,252767,Ariyalur,Municipality,FULL MATCH,1.0,,EXACT MATCH,
33,Tamil Nadu,582,Pudukkottai,252758,Ponnampatti,Town Panchayat,FULL MATCH,1.0,,EXACT MATCH,
33,Tamil Nadu,582,Pudukkottai,252844,Annavasal,Town Panchayat,FULL MATCH,1.0,,EXACT MATCH,
33,Tamil Nadu,582,Pudukkottai,252848,Pudukkottai,Municipality,AMBIGUOUS MATCH,0.5,HIGH DISPARITY,NEARLY RESOLVABLE,582:Pudukkottai(50.0%)
33,Tamil Nadu,582,Pudukkottai,252849,Ponnamaravathi,Town Panchayat,FULL MATCH,1.0,,EXACT MATCH,
33,Tamil Nadu,582,Pudukkottai,252850,Arimalam,Town Panchayat,FULL MATCH,1.0,,EXACT MATCH,
33,Tamil Nadu,582,Pudukkottai,252851,Karambakkudi,Town Panchayat,FULL MATCH,1.0,,EXACT MATCH,
33,Tamil Nadu,582,Pudukkottai,252852,Alangudi,Town Panchayat,AMBIGUOUS MATCH,0.5,LOW DISPARITY,HIGH AMBIGUITY,582:Pudukkottai(50.0%) | | | 586:Thanjavur(50.0%)
33,Tamil Nadu,582,Pudukkottai,252853,Keeramangalam,Town Panchayat,FULL MATCH,1.0,,EXACT MATCH,
33,Tamil Nadu,582,Pudukkottai,252854,Aranthangi,Municipality,FULL MATCH,1.0,,EXACT MATCH,
33,Tamil Nadu,582,Pudukkottai,252962,Kovilpatti,Municipality,AMBIGUOUS MATCH,0.5,LOW DISPARITY,HIGH AMBIGUITY,582:Pudukkottai(50.0%) | | | 591:Tiruchirappalli(50.0%)
33,Tamil Nadu,583,Ramanathapuram,252950,Thondi,Town Panchayat,FULL MATCH,1.0,,EXACT MATCH,
33,Tamil Nadu,583,Ramanathapuram,252951,R.S.Mangalam,Town Panchayat,FULL MATCH,1.0,,EXACT MATCH,
33,Tamil Nadu,583,Ramanathapuram,252953,Mudukulathur,Town Panchayat,FULL MATCH,1.0,,EXACT MATCH,
33,Tamil Nadu,583,Ramanathapuram,252954,Abiramam,Town Panchayat,FULL MATCH,1.0,,EXACT MATCH,
33,Tamil Nadu,583,Ramanathapuram,252955,Kamuthi,Town Panchayat,FULL MATCH,1.0,,EXACT MATCH,
33,Tamil Nadu,583,Ramanathapuram,252956,Sayalgudi,Town Panchayat,FULL MATCH,1.0,,EXACT MATCH,
33,Tamil Nadu,583,Ramanathapuram,252958,Keelakarai,Municipality,FULL MATCH,1.0,,EXACT MATCH,
33,Tamil Nadu,583,Ramanathapuram,252959,Mandapam,Town Panchayat,FULL MATCH,1.0,,EXACT MATCH,
33,Tamil Nadu,583,Ramanathapuram,252974,Perungulam,Town Panchayat,AMBIGUOUS MATCH,0.5,LOW DISPARITY,HIGH AMBIGUITY,583:Ramanathapuram(50.0%) | | | 594:Thoothukkudi(50.0%)
33,Tamil Nadu,583,Ramanathapuram,253028,Eruvadi,Town Panchayat,FULL MATCH,1.0,,EXACT MATCH,
33,Tamil Nadu,583,Ramanathapuram,290447,Rameswaram,Municipality,FULL MATCH,1.0,,EXACT MATCH,
33,Tamil Nadu,584,Salem,252363,Narasingapuram,Municipality,FULL MATCH,1.0,,EXACT MATCH,
33,Tamil Nadu,584,Salem,252454,Mecheri,Town Panchayat,FULL MATCH,1.0,,EXACT MATCH,
33,Tamil Nadu,584,Salem,252455,Kolathur,Town Panchayat,FULL MATCH,1.0,,EXACT MATCH,
33,Tamil Nadu,584,Salem,252456,Veerakkalpudur,Town Panchayat,FULL MATCH,1.0,,EXACT MATCH,
33,Tamil Nadu,584,Salem,252457,Mettur,Municipality,AI PREDICTION,1.0,,AMBIGUOUS PREDICTION,584:Salem(100.0%) | 577:Krishnagiri(100.0%) | 571:Dharmapuri(100.0%)
33,Tamil Nadu,584,Salem,252458,P.N.Patti,Town Panchayat,AI PREDICTION,1.0,,AMBIGUOUS PREDICTION,584:Salem(100.0%) | 577:Krishnagiri(100.0%) | 571:Dharmapuri(100.0%)
33,Tamil Nadu,584,Salem,252459,Nangavalli,Town Panchayat,FULL MATCH,1.0,,EXACT MATCH,
33,Tamil Nadu,584,Salem,252460,Vanavasi,Town Panchayat,FULL MATCH,1.0,,EXACT MATCH,
33,Tamil Nadu,584,Salem,252462,Jalakandapuram,Town Panchayat,FULL MATCH,1.0,,EXACT MATCH,
33,Tamil Nadu,584,Salem,252463,Kadayampatti,Town Panchayat,FULL MATCH,1.0,,EXACT MATCH,
33,Tamil Nadu,584,Salem,252464,Omalur,Town Panchayat,FULL MATCH,1.0,,EXACT MATCH,
33,Tamil Nadu,584,Salem,252465,Karuppur,Town Panchayat,FULL MATCH,1.0,,EXACT MATCH,
33,Tamil Nadu,584,Salem,252466,Tharamangalam,Municipality,FULL MATCH,1.0,,EXACT MATCH,
33,Tamil Nadu,584,Salem,252467,Poolampatti,Town Panchayat,FULL MATCH,1.0,,EXACT MATCH,
33,Tamil Nadu,584,Salem,252468,Edappadi,Municipality,FULL MATCH,1.0,,EXACT MATCH,
33,Tamil Nadu,584,Salem,252469,Konganapuram,Town Panchayat,FULL MATCH,1.0,,EXACT MATCH,
33,Tamil Nadu,584,Salem,252470,Edanganasalai,Municipality,FULL MATCH,1.0,,EXACT MATCH,
33,Tamil Nadu,584,Salem,252471,Arasiramani,Town Panchayat,FULL MATCH,1.0,,EXACT MATCH,
33,Tamil Nadu,584,Salem,252472,Thevur,Town Panchayat,AI PREDICTION,1.0,,AMBIGUOUS PREDICTION,584:Salem(100.0%) | 580:Namakkal(100.0%) | 591:Tiruchirappalli(100.0%)
33,Tamil Nadu,584,Salem,252473,Sankari,Municipality,FULL MATCH,1.0,,EXACT MATCH,
33,Tamil Nadu,584,Salem,252474,Salem,Municipal Corporations,AI PREDICTION,1.0,,AMBIGUOUS PREDICTION,584:Salem(100.0%) | 577:Krishnagiri(100.0%) | 571:Dharmapuri(100.0%)
33,Tamil Nadu,584,Salem,252475,Kannankurichi,Town Panchayat,FULL MATCH,1.0,,EXACT MATCH,
33,Tamil Nadu,584,Salem,252481,Panaimarathupatti,Town Panchayat,FULL MATCH,1.0,,EXACT MATCH,
33,Tamil Nadu,584,Salem,252483,Attayampatti,Town Panchayat,FULL MATCH,1.0,,EXACT MATCH,
33,Tamil Nadu,584,Salem,252484,Papparapatti,Town Panchayat,FULL MATCH,1.0,,EXACT MATCH,
33,Tamil Nadu,584,Salem,252486,Ayothiapattinam,Town Panchayat,FULL MATCH,1.0,,EXACT MATCH,
33,Tamil Nadu,584,Salem,252487,Belur,Town Panchayat,FULL MATCH,1.0,,EXACT MATCH,
33,Tamil Nadu,584,Salem,252488,Vazhapadi,Town Panchayat,FULL MATCH,1.0,,EXACT MATCH,
33,Tamil Nadu,584,Salem,252489,Ethapur,Town Panchayat,FULL MATCH,1.0,,EXACT MATCH,
33,Tamil Nadu,584,Salem,252490,Pethanaickenpalayam,Town Panchayat,FULL MATCH,1.0,,EXACT MATCH,
33,Tamil Nadu,584,Salem,252491,Attur,Municipality,FULL MATCH,1.0,,EXACT MATCH,
33,Tamil Nadu,584,Salem,252493,Keeripatti,Town Panchayat,FULL MATCH,1.0,,EXACT MATCH,
33,Tamil Nadu,584,Salem,252494,Veeraganur,Town Panchayat,FULL MATCH,1.0,,EXACT MATCH,
33,Tamil Nadu,584,Salem,252495,Thedavur,Town Panchayat,FULL MATCH,1.0,,EXACT MATCH,
33,Tamil Nadu,584,Salem,252496,Gangavalli,Town Panchayat,FULL MATCH,1.0,,EXACT MATCH,
33,Tamil Nadu,584,Salem,252498,Sentharapatti,Town Panchayat,FULL MATCH,1.0,,EXACT MATCH,
33,Tamil Nadu,584,Salem,252520,Erumaipatti,Town Panchayat,FULL MATCH,1.0,,EXACT MATCH,
33,Tamil Nadu,584,Salem,260289,Elampillai,Town Panchayat,FULL MATCH,1.0,,EXACT MATCH,
33,Tamil Nadu,585,Sivaganga,252576,Vadugapatti,Town Panchayat,AI PREDICTION,1.0,,AMBIGUOUS PREDICTION,585:Sivaganga(100.0%) | 578:Madurai(100.0%) | 588:Theni(100.0%)
33,Tamil Nadu,585,Sivaganga,252855,Nerkuppai,Town Panchayat,FULL MATCH,1.0,,EXACT MATCH,
33,Tamil Nadu,585,Sivaganga,252856,Singampuneri,Town Panchayat,FULL MATCH,1.0,,EXACT MATCH,
33,Tamil Nadu,585,Sivaganga,252857,Tirupathur,Town Panchayat,FULL MATCH,1.0,,EXACT MATCH,
33,Tamil Nadu,585,Sivaganga,252858,Kanadukathan,Town Panchayat,FULL MATCH,1.0,,EXACT MATCH,
33,Tamil Nadu,585,Sivaganga,252859,Pallathur,Town Panchayat,FULL MATCH,1.0,,EXACT MATCH,
33,Tamil Nadu,585,Sivaganga,252860,Kottaiyur,Town Panchayat,FULL MATCH,1.0,,EXACT MATCH,
33,Tamil Nadu,585,Sivaganga,252861,Kandanur,Town Panchayat,FULL MATCH,1.0,,EXACT MATCH,
33,Tamil Nadu,585,Sivaganga,252862,Puduvayal,Town Panchayat,FULL MATCH,1.0,,EXACT MATCH,
33,Tamil Nadu,585,Sivaganga,252863,Karaikudi,Municipality,AI PREDICTION,1.0,,AMBIGUOUS PREDICTION,585:Sivaganga(100.0%) | 583:Ramanathapuram(100.0%)
33,Tamil Nadu,585,Sivaganga,252864,Devakottai,Municipality,FULL MATCH,1.0,,EXACT MATCH,
33,Tamil Nadu,585,Sivaganga,252865,Nattarasankottai,Town Panchayat,FULL MATCH,1.0,,EXACT MATCH,
33,Tamil Nadu,585,Sivaganga,252866,Sivagangai,Municipality,FULL MATCH,1.0,,EXACT MATCH,
33,Tamil Nadu,585,Sivaganga,252867,Thirupuvanam,Town Panchayat,FULL MATCH,1.0,,EXACT MATCH,
33,Tamil Nadu,585,Sivaganga,252868,Manamadurai,Municipality,FULL MATCH,1.0,,EXACT MATCH,
33,Tamil Nadu,585,Sivaganga,252869,Ilayangudi,Town Panchayat,FULL MATCH,1.0,,EXACT MATCH,
33,Tamil Nadu,585,Sivaganga,252904,Vadugapatti,Town Panchayat,AI PREDICTION,1.0,,AMBIGUOUS PREDICTION,585:Sivaganga(100.0%) | 578:Madurai(100.0%) | 588:Theni(100.0%)
33,Tamil Nadu,585,Sivaganga,252952,Paramakudi,Municipality,AI PREDICTION,1.0,,AMBIGUOUS PREDICTION,585:Sivaganga(100.0%) | 583:Ramanathapuram(100.0%)
33,Tamil Nadu,585,Sivaganga,252957,Ramanathapuram,Municipality,AI PREDICTION,1.0,,AMBIGUOUS PREDICTION,585:Sivaganga(100.0%) | 583:Ramanathapuram(100.0%)
33,Tamil Nadu,586,Thanjavur,252340,Ayyampettai,Town Panchayat,FULL MATCH,1.0,,EXACT MATCH,
33,Tamil Nadu,586,Thanjavur,252795,Kuthalam,Town Panchayat,FULL MATCH,1.0,,EXACT MATCH,
33,Tamil Nadu,586,Thanjavur,252803,Valangaiman,Town Panchayat,FULL MATCH,1.0,,EXACT MATCH,
33,Tamil Nadu,586,Thanjavur,252813,Muthupet,Town Panchayat,FULL MATCH,1.0,,EXACT MATCH,
33,Tamil Nadu,586,Thanjavur,252814,Thiruppanandal,Town Panchayat,FULL MATCH,1.0,,EXACT MATCH,
33,Tamil Nadu,586,Thanjavur,252815,Veppathur,Town Panchayat,FULL MATCH,1.0,,EXACT MATCH,
33,Tamil Nadu,586,Thanjavur,252816,Thirupuvanam,Town Panchayat,FULL MATCH,1.0,,EXACT MATCH,
33,Tamil Nadu,586,Thanjavur,252817,Thiruvidaimarudur,Town Panchayat,FULL MATCH,1.0,,EXACT MATCH,
33,Tamil Nadu,586,Thanjavur,252818,Aduthurai,Town Panchayat,FULL MATCH,1.0,,EXACT MATCH,
33,Tamil Nadu,586,Thanjavur,252822,Swamimalai,Town Panchayat,FULL MATCH,1.0,,EXACT MATCH,
33,Tamil Nadu,586,Thanjavur,252823,Kumbakonam,Municipal Corporations,FULL MATCH,1.0,,EXACT MATCH,
33,Tamil Nadu,586,Thanjavur,252824,Thirunageswaram,Town Panchayat,FULL MATCH,1.0,,EXACT MATCH,
33,Tamil Nadu,586,Thanjavur,252826,Papanasam,Town Panchayat,FULL MATCH,1.0,,EXACT MATCH,
33,Tamil Nadu,586,Thanjavur,252828,Melattur,Town Panchayat,FULL MATCH,1.0,,EXACT MATCH,
33,Tamil Nadu,586,Thanjavur,252829,Ammapettai,Town Panchayat,FULL MATCH,1.0,,EXACT MATCH,
33,Tamil Nadu,586,Thanjavur,252830,Thiruvaiyaru,Municipality,FULL MATCH,1.0,,EXACT MATCH,
33,Tamil Nadu,586,Thanjavur,252831,Thirukkattupalli,Town Panchayat,FULL MATCH,1.0,,EXACT MATCH,
33,Tamil Nadu,586,Thanjavur,252832,Melathiruppanthuruthi,Town Panchayat,FULL MATCH,1.0,,EXACT MATCH,
33,Tamil Nadu,586,Thanjavur,252833,Thanjavur,Municipal Corporations,AMBIGUOUS MATCH,0.25,MODERATE DISPARITY,MODERATE AMBIGUITY,586:Thanjavur(25.0%)
33,Tamil Nadu,586,Thanjavur,252836,Vallam,Town Panchayat,FULL MATCH,1.0,,EXACT MATCH,
33,Tamil Nadu,586,Thanjavur,252837,Orathanadu,Town Panchayat,FULL MATCH,1.0,,EXACT MATCH,
33,Tamil Nadu,586,Thanjavur,252838,Madukkur,Town Panchayat,FULL MATCH,1.0,,EXACT MATCH,
33,Tamil Nadu,586,Thanjavur,252839,Pattukkottai,Municipality,FULL MATCH,1.0,,EXACT MATCH,
33,Tamil Nadu,586,Thanjavur,252840,Adiramapattinam,Municipality,FULL MATCH,1.0,,EXACT MATCH,
33,Tamil Nadu,586,Thanjavur,252841,Peravurani,Town Panchayat,FULL MATCH,1.0,,EXACT MATCH,
33,Tamil Nadu,586,Thanjavur,252842,Perumagalur,Town Panchayat,FULL MATCH,1.0,,EXACT MATCH,
33,Tamil Nadu,587,The Nilgiris,252594,Nelliyalam,Municipality,FULL MATCH,1.0,,EXACT MATCH,
33,Tamil Nadu,587,The Nilgiris,252595,Devarshola,Town Panchayat,FULL MATCH,1.0,,EXACT MATCH,
33,Tamil Nadu,587,The Nilgiris,252596,Gudalur,Municipality,AMBIGUOUS MATCH,0.5,LOW DISPARITY,HIGH AMBIGUITY,587:The | Nilgiris(50.0%) | |
33,Tamil Nadu,587,The Nilgiris,252597,O Valley,Town Panchayat,FULL MATCH,1.0,,EXACT MATCH,
33,Tamil Nadu,587,The Nilgiris,252598,Sholur,Town Panchayat,FULL MATCH,1.0,,EXACT MATCH,
33,Tamil Nadu,587,The Nilgiris,252599,Naduvattam,Town Panchayat,FULL MATCH,1.0,,EXACT MATCH,
33,Tamil Nadu,587,The Nilgiris,252600,Udhagamandalam,Municipality,FULL MATCH,1.0,,EXACT MATCH,
33,Tamil Nadu,587,The Nilgiris,252601,Kotagiri,Municipality,FULL MATCH,1.0,,EXACT MATCH,
33,Tamil Nadu,587,The Nilgiris,252602,Jagathala,Town Panchayat,FULL MATCH,1.0,,EXACT MATCH,
33,Tamil Nadu,587,The Nilgiris,252603,Kethi,Town Panchayat,FULL MATCH,1.0,,EXACT MATCH,
33,Tamil Nadu,587,The Nilgiris,252605,Coonoor,Municipality,FULL MATCH,1.0,,EXACT MATCH,
33,Tamil Nadu,587,The Nilgiris,252607,Adikaratti,Town Panchayat,FULL MATCH,1.0,,EXACT MATCH,
33,Tamil Nadu,587,The Nilgiris,252608,Huligal,Town Panchayat,FULL MATCH,1.0,,EXACT MATCH,
33,Tamil Nadu,587,The Nilgiris,252609,Bikkatty,Town Panchayat,FULL MATCH,1.0,,EXACT MATCH,
33,Tamil Nadu,587,The Nilgiris,252610,Kilkunda,Town Panchayat,FULL MATCH,1.0,,EXACT MATCH,
33,Tamil Nadu,587,The Nilgiris,252639,Gudalur,Municipality,AMBIGUOUS MATCH,0.5,LOW DISPARITY,HIGH AMBIGUITY,587:The | Nilgiris(50.0%) | |
33,Tamil Nadu,588,Theni,252626,Veerapandi,Town Panchayat,FULL MATCH,1.0,,EXACT MATCH,
33,Tamil Nadu,588,Theni,252895,Boothipuram,Town Panchayat,FULL MATCH,1.0,,EXACT MATCH,
33,Tamil Nadu,588,Theni,252896,B. Meenakshipuram,Town Panchayat,FULL MATCH,1.0,,EXACT MATCH,
33,Tamil Nadu,588,Theni,252897,Bodinayakanur,Municipality,FULL MATCH,1.0,,EXACT MATCH,
33,Tamil Nadu,588,Theni,252898,Melachokkanathapuram,Town Panchayat,FULL MATCH,1.0,,EXACT MATCH,
33,Tamil Nadu,588,Theni,252899,Devadanapatti,Town Panchayat,FULL MATCH,1.0,,EXACT MATCH,
33,Tamil Nadu,588,Theni,252900,Ganguvarpatti,Town Panchayat,FULL MATCH,1.0,,EXACT MATCH,
33,Tamil Nadu,588,Theni,252901,Thamaraikulam,Town Panchayat,FULL MATCH,1.0,,EXACT MATCH,
33,Tamil Nadu,588,Theni,252902,Periyakulam,Municipality,FULL MATCH,1.0,,EXACT MATCH,
33,Tamil Nadu,588,Theni,252905,Theni-Allinagaram,Municipality,FULL MATCH,1.0,,EXACT MATCH,
33,Tamil Nadu,588,Theni,252906,Palani Chettipatti,Town Panchayat,FULL MATCH,1.0,,EXACT MATCH,
33,Tamil Nadu,588,Theni,252908,Thevaram,Town Panchayat,FULL MATCH,1.0,,EXACT MATCH,
33,Tamil Nadu,588,Theni,252909,Kuchanur,Town Panchayat,FULL MATCH,1.0,,EXACT MATCH,
33,Tamil Nadu,588,Theni,252910,Markayankottai,Town Panchayat,FULL MATCH,1.0,,EXACT MATCH,
33,Tamil Nadu,588,Theni,252911,Pannaipuram,Town Panchayat,FULL MATCH,1.0,,EXACT MATCH,
33,Tamil Nadu,588,Theni,252912,Kombai,Town Panchayat,FULL MATCH,1.0,,EXACT MATCH,
33,Tamil Nadu,588,Theni,252913,Chinnamanur,Municipality,FULL MATCH,1.0,,EXACT MATCH,
33,Tamil Nadu,588,Theni,252914,Odaipatti,Town Panchayat,FULL MATCH,1.0,,EXACT MATCH,
33,Tamil Nadu,588,Theni,252915,Uthamapalayam,Town Panchayat,FULL MATCH,1.0,,EXACT MATCH,
33,Tamil Nadu,588,Theni,252916,Hanumanthampatti,Town Panchayat,FULL MATCH,1.0,,EXACT MATCH,
33,Tamil Nadu,588,Theni,252917,Pudupatti,Town Panchayat,FULL MATCH,1.0,,EXACT MATCH,
33,Tamil Nadu,588,Theni,252918,Cumbum,Municipality,FULL MATCH,1.0,,EXACT MATCH,
33,Tamil Nadu,588,Theni,252919,Kamayagoundanpatti,Town Panchayat,FULL MATCH,1.0,,EXACT MATCH,
33,Tamil Nadu,588,Theni,252920,Gudalur-Cbe,Municipality,FULL MATCH,1.0,,EXACT MATCH,
33,Tamil Nadu,588,Theni,252921,Highways,Town Panchayat,FULL MATCH,1.0,,EXACT MATCH,
33,Tamil Nadu,588,Theni,252922,Aundipatti,Town Panchayat,FULL MATCH,1.0,,EXACT MATCH,
33,Tamil Nadu,588,Theni,260291,No. 4 Veerapandi,Town Panchayat,FULL MATCH,1.0,,EXACT MATCH,
33,Tamil Nadu,589,Thiruvallur,252262,Gummidipoondi,Town Panchayat,FULL MATCH,1.0,,EXACT MATCH,
33,Tamil Nadu,589,Thiruvallur,252263,Arani,Town Panchayat,FULL MATCH,1.0,,EXACT MATCH,
33,Tamil Nadu,589,Thiruvallur,252264,Ponneri,Municipality,FULL MATCH,1.0,,EXACT MATCH,
33,Tamil Nadu,589,Thiruvallur,252265,Minjur,Town Panchayat,FULL MATCH,1.0,,EXACT MATCH,
33,Tamil Nadu,589,Thiruvallur,252268,Uthukkottai,Town Panchayat,FULL MATCH,1.0,,EXACT MATCH,
33,Tamil Nadu,589,Thiruvallur,252269,Tiruttani,Municipality,FULL MATCH,1.0,,EXACT MATCH,
33,Tamil Nadu,589,Thiruvallur,252270,Pallipattu,Town Panchayat,FULL MATCH,1.0,,EXACT MATCH,
33,Tamil Nadu,589,Thiruvallur,252271,Pothatturpettai,Town Panchayat,FULL MATCH,1.0,,EXACT MATCH,
33,Tamil Nadu,589,Thiruvallur,252273,Tiruvallur,Municipality,FULL MATCH,1.0,,EXACT MATCH,
33,Tamil Nadu,589,Thiruvallur,252275,Thirunindravur,Municipality,FULL MATCH,1.0,,EXACT MATCH,
33,Tamil Nadu,589,Thiruvallur,252276,Avadi,Municipal Corporations,FULL MATCH,1.0,,EXACT MATCH,
33,Tamil Nadu,589,Thiruvallur,252279,Thirumazhisai,Town Panchayat,FULL MATCH,1.0,,EXACT MATCH,
33,Tamil Nadu,590,Thiruvarur,252804,Kodavasal,Town Panchayat,FULL MATCH,1.0,,EXACT MATCH,
33,Tamil Nadu,590,Thiruvarur,252805,Koradacheri,Town Panchayat,FULL MATCH,1.0,,EXACT MATCH,
33,Tamil Nadu,590,Thiruvarur,252806,Peralam,Town Panchayat,FULL MATCH,1.0,,EXACT MATCH,
33,Tamil Nadu,590,Thiruvarur,252807,Nannilam,Town Panchayat,FULL MATCH,1.0,,EXACT MATCH,
33,Tamil Nadu,590,Thiruvarur,252808,Tiruvarur,Municipality,FULL MATCH,1.0,,EXACT MATCH,
33,Tamil Nadu,590,Thiruvarur,252809,Needamangalam,Town Panchayat,FULL MATCH,1.0,,EXACT MATCH,
33,Tamil Nadu,590,Thiruvarur,252810,Koothanallur,Municipality,FULL MATCH,1.0,,EXACT MATCH,
33,Tamil Nadu,590,Thiruvarur,252811,Mannargudi,Municipality,FULL MATCH,1.0,,EXACT MATCH,
33,Tamil Nadu,590,Thiruvarur,252812,Thiruthuraipoondi,Municipality,FULL MATCH,1.0,,EXACT MATCH,
33,Tamil Nadu,591,Tiruchirappalli,252734,Thottiyam,Town Panchayat,FULL MATCH,1.0,,EXACT MATCH,
33,Tamil Nadu,591,Tiruchirappalli,252735,Kattuputhur,Town Panchayat,FULL MATCH,1.0,,EXACT MATCH,
33,Tamil Nadu,591,Tiruchirappalli,252736,Mettupalayam,Town Panchayat,FULL MATCH,1.0,,EXACT MATCH,
33,Tamil Nadu,591,Tiruchirappalli,252737,Thathaiyangarpet,Town Panchayat,FULL MATCH,1.0,,EXACT MATCH,
33,Tamil Nadu,591,Tiruchirappalli,252738,Musiri,Municipality,FULL MATCH,1.0,,EXACT MATCH,
33,Tamil Nadu,591,Tiruchirappalli,252739,Uppiliapuram,Town Panchayat,FULL MATCH,1.0,,EXACT MATCH,
33,Tamil Nadu,591,Tiruchirappalli,252740,Balakrishnampatti,Town Panchayat,FULL MATCH,1.0,,EXACT MATCH,
33,Tamil Nadu,591,Tiruchirappalli,252741,Thuraiyur,Municipality,FULL MATCH,1.0,,EXACT MATCH,
33,Tamil Nadu,591,Tiruchirappalli,252742,S. Kannanur,Town Panchayat,FULL MATCH,1.0,,EXACT MATCH,
33,Tamil Nadu,591,Tiruchirappalli,252743,Manachanallur,Town Panchayat,FULL MATCH,1.0,,EXACT MATCH,
33,Tamil Nadu,591,Tiruchirappalli,252744,Kallakudi,Town Panchayat,FULL MATCH,1.0,,EXACT MATCH,
33,Tamil Nadu,591,Tiruchirappalli,252745,Pullampadi,Town Panchayat,FULL MATCH,1.0,,EXACT MATCH,
33,Tamil Nadu,591,Tiruchirappalli,252747,Lalgudi,Municipality,FULL MATCH,1.0,,EXACT MATCH,
33,Tamil Nadu,591,Tiruchirappalli,252748,Sirugamani,Town Panchayat,FULL MATCH,1.0,,EXACT MATCH,
33,Tamil Nadu,591,Tiruchirappalli,252749,Tiruchirappalli,Municipal Corporations,AMBIGUOUS MATCH,0.5625,HIGH DISPARITY,NEARLY RESOLVABLE,591:Tiruchirappalli(56.25%)
33,Tamil Nadu,591,Tiruchirappalli,252752,Koothappar,Town Panchayat,FULL MATCH,1.0,,EXACT MATCH,
33,Tamil Nadu,591,Tiruchirappalli,252754,Thuvakudi,Municipality,FULL MATCH,1.0,,EXACT MATCH,
33,Tamil Nadu,591,Tiruchirappalli,252757,Manapparai,Municipality,FULL MATCH,1.0,,EXACT MATCH,
33,Tamil Nadu,591,Tiruchirappalli,260293,Poovalur,Town Panchayat,FULL MATCH,1.0,,EXACT MATCH,
33,Tamil Nadu,592,Tirunelveli,252961,Kalugumalai,Town Panchayat,FULL MATCH,1.0,,EXACT MATCH,
33,Tamil Nadu,592,Tirunelveli,253009,Sankarnagar,Town Panchayat,FULL MATCH,1.0,,EXACT MATCH,
33,Tamil Nadu,592,Tirunelveli,253010,Naranammalpuram,Town Panchayat,FULL MATCH,1.0,,EXACT MATCH,
33,Tamil Nadu,592,Tirunelveli,253011,Tirunelveli,Municipal Corporations,FULL MATCH,1.0,,EXACT MATCH,
33,Tamil Nadu,592,Tirunelveli,253013,Mukkudal,Town Panchayat,FULL MATCH,1.0,,EXACT MATCH,
33,Tamil Nadu,592,Tirunelveli,253014,Ambasamudram,Municipality,FULL MATCH,1.0,,EXACT MATCH,
33,Tamil Nadu,592,Tirunelveli,253015,Vikramasingapuram,Municipality,FULL MATCH,1.0,,EXACT MATCH,
33,Tamil Nadu,592,Tirunelveli,253017,Kallidaikurichi,Town Panchayat,FULL MATCH,1.0,,EXACT MATCH,
33,Tamil Nadu,592,Tirunelveli,253018,Veeravanallur,Town Panchayat,FULL MATCH,1.0,,EXACT MATCH,
33,Tamil Nadu,592,Tirunelveli,253019,Cheranmahadevi,Town Panchayat,FULL MATCH,1.0,,EXACT MATCH,
33,Tamil Nadu,592,Tirunelveli,253020,Pathamadai,Town Panchayat,AI PREDICTION,1.0,,AMBIGUOUS PREDICTION,592:Tirunelveli(100.0%) | 594:Thoothukkudi(100.0%) | 597:Virudhunagar(100.0%)
33,Tamil Nadu,592,Tirunelveli,253021,Melaseval,Town Panchayat,FULL MATCH,1.0,,EXACT MATCH,
33,Tamil Nadu,592,Tirunelveli,253022,Gopalasamudram,Town Panchayat,FULL MATCH,1.0,,EXACT MATCH,
33,Tamil Nadu,592,Tirunelveli,253023,Manimutharu,Town Panchayat,FULL MATCH,1.0,,EXACT MATCH,
33,Tamil Nadu,592,Tirunelveli,253024,Moolaikaraipatti,Town Panchayat,FULL MATCH,1.0,,EXACT MATCH,
33,Tamil Nadu,592,Tirunelveli,253026,Nanguneri,Town Panchayat,FULL MATCH,1.0,,EXACT MATCH,
33,Tamil Nadu,592,Tirunelveli,253027,Thirukarungudi,Town Panchayat,FULL MATCH,1.0,,EXACT MATCH,
33,Tamil Nadu,592,Tirunelveli,253029,Vadakkuvalliyur,Town Panchayat,FULL MATCH,1.0,,EXACT MATCH,
33,Tamil Nadu,592,Tirunelveli,253030,Thisayanvilai,Town Panchayat,FULL MATCH,1.0,,EXACT MATCH,
33,Tamil Nadu,592,Tirunelveli,253031,Panagudi,Town Panchayat,FULL MATCH,1.0,,EXACT MATCH,
33,Tamil Nadu,592,Tirunelveli,253052,Kumarapuram,Town Panchayat,FULL MATCH,1.0,,EXACT MATCH,
33,Tamil Nadu,592,Tirunelveli,300593,Kalakadu,Municipality,FULL MATCH,1.0,,EXACT MATCH,
33,Tamil Nadu,593,Tiruvannamalai,252375,Timiri,Town Panchayat,FULL MATCH,1.0,,EXACT MATCH,
33,Tamil Nadu,593,Tiruvannamalai,252376,Kalavai,Town Panchayat,FULL MATCH,1.0,,EXACT MATCH,
33,Tamil Nadu,593,Tiruvannamalai,252420,Kannamangalam,Town Panchayat,FULL MATCH,1.0,,EXACT MATCH,
33,Tamil Nadu,593,Tiruvannamalai,252422,Arani,Municipality,FULL MATCH,1.0,,EXACT MATCH,
33,Tamil Nadu,593,Tiruvannamalai,252424,Thiruvathipuram,Municipality,FULL MATCH,1.0,,EXACT MATCH,
33,Tamil Nadu,593,Tiruvannamalai,252425,Peranamallur,Town Panchayat,FULL MATCH,1.0,,EXACT MATCH,
33,Tamil Nadu,593,Tiruvannamalai,252426,Vandavasi,Municipality,FULL MATCH,1.0,,EXACT MATCH,
33,Tamil Nadu,593,Tiruvannamalai,252427,Desur,Town Panchayat,FULL MATCH,1.0,,EXACT MATCH,
33,Tamil Nadu,593,Tiruvannamalai,252428,Kalambur,Town Panchayat,FULL MATCH,1.0,,EXACT MATCH,
33,Tamil Nadu,593,Tiruvannamalai,252429,Polur,Municipality,FULL MATCH,1.0,,EXACT MATCH,
33,Tamil Nadu,593,Tiruvannamalai,252430,Chetpet,Town Panchayat,FULL MATCH,1.0,,EXACT MATCH,
33,Tamil Nadu,593,Tiruvannamalai,252431,Pudupalayam,Town Panchayat,FULL MATCH,1.0,,EXACT MATCH,
33,Tamil Nadu,593,Tiruvannamalai,252432,Chengam,Municipality,FULL MATCH,1.0,,EXACT MATCH,
33,Tamil Nadu,593,Tiruvannamalai,252433,Kilpennathur,Town Panchayat,FULL MATCH,1.0,,EXACT MATCH,
33,Tamil Nadu,593,Tiruvannamalai,252434,Thiruvannamalai,Municipality,FULL MATCH,1.0,,EXACT MATCH,
33,Tamil Nadu,593,Tiruvannamalai,252435,Vettavalam,Town Panchayat,FULL MATCH,1.0,,EXACT MATCH,
33,Tamil Nadu,594,Thoothukkudi,252964,Kadambur,Town Panchayat,FULL MATCH,1.0,,EXACT MATCH,
33,Tamil Nadu,594,Thoothukkudi,252965,Kayatharu,Town Panchayat,FULL MATCH,1.0,,EXACT MATCH,
33,Tamil Nadu,594,Thoothukkudi,252966,Ettayapuram,Town Panchayat,FULL MATCH,1.0,,EXACT MATCH,
33,Tamil Nadu,594,Thoothukkudi,252967,V. Pudur,Town Panchayat,FULL MATCH,1.0,,EXACT MATCH,
33,Tamil Nadu,594,Thoothukkudi,252968,Vilathikulam,Town Panchayat,FULL MATCH,1.0,,EXACT MATCH,
33,Tamil Nadu,594,Thoothukkudi,252970,Thoothukudi,Municipal Corporations,FULL MATCH,1.0,,EXACT MATCH,
33,Tamil Nadu,594,Thoothukkudi,252973,Sayapuram,Town Panchayat,FULL MATCH,1.0,,EXACT MATCH,
33,Tamil Nadu,594,Thoothukkudi,252975,Eral,Town Panchayat,FULL MATCH,1.0,,EXACT MATCH,
33,Tamil Nadu,594,Thoothukkudi,252976,Srivaikuntam,Town Panchayat,FULL MATCH,1.0,,EXACT MATCH,
33,Tamil Nadu,594,Thoothukkudi,252977,Alwarthirunagiri,Town Panchayat,FULL MATCH,1.0,,EXACT MATCH,
33,Tamil Nadu,594,Thoothukkudi,252978,Thenthiruperai,Town Panchayat,FULL MATCH,1.0,,EXACT MATCH,
33,Tamil Nadu,594,Thoothukkudi,252980,Kayalpattinam,Municipality,FULL MATCH,1.0,,EXACT MATCH,
33,Tamil Nadu,594,Thoothukkudi,252981,Arumuganeri,Town Panchayat,FULL MATCH,1.0,,EXACT MATCH,
33,Tamil Nadu,594,Thoothukkudi,252982,Kanam,Town Panchayat,FULL MATCH,1.0,,EXACT MATCH,
33,Tamil Nadu,594,Thoothukkudi,252983,Nazerath,Town Panchayat,FULL MATCH,1.0,,EXACT MATCH,
33,Tamil Nadu,594,Thoothukkudi,252984,Tiruchendur,Municipality,FULL MATCH,1.0,,EXACT MATCH,
33,Tamil Nadu,594,Thoothukkudi,252985,Udangudi,Town Panchayat,FULL MATCH,1.0,,EXACT MATCH,
33,Tamil Nadu,594,Thoothukkudi,252986,Sathankulam,Town Panchayat,FULL MATCH,1.0,,EXACT MATCH,
33,Tamil Nadu,594,Thoothukkudi,253055,Athur,Town Panchayat,FULL MATCH,1.0,,EXACT MATCH,
33,Tamil Nadu,595,Vellore,252350,Pernambut,Municipality,FULL MATCH,1.0,,EXACT MATCH,
33,Tamil Nadu,595,Vellore,252351,Gudiyatham,Municipality,FULL MATCH,1.0,,EXACT MATCH,
33,Tamil Nadu,595,Vellore,252359,Thiruvalam,Town Panchayat,FULL MATCH,1.0,,EXACT MATCH,
33,Tamil Nadu,595,Vellore,252377,Pallikonda,Town Panchayat,FULL MATCH,1.0,,EXACT MATCH,
33,Tamil Nadu,595,Vellore,252381,Vellore,Municipal Corporations,FULL MATCH,1.0,,EXACT MATCH,
33,Tamil Nadu,595,Vellore,252388,Pennathur,Town Panchayat,FULL MATCH,1.0,,EXACT MATCH,
33,Tamil Nadu,595,Vellore,252389,Odugathur,Town Panchayat,FULL MATCH,1.0,,EXACT MATCH,
33,Tamil Nadu,595,Vellore,252391,Ambur,Municipality,FULL MATCH,1.0,,EXACT MATCH,
33,Tamil Nadu,595,Vellore,252394,Vaniyambadi,Municipality,FULL MATCH,1.0,,EXACT MATCH,
33,Tamil Nadu,596,Viluppuram,252436,Gingee,Town Panchayat,FULL MATCH,1.0,,EXACT MATCH,
33,Tamil Nadu,596,Viluppuram,252437,Ananthapuram,Town Panchayat,FULL MATCH,1.0,,EXACT MATCH,
33,Tamil Nadu,596,Viluppuram,252438,Tindivanam,Municipality,FULL MATCH,1.0,,EXACT MATCH,
33,Tamil Nadu,596,Viluppuram,252439,Marakkanam,Town Panchayat,FULL MATCH,1.0,,EXACT MATCH,
33,Tamil Nadu,596,Viluppuram,252440,Kottakuppam,Municipality,FULL MATCH,1.0,,EXACT MATCH,
33,Tamil Nadu,596,Viluppuram,252441,Vikravandi,Town Panchayat,FULL MATCH,1.0,,EXACT MATCH,
33,Tamil Nadu,596,Viluppuram,252442,Villupuram,Municipality,FULL MATCH,1.0,,EXACT MATCH,
33,Tamil Nadu,596,Viluppuram,252443,Valavanur,Town Panchayat,FULL MATCH,1.0,,EXACT MATCH,
33,Tamil Nadu,596,Viluppuram,252445,Arakandanallur,Town Panchayat,FULL MATCH,1.0,,EXACT MATCH,
33,Tamil Nadu,596,Viluppuram,252447,Thiruvennainallur,Town Panchayat,FULL MATCH,1.0,,EXACT MATCH,
33,Tamil Nadu,596,Viluppuram,252450,Thiagadurgam,Town Panchayat,FULL MATCH,1.0,,EXACT MATCH,
33,Tamil Nadu,597,Virudhunagar,252923,Rajapalayam,Municipality,FULL MATCH,1.0,,EXACT MATCH,
33,Tamil Nadu,597,Virudhunagar,252924,Seithur,Town Panchayat,FULL MATCH,1.0,,EXACT MATCH,
33,Tamil Nadu,597,Virudhunagar,252926,Chettiarpatti,Town Panchayat,FULL MATCH,1.0,,EXACT MATCH,
33,Tamil Nadu,597,Virudhunagar,252928,S.Kodikulam,Town Panchayat,FULL MATCH,1.0,,EXACT MATCH,
33,Tamil Nadu,597,Virudhunagar,252930,Sundarapandiam,Town Panchayat,FULL MATCH,1.0,,EXACT MATCH,
33,Tamil Nadu,597,Virudhunagar,252931,Mamsapuram,Town Panchayat,FULL MATCH,1.0,,EXACT MATCH,
33,Tamil Nadu,597,Virudhunagar,252932,Srivilliputhur,Municipality,FULL MATCH,1.0,,EXACT MATCH,
33,Tamil Nadu,597,Virudhunagar,252938,Sivakasi,Municipal Corporations,FULL MATCH,1.0,,EXACT MATCH,
33,Tamil Nadu,597,Virudhunagar,252943,Virudhunagar,Municipality,FULL MATCH,1.0,,EXACT MATCH,
33,Tamil Nadu,597,Virudhunagar,252945,Kariapatti,Town Panchayat,FULL MATCH,1.0,,EXACT MATCH,
33,Tamil Nadu,597,Virudhunagar,252946,Mallankinaru,Town Panchayat,FULL MATCH,1.0,,EXACT MATCH,
33,Tamil Nadu,597,Virudhunagar,252947,Aruppukkottai,Municipality,FULL MATCH,1.0,,EXACT MATCH,
33,Tamil Nadu,597,Virudhunagar,252948,Sattur,Municipality,FULL MATCH,1.0,,EXACT MATCH,
33,Tamil Nadu,597,Virudhunagar,260677,Watrap,Town Panchayat,FULL MATCH,1.0,,EXACT MATCH,
33,Tamil Nadu,597,Virudhunagar,260678,W.Pudhupatti,Town Panchayat,FULL MATCH,1.0,,EXACT MATCH,
33,Tamil Nadu,610,Ariyalur,252764,Varadarajanpettai,Town Panchayat,FULL MATCH,1.0,,EXACT MATCH,
33,Tamil Nadu,610,Ariyalur,252765,Jayankondam,Municipality,FULL MATCH,1.0,,EXACT MATCH,
33,Tamil Nadu,610,Ariyalur,252766,Udayarpalayam,Town Panchayat,FULL MATCH,1.0,,EXACT MATCH,
33,Tamil Nadu,634,Tiruppur,252505,Alampalayam,Town Panchayat,FULL MATCH,1.0,,EXACT MATCH,
33,Tamil Nadu,634,Tiruppur,252585,Muthur,Town Panchayat,FULL MATCH,1.0,,EXACT MATCH,
33,Tamil Nadu,634,Tiruppur,252587,Vellakoil,Municipality,FULL MATCH,1.0,,EXACT MATCH,
33,Tamil Nadu,634,Tiruppur,252588,Rudravathi,Town Panchayat,FULL MATCH,1.0,,EXACT MATCH,
33,Tamil Nadu,634,Tiruppur,252590,Mulanur,Town Panchayat,FULL MATCH,1.0,,EXACT MATCH,
33,Tamil Nadu,634,Tiruppur,252591,Kolathupalayam,Town Panchayat,FULL MATCH,1.0,,EXACT MATCH,
33,Tamil Nadu,634,Tiruppur,252592,Dharapuram,Municipality,FULL MATCH,1.0,,EXACT MATCH,
33,Tamil Nadu,634,Tiruppur,252593,Chinnakkampalayam,Town Panchayat,FULL MATCH,1.0,,EXACT MATCH,
33,Tamil Nadu,634,Tiruppur,252615,Avinashi,Municipality,FULL MATCH,1.0,,EXACT MATCH,
33,Tamil Nadu,634,Tiruppur,252616,Thirumuruganpoondi,Municipality,FULL MATCH,1.0,,EXACT MATCH,
33,Tamil Nadu,634,Tiruppur,252630,Samalapuram,Town Panchayat,FULL MATCH,1.0,,EXACT MATCH,
33,Tamil Nadu,634,Tiruppur,252636,Palladam,Municipality,FULL MATCH,1.0,,EXACT MATCH,
33,Tamil Nadu,634,Tiruppur,252682,Kaniyur,Town Panchayat,FULL MATCH,1.0,,EXACT MATCH,
33,Tamil Nadu,634,Tiruppur,252683,Udumalpet,Municipality,FULL MATCH,1.0,,EXACT MATCH,
33,Tamil Nadu,634,Tiruppur,252685,Madathukulam,Town Panchayat,FULL MATCH,1.0,,EXACT MATCH,
33,Tamil Nadu,634,Tiruppur,252686,Sankaramanallur,Town Panchayat,FULL MATCH,1.0,,EXACT MATCH,
33,Tamil Nadu,634,Tiruppur,252687,Komaralingam,Town Panchayat,FULL MATCH,1.0,,EXACT MATCH,
33,Tamil Nadu,634,Tiruppur,252688,Dhali,Town Panchayat,FULL MATCH,1.0,,EXACT MATCH,
33,Tamil Nadu,634,Tiruppur,290455,Kangeyam,Municipality,FULL MATCH,1.0,,EXACT MATCH,
33,Tamil Nadu,729,Kallakurichi,252444,Manalurpet,Town Panchayat,FULL MATCH,1.0,,EXACT MATCH,
33,Tamil Nadu,729,Kallakurichi,252446,Tirukkoyilur,Municipality,FULL MATCH,1.0,,EXACT MATCH,
33,Tamil Nadu,729,Kallakurichi,252448,Sankarapuram,Town Panchayat,FULL MATCH,1.0,,EXACT MATCH,
33,Tamil Nadu,729,Kallakurichi,252449,Vadakkanandal,Town Panchayat,FULL MATCH,1.0,,EXACT MATCH,
33,Tamil Nadu,729,Kallakurichi,252451,Kallakurichi,Municipality,FULL MATCH,1.0,,EXACT MATCH,
33,Tamil Nadu,729,Kallakurichi,252452,Chinnasalem,Town Panchayat,FULL MATCH,1.0,,EXACT MATCH,
33,Tamil Nadu,730,Chengalpattu,252319,Tambaram,Municipal Corporations,AMBIGUOUS MATCH,0.75,HIGH DISPARITY,NEARLY RESOLVABLE,730:Chengalpattu(75.0%) | | | 589:Thiruvallur(25.0%)
33,Tamil Nadu,730,Chengalpattu,252330,Maraimalainagar,Municipality,FULL MATCH,1.0,,EXACT MATCH,
33,Tamil Nadu,730,Chengalpattu,252332,Thiruporur,Town Panchayat,FULL MATCH,1.0,,EXACT MATCH,
33,Tamil Nadu,730,Chengalpattu,252333,Chengalpattu,Municipality,FULL MATCH,1.0,,EXACT MATCH,
33,Tamil Nadu,730,Chengalpattu,252343,Tirukalukundram,Town Panchayat,FULL MATCH,1.0,,EXACT MATCH,
33,Tamil Nadu,730,Chengalpattu,252344,Mamallapuram,Municipality,FULL MATCH,1.0,,EXACT MATCH,
33,Tamil Nadu,730,Chengalpattu,252346,Karunguzhi,Town Panchayat,FULL MATCH,1.0,,EXACT MATCH,
33,Tamil Nadu,730,Chengalpattu,252347,Madurantakam,Municipality,FULL MATCH,1.0,,EXACT MATCH,
33,Tamil Nadu,730,Chengalpattu,252348,Acharapakkam,Town Panchayat,FULL MATCH,1.0,,EXACT MATCH,
33,Tamil Nadu,730,Chengalpattu,252349,Edaikazhinadu,Town Panchayat,FULL MATCH,1.0,,EXACT MATCH,
33,Tamil Nadu,731,Ranipet,252360,Sholingur,Municipality,FULL MATCH,1.0,,EXACT MATCH,
33,Tamil Nadu,731,Ranipet,252361,Ammoor,Town Panchayat,FULL MATCH,1.0,,EXACT MATCH,
33,Tamil Nadu,731,Ranipet,252364,Ranipet,Municipality,FULL MATCH,1.0,,EXACT MATCH,
33,Tamil Nadu,731,Ranipet,252365,Walajapet,Municipality,FULL MATCH,1.0,,EXACT MATCH,
33,Tamil Nadu,731,Ranipet,252366,Melvisharam,Municipality,FULL MATCH,1.0,,EXACT MATCH,
33,Tamil Nadu,731,Ranipet,252367,Arakkonam,Municipality,AMBIGUOUS MATCH,0.7143,HIGH DISPARITY,NEARLY RESOLVABLE,731:Ranipet(71.43%)
33,Tamil Nadu,731,Ranipet,252369,Nemili,Town Panchayat,FULL MATCH,1.0,,EXACT MATCH,
33,Tamil Nadu,731,Ranipet,252370,Thakkolam,Town Panchayat,FULL MATCH,1.0,,EXACT MATCH,
33,Tamil Nadu,731,Ranipet,252371,Kaveripakkam,Town Panchayat,FULL MATCH,1.0,,EXACT MATCH,
33,Tamil Nadu,731,Ranipet,252372,Panapakkam,Town Panchayat,AMBIGUOUS MATCH,0.5,HIGH DISPARITY,NEARLY RESOLVABLE,731:Ranipet(50.0%)
33,Tamil Nadu,731,Ranipet,252373,Arcot,Municipality,FULL MATCH,1.0,,EXACT MATCH,
33,Tamil Nadu,731,Ranipet,252374,Vilapakkam,Town Panchayat,FULL MATCH,1.0,,EXACT MATCH,
33,Tamil Nadu,732,Tirupathur,252392,Uthayendram,Town Panchayat,FULL MATCH,1.0,,EXACT MATCH,
33,Tamil Nadu,732,Tirupathur,252395,Alangayam,Town Panchayat,FULL MATCH,1.0,,EXACT MATCH,
33,Tamil Nadu,732,Tirupathur,252396,Natrampalli,Town Panchayat,FULL MATCH,1.0,,EXACT MATCH,
33,Tamil Nadu,732,Tirupathur,252397,Jolarpet,Municipality,FULL MATCH,1.0,,EXACT MATCH,
33,Tamil Nadu,732,Tirupathur,252398,Thirupathur,Municipality,FULL MATCH,1.0,,EXACT MATCH,
33,Tamil Nadu,733,Tenkasi,252517,Senthamangalam,Town Panchayat,FULL MATCH,1.0,,EXACT MATCH,
33,Tamil Nadu,733,Tenkasi,252548,Elathur,Town Panchayat,FULL MATCH,1.0,,EXACT MATCH,
33,Tamil Nadu,733,Tenkasi,252579,Sivagiri,Town Panchayat,FULL MATCH,1.0,,EXACT MATCH,
33,Tamil Nadu,733,Tenkasi,252988,Rayagiri,Town Panchayat,FULL MATCH,1.0,,EXACT MATCH,
33,Tamil Nadu,733,Tenkasi,252989,Vasudevanallur,Town Panchayat,FULL MATCH,1.0,,EXACT MATCH,
33,Tamil Nadu,733,Tenkasi,252990,Puliangudi,Municipality,FULL MATCH,1.0,,EXACT MATCH,
33,Tamil Nadu,733,Tenkasi,252991,Thiruvengadam,Town Panchayat,FULL MATCH,1.0,,EXACT MATCH,
33,Tamil Nadu,733,Tenkasi,252992,Sankarankovil,Municipality,FULL MATCH,1.0,,EXACT MATCH,
33,Tamil Nadu,733,Tenkasi,252993,Surandai,Municipality,FULL MATCH,1.0,,EXACT MATCH,
33,Tamil Nadu,733,Tenkasi,252994,Kadayanallur,Municipality,FULL MATCH,1.0,,EXACT MATCH,
33,Tamil Nadu,733,Tenkasi,252995,Sambavar Vadagarai,Town Panchayat,FULL MATCH,1.0,,EXACT MATCH,
33,Tamil Nadu,733,Tenkasi,252996,Aygudi,Town Panchayat,FULL MATCH,1.0,,EXACT MATCH,
33,Tamil Nadu,733,Tenkasi,252997,Tenkasi,Municipality,FULL MATCH,1.0,,EXACT MATCH,
33,Tamil Nadu,733,Tenkasi,252998,Sundarapandiapuram,Town Panchayat,FULL MATCH,1.0,,EXACT MATCH,
33,Tamil Nadu,733,Tenkasi,252999,Ilanji,Town Panchayat,FULL MATCH,1.0,,EXACT MATCH,
33,Tamil Nadu,733,Tenkasi,253000,Melagaram,Town Panchayat,FULL MATCH,1.0,,EXACT MATCH,
33,Tamil Nadu,733,Tenkasi,253001,Courtalam,Town Panchayat,FULL MATCH,1.0,,EXACT MATCH,
33,Tamil Nadu,733,Tenkasi,253002,Achampudur,Town Panchayat,FULL MATCH,1.0,,EXACT MATCH,
33,Tamil Nadu,733,Tenkasi,253003,Vadakarai Keezhpadugai,Town Panchayat,FULL MATCH,1.0,,EXACT MATCH,
33,Tamil Nadu,733,Tenkasi,253004,Panpoli,Town Panchayat,FULL MATCH,1.0,,EXACT MATCH,
33,Tamil Nadu,733,Tenkasi,253005,Pudur (S),Town Panchayat,FULL MATCH,1.0,,EXACT MATCH,
33,Tamil Nadu,733,Tenkasi,253006,Sengottai,Municipality,FULL MATCH,1.0,,EXACT MATCH,
33,Tamil Nadu,733,Tenkasi,253007,Kilapavoor,Town Panchayat,FULL MATCH,1.0,,EXACT MATCH,
33,Tamil Nadu,733,Tenkasi,253008,Alangulam,Town Panchayat,FULL MATCH,1.0,,EXACT MATCH,
33,Tamil Nadu,733,Tenkasi,253012,Alwarkurichi,Town Panchayat,FULL MATCH,1.0,,EXACT MATCH,
33,Tamil Nadu,733,Tenkasi,260663,Nalloor,Town Panchayat,FULL MATCH,1.0,,EXACT MATCH,
33,Tamil Nadu,735,Mayiladuthurai,252791,Sirkali,Municipality,FULL MATCH,1.0,,EXACT MATCH,
33,Tamil Nadu,735,Mayiladuthurai,252792,Vaitheeswarankoil,Town Panchayat,FULL MATCH,1.0,,EXACT MATCH,
33,Tamil Nadu,735,Mayiladuthurai,252793,Manalmedu,Town Panchayat,FULL MATCH,1.0,,EXACT MATCH,
33,Tamil Nadu,735,Mayiladuthurai,252794,Mayiladuthurai,Municipality,FULL MATCH,1.0,,EXACT MATCH,
33,Tamil Nadu,735,Mayiladuthurai,252796,Tharangambadi,Town Panchayat,FULL MATCH,1.0,,EXACT MATCH,
34,Puducherry,598,Karaikal,253096,Karaikal,Municipality,FULL MATCH,1.0,,EXACT MATCH,
34,Puducherry,600,Pondicherry,253093,Ozhukarai,Municipality,AI PREDICTION,1.0,,STRONG MATCH,600:Pondicherry(100.0%)
34,Puducherry,600,Pondicherry,253094,Pondicherry,Municipality,AMBIGUOUS MATCH,1.0,MODERATE DISPARITY,MODERATE AMBIGUITY,600:Pondicherry(87.5%) | | | 570:Cuddalore(62.5%)
34,Puducherry,600,Pondicherry,253095,Mahe,Municipality,FULL MATCH,1.0,,EXACT MATCH,
34,Puducherry,746,Kakinada,253092,Yanam,Municipality,FULL MATCH,1.0,,EXACT MATCH,
35,Andaman And Nicobar Islands,602,South Andamans,253098,Port Blair,Municipality,AMBIGUOUS MATCH,0.5,HIGH DISPARITY,NEARLY RESOLVABLE,602:South | Andamans(50.0%)
36,Telangana,501,Adilabad,248083,Adilabad,Municipality,FULL MATCH,1.0,,EXACT MATCH,
36,Telangana,507,Hyderabad,251664,Hyderabad,Municipal Corporations,AMBIGUOUS MATCH,0.4242,MODERATE DISPARITY,MODERATE AMBIGUITY,507:Hyderabad(42.42%) | | | 518:Ranga
36,Telangana,507,Hyderabad,290151,Bollaram,Municipality,AMBIGUOUS MATCH,0.5,LOW DISPARITY,HIGH AMBIGUITY,507:Hyderabad(50.0%) | | | 691:Sangareddy(50.0%)
36,Telangana,507,Hyderabad,305331,Malkajgiri Municipal Corporation,Municipal Corporations,FULL MATCH,1.0,,EXACT MATCH,
36,Telangana,508,Karimnagar,251653,Karimnagar,Municipal Corporations,FULL MATCH,1.0,,EXACT MATCH,
36,Telangana,508,Karimnagar,253265,Huzurabad,Municipality,FULL MATCH,1.0,,EXACT MATCH,
36,Telangana,508,Karimnagar,253266,Jammikunta,Municipality,FULL MATCH,1.0,,EXACT MATCH,
36,Telangana,508,Karimnagar,253267,Husnabad,Municipality,FULL MATCH,1.0,,EXACT MATCH,
36,Telangana,508,Karimnagar,290063,Choppandandi,Municipality,FULL MATCH,1.0,,EXACT MATCH,
36,Telangana,508,Karimnagar,290064,Kothapally,Municipality,FULL MATCH,1.0,,EXACT MATCH,
36,Telangana,509,Khammam,248106,Yellandu,Municipality,FULL MATCH,1.0,,EXACT MATCH,
36,Telangana,509,Khammam,248108,Sathupally,Municipality,FULL MATCH,1.0,,EXACT MATCH,
36,Telangana,509,Khammam,257876,Madhira,Municipality,FULL MATCH,1.0,,EXACT MATCH,
36,Telangana,509,Khammam,290068,Wyra,Municipality,FULL MATCH,1.0,,EXACT MATCH,
36,Telangana,509,Khammam,302293,Edulapuram,Municipality,FULL MATCH,1.0,,EXACT MATCH,
36,Telangana,509,Khammam,302727,Kalluru,Municipality,FULL MATCH,1.0,,EXACT MATCH,
36,Telangana,512,Mahabubnagar,248101,Mahabubnagar,Municipality,AI PREDICTION,1.0,,AMBIGUOUS PREDICTION,512:Mahabubnagar(100.0%) | 518:Ranga Reddy(100.0%) | 721:Narayanpet(100.0%)
36,Telangana,512,Mahabubnagar,248104,Wanaparthy,Municipality,AI PREDICTION,1.0,,AMBIGUOUS PREDICTION,512:Mahabubnagar(100.0%) | 518:Ranga Reddy(100.0%) | 721:Narayanpet(100.0%)
36,Telangana,512,Mahabubnagar,263216,Jadcherla,Municipality,FULL MATCH,1.0,,EXACT MATCH,
36,Telangana,512,Mahabubnagar,290073,Bhootpur,Municipality,FULL MATCH,1.0,,EXACT MATCH,
36,Telangana,512,Mahabubnagar,290074,Kosgi,Municipality,FULL MATCH,1.0,,EXACT MATCH,
36,Telangana,512,Mahabubnagar,290138,Kothakota,Municipality,FULL MATCH,1.0,,EXACT MATCH,
36,Telangana,512,Mahabubnagar,290140,Atmakur,Municipality,FULL MATCH,1.0,,EXACT MATCH,
36,Telangana,512,Mahabubnagar,290142,Amarchinta,Municipality,FULL MATCH,1.0,,EXACT MATCH,
36,Telangana,512,Mahabubnagar,302291,Devarakadara,Municipality,FULL MATCH,1.0,,EXACT MATCH,
36,Telangana,513,Medak,248095,Medak,Municipality,FULL MATCH,1.0,,EXACT MATCH,
36,Telangana,513,Medak,248097,Zaheerabad,Municipality,AI PREDICTION,1.0,,AMBIGUOUS PREDICTION,513:Medak(100.0%) | 685:Kamareddy(100.0%) | 691:Sangareddy(100.0%)
36,Telangana,513,Medak,260558,Andole Jogipet,Municipality,FULL MATCH,1.0,,EXACT MATCH,
36,Telangana,513,Medak,290078,Ramayampet,Municipality,FULL MATCH,1.0,,EXACT MATCH,
36,Telangana,513,Medak,290079,Toopran,Municipality,FULL MATCH,1.0,,EXACT MATCH,
36,Telangana,513,Medak,290080,Narsapur,Municipality,FULL MATCH,1.0,,EXACT MATCH,
36,Telangana,513,Medak,302736,Jinnaram,Municipality,FULL MATCH,1.0,,EXACT MATCH,
36,Telangana,514,Nalgonda,251685,Nalgonda,Municipality,FULL MATCH,1.0,,EXACT MATCH,
36,Telangana,514,Nalgonda,251686,Devarakonda,Municipality,FULL MATCH,1.0,,EXACT MATCH,
36,Telangana,514,Nalgonda,251689,Miryalaguda,Municipality,FULL MATCH,1.0,,EXACT MATCH,
36,Telangana,514,Nalgonda,290089,Chityal,Municipality,FULL MATCH,1.0,,EXACT MATCH,
36,Telangana,514,Nalgonda,290090,Haliya,Municipality,FULL MATCH,1.0,,EXACT MATCH,
36,Telangana,514,Nalgonda,290091,Chandur,Municipality,FULL MATCH,1.0,,EXACT MATCH,
36,Telangana,514,Nalgonda,290133,Nereducharla,Municipality,FULL MATCH,1.0,,EXACT MATCH,
36,Telangana,514,Nalgonda,294879,Nandikonda,Municipality,FULL MATCH,1.0,,EXACT MATCH,
36,Telangana,514,Nalgonda,297095,Nakrekal,Municipality,FULL MATCH,1.0,,EXACT MATCH,
36,Telangana,516,Nizamabad,248090,Armoor,Municipality,FULL MATCH,1.0,,EXACT MATCH,
36,Telangana,516,Nizamabad,248091,Nizamabad,Municipal Corporations,FULL MATCH,1.0,,EXACT MATCH,
36,Telangana,516,Nizamabad,248092,Bodhan,Municipality,FULL MATCH,1.0,,EXACT MATCH,
36,Telangana,516,Nizamabad,290093,Bheemgal,Municipality,FULL MATCH,1.0,,EXACT MATCH,
36,Telangana,516,Nizamabad,290201,Banswada,Municipality,FULL MATCH,1.0,,EXACT MATCH,
36,Telangana,518,Ranga Reddy,254925,Shadnagar,Municipality,FULL MATCH,1.0,,EXACT MATCH,
36,Telangana,518,Ranga Reddy,257864,Pedda Amberpet,Municipality,FULL MATCH,1.0,,EXACT MATCH,
36,Telangana,518,Ranga Reddy,257865,Badangpet,Municipal Corporations,FULL MATCH,1.0,,EXACT MATCH,
36,Telangana,518,Ranga Reddy,258044,Ibrahimpatnam,Municipality,FULL MATCH,1.0,,EXACT MATCH,
36,Telangana,518,Ranga Reddy,276409,Jalapally,Municipality,FULL MATCH,1.0,,EXACT MATCH,
36,Telangana,518,Ranga Reddy,276410,Meerpet,Municipal Corporations,FULL MATCH,1.0,,EXACT MATCH,
36,Telangana,518,Ranga Reddy,290096,Manikonda,Municipality,FULL MATCH,1.0,,EXACT MATCH,
36,Telangana,518,Ranga Reddy,290097,Narsingi,Municipality,FULL MATCH,1.0,,EXACT MATCH,
36,Telangana,518,Ranga Reddy,290098,Bandlaguda Jagir,Municipal Corporations,FULL MATCH,1.0,,EXACT MATCH,
36,Telangana,518,Ranga Reddy,290099,Adibatla,Municipality,FULL MATCH,1.0,,EXACT MATCH,
36,Telangana,518,Ranga Reddy,290100,Shankarpally,Municipality,FULL MATCH,1.0,,EXACT MATCH,
36,Telangana,518,Ranga Reddy,290102,Thukkuguda,Municipality,FULL MATCH,1.0,,EXACT MATCH,
36,Telangana,518,Ranga Reddy,290104,Amangal,Municipality,FULL MATCH,1.0,,EXACT MATCH,
36,Telangana,518,Ranga Reddy,290135,Parigi,Municipality,FULL MATCH,1.0,,EXACT MATCH,
36,Telangana,518,Ranga Reddy,290149,Shamshabad,Municipality,AMBIGUOUS MATCH,0.5,HIGH DISPARITY,NEARLY RESOLVABLE,518:Ranga | Reddy(50.0%)
36,Telangana,518,Ranga Reddy,290150,Turkayamjal,Municipality,FULL MATCH,1.0,,EXACT MATCH,
36,Telangana,518,Ranga Reddy,297017,Kothur,Municipality,FULL MATCH,1.0,,EXACT MATCH,
36,Telangana,518,Ranga Reddy,302290,Chevella,Municipality,FULL MATCH,1.0,,EXACT MATCH,
36,Telangana,518,Ranga Reddy,302299,Moinabad,Municipality,FULL MATCH,1.0,,EXACT MATCH,
36,Telangana,522,Warangal,251691,Warangal,Municipal Corporations,AMBIGUOUS MATCH,0.75,HIGH DISPARITY,NEARLY RESOLVABLE,522:Warangal(75.0%) | | | 686:Hanumakonda(25.0%)
36,Telangana,522,Warangal,253275,Narsampet,Municipality,FULL MATCH,1.0,,EXACT MATCH,
36,Telangana,522,Warangal,290071,Thorrur,Municipality,FULL MATCH,1.0,,EXACT MATCH,
36,Telangana,522,Warangal,290137,Wardhannapet,Municipality,FULL MATCH,1.0,,EXACT MATCH,
36,Telangana,522,Warangal,302303,Kesamudram,Municipality,FULL MATCH,1.0,,EXACT MATCH,
36,Telangana,680,Nirmal,248085,Bhainsa,Municipality,FULL MATCH,1.0,,EXACT MATCH,
36,Telangana,680,Nirmal,248087,Mancherial,Municipality,AI PREDICTION,1.0,,AMBIGUOUS PREDICTION,680:Nirmal(100.0%) | 699:Kumuram Bheem Asifabad(100.0%) | 684:Mancherial(100.0%)
36,Telangana,680,Nirmal,248089,Nirmal,Municipality,FULL MATCH,1.0,,EXACT MATCH,
36,Telangana,680,Nirmal,290092,Khanapur,Municipality,FULL MATCH,1.0,,EXACT MATCH,
36,Telangana,681,Jagitial,251651,Jagtial,Municipality,FULL MATCH,1.0,,EXACT MATCH,
36,Telangana,681,Jagitial,251652,Korutla,Municipality,FULL MATCH,1.0,,EXACT MATCH,
36,Telangana,681,Jagitial,253104,Metpalli,Municipality,FULL MATCH,1.0,,EXACT MATCH,
36,Telangana,681,Jagitial,289549,Raikal,Municipality,FULL MATCH,1.0,,EXACT MATCH,
36,Telangana,681,Jagitial,290061,Dharmapuri,Municipality,FULL MATCH,1.0,,EXACT MATCH,
36,Telangana,682,Peddapalli,251648,Ramagundam,Municipal Corporations,FULL MATCH,1.0,,EXACT MATCH,
36,Telangana,682,Peddapalli,253268,Peddapalli,Municipality,FULL MATCH,1.0,,EXACT MATCH,
36,Telangana,682,Peddapalli,290094,Manthani,Municipality,FULL MATCH,1.0,,EXACT MATCH,
36,Telangana,682,Peddapalli,290095,Sulthanabad,Municipality,FULL MATCH,1.0,,EXACT MATCH,
36,Telangana,683,Rajanna Sircilla,251654,Sircilla,Municipality,FULL MATCH,1.0,,EXACT MATCH,
36,Telangana,683,Rajanna Sircilla,253269,Vemulawada,Municipality,FULL MATCH,1.0,,EXACT MATCH,
36,Telangana,684,Mancherial,248084,Bellampalli,Municipality,FULL MATCH,1.0,,EXACT MATCH,
36,Telangana,684,Mancherial,248088,Mandamarri,Municipality,FULL MATCH,1.0,,EXACT MATCH,
36,Telangana,684,Mancherial,290075,Chennur,Municipality,FULL MATCH,1.0,,EXACT MATCH,
36,Telangana,684,Mancherial,290076,Kyathanpally,Municipality,FULL MATCH,1.0,,EXACT MATCH,
36,Telangana,684,Mancherial,290077,Luxettipet,Municipality,FULL MATCH,1.0,,EXACT MATCH,
36,Telangana,684,Mancherial,290147,Naspur,Municipality,FULL MATCH,1.0,,EXACT MATCH,
36,Telangana,685,Kamareddy,248093,Kamareddy,Municipality,FULL MATCH,1.0,,EXACT MATCH,
36,Telangana,685,Kamareddy,290067,Yellareddy,Municipality,FULL MATCH,1.0,,EXACT MATCH,
36,Telangana,685,Kamareddy,290131,Narayankhed,Municipality,FULL MATCH,1.0,,EXACT MATCH,
36,Telangana,685,Kamareddy,302728,Bichkunda,Municipality,FULL MATCH,1.0,,EXACT MATCH,
36,Telangana,686,Hanumakonda,257970,Parkal,Municipality,FULL MATCH,1.0,,EXACT MATCH,
36,Telangana,686,Hanumakonda,302292,Station Ghanpur,Municipality,FULL MATCH,1.0,,EXACT MATCH,
36,Telangana,687,Jayashankar Bhupalapally,253291,Bhupalpalle,Municipality,FULL MATCH,1.0,,EXACT MATCH,
36,Telangana,688,Mahabubabad,248105,Khammam,Municipal Corporations,AI PREDICTION,1.0,,AMBIGUOUS PREDICTION,688:Mahabubabad(100.0%) | 690:Bhadradri Kothagudem(100.0%) | 509:Khammam(100.0%)
36,Telangana,688,Mahabubabad,257971,Mahabubabad,Municipality,FULL MATCH,1.0,,EXACT MATCH,
36,Telangana,688,Mahabubabad,290069,Dornakal,Municipality,FULL MATCH,1.0,,EXACT MATCH,
36,Telangana,688,Mahabubabad,290070,Maripeda,Municipality,FULL MATCH,1.0,,EXACT MATCH,
36,Telangana,689,Jangoan,251690,Jangaon,Municipality,FULL MATCH,1.0,,EXACT MATCH,
36,Telangana,689,Jangoan,290132,Cherial,Municipality,FULL MATCH,1.0,,EXACT MATCH,
36,Telangana,690,Bhadradri Kothagudem,248107,Manugur,Municipality,FULL MATCH,1.0,,EXACT MATCH,
36,Telangana,690,Bhadradri Kothagudem,248109,Kothagudem,Municipality,FULL MATCH,1.0,,EXACT MATCH,
36,Telangana,690,Bhadradri Kothagudem,248110,Palwancha,Municipality,FULL MATCH,1.0,,EXACT MATCH,
36,Telangana,690,Bhadradri Kothagudem,302289,Aswaraopeta,Municipality,FULL MATCH,1.0,,EXACT MATCH,
36,Telangana,691,Sangareddy,248094,Sangareddy,Municipality,FULL MATCH,1.0,,EXACT MATCH,
36,Telangana,691,Sangareddy,248098,Sadasivpet,Municipality,FULL MATCH,1.0,,EXACT MATCH,
36,Telangana,691,Sangareddy,290152,Tellapur,Municipality,FULL MATCH,1.0,,EXACT MATCH,
36,Telangana,691,Sangareddy,290153,Ameenpur,Municipality,FULL MATCH,1.0,,EXACT MATCH,
36,Telangana,691,Sangareddy,302302,Kohir,Municipality,FULL MATCH,1.0,,EXACT MATCH,
36,Telangana,692,Siddipet,248096,Siddipet,Municipality,FULL MATCH,1.0,,EXACT MATCH,
36,Telangana,692,Siddipet,254930,Gajwel,Municipality,FULL MATCH,1.0,,EXACT MATCH,
36,Telangana,692,Siddipet,260709,Dubbak,Municipality,FULL MATCH,1.0,,EXACT MATCH,
36,Telangana,693,Wanaparthy,290139,Pebbair,Municipality,FULL MATCH,1.0,,EXACT MATCH,
36,Telangana,694,Nagarkurnool,251680,Nagarkurnool,Municipality,FULL MATCH,1.0,,EXACT MATCH,
36,Telangana,694,Nagarkurnool,257989,Kollapur,Municipality,FULL MATCH,1.0,,EXACT MATCH,
36,Telangana,694,Nagarkurnool,258029,Kalwakurthy,Municipality,FULL MATCH,1.0,,EXACT MATCH,
36,Telangana,694,Nagarkurnool,263214,Achampet,Municipality,FULL MATCH,1.0,,EXACT MATCH,
36,Telangana,695,Jogulamba Gadwal,248103,Gadwal,Municipality,FULL MATCH,1.0,,EXACT MATCH,
36,Telangana,695,Jogulamba Gadwal,257993,Ieeja,Municipality,FULL MATCH,1.0,,EXACT MATCH,
36,Telangana,695,Jogulamba Gadwal,290060,Waddepalle,Municipality,FULL MATCH,1.0,,EXACT MATCH,
36,Telangana,695,Jogulamba Gadwal,290062,Alampur,Municipality,FULL MATCH,1.0,,EXACT MATCH,
36,Telangana,696,Suryapet,251684,Suryapet,Municipality,FULL MATCH,1.0,,EXACT MATCH,
36,Telangana,696,Suryapet,253255,Kodad,Municipality,FULL MATCH,1.0,,EXACT MATCH,
36,Telangana,696,Suryapet,253257,Huzurnagar,Municipality,FULL MATCH,1.0,,EXACT MATCH,
36,Telangana,696,Suryapet,290134,Thirumalagiri,Municipality,FULL MATCH,1.0,,EXACT MATCH,
36,Telangana,697,Yadadri Bhuvanagiri,251682,Bhongir,Municipality,FULL MATCH,1.0,,EXACT MATCH,
36,Telangana,697,Yadadri Bhuvanagiri,290141,Mothkur,Municipality,FULL MATCH,1.0,,EXACT MATCH,
36,Telangana,697,Yadadri Bhuvanagiri,290143,Choutuppal,Municipality,FULL MATCH,1.0,,EXACT MATCH,
36,Telangana,697,Yadadri Bhuvanagiri,290144,Alair,Municipality,FULL MATCH,1.0,,EXACT MATCH,
36,Telangana,697,Yadadri Bhuvanagiri,290145,Pochamapally,Municipality,FULL MATCH,1.0,,EXACT MATCH,
36,Telangana,697,Yadadri Bhuvanagiri,290146,Yadagirigutta,Municipality,FULL MATCH,1.0,,EXACT MATCH,
36,Telangana,698,Vikarabad,248099,Tandur,Municipality,FULL MATCH,1.0,,EXACT MATCH,
36,Telangana,698,Vikarabad,248100,Vikarabad,Municipality,FULL MATCH,1.0,,EXACT MATCH,
36,Telangana,698,Vikarabad,290136,Kodangal,Municipality,FULL MATCH,1.0,,EXACT MATCH,
36,Telangana,699,Kumuram Bheem Asifabad,248086,Kagaz Nagar,Municipality,FULL MATCH,1.0,,EXACT MATCH,
36,Telangana,699,Kumuram Bheem Asifabad,301596,Asifabad,Municipality,FULL MATCH,1.0,,EXACT MATCH,
36,Telangana,700,Medchal Malkajgiri,263222,Medchal,Municipality,FULL MATCH,1.0,,EXACT MATCH,
36,Telangana,700,Medchal Malkajgiri,276411,Perrzadiguda,Municipal Corporations,FULL MATCH,1.0,,EXACT MATCH,
36,Telangana,700,Medchal Malkajgiri,276412,Boduppal,Municipal Corporations,FULL MATCH,1.0,,EXACT MATCH,
36,Telangana,700,Medchal Malkajgiri,290081,Dammaiguda,Municipality,FULL MATCH,1.0,,EXACT MATCH,
36,Telangana,700,Medchal Malkajgiri,290082,Nagaram,Municipality,FULL MATCH,1.0,,EXACT MATCH,
36,Telangana,700,Medchal Malkajgiri,290083,Pocharam,Municipality,FULL MATCH,1.0,,EXACT MATCH,
36,Telangana,700,Medchal Malkajgiri,290084,Ghatkesar,Municipality,FULL MATCH,1.0,,EXACT MATCH,
36,Telangana,700,Medchal Malkajgiri,290085,Gundlapochampally,Municipality,FULL MATCH,1.0,,EXACT MATCH,
36,Telangana,700,Medchal Malkajgiri,290086,Thumkunta,Municipality,FULL MATCH,1.0,,EXACT MATCH,
36,Telangana,700,Medchal Malkajgiri,290087,Nizampet,Municipal Corporations,FULL MATCH,1.0,,EXACT MATCH,
36,Telangana,700,Medchal Malkajgiri,290088,Kompally,Municipality,FULL MATCH,1.0,,EXACT MATCH,
36,Telangana,700,Medchal Malkajgiri,290148,Jawaharnagar,Municipal Corporations,FULL MATCH,1.0,,EXACT MATCH,
36,Telangana,700,Medchal Malkajgiri,290154,Dundigal,Municipality,FULL MATCH,1.0,,EXACT MATCH,
36,Telangana,700,Medchal Malkajgiri,302710,Muduchinthalapally,Municipality,FULL MATCH,1.0,,EXACT MATCH,
36,Telangana,700,Medchal Malkajgiri,302811,Aliyadbad,Municipality,FULL MATCH,1.0,,EXACT MATCH,
36,Telangana,720,Mulugu,302731,Mulugu,Municipality,FULL MATCH,1.0,,EXACT MATCH,
36,Telangana,721,Narayanpet,248102,Narayanpet,Municipality,FULL MATCH,1.0,,EXACT MATCH,
36,Telangana,721,Narayanpet,290072,Makthal,Municipality,FULL MATCH,1.0,,EXACT MATCH,
36,Telangana,721,Narayanpet,302301,Maddur,Municipality,FULL MATCH,1.0,,EXACT MATCH,
37,Ladakh,6,Kargil,248177,Leh,Municipality,FULL MATCH,1.0,,EXACT MATCH,
37,Ladakh,6,Kargil,248178,Kargil,Municipality,FULL MATCH,1.0,,EXACT MATCH,
38,The Dadra And Nagar Haveli And Daman And Diu,462,Valsad,251273,Silvassa,Municipality,FULL MATCH,1.0,,EXACT MATCH,
38,The Dadra And Nagar Haveli And Daman And Diu,463,Daman,251272,Daman,Municipality,FULL MATCH,1.0,,EXACT MATCH,
38,The Dadra And Nagar Haveli And Daman And Diu,464,Diu,251271,Diu,Municipality,FULL MATCH,1.0,,EXACT MATCH,
