localBodyCode,status,matched_district(s)
248034,FULL MATCH,8
248035,FULL MATCH,8
248036,FULL MATCH,621
248037,FULL MATCH,621
248038,FULL MATCH,4
248039,FULL MATCH,"4, 621"
248040,FULL MATCH,4
248041,FULL MATCH,620
248042,FULL MATCH,10
248043,FULL MATCH,"24, 25"
248044,FULL MATCH,16
248045,FULL MATCH,"24, 25"
248046,FULL MATCH,16
248047,FULL MATCH,24
248049,FULL MATCH,324
248050,AMBIGUOUS MATCH,"324, 326"
248051,AMBIGUOUS MATCH,"326, 330"
248052,AMBIGUOUS MATCH,"326, 340"
248053,FULL MATCH,340
248054,FULL MATCH,326
248055,FULL MATCH,326
248056,AMBIGUOUS MATCH,322
248057,FULL MATCH,326
248058,FULL MATCH,352
248059,FULL MATCH,352
248060,FULL MATCH,352
248061,FULL MATCH,377
248062,FULL MATCH,377
248063,FULL MATCH,"381, 643"
248064,FULL MATCH,"381, 637, 643"
248065,FULL MATCH,433
248066,FULL MATCH,638
248067,FULL MATCH,433
248068,FULL MATCH,433
248069,FULL MATCH,394
248070,FULL MATCH,394
248071,FULL MATCH,394
248072,FULL MATCH,394
248073,FULL MATCH,394
248075,FULL MATCH,415
248076,FULL MATCH,"454, 669"
248077,FULL MATCH,471
248078,FULL MATCH,471
248079,FULL MATCH,471
248080,FULL MATCH,"473, 475"
248081,FULL MATCH,475
248082,FULL MATCH,473
248083,FULL MATCH,501
248084,FULL MATCH,684
248085,FULL MATCH,680
248086,FULL MATCH,699
248087,NO MATCH,
248088,FULL MATCH,684
248089,FULL MATCH,680
248090,FULL MATCH,516
248091,FULL MATCH,516
248092,FULL MATCH,516
248093,FULL MATCH,685
248094,FULL MATCH,691
248095,FULL MATCH,513
248096,FULL MATCH,692
248097,NO MATCH,
248098,FULL MATCH,691
248099,FULL MATCH,698
248100,FULL MATCH,698
248101,NO MATCH,
248102,FULL MATCH,721
248103,FULL MATCH,695
248104,NO MATCH,
248105,NO MATCH,
248106,FULL MATCH,"509, 690"
248107,FULL MATCH,690
248108,FULL MATCH,"509, 690"
248109,FULL MATCH,690
248110,FULL MATCH,690
248111,FULL MATCH,504
248112,FULL MATCH,502
248113,NO MATCH,
248114,FULL MATCH,502
248115,AMBIGUOUS MATCH,754
248116,FULL MATCH,754
248117,FULL MATCH,502
248118,FULL MATCH,754
248119,NO MATCH,
248120,FULL MATCH,753
248121,NO MATCH,
248122,FULL MATCH,503
248123,FULL MATCH,503
248124,FULL MATCH,752
248125,FULL MATCH,503
248126,FULL MATCH,"503, 752"
248127,AMBIGUOUS MATCH,538
248128,AMBIGUOUS MATCH,"326, 328"
248129,AMBIGUOUS MATCH,"323, 326"
248130,FULL MATCH,332
248131,FULL MATCH,334
248132,AMBIGUOUS MATCH,"326, 334"
248133,AMBIGUOUS MATCH,"326, 337"
248134,FULL MATCH,324
248135,FULL MATCH,326
248136,FULL MATCH,326
248137,FULL MATCH,326
248138,FULL MATCH,326
248139,FULL MATCH,8
248140,FULL MATCH,344
248141,FULL MATCH,344
248142,FULL MATCH,344
248143,FULL MATCH,374
248145,FULL MATCH,182
248146,FULL MATCH,"3, 623"
248147,FULL MATCH,"3, 8, 623"
248148,FULL MATCH,"3, 8, 623"
248149,FULL MATCH,3
248150,FULL MATCH,"3, 623"
248151,FULL MATCH,"3, 8"
248152,FULL MATCH,3
248153,FULL MATCH,3
248154,FULL MATCH,3
248155,FULL MATCH,626
248156,AMBIGUOUS MATCH,13
248157,FULL MATCH,"2, 3"
248158,FULL MATCH,2
248159,FULL MATCH,"2, 13"
248160,FULL MATCH,2
248161,FULL MATCH,2
248162,FULL MATCH,"11, 13"
248163,FULL MATCH,11
248164,FULL MATCH,11
248165,FULL MATCH,11
248166,FULL MATCH,11
248167,FULL MATCH,625
248168,FULL MATCH,1
248169,FULL MATCH,1
248170,FULL MATCH,1
248171,AMBIGUOUS MATCH,1
248172,FULL MATCH,1
248173,FULL MATCH,1
248174,FULL MATCH,622
248175,FULL MATCH,1
248176,FULL MATCH,1
248177,FULL MATCH,"6, 9"
248178,FULL MATCH,"6, 9"
248187,FULL MATCH,12
248190,FULL MATCH,12
248191,FULL MATCH,5
248192,FULL MATCH,5
248193,FULL MATCH,5
248194,AMBIGUOUS MATCH,5
248195,FULL MATCH,5
248196,FULL MATCH,5
248197,FULL MATCH,5
248198,FULL MATCH,5
248199,FULL MATCH,624
248201,FULL MATCH,624
248202,FULL MATCH,"14, 624"
248203,FULL MATCH,624
248204,FULL MATCH,7
248210,FULL MATCH,18
248211,FULL MATCH,18
248213,FULL MATCH,18
248214,FULL MATCH,18
248216,FULL MATCH,18
248217,FULL MATCH,18
248218,FULL MATCH,20
248219,FULL MATCH,20
248220,FULL MATCH,"20, 22"
248221,FULL MATCH,"20, 22"
248222,FULL MATCH,22
248223,FULL MATCH,22
248224,FULL MATCH,22
248225,FULL MATCH,"20, 22"
248226,FULL MATCH,22
248227,FULL MATCH,17
248228,FULL MATCH,17
248229,FULL MATCH,17
248230,FULL MATCH,17
248231,FULL MATCH,26
248232,FULL MATCH,26
248233,FULL MATCH,26
248234,FULL MATCH,26
248235,FULL MATCH,26
248236,FULL MATCH,15
248237,FULL MATCH,15
248238,FULL MATCH,15
248239,FULL MATCH,15
248240,FULL MATCH,"24, 25"
248241,FULL MATCH,"24, 25"
248242,FULL MATCH,"24, 25"
248243,FULL MATCH,"24, 25"
248244,FULL MATCH,"24, 25"
248245,FULL MATCH,"20, 23"
248246,FULL MATCH,23
248247,FULL MATCH,23
248248,FULL MATCH,23
248249,FULL MATCH,23
248250,FULL MATCH,23
248251,FULL MATCH,23
248252,FULL MATCH,23
248253,FULL MATCH,23
248254,FULL MATCH,"32, 662"
248256,FULL MATCH,32
248259,FULL MATCH,"32, 662"
248260,FULL MATCH,32
248262,FULL MATCH,32
248263,FULL MATCH,32
248264,FULL MATCH,32
248265,FULL MATCH,32
248266,FULL MATCH,32
248267,FULL MATCH,32
248268,FULL MATCH,27
248269,FULL MATCH,27
248270,FULL MATCH,27
248271,FULL MATCH,"27, 609"
248272,FULL MATCH,"27, 609"
248273,FULL MATCH,27
248274,FULL MATCH,"27, 609"
248275,FULL MATCH,609
248276,FULL MATCH,"27, 609"
248277,FULL MATCH,609
248278,FULL MATCH,609
248280,FULL MATCH,35
248281,FULL MATCH,"34, 35"
248282,FULL MATCH,35
248283,FULL MATCH,35
248285,FULL MATCH,"34, 35"
248286,FULL MATCH,"34, 35"
248287,FULL MATCH,"34, 35"
248288,FULL MATCH,"34, 35"
248289,FULL MATCH,"34, 35"
248291,FULL MATCH,"34, 35"
248292,FULL MATCH,34
248293,FULL MATCH,34
248294,FULL MATCH,34
248295,FULL MATCH,34
248296,FULL MATCH,34
248298,FULL MATCH,34
248299,FULL MATCH,"34, 35"
248300,NO MATCH,
248301,NO MATCH,
248302,NO MATCH,
248303,NO MATCH,
248305,NO MATCH,
248306,NO MATCH,
248308,NO MATCH,
248309,NO MATCH,
248310,NO MATCH,
248311,NO MATCH,
248312,FULL MATCH,40
248313,FULL MATCH,40
248314,FULL MATCH,40
248315,NO MATCH,
248317,FULL MATCH,42
248319,FULL MATCH,42
248320,FULL MATCH,"42, 608"
248321,FULL MATCH,"42, 608"
248324,FULL MATCH,608
248325,AMBIGUOUS MATCH,608
248327,FULL MATCH,"30, 41"
248328,FULL MATCH,30
248329,FULL MATCH,30
248330,FULL MATCH,"30, 41"
248331,FULL MATCH,30
248332,FULL MATCH,36
248333,FULL MATCH,36
248334,FULL MATCH,36
248335,FULL MATCH,36
248336,FULL MATCH,36
248337,FULL MATCH,36
248338,FULL MATCH,36
248339,FULL MATCH,36
248340,FULL MATCH,36
248342,FULL MATCH,36
248343,FULL MATCH,36
248344,FULL MATCH,38
248345,FULL MATCH,38
248346,FULL MATCH,"31, 38"
248347,FULL MATCH,38
248348,FULL MATCH,"31, 38"
248349,FULL MATCH,"31, 38"
248350,FULL MATCH,31
248351,FULL MATCH,31
248352,FULL MATCH,"31, 651"
248353,FULL MATCH,"31, 651"
248354,FULL MATCH,651
248355,FULL MATCH,651
248356,FULL MATCH,39
248357,FULL MATCH,39
248358,FULL MATCH,"29, 39"
248359,FULL MATCH,39
248360,FULL MATCH,29
248361,FULL MATCH,29
248362,FULL MATCH,"29, 39"
248363,FULL MATCH,"28, 37"
248364,FULL MATCH,28
248366,FULL MATCH,28
248367,FULL MATCH,28
248368,FULL MATCH,28
248369,FULL MATCH,28
248370,FULL MATCH,"28, 37"
248371,FULL MATCH,"28, 37"
248372,FULL MATCH,37
248373,FULL MATCH,37
248374,FULL MATCH,37
248375,FULL MATCH,"28, 37"
248376,FULL MATCH,"28, 37"
248377,FULL MATCH,605
248378,FULL MATCH,605
248379,FULL MATCH,605
248380,FULL MATCH,605
248381,FULL MATCH,605
248382,FULL MATCH,737
248383,FULL MATCH,"43, 737"
248384,FULL MATCH,"43, 605"
248385,FULL MATCH,"43, 605"
248386,FULL MATCH,43
248387,FULL MATCH,43
248388,FULL MATCH,43
248389,FULL MATCH,43
248390,FULL MATCH,43
248391,FULL MATCH,43
248392,FULL MATCH,43
248393,FULL MATCH,43
248394,FULL MATCH,41
248395,FULL MATCH,41
248396,FULL MATCH,41
248397,FULL MATCH,41
248398,FULL MATCH,41
248399,FULL MATCH,41
248402,FULL MATCH,"30, 41, 608"
248403,FULL MATCH,"41, 608"
248404,FULL MATCH,"41, 608"
248405,FULL MATCH,608
248407,FULL MATCH,608
248409,FULL MATCH,57
248410,FULL MATCH,57
248411,FULL MATCH,57
248412,FULL MATCH,47
248413,FULL MATCH,47
248414,FULL MATCH,47
248415,FULL MATCH,47
248416,FULL MATCH,"47, 54"
248417,FULL MATCH,47
248418,FULL MATCH,54
248419,FULL MATCH,"47, 54"
248420,FULL MATCH,55
248421,FULL MATCH,"52, 55"
248422,FULL MATCH,"53, 55"
248423,FULL MATCH,55
248424,FULL MATCH,55
248426,FULL MATCH,55
248427,AMBIGUOUS MATCH,49
248428,AMBIGUOUS MATCH,49
248429,FULL MATCH,49
248430,FULL MATCH,49
248433,FULL MATCH,49
248434,NO MATCH,
248437,FULL MATCH,52
248438,FULL MATCH,52
248440,FULL MATCH,52
248441,FULL MATCH,52
248444,FULL MATCH,53
248445,FULL MATCH,53
248446,FULL MATCH,53
248447,FULL MATCH,46
248448,FULL MATCH,45
248449,FULL MATCH,"45, 46"
248450,FULL MATCH,48
248451,FULL MATCH,"48, 53"
248452,FULL MATCH,"48, 51"
248454,FULL MATCH,51
248455,FULL MATCH,51
248456,FULL MATCH,51
248457,FULL MATCH,"45, 51, 56"
248458,FULL MATCH,51
248459,FULL MATCH,51
248460,FULL MATCH,51
248461,FULL MATCH,56
248462,FULL MATCH,56
248463,FULL MATCH,56
248465,FULL MATCH,56
248466,FULL MATCH,56
248467,FULL MATCH,"51, 56"
248468,FULL MATCH,56
248469,FULL MATCH,56
248470,FULL MATCH,56
248471,FULL MATCH,56
248474,FULL MATCH,56
248475,FULL MATCH,56
248476,FULL MATCH,56
248477,FULL MATCH,56
248478,FULL MATCH,50
248481,FULL MATCH,50
248482,FULL MATCH,50
248483,NO MATCH,
248485,FULL MATCH,50
248486,FULL MATCH,50
248487,FULL MATCH,70
248489,FULL MATCH,70
248490,FULL MATCH,58
248491,FULL MATCH,58
248500,FULL MATCH,76
248506,FULL MATCH,68
248507,FULL MATCH,68
248508,FULL MATCH,68
248509,FULL MATCH,68
248510,FULL MATCH,66
248511,FULL MATCH,66
248512,FULL MATCH,66
248513,FULL MATCH,66
248514,FULL MATCH,67
248515,FULL MATCH,67
248516,FULL MATCH,67
248517,FULL MATCH,67
248519,FULL MATCH,67
248520,FULL MATCH,67
248521,NO MATCH,
248526,FULL MATCH,71
248527,FULL MATCH,75
248528,FULL MATCH,75
248529,FULL MATCH,75
248530,FULL MATCH,75
248531,FULL MATCH,65
248532,FULL MATCH,65
248533,FULL MATCH,65
248534,FULL MATCH,65
248535,FULL MATCH,65
248536,FULL MATCH,61
248537,FULL MATCH,61
248538,FULL MATCH,"61, 63, 74"
248539,FULL MATCH,74
248540,FULL MATCH,74
248541,FULL MATCH,74
248542,FULL MATCH,74
248543,FULL MATCH,74
248544,FULL MATCH,"61, 63"
248545,AMBIGUOUS MATCH,"63, 70, 792"
248546,FULL MATCH,63
248547,FULL MATCH,"63, 792"
248548,FULL MATCH,"63, 792"
248549,FULL MATCH,59
248550,FULL MATCH,59
248552,FULL MATCH,59
248553,FULL MATCH,"59, 701"
248554,FULL MATCH,59
248555,FULL MATCH,73
248556,FULL MATCH,73
248557,FULL MATCH,73
248558,FULL MATCH,"64, 73"
248560,FULL MATCH,64
248562,FULL MATCH,64
248563,FULL MATCH,69
248564,FULL MATCH,69
248565,FULL MATCH,69
248566,FULL MATCH,69
248568,FULL MATCH,72
248569,FULL MATCH,72
248571,FULL MATCH,72
248573,FULL MATCH,62
248574,FULL MATCH,62
248576,FULL MATCH,62
248579,FULL MATCH,"62, 604"
248580,FULL MATCH,"62, 72, 604"
248581,FULL MATCH,604
248582,FULL MATCH,604
248583,FULL MATCH,604
248585,FULL MATCH,60
248586,FULL MATCH,"60, 619"
248587,FULL MATCH,619
248589,FULL MATCH,619
248649,AMBIGUOUS MATCH,"98, 100, 112, 117"
248650,AMBIGUOUS MATCH,"98, 100, 101, 112, 117"
248651,AMBIGUOUS MATCH,"100, 112, 117, 774"
248652,AMBIGUOUS MATCH,"98, 100, 101, 112, 117"
248653,AMBIGUOUS MATCH,"98, 100, 112, 117"
248654,AMBIGUOUS MATCH,"98, 100, 112, 117"
248655,AMBIGUOUS MATCH,"98, 100, 101, 112, 117"
248656,AMBIGUOUS MATCH,"98, 100, 112, 117"
248658,AMBIGUOUS MATCH,"98, 100, 101, 112, 117"
248660,AMBIGUOUS MATCH,"98, 100, 101, 112, 117"
248661,AMBIGUOUS MATCH,"98, 100, 101, 107, 112, 117"
248662,AMBIGUOUS MATCH,"100, 101, 112, 117, 774"
248663,AMBIGUOUS MATCH,"98, 100, 101, 112, 117"
248664,AMBIGUOUS MATCH,"100, 101, 112, 117"
248665,AMBIGUOUS MATCH,"100, 101, 112, 117"
248666,AMBIGUOUS MATCH,"101, 112, 117"
248667,FULL MATCH,93
248668,AMBIGUOUS MATCH,"93, 98, 112, 117"
248669,AMBIGUOUS MATCH,"93, 98, 112, 117"
248670,AMBIGUOUS MATCH,"96, 98, 112, 117"
248671,AMBIGUOUS MATCH,"87, 112, 117"
248672,AMBIGUOUS MATCH,"96, 98, 112, 117"
248673,AMBIGUOUS MATCH,"96, 112, 117, 774"
248674,AMBIGUOUS MATCH,"96, 98, 112, 117"
248675,AMBIGUOUS MATCH,"93, 98, 112, 117"
248676,AMBIGUOUS MATCH,"96, 112, 117"
248677,AMBIGUOUS MATCH,"96, 98, 112, 117"
248678,AMBIGUOUS MATCH,"96, 112, 117"
248679,AMBIGUOUS MATCH,"96, 98, 112, 117"
248680,AMBIGUOUS MATCH,"96, 112, 117, 774"
248681,AMBIGUOUS MATCH,"98, 106, 112, 117"
248682,AMBIGUOUS MATCH,"98, 106, 112, 117"
248683,AMBIGUOUS MATCH,"106, 112, 117, 774"
248684,AMBIGUOUS MATCH,"98, 106, 112, 117"
248685,AMBIGUOUS MATCH,"98, 106, 112, 117"
248686,AMBIGUOUS MATCH,"98, 112, 117, 777"
248687,AMBIGUOUS MATCH,"98, 106, 112, 117"
248688,AMBIGUOUS MATCH,"98, 106, 112, 117"
248690,AMBIGUOUS MATCH,"106, 112, 117"
248691,AMBIGUOUS MATCH,"98, 106, 112, 117"
248692,AMBIGUOUS MATCH,"98, 106, 112, 117"
248693,AMBIGUOUS MATCH,"98, 106, 112, 117"
248694,AMBIGUOUS MATCH,"98, 112, 117, 782"
248695,AMBIGUOUS MATCH,"112, 117, 770, 774"
248696,AMBIGUOUS MATCH,"98, 112, 117, 770"
248698,AMBIGUOUS MATCH,"112, 117, 770"
248699,AMBIGUOUS MATCH,"87, 112, 117, 774, 782"
248700,AMBIGUOUS MATCH,"96, 98, 112, 117"
248702,AMBIGUOUS MATCH,"87, 112, 117"
248703,AMBIGUOUS MATCH,"98, 112, 117, 767"
248704,AMBIGUOUS MATCH,"98, 112, 117, 767"
248705,AMBIGUOUS MATCH,"91, 112, 117, 767, 774"
248706,AMBIGUOUS MATCH,"91, 112, 117, 767"
248707,AMBIGUOUS MATCH,"98, 112, 117, 767"
248708,FULL MATCH,"91, 767"
248709,AMBIGUOUS MATCH,"91, 98, 112, 117"
248710,AMBIGUOUS MATCH,"91, 98, 112, 117"
248711,AMBIGUOUS MATCH,"91, 98, 112, 117"
248712,AMBIGUOUS MATCH,"98, 112, 117"
248713,AMBIGUOUS MATCH,"98, 112, 117, 774"
248714,AMBIGUOUS MATCH,"98, 112, 117"
248715,AMBIGUOUS MATCH,"108, 112, 117"
248716,AMBIGUOUS MATCH,"108, 112, 117, 774"
248717,AMBIGUOUS MATCH,"108, 112, 117, 774"
248718,AMBIGUOUS MATCH,"112, 113, 117, 774"
248720,AMBIGUOUS MATCH,"112, 113, 117, 774"
248722,AMBIGUOUS MATCH,"97, 112, 117"
248725,AMBIGUOUS MATCH,"97, 102, 112, 117, 774"
248726,AMBIGUOUS MATCH,"97, 112, 117"
248727,AMBIGUOUS MATCH,"112, 117, 774, 782"
248728,AMBIGUOUS MATCH,"98, 112, 117, 782"
248729,AMBIGUOUS MATCH,"102, 112, 117, 782"
248730,AMBIGUOUS MATCH,"98, 102, 112, 117"
248731,AMBIGUOUS MATCH,"98, 102, 112, 117"
248732,AMBIGUOUS MATCH,"98, 102, 112, 117"
248733,AMBIGUOUS MATCH,"98, 102, 112, 117"
248734,AMBIGUOUS MATCH,"98, 102, 112, 117"
248735,AMBIGUOUS MATCH,"98, 102, 112, 117"
248736,AMBIGUOUS MATCH,102
248737,AMBIGUOUS MATCH,"98, 102, 112, 117"
248738,AMBIGUOUS MATCH,"98, 112, 114, 117"
248739,AMBIGUOUS MATCH,"98, 112, 114, 117"
248740,AMBIGUOUS MATCH,"112, 114, 117"
248741,AMBIGUOUS MATCH,"112, 114, 117, 774"
248742,AMBIGUOUS MATCH,"112, 114, 117"
248743,AMBIGUOUS MATCH,"112, 114, 117"
248744,AMBIGUOUS MATCH,"112, 114, 117"
248745,AMBIGUOUS MATCH,"98, 112, 114, 117"
248746,AMBIGUOUS MATCH,"112, 114, 117"
248747,AMBIGUOUS MATCH,"98, 112, 117, 768"
248748,AMBIGUOUS MATCH,"97, 98, 112, 117, 768"
248749,AMBIGUOUS MATCH,"110, 112, 117, 768, 774"
248751,AMBIGUOUS MATCH,"98, 110, 112, 117"
248752,AMBIGUOUS MATCH,"98, 110, 112, 117"
248753,AMBIGUOUS MATCH,"98, 110, 112, 117"
248755,AMBIGUOUS MATCH,"98, 110, 112, 117, 768"
248756,AMBIGUOUS MATCH,"112, 117, 768, 774"
248757,AMBIGUOUS MATCH,"98, 112, 117, 768"
248758,AMBIGUOUS MATCH,"98, 112, 117, 768"
248759,AMBIGUOUS MATCH,"98, 103, 112, 117, 772"
248760,AMBIGUOUS MATCH,107
248761,AMBIGUOUS MATCH,"98, 107, 112, 117"
248762,AMBIGUOUS MATCH,"98, 107, 112, 117"
248763,AMBIGUOUS MATCH,"103, 112, 117, 772, 774"
248764,AMBIGUOUS MATCH,"98, 103, 112, 117, 772"
248765,AMBIGUOUS MATCH,"112, 117, 774, 775"
248766,AMBIGUOUS MATCH,"90, 112, 117, 774"
248767,AMBIGUOUS MATCH,"104, 112, 117, 774"
248768,AMBIGUOUS MATCH,"98, 104, 112, 117"
248769,AMBIGUOUS MATCH,"98, 104, 112, 117"
248770,AMBIGUOUS MATCH,"98, 112, 115, 117"
248771,AMBIGUOUS MATCH,"112, 115, 117, 774"
248773,AMBIGUOUS MATCH,"98, 112, 115, 117"
248774,AMBIGUOUS MATCH,"98, 112, 115, 117"
248775,AMBIGUOUS MATCH,"98, 112, 117, 774"
248776,AMBIGUOUS MATCH,"98, 111, 112, 117"
248778,AMBIGUOUS MATCH,"111, 112, 117, 774"
248780,AMBIGUOUS MATCH,"98, 111, 112, 117"
248781,AMBIGUOUS MATCH,"98, 111, 112, 117"
248782,AMBIGUOUS MATCH,"98, 111, 112, 117"
248783,AMBIGUOUS MATCH,"111, 112, 117"
248784,AMBIGUOUS MATCH,"98, 111, 112, 117"
248785,AMBIGUOUS MATCH,"98, 111, 112, 117"
248786,AMBIGUOUS MATCH,"86, 112, 117, 774"
248787,AMBIGUOUS MATCH,"86, 112, 117"
248788,AMBIGUOUS MATCH,86
248790,AMBIGUOUS MATCH,"112, 117, 774"
248791,AMBIGUOUS MATCH,"86, 112, 117, 774"
248792,AMBIGUOUS MATCH,"86, 98, 112, 117"
248793,AMBIGUOUS MATCH,"86, 98, 112, 117"
248794,AMBIGUOUS MATCH,"112, 116, 117"
248796,AMBIGUOUS MATCH,"98, 112, 116, 117"
248797,AMBIGUOUS MATCH,"112, 116, 117, 774"
248798,AMBIGUOUS MATCH,"98, 112, 116, 117"
248799,AMBIGUOUS MATCH,"112, 116, 117"
248800,AMBIGUOUS MATCH,"94, 98, 112, 116, 117"
248801,AMBIGUOUS MATCH,"94, 98, 112, 117"
248802,AMBIGUOUS MATCH,"94, 98, 112, 117"
248803,AMBIGUOUS MATCH,"94, 98, 112, 117"
248804,AMBIGUOUS MATCH,"94, 98, 112, 117"
248805,AMBIGUOUS MATCH,"94, 98, 112, 117"
248806,AMBIGUOUS MATCH,"94, 112, 117, 774"
248808,AMBIGUOUS MATCH,"92, 98, 112, 117, 774"
248809,AMBIGUOUS MATCH,"92, 98, 112, 117"
248811,AMBIGUOUS MATCH,"92, 98, 112, 117"
248812,AMBIGUOUS MATCH,"92, 112, 117, 774"
248813,AMBIGUOUS MATCH,"92, 98, 112, 117"
248814,AMBIGUOUS MATCH,"92, 98, 112, 117"
248816,AMBIGUOUS MATCH,"98, 112, 117, 774"
248817,AMBIGUOUS MATCH,"98, 112, 117"
248818,AMBIGUOUS MATCH,"112, 117, 774"
248820,AMBIGUOUS MATCH,"98, 112, 117"
248821,AMBIGUOUS MATCH,"98, 109, 112, 117"
248822,AMBIGUOUS MATCH,"109, 112, 117, 774, 777"
248823,AMBIGUOUS MATCH,"98, 112, 117, 777"
248824,AMBIGUOUS MATCH,"98, 112, 117, 777"
248826,FULL MATCH,117
248831,AMBIGUOUS MATCH,"99, 112, 117, 774"
248832,AMBIGUOUS MATCH,"98, 99, 112, 117"
248835,AMBIGUOUS MATCH,"88, 112, 117, 774"
248836,AMBIGUOUS MATCH,"88, 98, 112, 117"
248837,AMBIGUOUS MATCH,"95, 98, 112, 117"
248838,AMBIGUOUS MATCH,"95, 112, 117"
248839,AMBIGUOUS MATCH,"95, 112, 117, 774"
248840,AMBIGUOUS MATCH,"95, 98, 112, 117"
248841,AMBIGUOUS MATCH,"95, 98, 112, 117"
248842,AMBIGUOUS MATCH,"98, 112, 117, 629"
248843,AMBIGUOUS MATCH,"95, 98, 112, 117, 629"
248844,AMBIGUOUS MATCH,"87, 112, 117, 629, 774"
248845,FULL MATCH,109
248847,AMBIGUOUS MATCH,"98, 109, 112, 117"
248851,AMBIGUOUS MATCH,"98, 109, 112, 117"
248855,AMBIGUOUS MATCH,"98, 109, 112, 117"
248856,AMBIGUOUS MATCH,"89, 98, 112, 117"
248857,AMBIGUOUS MATCH,"89, 98, 109, 112, 117"
248858,AMBIGUOUS MATCH,"89, 109, 112, 117, 774"
248860,AMBIGUOUS MATCH,"89, 98, 112, 117"
248862,AMBIGUOUS MATCH,"105, 112, 117, 774"
248863,AMBIGUOUS MATCH,"105, 112, 117"
248865,AMBIGUOUS MATCH,"98, 105, 112, 117"
248867,AMBIGUOUS MATCH,"98, 105, 112, 117"
248868,AMBIGUOUS MATCH,"98, 105, 112, 117"
248870,FULL MATCH,177
248873,FULL MATCH,177
248874,FULL MATCH,177
248875,FULL MATCH,177
248876,FULL MATCH,177
248877,FULL MATCH,177
248878,FULL MATCH,177
248879,FULL MATCH,177
248880,FULL MATCH,177
248881,FULL MATCH,177
248882,FULL MATCH,177
248883,FULL MATCH,660
248884,FULL MATCH,660
248885,FULL MATCH,"172, 660"
248886,FULL MATCH,"172, 660"
248887,FULL MATCH,"172, 660"
248888,FULL MATCH,"172, 660"
248889,FULL MATCH,"172, 660"
248890,FULL MATCH,"172, 660"
248891,FULL MATCH,660
248892,FULL MATCH,"50, 132"
248893,FULL MATCH,172
248894,FULL MATCH,172
248895,FULL MATCH,172
248896,FULL MATCH,"172, 660"
248897,FULL MATCH,172
248898,FULL MATCH,172
248899,FULL MATCH,172
248901,FULL MATCH,"172, 660"
248902,FULL MATCH,172
248903,FULL MATCH,"172, 660"
248904,FULL MATCH,132
248905,FULL MATCH,"50, 132"
248907,FULL MATCH,"172, 660"
248908,FULL MATCH,132
248909,FULL MATCH,132
248910,FULL MATCH,132
248913,FULL MATCH,132
248914,FULL MATCH,132
248915,FULL MATCH,132
248916,FULL MATCH,132
248917,FULL MATCH,132
248918,FULL MATCH,132
248919,FULL MATCH,132
248920,FULL MATCH,132
248921,FULL MATCH,132
248922,FULL MATCH,132
248923,FULL MATCH,132
248924,FULL MATCH,132
248925,FULL MATCH,171
248926,FULL MATCH,"154, 171"
248927,FULL MATCH,"154, 171"
248928,FULL MATCH,171
248929,FULL MATCH,"154, 171"
248930,FULL MATCH,171
248931,FULL MATCH,"171, 659"
248933,FULL MATCH,"171, 659"
248934,FULL MATCH,659
248935,FULL MATCH,659
248936,FULL MATCH,"171, 659"
248937,FULL MATCH,659
248938,FULL MATCH,176
248939,FULL MATCH,176
248940,FULL MATCH,121
248941,FULL MATCH,176
248942,NO MATCH,
248943,FULL MATCH,176
248944,FULL MATCH,176
248945,FULL MATCH,176
248946,FULL MATCH,154
248947,FULL MATCH,154
248949,FULL MATCH,154
248950,FULL MATCH,"154, 176"
248951,FULL MATCH,"154, 659"
248952,FULL MATCH,154
248953,FULL MATCH,"154, 659"
248954,FULL MATCH,169
248955,FULL MATCH,169
248956,FULL MATCH,169
248957,FULL MATCH,169
248958,FULL MATCH,169
248959,FULL MATCH,169
248960,FULL MATCH,169
248961,FULL MATCH,169
248962,FULL MATCH,169
248963,FULL MATCH,169
248964,FULL MATCH,169
248967,FULL MATCH,169
248968,FULL MATCH,169
248969,FULL MATCH,124
248970,FULL MATCH,124
248971,FULL MATCH,124
248972,FULL MATCH,124
248973,FULL MATCH,124
248974,FULL MATCH,124
248975,FULL MATCH,124
248977,FULL MATCH,145
248978,FULL MATCH,145
248981,FULL MATCH,145
248982,FULL MATCH,145
248983,FULL MATCH,"145, 661"
248985,FULL MATCH,145
248988,FULL MATCH,145
248989,FULL MATCH,"145, 661"
248990,FULL MATCH,"145, 661"
248991,FULL MATCH,661
248992,FULL MATCH,"145, 661"
248993,FULL MATCH,661
248996,FULL MATCH,144
248997,FULL MATCH,176
248998,FULL MATCH,144
248999,FULL MATCH,"134, 144"
249000,FULL MATCH,144
249001,FULL MATCH,"134, 144"
249002,FULL MATCH,144
249003,FULL MATCH,"134, 144"
249004,FULL MATCH,"138, 633"
249005,FULL MATCH,134
249006,FULL MATCH,"134, 144"
249007,FULL MATCH,134
249008,FULL MATCH,134
249009,FULL MATCH,134
249010,FULL MATCH,134
249011,FULL MATCH,134
249012,FULL MATCH,134
249013,FULL MATCH,134
249014,FULL MATCH,134
249015,FULL MATCH,134
249016,FULL MATCH,"134, 144"
249017,FULL MATCH,134
249018,FULL MATCH,134
249019,FULL MATCH,119
249020,FULL MATCH,119
249022,FULL MATCH,119
249023,FULL MATCH,119
249024,FULL MATCH,"119, 163"
249025,FULL MATCH,119
249026,FULL MATCH,119
249027,FULL MATCH,"119, 163"
249028,FULL MATCH,119
249029,NO MATCH,
249030,FULL MATCH,119
249031,FULL MATCH,119
249032,FULL MATCH,"119, 163"
249033,FULL MATCH,"119, 163"
249034,FULL MATCH,163
249035,FULL MATCH,163
249036,FULL MATCH,163
249037,FULL MATCH,"119, 163"
249038,FULL MATCH,119
249039,FULL MATCH,163
249040,FULL MATCH,163
249041,FULL MATCH,167
249042,FULL MATCH,167
249043,FULL MATCH,167
249044,FULL MATCH,167
249045,FULL MATCH,167
249046,FULL MATCH,167
249047,FULL MATCH,167
249049,FULL MATCH,167
249050,FULL MATCH,167
249051,FULL MATCH,167
249052,FULL MATCH,167
249055,FULL MATCH,167
249056,FULL MATCH,167
249057,FULL MATCH,167
249058,FULL MATCH,167
249059,FULL MATCH,118
249060,FULL MATCH,118
249061,FULL MATCH,118
249062,AMBIGUOUS MATCH,118
249066,FULL MATCH,118
249067,FULL MATCH,118
249068,FULL MATCH,118
249069,FULL MATCH,118
249070,FULL MATCH,118
249071,FULL MATCH,141
249072,FULL MATCH,118
249073,FULL MATCH,118
249074,FULL MATCH,118
249075,FULL MATCH,143
249079,FULL MATCH,143
249080,FULL MATCH,143
249081,FULL MATCH,143
249082,FULL MATCH,143
249083,FULL MATCH,143
249084,FULL MATCH,633
249085,FULL MATCH,633
249086,FULL MATCH,633
249087,FULL MATCH,633
249088,FULL MATCH,633
249089,FULL MATCH,633
249090,FULL MATCH,633
249091,FULL MATCH,"138, 633"
249092,FULL MATCH,"138, 633"
249093,FULL MATCH,"138, 633"
249094,FULL MATCH,"138, 633"
249095,FULL MATCH,"138, 633"
249096,FULL MATCH,138
249097,FULL MATCH,138
249098,FULL MATCH,138
249099,FULL MATCH,"138, 633"
249100,FULL MATCH,138
249101,FULL MATCH,138
249102,FULL MATCH,138
249103,FULL MATCH,166
249104,FULL MATCH,166
249105,FULL MATCH,"143, 166"
249106,FULL MATCH,166
249107,FULL MATCH,166
249108,FULL MATCH,166
249109,AMBIGUOUS MATCH,"149, 165, 166"
249110,FULL MATCH,166
249111,FULL MATCH,166
249112,FULL MATCH,659
249114,FULL MATCH,"133, 659"
249115,FULL MATCH,"133, 659"
249116,FULL MATCH,133
249117,FULL MATCH,133
249118,FULL MATCH,133
249119,FULL MATCH,133
249120,FULL MATCH,147
249121,FULL MATCH,"133, 659"
249122,FULL MATCH,"133, 659"
249123,FULL MATCH,"133, 659"
249124,FULL MATCH,133
249125,FULL MATCH,133
249126,FULL MATCH,133
249127,FULL MATCH,133
249128,FULL MATCH,133
249129,FULL MATCH,133
249130,FULL MATCH,133
249131,FULL MATCH,133
249133,FULL MATCH,133
249134,FULL MATCH,133
249135,FULL MATCH,130
249136,FULL MATCH,130
249137,FULL MATCH,130
249138,FULL MATCH,130
249139,FULL MATCH,167
249140,FULL MATCH,130
249141,FULL MATCH,130
249142,FULL MATCH,130
249143,FULL MATCH,130
249144,FULL MATCH,130
249145,FULL MATCH,130
249146,FULL MATCH,130
249147,FULL MATCH,130
249149,FULL MATCH,130
249151,FULL MATCH,130
249152,FULL MATCH,130
249153,FULL MATCH,130
249154,FULL MATCH,130
249155,FULL MATCH,130
249156,FULL MATCH,130
249157,FULL MATCH,173
249158,FULL MATCH,173
249159,FULL MATCH,173
249160,FULL MATCH,173
249161,FULL MATCH,173
249162,FULL MATCH,173
249163,FULL MATCH,173
249164,FULL MATCH,173
249165,FULL MATCH,173
249166,FULL MATCH,180
249167,FULL MATCH,180
249168,AMBIGUOUS MATCH,"141, 155, 180"
249169,FULL MATCH,174
249170,FULL MATCH,180
249173,FULL MATCH,180
249174,AMBIGUOUS MATCH,"155, 180"
249175,FULL MATCH,180
249176,FULL MATCH,159
249177,FULL MATCH,159
249178,FULL MATCH,159
249179,FULL MATCH,"148, 159"
249180,FULL MATCH,159
249181,FULL MATCH,118
249182,FULL MATCH,159
249183,FULL MATCH,159
249184,FULL MATCH,159
249185,FULL MATCH,159
249186,FULL MATCH,183
249187,FULL MATCH,183
249188,FULL MATCH,183
249189,FULL MATCH,183
249190,FULL MATCH,183
249191,FULL MATCH,183
249192,FULL MATCH,183
249193,FULL MATCH,183
249194,FULL MATCH,183
249195,FULL MATCH,183
249196,FULL MATCH,183
249197,FULL MATCH,150
249198,FULL MATCH,150
249199,FULL MATCH,150
249200,FULL MATCH,150
249201,FULL MATCH,150
249202,FULL MATCH,150
249203,FULL MATCH,150
249204,AMBIGUOUS MATCH,"150, 174"
249205,FULL MATCH,150
249206,FULL MATCH,186
249207,FULL MATCH,150
249208,FULL MATCH,150
249209,FULL MATCH,150
249211,FULL MATCH,"150, 186"
249212,FULL MATCH,186
249213,FULL MATCH,186
249214,FULL MATCH,186
249215,FULL MATCH,186
249216,FULL MATCH,150
249217,FULL MATCH,186
249218,FULL MATCH,186
249219,FULL MATCH,186
249220,FULL MATCH,186
249221,FULL MATCH,186
249222,FULL MATCH,186
249223,FULL MATCH,186
249226,FULL MATCH,186
249227,FULL MATCH,186
249228,FULL MATCH,186
249229,FULL MATCH,186
249230,FULL MATCH,162
249231,FULL MATCH,162
249232,FULL MATCH,162
249233,FULL MATCH,162
249234,AMBIGUOUS MATCH,162
249235,FULL MATCH,"121, 140"
249236,FULL MATCH,162
249237,FULL MATCH,162
249238,FULL MATCH,175
249239,FULL MATCH,123
249240,FULL MATCH,"175, 640"
249241,FULL MATCH,175
249242,AMBIGUOUS MATCH,"123, 131, 170, 175, 178"
249243,FULL MATCH,175
249244,FULL MATCH,175
249245,FULL MATCH,175
249246,FULL MATCH,175
249247,FULL MATCH,141
249248,FULL MATCH,141
249250,FULL MATCH,141
249251,FULL MATCH,168
249252,FULL MATCH,"141, 155"
249253,FULL MATCH,155
249254,FULL MATCH,155
249255,FULL MATCH,155
249256,FULL MATCH,155
249257,FULL MATCH,155
249258,FULL MATCH,155
249259,FULL MATCH,155
249260,FULL MATCH,155
249261,FULL MATCH,139
249262,FULL MATCH,139
249263,FULL MATCH,139
249264,FULL MATCH,"122, 139"
249265,FULL MATCH,139
249266,FULL MATCH,139
249267,FULL MATCH,122
249268,FULL MATCH,122
249269,FULL MATCH,"122, 139"
249270,FULL MATCH,"122, 139"
249271,FULL MATCH,122
249272,FULL MATCH,122
249273,FULL MATCH,122
249275,FULL MATCH,"156, 157"
249276,FULL MATCH,156
249277,FULL MATCH,121
249279,FULL MATCH,156
249282,FULL MATCH,"156, 157, 186"
249283,FULL MATCH,"157, 186"
249285,FULL MATCH,157
249286,NO MATCH,
249290,FULL MATCH,"156, 157"
249291,FULL MATCH,151
249292,FULL MATCH,151
249293,FULL MATCH,"151, 161"
249294,FULL MATCH,151
249295,FULL MATCH,151
249296,FULL MATCH,151
249297,FULL MATCH,"151, 161"
249298,FULL MATCH,"151, 153"
249299,FULL MATCH,"151, 153"
249300,FULL MATCH,151
249301,FULL MATCH,"151, 153"
249302,FULL MATCH,153
249303,FULL MATCH,153
249304,FULL MATCH,153
249305,FULL MATCH,153
249306,FULL MATCH,153
249307,FULL MATCH,153
249308,FULL MATCH,153
249309,FULL MATCH,153
249310,FULL MATCH,153
249311,FULL MATCH,153
249313,FULL MATCH,153
249314,FULL MATCH,153
249317,FULL MATCH,161
249318,FULL MATCH,161
249319,FULL MATCH,161
249320,FULL MATCH,161
249321,FULL MATCH,149
249322,FULL MATCH,149
249323,FULL MATCH,"149, 165"
249324,FULL MATCH,"149, 165"
249325,FULL MATCH,"149, 165"
249326,FULL MATCH,"149, 165"
249327,FULL MATCH,"128, 149, 165"
249328,FULL MATCH,165
249329,FULL MATCH,"149, 165"
249330,FULL MATCH,165
249331,FULL MATCH,165
249332,FULL MATCH,"128, 165"
249333,FULL MATCH,"128, 165"
249334,FULL MATCH,"128, 165"
249335,FULL MATCH,128
249336,FULL MATCH,128
249337,FULL MATCH,128
249338,FULL MATCH,"128, 136"
249339,FULL MATCH,128
249340,FULL MATCH,128
249341,FULL MATCH,136
249342,FULL MATCH,136
249343,FULL MATCH,136
249344,FULL MATCH,142
249345,FULL MATCH,142
249346,FULL MATCH,142
249347,FULL MATCH,142
249348,FULL MATCH,142
249349,FULL MATCH,142
249350,FULL MATCH,174
249351,FULL MATCH,174
249352,FULL MATCH,174
249353,FULL MATCH,174
249354,FULL MATCH,174
249355,FULL MATCH,174
249356,FULL MATCH,174
249357,FULL MATCH,158
249358,FULL MATCH,158
249359,FULL MATCH,158
249360,FULL MATCH,158
249361,FULL MATCH,158
249362,FULL MATCH,158
249363,FULL MATCH,158
249364,FULL MATCH,"120, 174"
249365,FULL MATCH,"120, 174"
249368,FULL MATCH,123
249369,AMBIGUOUS MATCH,"120, 158"
249370,FULL MATCH,120
249372,FULL MATCH,120
249373,FULL MATCH,120
249374,FULL MATCH,120
249375,FULL MATCH,120
249376,FULL MATCH,129
249377,FULL MATCH,129
249378,FULL MATCH,129
249380,AMBIGUOUS MATCH,"129, 170"
249381,FULL MATCH,129
249382,FULL MATCH,129
249384,FULL MATCH,129
249385,FULL MATCH,129
249386,FULL MATCH,129
249387,FULL MATCH,129
249388,FULL MATCH,140
249389,FULL MATCH,140
249391,FULL MATCH,140
249392,FULL MATCH,162
249393,FULL MATCH,140
249394,FULL MATCH,121
249396,FULL MATCH,176
249398,FULL MATCH,121
249399,FULL MATCH,121
249400,FULL MATCH,121
249401,FULL MATCH,"185, 640"
249402,FULL MATCH,640
249404,FULL MATCH,"185, 640"
249405,FULL MATCH,185
249406,FULL MATCH,185
249407,FULL MATCH,185
249408,FULL MATCH,125
249409,FULL MATCH,125
249410,FULL MATCH,125
249411,FULL MATCH,125
249412,FULL MATCH,160
249413,FULL MATCH,181
249414,FULL MATCH,127
249415,FULL MATCH,127
249416,FULL MATCH,127
249417,FULL MATCH,127
249418,NO MATCH,
249419,FULL MATCH,147
249420,FULL MATCH,180
249421,FULL MATCH,147
249422,FULL MATCH,147
249423,FULL MATCH,147
249426,FULL MATCH,182
249427,FULL MATCH,182
249428,FULL MATCH,182
249429,FULL MATCH,131
249430,FULL MATCH,131
249431,FULL MATCH,178
249433,FULL MATCH,"131, 178"
249434,FULL MATCH,178
249435,FULL MATCH,"131, 178"
249436,FULL MATCH,"148, 164"
249437,FULL MATCH,164
249438,FULL MATCH,164
249439,FULL MATCH,"148, 164"
249440,FULL MATCH,164
249441,FULL MATCH,164
249442,FULL MATCH,"148, 164"
249443,FULL MATCH,148
249444,FULL MATCH,148
249446,FULL MATCH,148
249447,FULL MATCH,148
249448,FULL MATCH,148
249449,FULL MATCH,148
249450,FULL MATCH,148
249451,FULL MATCH,160
249452,FULL MATCH,160
249453,FULL MATCH,137
249454,FULL MATCH,137
249457,FULL MATCH,"137, 160"
249458,FULL MATCH,137
249459,FULL MATCH,137
249460,FULL MATCH,"137, 160"
249461,FULL MATCH,137
249462,FULL MATCH,137
249463,FULL MATCH,137
249464,FULL MATCH,137
249465,FULL MATCH,137
249466,FULL MATCH,137
249467,FULL MATCH,137
249468,FULL MATCH,123
249469,FULL MATCH,"175, 640"
249470,FULL MATCH,123
249471,FULL MATCH,123
249472,FULL MATCH,123
249474,FULL MATCH,123
249477,FULL MATCH,123
249478,FULL MATCH,123
249479,FULL MATCH,123
249480,FULL MATCH,120
249481,FULL MATCH,123
249482,FULL MATCH,123
249483,FULL MATCH,168
249484,FULL MATCH,168
249485,FULL MATCH,168
249486,FULL MATCH,168
249487,FULL MATCH,168
249488,FULL MATCH,168
249490,FULL MATCH,141
249492,FULL MATCH,126
249493,FULL MATCH,126
249494,FULL MATCH,126
249495,FULL MATCH,126
249496,FULL MATCH,126
249497,FULL MATCH,130
249498,FULL MATCH,126
249499,FULL MATCH,126
249500,FULL MATCH,126
249501,FULL MATCH,152
249502,FULL MATCH,152
249503,FULL MATCH,152
249504,FULL MATCH,152
249505,FULL MATCH,152
249507,FULL MATCH,152
249508,FULL MATCH,152
249509,FULL MATCH,146
249510,FULL MATCH,146
249511,FULL MATCH,146
249512,FULL MATCH,146
249513,FULL MATCH,146
249514,FULL MATCH,146
249515,FULL MATCH,146
249516,FULL MATCH,146
249518,FULL MATCH,135
249520,FULL MATCH,135
249521,FULL MATCH,135
249522,FULL MATCH,135
249524,FULL MATCH,187
249531,AMBIGUOUS MATCH,"135, 187"
249533,FULL MATCH,179
249534,FULL MATCH,179
249535,FULL MATCH,179
249536,FULL MATCH,179
249537,FULL MATCH,179
249538,FULL MATCH,179
249539,FULL MATCH,179
249540,FULL MATCH,170
249542,FULL MATCH,170
249543,FULL MATCH,170
249545,FULL MATCH,170
249546,FULL MATCH,"170, 184"
249547,FULL MATCH,184
249548,FULL MATCH,184
249549,FULL MATCH,184
249550,FULL MATCH,184
249551,FULL MATCH,184
249552,FULL MATCH,184
249553,FULL MATCH,184
249560,FULL MATCH,211
249561,FULL MATCH,211
249562,FULL MATCH,211
249563,FULL MATCH,211
249564,FULL MATCH,211
249565,FULL MATCH,213
249566,FULL MATCH,213
249567,FULL MATCH,213
249568,FULL MATCH,213
249570,FULL MATCH,213
249571,FULL MATCH,213
249573,FULL MATCH,221
249574,FULL MATCH,"220, 221"
249575,FULL MATCH,221
249577,FULL MATCH,221
249578,FULL MATCH,206
249579,FULL MATCH,206
249580,FULL MATCH,206
249581,FULL MATCH,"206, 223"
249582,FULL MATCH,223
249583,FULL MATCH,223
249584,FULL MATCH,223
249585,NO MATCH,
249586,FULL MATCH,188
249587,FULL MATCH,188
249588,FULL MATCH,203
249589,FULL MATCH,"201, 203"
249590,FULL MATCH,203
249592,FULL MATCH,214
249595,AMBIGUOUS MATCH,201
249596,FULL MATCH,"201, 203"
249597,FULL MATCH,205
249598,FULL MATCH,205
249599,NO MATCH,
249600,AMBIGUOUS MATCH,195
249601,FULL MATCH,208
249602,FULL MATCH,208
249603,FULL MATCH,208
249604,FULL MATCH,222
249605,FULL MATCH,222
249606,FULL MATCH,222
249608,FULL MATCH,222
249609,FULL MATCH,222
249610,FULL MATCH,222
249611,FULL MATCH,218
249612,FULL MATCH,218
249613,FULL MATCH,218
249614,FULL MATCH,218
249615,FULL MATCH,"212, 218"
249616,FULL MATCH,224
249617,FULL MATCH,224
249618,FULL MATCH,224
249619,FULL MATCH,217
249621,FULL MATCH,217
249622,FULL MATCH,217
249624,FULL MATCH,191
249625,FULL MATCH,202
249626,FULL MATCH,202
249627,FULL MATCH,"190, 192, 201, 205, 214"
249629,FULL MATCH,"192, 207"
249630,FULL MATCH,192
249632,FULL MATCH,190
249633,FULL MATCH,190
249634,FULL MATCH,207
249635,FULL MATCH,207
249638,FULL MATCH,204
249639,FULL MATCH,204
249641,FULL MATCH,219
249642,FULL MATCH,209
249643,FULL MATCH,209
249644,FULL MATCH,209
249646,FULL MATCH,209
249647,FULL MATCH,212
249648,FULL MATCH,212
249649,NO MATCH,
249650,AMBIGUOUS MATCH,212
249651,FULL MATCH,212
249652,FULL MATCH,212
249653,FULL MATCH,212
249654,FULL MATCH,212
249656,FULL MATCH,212
249657,FULL MATCH,212
249658,FULL MATCH,222
249659,FULL MATCH,193
249660,FULL MATCH,193
249661,FULL MATCH,193
249662,AMBIGUOUS MATCH,"190, 192, 193, 211"
249663,FULL MATCH,193
249664,FULL MATCH,194
249665,FULL MATCH,"193, 194"
249666,FULL MATCH,200
249667,FULL MATCH,215
249668,FULL MATCH,215
249669,FULL MATCH,215
249670,FULL MATCH,215
249671,FULL MATCH,215
249672,FULL MATCH,199
249673,FULL MATCH,199
249674,FULL MATCH,189
249675,FULL MATCH,189
249678,FULL MATCH,189
249679,FULL MATCH,196
249680,FULL MATCH,196
249682,FULL MATCH,196
249683,FULL MATCH,196
249684,FULL MATCH,210
249685,FULL MATCH,209
249686,FULL MATCH,210
249687,FULL MATCH,198
249688,FULL MATCH,198
249689,FULL MATCH,226
249690,FULL MATCH,228
249692,FULL MATCH,227
249693,FULL MATCH,"225, 226, 227, 742"
249694,FULL MATCH,225
249695,FULL MATCH,"225, 741"
249698,FULL MATCH,238
249699,FULL MATCH,242
249700,FULL MATCH,"231, 723, 787"
249701,FULL MATCH,237
249702,FULL MATCH,237
249703,FULL MATCH,786
249704,FULL MATCH,241
249705,FULL MATCH,"243, 679"
249706,FULL MATCH,"243, 724"
249707,AMBIGUOUS MATCH,"232, 679"
249708,FULL MATCH,235
249709,FULL MATCH,234
249710,FULL MATCH,"229, 678"
249711,FULL MATCH,229
249712,FULL MATCH,229
249713,FULL MATCH,239
249714,FULL MATCH,239
249715,FULL MATCH,247
249716,FULL MATCH,"249, 736, 765"
249717,FULL MATCH,"246, 249"
249718,FULL MATCH,251
249719,FULL MATCH,250
249720,FULL MATCH,"244, 250, 613, 758, 764"
249721,FULL MATCH,"244, 758, 764"
249722,NO MATCH,
249723,FULL MATCH,248
249761,FULL MATCH,266
249762,FULL MATCH,266
249763,FULL MATCH,"261, 266"
249764,FULL MATCH,263
249765,FULL MATCH,"263, 266"
249766,FULL MATCH,"263, 266"
249767,FULL MATCH,263
249768,FULL MATCH,261
249769,FULL MATCH,"261, 263, 266"
249770,FULL MATCH,261
249771,FULL MATCH,"268, 727"
249772,FULL MATCH,728
249773,FULL MATCH,262
249774,AMBIGUOUS MATCH,"262, 728"
249775,FULL MATCH,"268, 728"
249776,FULL MATCH,268
249777,FULL MATCH,"265, 268, 726"
249778,FULL MATCH,268
249779,FULL MATCH,265
249780,FULL MATCH,"265, 726"
249781,FULL MATCH,726
249782,FULL MATCH,"264, 267"
249783,AMBIGUOUS MATCH,652
249784,FULL MATCH,652
249785,AMBIGUOUS MATCH,272
249786,FULL MATCH,272
249787,FULL MATCH,653
249788,FULL MATCH,272
249789,FULL MATCH,272
249790,FULL MATCH,272
249791,FULL MATCH,272
249792,FULL MATCH,272
249793,FULL MATCH,272
249794,FULL MATCH,272
249796,FULL MATCH,654
249797,FULL MATCH,"653, 654"
249798,FULL MATCH,271
249799,FULL MATCH,271
249800,FULL MATCH,269
249802,FULL MATCH,269
249803,FULL MATCH,270
249804,FULL MATCH,655
249805,FULL MATCH,655
249806,FULL MATCH,663
249807,FULL MATCH,"273, 656"
249808,FULL MATCH,"273, 277, 656"
249809,FULL MATCH,277
249810,FULL MATCH,"276, 279, 658, 740"
249811,FULL MATCH,"279, 740"
249812,FULL MATCH,"276, 277"
249814,FULL MATCH,274
249820,FULL MATCH,275
249821,FULL MATCH,294
249823,FULL MATCH,"281, 294"
249826,AMBIGUOUS MATCH,"285, 707"
249827,FULL MATCH,285
249828,FULL MATCH,"294, 612"
249834,FULL MATCH,"281, 287"
249836,FULL MATCH,281
249838,FULL MATCH,"281, 287"
249839,FULL MATCH,612
249841,FULL MATCH,"280, 616, 739"
249842,FULL MATCH,"280, 616"
249843,FULL MATCH,"280, 739"
249844,FULL MATCH,"280, 616, 739"
249846,FULL MATCH,"280, 616, 739"
249847,FULL MATCH,"280, 739"
249851,NO MATCH,
249854,NO MATCH,
249855,FULL MATCH,291
249857,FULL MATCH,"298, 616, 739"
249858,FULL MATCH,298
249859,AMBIGUOUS MATCH,"283, 301, 617"
249860,FULL MATCH,283
249861,FULL MATCH,"283, 617"
249862,FULL MATCH,"301, 617"
249864,FULL MATCH,297
249866,FULL MATCH,297
249869,FULL MATCH,"297, 709"
249870,FULL MATCH,709
249871,FULL MATCH,709
249872,FULL MATCH,"292, 709"
249875,FULL MATCH,301
249876,FULL MATCH,301
249877,FULL MATCH,301
249879,FULL MATCH,705
249880,FULL MATCH,705
249881,FULL MATCH,295
249882,NO MATCH,
249883,FULL MATCH,284
249884,FULL MATCH,284
249886,FULL MATCH,302
249887,FULL MATCH,302
249888,FULL MATCH,302
249890,FULL MATCH,302
249892,FULL MATCH,302
249896,FULL MATCH,286
249898,FULL MATCH,286
249902,FULL MATCH,708
249903,FULL MATCH,286
249904,AMBIGUOUS MATCH,286
249905,FULL MATCH,300
249906,FULL MATCH,"290, 300"
249907,FULL MATCH,"300, 708"
249908,FULL MATCH,708
249912,FULL MATCH,290
249915,FULL MATCH,290
249916,FULL MATCH,290
249918,FULL MATCH,288
249919,FULL MATCH,288
249921,FULL MATCH,288
249922,FULL MATCH,288
249923,FULL MATCH,"292, 710"
249924,FULL MATCH,710
249925,NO MATCH,
249926,FULL MATCH,292
249927,FULL MATCH,292
249928,FULL MATCH,292
249929,FULL MATCH,299
249930,FULL MATCH,299
249931,FULL MATCH,299
249932,FULL MATCH,299
249933,FULL MATCH,282
249939,FULL MATCH,287
249940,FULL MATCH,293
249941,FULL MATCH,293
249944,NO MATCH,
249945,FULL MATCH,289
249946,FULL MATCH,309
249947,FULL MATCH,702
249948,FULL MATCH,309
249949,FULL MATCH,309
249955,FULL MATCH,314
249956,NO MATCH,
249957,AMBIGUOUS MATCH,309
249958,FULL MATCH,"308, 664"
249970,FULL MATCH,314
249972,FULL MATCH,"308, 314"
249973,FULL MATCH,308
249974,FULL MATCH,308
249975,NO MATCH,
249976,FULL MATCH,308
249977,FULL MATCH,308
249982,FULL MATCH,311
249983,FULL MATCH,311
249984,FULL MATCH,311
249985,FULL MATCH,311
249988,FULL MATCH,"310, 316"
249989,FULL MATCH,310
249990,FULL MATCH,316
249991,FULL MATCH,316
249995,FULL MATCH,319
249996,FULL MATCH,319
249997,FULL MATCH,319
249998,NO MATCH,
249999,AMBIGUOUS MATCH,319
250000,FULL MATCH,319
250001,FULL MATCH,319
250024,NO MATCH,
250025,FULL MATCH,"307, 319"
250026,FULL MATCH,307
250027,FULL MATCH,307
250028,FULL MATCH,307
250032,FULL MATCH,704
250034,FULL MATCH,704
250035,FULL MATCH,306
250036,FULL MATCH,"306, 320"
250037,FULL MATCH,306
250038,FULL MATCH,306
250039,FULL MATCH,306
250040,FULL MATCH,306
250096,FULL MATCH,320
250097,FULL MATCH,320
250098,NO MATCH,
250099,FULL MATCH,320
250100,FULL MATCH,320
250101,FULL MATCH,320
250102,NO MATCH,
250103,FULL MATCH,320
250104,AMBIGUOUS MATCH,320
250105,AMBIGUOUS MATCH,320
250121,FULL MATCH,303
250122,FULL MATCH,303
250123,AMBIGUOUS MATCH,303
250124,AMBIGUOUS MATCH,303
250125,AMBIGUOUS MATCH,303
250126,FULL MATCH,303
250127,FULL MATCH,303
250128,FULL MATCH,303
250129,NO MATCH,
250131,AMBIGUOUS MATCH,303
250132,AMBIGUOUS MATCH,303
250133,AMBIGUOUS MATCH,303
250134,FULL MATCH,303
250135,FULL MATCH,303
250136,NO MATCH,
250137,AMBIGUOUS MATCH,303
250138,AMBIGUOUS MATCH,303
250139,NO MATCH,
250140,NO MATCH,
250141,NO MATCH,
250142,NO MATCH,
250143,NO MATCH,
250144,NO MATCH,
250145,AMBIGUOUS MATCH,303
250147,FULL MATCH,303
250148,FULL MATCH,303
250168,FULL MATCH,312
250169,FULL MATCH,312
250170,FULL MATCH,312
250171,FULL MATCH,312
250172,AMBIGUOUS MATCH,312
250173,AMBIGUOUS MATCH,312
250174,AMBIGUOUS MATCH,312
250175,FULL MATCH,312
250176,AMBIGUOUS MATCH,312
250177,AMBIGUOUS MATCH,312
250178,NO MATCH,
250179,AMBIGUOUS MATCH,312
250208,FULL MATCH,305
250209,AMBIGUOUS MATCH,305
250210,FULL MATCH,305
250213,FULL MATCH,321
250214,FULL MATCH,321
250215,FULL MATCH,321
250225,FULL MATCH,318
250226,FULL MATCH,318
250227,FULL MATCH,318
250228,FULL MATCH,318
250229,FULL MATCH,"312, 318"
250230,FULL MATCH,318
250231,FULL MATCH,703
250232,AMBIGUOUS MATCH,318
250233,NO MATCH,
250234,NO MATCH,
250235,FULL MATCH,317
250236,FULL MATCH,317
250246,AMBIGUOUS MATCH,313
250247,AMBIGUOUS MATCH,313
250248,AMBIGUOUS MATCH,313
250299,NO MATCH,
250300,FULL MATCH,304
250301,FULL MATCH,304
250302,NO MATCH,
250303,AMBIGUOUS MATCH,304
250304,FULL MATCH,304
250305,FULL MATCH,304
250306,FULL MATCH,304
250323,AMBIGUOUS MATCH,"324, 338"
250324,NO MATCH,
250326,FULL MATCH,335
250349,FULL MATCH,329
250352,AMBIGUOUS MATCH,324
250378,AMBIGUOUS MATCH,325
250413,FULL MATCH,339
250414,FULL MATCH,606
250415,AMBIGUOUS MATCH,"323, 332, 339"
250416,FULL MATCH,326
250423,FULL MATCH,341
250430,FULL MATCH,326
250433,NO MATCH,
250434,FULL MATCH,327
250435,AMBIGUOUS MATCH,"326, 327"
250445,FULL MATCH,327
250446,FULL MATCH,347
250447,FULL MATCH,347
250448,NO MATCH,
250450,NO MATCH,
250451,FULL MATCH,357
250452,AMBIGUOUS MATCH,357
250453,FULL MATCH,371
250454,FULL MATCH,371
250457,FULL MATCH,351
250458,NO MATCH,
250459,FULL MATCH,373
250462,FULL MATCH,373
250467,AMBIGUOUS MATCH,373
250469,FULL MATCH,361
250471,FULL MATCH,361
250474,NO MATCH,
250476,FULL MATCH,361
250478,FULL MATCH,365
250479,FULL MATCH,365
250480,FULL MATCH,365
250481,FULL MATCH,365
250482,NO MATCH,
250484,FULL MATCH,346
250485,FULL MATCH,346
250486,NO MATCH,
250487,FULL MATCH,348
250489,FULL MATCH,348
250490,FULL MATCH,360
250491,FULL MATCH,360
250494,FULL MATCH,350
250498,FULL MATCH,350
250500,FULL MATCH,350
250501,AMBIGUOUS MATCH,350
250502,FULL MATCH,356
250503,FULL MATCH,356
250510,FULL MATCH,367
250512,FULL MATCH,367
250514,FULL MATCH,362
250516,FULL MATCH,362
250517,FULL MATCH,362
250519,FULL MATCH,362
250520,AMBIGUOUS MATCH,"362, 369"
250521,FULL MATCH,369
250522,FULL MATCH,369
250523,FULL MATCH,369
250524,AMBIGUOUS MATCH,369
250525,FULL MATCH,354
250526,FULL MATCH,354
250527,NO MATCH,
250528,FULL MATCH,354
250529,FULL MATCH,354
250531,FULL MATCH,354
250532,FULL MATCH,354
250533,FULL MATCH,354
250534,FULL MATCH,354
250535,FULL MATCH,354
250536,FULL MATCH,354
250537,AMBIGUOUS MATCH,354
250538,FULL MATCH,354
250539,FULL MATCH,354
250540,FULL MATCH,354
250541,FULL MATCH,354
250542,FULL MATCH,354
250543,AMBIGUOUS MATCH,354
250544,FULL MATCH,353
250545,FULL MATCH,"353, 354"
250546,FULL MATCH,359
250547,FULL MATCH,359
250548,FULL MATCH,349
250549,FULL MATCH,372
250550,FULL MATCH,372
250551,FULL MATCH,372
250552,FULL MATCH,345
250553,FULL MATCH,345
250554,FULL MATCH,345
250555,AMBIGUOUS MATCH,345
250556,FULL MATCH,368
250557,FULL MATCH,368
250558,NO MATCH,
250559,FULL MATCH,358
250560,FULL MATCH,358
250563,FULL MATCH,370
250564,FULL MATCH,370
250565,NO MATCH,
250567,FULL MATCH,366
250569,NO MATCH,
250570,FULL MATCH,363
250571,FULL MATCH,363
250573,FULL MATCH,363
250574,AMBIGUOUS MATCH,363
250576,FULL MATCH,364
250578,FULL MATCH,"384, 760"
250579,FULL MATCH,"384, 760"
250580,FULL MATCH,760
250581,FULL MATCH,760
250582,NO MATCH,
250583,FULL MATCH,649
250585,FULL MATCH,648
250586,FULL MATCH,648
250588,FULL MATCH,389
250590,FULL MATCH,380
250591,FULL MATCH,"380, 386"
250592,FULL MATCH,386
250593,FULL MATCH,386
250594,FULL MATCH,386
250595,FULL MATCH,386
250596,FULL MATCH,763
250597,FULL MATCH,383
250598,FULL MATCH,383
250599,FULL MATCH,383
250601,FULL MATCH,"375, 379"
250602,FULL MATCH,"375, 379"
250603,FULL MATCH,379
250604,FULL MATCH,379
250605,FULL MATCH,"379, 383"
250606,FULL MATCH,762
250607,FULL MATCH,"379, 762"
250608,FULL MATCH,379
250609,FULL MATCH,734
250610,FULL MATCH,734
250611,FULL MATCH,"375, 647"
250612,FULL MATCH,"375, 647"
250613,FULL MATCH,"375, 647"
250614,FULL MATCH,647
250615,FULL MATCH,"375, 647"
250616,FULL MATCH,375
250621,FULL MATCH,375
250622,FULL MATCH,"375, 647"
250623,FULL MATCH,382
250624,FULL MATCH,382
250625,FULL MATCH,"382, 759"
250626,FULL MATCH,759
250628,FULL MATCH,"388, 761"
250629,FULL MATCH,388
250630,FULL MATCH,388
250631,FULL MATCH,"388, 646, 761"
250632,FULL MATCH,650
250633,FULL MATCH,650
250634,FULL MATCH,"378, 650"
250635,FULL MATCH,"378, 650"
250636,FULL MATCH,378
250637,FULL MATCH,378
250638,FULL MATCH,378
250639,AMBIGUOUS MATCH,378
250640,AMBIGUOUS MATCH,"378, 388"
250641,FULL MATCH,378
250642,FULL MATCH,646
250643,FULL MATCH,646
250644,FULL MATCH,"387, 644"
250645,FULL MATCH,644
250646,FULL MATCH,387
250647,FULL MATCH,644
250648,FULL MATCH,644
250649,FULL MATCH,"387, 645"
250650,FULL MATCH,"387, 644"
250651,FULL MATCH,644
250652,FULL MATCH,"387, 644, 763"
250653,FULL MATCH,387
250654,FULL MATCH,644
250655,FULL MATCH,387
250656,FULL MATCH,"644, 763"
250657,FULL MATCH,387
250658,FULL MATCH,385
250659,FULL MATCH,385
250660,FULL MATCH,"385, 644"
250661,FULL MATCH,385
250662,FULL MATCH,385
250663,FULL MATCH,"377, 381, 643"
250664,FULL MATCH,643
250665,FULL MATCH,374
250668,FULL MATCH,"374, 376"
250669,FULL MATCH,"374, 376, 636"
250670,FULL MATCH,376
250671,FULL MATCH,376
250672,FULL MATCH,431
250673,FULL MATCH,431
250674,FULL MATCH,431
250675,FULL MATCH,417
250676,FULL MATCH,417
250677,FULL MATCH,417
250678,FULL MATCH,417
250679,FULL MATCH,417
250680,FULL MATCH,417
250681,FULL MATCH,417
250682,FULL MATCH,417
250683,FULL MATCH,395
250684,FULL MATCH,395
250685,FULL MATCH,395
250686,FULL MATCH,395
250688,FULL MATCH,395
250689,FULL MATCH,395
250690,FULL MATCH,395
250691,FULL MATCH,395
250692,FULL MATCH,395
250693,FULL MATCH,395
250694,AMBIGUOUS MATCH,407
250695,FULL MATCH,407
250697,FULL MATCH,407
250698,FULL MATCH,407
250699,FULL MATCH,407
250700,FULL MATCH,407
250701,FULL MATCH,401
250702,FULL MATCH,401
250703,FULL MATCH,401
250704,FULL MATCH,401
250705,FULL MATCH,432
250706,FULL MATCH,432
250707,FULL MATCH,432
250708,FULL MATCH,432
250709,FULL MATCH,432
250710,FULL MATCH,432
250711,FULL MATCH,432
250712,FULL MATCH,391
250713,FULL MATCH,391
250714,FULL MATCH,406
250715,FULL MATCH,391
250716,FULL MATCH,406
250717,FULL MATCH,391
250718,FULL MATCH,406
250719,FULL MATCH,406
250720,FULL MATCH,406
250733,FULL MATCH,430
250734,FULL MATCH,398
250735,FULL MATCH,398
250736,FULL MATCH,398
250737,FULL MATCH,398
250738,FULL MATCH,398
250739,FULL MATCH,398
250740,FULL MATCH,398
250741,FULL MATCH,398
250742,FULL MATCH,398
250743,FULL MATCH,398
250744,FULL MATCH,398
250745,FULL MATCH,398
250746,FULL MATCH,398
250747,FULL MATCH,"398, 425"
250748,FULL MATCH,398
250749,FULL MATCH,420
250750,FULL MATCH,"420, 426"
250751,FULL MATCH,"420, 426"
250752,FULL MATCH,420
250753,FULL MATCH,420
250754,FULL MATCH,"420, 426"
250755,FULL MATCH,425
250756,FULL MATCH,399
250758,FULL MATCH,425
250759,FULL MATCH,425
250760,FULL MATCH,425
250761,FULL MATCH,425
250764,FULL MATCH,425
250766,FULL MATCH,425
250768,FULL MATCH,425
250769,FULL MATCH,425
250770,FULL MATCH,425
250771,FULL MATCH,400
250772,FULL MATCH,400
250773,FULL MATCH,400
250774,FULL MATCH,400
250777,FULL MATCH,426
250778,FULL MATCH,426
250779,FULL MATCH,426
250780,FULL MATCH,426
250781,FULL MATCH,426
250782,FULL MATCH,426
250783,FULL MATCH,426
250784,FULL MATCH,426
250785,FULL MATCH,"426, 784"
250786,FULL MATCH,"426, 784"
250787,FULL MATCH,"426, 784"
250788,FULL MATCH,424
250789,FULL MATCH,424
250790,FULL MATCH,424
250791,FULL MATCH,424
250792,FULL MATCH,424
250793,FULL MATCH,424
250794,FULL MATCH,766
250795,FULL MATCH,766
250796,FULL MATCH,766
250797,FULL MATCH,424
250798,FULL MATCH,424
250799,FULL MATCH,424
250800,FULL MATCH,436
250801,FULL MATCH,436
250802,FULL MATCH,436
250803,FULL MATCH,436
250804,FULL MATCH,429
250805,FULL MATCH,429
250806,FULL MATCH,425
250807,FULL MATCH,"429, 436"
250808,FULL MATCH,429
250809,NO MATCH,
250815,FULL MATCH,425
250818,FULL MATCH,433
250819,FULL MATCH,419
250820,FULL MATCH,419
250821,FULL MATCH,419
250822,FULL MATCH,419
250823,FULL MATCH,"416, 419"
250824,FULL MATCH,419
250825,FULL MATCH,419
250826,AMBIGUOUS MATCH,"396, 419, 427"
250827,AMBIGUOUS MATCH,"402, 416, 419"
250828,FULL MATCH,416
250829,FULL MATCH,"416, 419"
250830,FULL MATCH,"416, 419"
250831,FULL MATCH,416
250832,FULL MATCH,416
250833,FULL MATCH,416
250834,FULL MATCH,416
250835,FULL MATCH,416
250836,FULL MATCH,423
250837,FULL MATCH,423
250838,FULL MATCH,423
250839,FULL MATCH,423
250840,FULL MATCH,423
250841,FULL MATCH,423
250842,FULL MATCH,423
250843,FULL MATCH,423
250845,FULL MATCH,435
250846,FULL MATCH,435
250847,FULL MATCH,435
250849,FULL MATCH,435
250850,FULL MATCH,435
250851,FULL MATCH,435
250852,FULL MATCH,435
250853,FULL MATCH,667
250854,FULL MATCH,667
250855,FULL MATCH,667
250857,FULL MATCH,667
250858,FULL MATCH,667
250859,FULL MATCH,667
250860,FULL MATCH,430
250861,FULL MATCH,430
250862,FULL MATCH,430
250863,FULL MATCH,430
250864,FULL MATCH,430
250865,FULL MATCH,402
250866,FULL MATCH,402
250867,FULL MATCH,402
250868,FULL MATCH,402
250869,FULL MATCH,403
250870,FULL MATCH,402
250871,FULL MATCH,402
250872,FULL MATCH,402
250873,FULL MATCH,402
250875,FULL MATCH,402
250876,FULL MATCH,412
250877,FULL MATCH,412
250879,FULL MATCH,"412, 639"
250880,FULL MATCH,639
250881,FULL MATCH,639
250882,FULL MATCH,"412, 639"
250883,FULL MATCH,"412, 639"
250884,AMBIGUOUS MATCH,"402, 403"
250885,FULL MATCH,"422, 427"
250886,FULL MATCH,403
250887,FULL MATCH,403
250888,FULL MATCH,403
250889,AMBIGUOUS MATCH,"402, 403"
250891,AMBIGUOUS MATCH,"402, 403"
250892,FULL MATCH,403
250893,FULL MATCH,423
250894,FULL MATCH,403
250895,FULL MATCH,410
250896,AMBIGUOUS MATCH,"402, 410"
250897,AMBIGUOUS MATCH,"402, 410"
250898,AMBIGUOUS MATCH,"402, 410"
250900,AMBIGUOUS MATCH,"402, 410"
250901,AMBIGUOUS MATCH,410
250904,AMBIGUOUS MATCH,"402, 410"
250905,FULL MATCH,410
250906,AMBIGUOUS MATCH,"402, 410"
250907,FULL MATCH,414
250908,FULL MATCH,"393, 405, 414"
250909,FULL MATCH,"393, 414"
250910,FULL MATCH,"393, 414"
250911,FULL MATCH,"393, 414"
250912,FULL MATCH,"397, 414"
250913,FULL MATCH,"393, 397, 414"
250914,FULL MATCH,"393, 414"
250915,FULL MATCH,"393, 414"
250916,FULL MATCH,"393, 414"
250917,FULL MATCH,393
250918,FULL MATCH,393
250919,FULL MATCH,393
250920,FULL MATCH,405
250921,FULL MATCH,"405, 414"
250922,FULL MATCH,405
250923,FULL MATCH,"393, 397, 405, 414"
250924,FULL MATCH,"397, 405, 414"
250925,FULL MATCH,"397, 405"
250926,FULL MATCH,"397, 405"
250927,FULL MATCH,"397, 405"
250928,AMBIGUOUS MATCH,"393, 396, 414, 422"
250929,FULL MATCH,"396, 422"
250930,FULL MATCH,422
250931,FULL MATCH,"422, 427"
250932,FULL MATCH,422
250933,FULL MATCH,422
250934,FULL MATCH,422
250935,FULL MATCH,422
250936,FULL MATCH,422
250937,FULL MATCH,422
250938,FULL MATCH,422
250939,FULL MATCH,422
250940,FULL MATCH,437
250941,FULL MATCH,437
250942,FULL MATCH,437
250944,FULL MATCH,437
250945,FULL MATCH,396
250946,AMBIGUOUS MATCH,"396, 421"
250947,FULL MATCH,427
250948,AMBIGUOUS MATCH,"405, 427"
250949,FULL MATCH,427
250950,FULL MATCH,427
250951,FULL MATCH,"396, 427"
250952,FULL MATCH,427
250953,FULL MATCH,427
250954,FULL MATCH,421
250955,FULL MATCH,"421, 437"
250956,FULL MATCH,421
250957,FULL MATCH,421
250958,FULL MATCH,421
250959,FULL MATCH,"396, 421"
250960,FULL MATCH,421
250961,FULL MATCH,421
250962,FULL MATCH,421
250963,FULL MATCH,421
250964,FULL MATCH,394
250965,FULL MATCH,425
250966,FULL MATCH,408
250967,FULL MATCH,"396, 408"
250968,FULL MATCH,"408, 409"
250969,FULL MATCH,409
250970,AMBIGUOUS MATCH,409
250974,FULL MATCH,409
250975,FULL MATCH,409
250976,FULL MATCH,"409, 418"
250977,FULL MATCH,409
250978,AMBIGUOUS MATCH,413
250979,FULL MATCH,"411, 413"
250980,FULL MATCH,413
250981,FULL MATCH,413
250982,FULL MATCH,"411, 413"
250983,AMBIGUOUS MATCH,"411, 413, 418"
250984,FULL MATCH,392
250985,FULL MATCH,411
250986,FULL MATCH,"404, 415"
250987,FULL MATCH,411
250995,FULL MATCH,411
250996,FULL MATCH,411
250997,FULL MATCH,411
250998,FULL MATCH,418
250999,FULL MATCH,418
251000,FULL MATCH,418
251001,FULL MATCH,418
251002,FULL MATCH,418
251003,FULL MATCH,411
251007,FULL MATCH,399
251008,FULL MATCH,399
251009,FULL MATCH,399
251010,FULL MATCH,399
251018,FULL MATCH,399
251022,FULL MATCH,399
251023,NO MATCH,
251025,NO MATCH,
251026,FULL MATCH,399
251027,FULL MATCH,785
251028,FULL MATCH,415
251029,FULL MATCH,"399, 785"
251030,FULL MATCH,785
251031,FULL MATCH,428
251033,FULL MATCH,428
251034,FULL MATCH,428
251035,FULL MATCH,411
251037,FULL MATCH,392
251040,FULL MATCH,392
251041,FULL MATCH,"392, 428"
251042,FULL MATCH,392
251044,FULL MATCH,449
251045,FULL MATCH,449
251046,FULL MATCH,449
251047,FULL MATCH,449
251048,FULL MATCH,459
251050,FULL MATCH,449
251052,FULL MATCH,789
251053,FULL MATCH,"441, 789"
251055,FULL MATCH,441
251057,FULL MATCH,"441, 789"
251058,FULL MATCH,455
251059,FULL MATCH,455
251060,FULL MATCH,455
251061,FULL MATCH,455
251062,FULL MATCH,455
251063,FULL MATCH,451
251064,FULL MATCH,451
251065,FULL MATCH,451
251066,FULL MATCH,451
251067,FULL MATCH,451
251068,FULL MATCH,451
251070,FULL MATCH,451
251071,FULL MATCH,458
251072,FULL MATCH,458
251074,FULL MATCH,458
251075,FULL MATCH,458
251076,FULL MATCH,"458, 672"
251077,FULL MATCH,672
251081,FULL MATCH,446
251082,FULL MATCH,446
251088,FULL MATCH,446
251089,FULL MATCH,"438, 460"
251090,FULL MATCH,438
251096,FULL MATCH,"438, 446"
251108,FULL MATCH,438
251109,FULL MATCH,438
251110,FULL MATCH,438
251111,FULL MATCH,"460, 673"
251112,FULL MATCH,"460, 673"
251114,NO MATCH,
251116,FULL MATCH,460
251117,FULL MATCH,"438, 460"
251118,FULL MATCH,673
251119,FULL MATCH,673
251120,AMBIGUOUS MATCH,"457, 673"
251121,FULL MATCH,"439, 457"
251122,FULL MATCH,457
251123,FULL MATCH,457
251124,FULL MATCH,"447, 448, 456, 457"
251125,FULL MATCH,457
251126,FULL MATCH,457
251127,FULL MATCH,674
251129,FULL MATCH,674
251130,FULL MATCH,674
251131,FULL MATCH,674
251132,FULL MATCH,447
251133,FULL MATCH,447
251134,FULL MATCH,447
251135,FULL MATCH,447
251136,FULL MATCH,"456, 674"
251137,FULL MATCH,"447, 674"
251138,FULL MATCH,456
251141,FULL MATCH,456
251142,FULL MATCH,"448, 456"
251143,FULL MATCH,"448, 456"
251144,FULL MATCH,448
251145,FULL MATCH,448
251147,FULL MATCH,"439, 448"
251148,FULL MATCH,"448, 675"
251149,FULL MATCH,448
251150,FULL MATCH,448
251151,FULL MATCH,448
251152,FULL MATCH,675
251153,FULL MATCH,675
251154,FULL MATCH,675
251155,FULL MATCH,439
251156,FULL MATCH,439
251157,FULL MATCH,439
251158,FULL MATCH,439
251159,FULL MATCH,439
251160,FULL MATCH,439
251161,FULL MATCH,439
251162,FULL MATCH,439
251163,FULL MATCH,676
251164,FULL MATCH,676
251165,FULL MATCH,443
251166,FULL MATCH,443
251167,FULL MATCH,443
251168,FULL MATCH,"439, 443"
251169,FULL MATCH,443
251170,FULL MATCH,443
251171,FULL MATCH,"440, 450"
251172,FULL MATCH,440
251173,FULL MATCH,440
251174,FULL MATCH,440
251175,NO MATCH,
251176,FULL MATCH,440
251178,FULL MATCH,440
251179,FULL MATCH,440
251180,FULL MATCH,440
251182,FULL MATCH,440
251183,FULL MATCH,450
251184,FULL MATCH,"440, 450, 669"
251185,FULL MATCH,450
251186,NO MATCH,
251187,FULL MATCH,450
251188,FULL MATCH,450
251189,FULL MATCH,450
251190,FULL MATCH,450
251191,FULL MATCH,669
251192,FULL MATCH,"454, 669"
251193,NO MATCH,
251194,FULL MATCH,454
251196,FULL MATCH,454
251197,FULL MATCH,445
251199,FULL MATCH,445
251200,FULL MATCH,"445, 454"
251209,AMBIGUOUS MATCH,461
251211,FULL MATCH,"461, 668"
251213,FULL MATCH,461
251214,FULL MATCH,461
251215,FULL MATCH,461
251216,NO MATCH,
251219,FULL MATCH,"442, 461"
251222,FULL MATCH,442
251225,NO MATCH,
251230,FULL MATCH,"459, 641"
251231,FULL MATCH,459
251243,FULL MATCH,459
251244,FULL MATCH,641
251245,FULL MATCH,453
251249,FULL MATCH,453
251251,FULL MATCH,453
251254,FULL MATCH,462
251261,FULL MATCH,462
251262,FULL MATCH,462
251264,FULL MATCH,462
251269,FULL MATCH,462
251271,FULL MATCH,464
251272,FULL MATCH,463
251273,FULL MATCH,"462, 465"
251275,FULL MATCH,486
251277,FULL MATCH,486
251278,FULL MATCH,"474, 486"
251279,FULL MATCH,"474, 486"
251280,FULL MATCH,474
251281,FULL MATCH,"474, 486"
251282,FULL MATCH,474
251283,FULL MATCH,478
251284,FULL MATCH,478
251285,FULL MATCH,478
251286,FULL MATCH,478
251287,FULL MATCH,478
251290,FULL MATCH,478
251292,FULL MATCH,478
251293,AMBIGUOUS MATCH,"466, 478"
251294,FULL MATCH,478
251295,FULL MATCH,478
251296,NO MATCH,
251297,FULL MATCH,478
251298,FULL MATCH,472
251299,FULL MATCH,472
251300,FULL MATCH,472
251301,FULL MATCH,472
251302,FULL MATCH,472
251303,FULL MATCH,472
251304,FULL MATCH,472
251305,FULL MATCH,472
251306,FULL MATCH,472
251307,FULL MATCH,472
251308,FULL MATCH,472
251309,FULL MATCH,467
251310,FULL MATCH,467
251311,FULL MATCH,467
251312,FULL MATCH,467
251314,FULL MATCH,494
251315,FULL MATCH,"467, 499"
251316,FULL MATCH,467
251317,FULL MATCH,499
251318,FULL MATCH,"467, 499"
251319,FULL MATCH,499
251320,FULL MATCH,499
251322,FULL MATCH,468
251323,FULL MATCH,468
251324,FULL MATCH,468
251325,FULL MATCH,468
251326,FULL MATCH,468
251327,FULL MATCH,468
251328,AMBIGUOUS MATCH,468
251329,FULL MATCH,468
251330,FULL MATCH,468
251331,FULL MATCH,468
251332,FULL MATCH,498
251333,FULL MATCH,498
251334,FULL MATCH,498
251336,FULL MATCH,498
251337,FULL MATCH,498
251338,FULL MATCH,498
251339,FULL MATCH,484
251340,FULL MATCH,484
251341,FULL MATCH,484
251342,FULL MATCH,484
251343,FULL MATCH,484
251344,FULL MATCH,484
251345,FULL MATCH,484
251350,FULL MATCH,484
251353,FULL MATCH,"471, 484"
251356,FULL MATCH,484
251358,FULL MATCH,"471, 484"
251359,FULL MATCH,484
251362,AMBIGUOUS MATCH,484
251363,FULL MATCH,484
251366,FULL MATCH,"471, 484"
251370,FULL MATCH,476
251371,FULL MATCH,"471, 476"
251373,FULL MATCH,473
251375,FULL MATCH,473
251376,FULL MATCH,473
251381,FULL MATCH,473
251382,FULL MATCH,473
251384,FULL MATCH,473
251386,FULL MATCH,500
251389,FULL MATCH,500
251390,FULL MATCH,500
251391,FULL MATCH,500
251393,FULL MATCH,500
251394,FULL MATCH,500
251395,FULL MATCH,500
251397,FULL MATCH,500
251398,FULL MATCH,485
251399,FULL MATCH,"477, 485"
251401,FULL MATCH,485
251402,FULL MATCH,485
251403,FULL MATCH,485
251404,FULL MATCH,485
251405,FULL MATCH,485
251406,FULL MATCH,485
251407,FULL MATCH,485
251408,FULL MATCH,485
251409,FULL MATCH,485
251410,FULL MATCH,485
251411,FULL MATCH,477
251412,FULL MATCH,477
251413,FULL MATCH,"477, 489"
251414,FULL MATCH,"479, 489"
251415,FULL MATCH,"477, 489"
251416,FULL MATCH,489
251417,FULL MATCH,489
251418,FULL MATCH,"479, 489"
251419,FULL MATCH,489
251420,FULL MATCH,489
251421,FULL MATCH,489
251422,FULL MATCH,469
251423,AMBIGUOUS MATCH,469
251424,AMBIGUOUS MATCH,"469, 479"
251425,FULL MATCH,"479, 489"
251426,FULL MATCH,469
251428,FULL MATCH,469
251430,FULL MATCH,469
251431,FULL MATCH,469
251432,FULL MATCH,469
251433,FULL MATCH,469
251434,FULL MATCH,487
251435,FULL MATCH,487
251436,FULL MATCH,469
251438,FULL MATCH,487
251439,FULL MATCH,487
251440,FULL MATCH,487
251441,FULL MATCH,487
251442,AMBIGUOUS MATCH,487
251444,FULL MATCH,487
251445,FULL MATCH,487
251447,FULL MATCH,487
251450,FULL MATCH,487
251451,FULL MATCH,665
251453,FULL MATCH,665
251460,FULL MATCH,665
251463,FULL MATCH,665
251470,FULL MATCH,497
251471,AMBIGUOUS MATCH,497
251472,NO MATCH,
251477,FULL MATCH,497
251483,FULL MATCH,497
251484,AMBIGUOUS MATCH,497
251485,FULL MATCH,497
251486,FULL MATCH,497
251487,FULL MATCH,497
251488,NO MATCH,
251491,FULL MATCH,491
251492,FULL MATCH,"483, 491, 497"
251497,NO MATCH,
251498,FULL MATCH,491
251501,FULL MATCH,"491, 497"
251502,FULL MATCH,491
251503,FULL MATCH,491
251504,FULL MATCH,491
251506,FULL MATCH,491
251510,AMBIGUOUS MATCH,"471, 476, 491"
251511,FULL MATCH,491
251512,FULL MATCH,491
251513,FULL MATCH,491
251516,FULL MATCH,490
251518,FULL MATCH,490
251520,FULL MATCH,490
251521,FULL MATCH,490
251522,FULL MATCH,490
251526,FULL MATCH,490
251528,AMBIGUOUS MATCH,490
251530,AMBIGUOUS MATCH,490
251531,FULL MATCH,490
251532,FULL MATCH,490
251533,FULL MATCH,490
251535,FULL MATCH,"490, 494"
251536,FULL MATCH,490
251537,FULL MATCH,490
251539,FULL MATCH,466
251540,FULL MATCH,466
251542,FULL MATCH,466
251543,FULL MATCH,466
251544,FULL MATCH,466
251546,FULL MATCH,466
251548,FULL MATCH,466
251551,FULL MATCH,466
251552,FULL MATCH,466
251553,FULL MATCH,466
251554,FULL MATCH,466
251555,FULL MATCH,470
251556,FULL MATCH,470
251557,FULL MATCH,470
251558,FULL MATCH,470
251559,FULL MATCH,470
251560,FULL MATCH,470
251561,FULL MATCH,481
251562,FULL MATCH,481
251563,FULL MATCH,481
251564,FULL MATCH,481
251565,FULL MATCH,481
251566,FULL MATCH,488
251567,FULL MATCH,488
251568,FULL MATCH,488
251569,NO MATCH,
251570,FULL MATCH,488
251571,FULL MATCH,488
251572,FULL MATCH,488
251573,FULL MATCH,488
251574,FULL MATCH,496
251575,FULL MATCH,496
251576,FULL MATCH,496
251577,AMBIGUOUS MATCH,496
251579,FULL MATCH,496
251580,FULL MATCH,496
251581,FULL MATCH,496
251582,FULL MATCH,496
251583,FULL MATCH,496
251584,FULL MATCH,494
251585,FULL MATCH,494
251586,FULL MATCH,494
251588,FULL MATCH,494
251589,FULL MATCH,494
251590,FULL MATCH,494
251593,FULL MATCH,494
251596,FULL MATCH,494
251598,FULL MATCH,494
251599,FULL MATCH,492
251601,FULL MATCH,492
251602,FULL MATCH,492
251604,FULL MATCH,492
251605,FULL MATCH,492
251607,FULL MATCH,492
251608,FULL MATCH,492
251609,FULL MATCH,495
251610,FULL MATCH,495
251611,FULL MATCH,495
251612,FULL MATCH,495
251613,FULL MATCH,495
251614,FULL MATCH,480
251615,FULL MATCH,480
251616,FULL MATCH,480
251619,FULL MATCH,480
251621,FULL MATCH,480
251622,FULL MATCH,480
251625,AMBIGUOUS MATCH,480
251628,FULL MATCH,480
251629,FULL MATCH,480
251630,FULL MATCH,480
251631,FULL MATCH,480
251633,FULL MATCH,493
251634,FULL MATCH,493
251635,FULL MATCH,493
251636,FULL MATCH,493
251639,FULL MATCH,493
251648,FULL MATCH,682
251651,FULL MATCH,681
251652,FULL MATCH,681
251653,FULL MATCH,508
251654,FULL MATCH,683
251664,AMBIGUOUS MATCH,"507, 518, 700"
251680,FULL MATCH,694
251682,FULL MATCH,697
251684,FULL MATCH,696
251685,FULL MATCH,514
251686,FULL MATCH,514
251689,FULL MATCH,514
251690,FULL MATCH,689
251691,AMBIGUOUS MATCH,"522, 686"
251695,AMBIGUOUS MATCH,"517, 519, 790"
251696,FULL MATCH,790
251698,FULL MATCH,790
251699,AMBIGUOUS MATCH,"517, 519, 790"
251700,FULL MATCH,519
251701,FULL MATCH,743
251702,FULL MATCH,521
251703,FULL MATCH,743
251709,AMBIGUOUS MATCH,521
251711,AMBIGUOUS MATCH,"517, 521, 790"
251716,FULL MATCH,744
251719,NO MATCH,
251722,FULL MATCH,"744, 746"
251724,FULL MATCH,"505, 746"
251725,AMBIGUOUS MATCH,505
251727,FULL MATCH,746
251728,FULL MATCH,746
251731,AMBIGUOUS MATCH,746
251732,FULL MATCH,505
251733,AMBIGUOUS MATCH,"505, 747"
251735,FULL MATCH,747
251736,FULL MATCH,505
251737,FULL MATCH,505
251738,FULL MATCH,523
251739,AMBIGUOUS MATCH,748
251740,FULL MATCH,523
251741,FULL MATCH,523
251742,FULL MATCH,523
251743,NO MATCH,
251745,NO MATCH,
251746,FULL MATCH,749
251747,FULL MATCH,510
251749,FULL MATCH,510
251750,NO MATCH,
251751,FULL MATCH,751
251752,FULL MATCH,506
251753,FULL MATCH,751
251754,FULL MATCH,751
251755,NO MATCH,
251756,FULL MATCH,751
251757,AMBIGUOUS MATCH,506
251758,FULL MATCH,506
251759,FULL MATCH,506
251760,FULL MATCH,750
251761,FULL MATCH,750
251762,NO MATCH,
251763,NO MATCH,
251766,AMBIGUOUS MATCH,517
251768,FULL MATCH,517
251770,FULL MATCH,515
251772,FULL MATCH,515
251773,AMBIGUOUS MATCH,"511, 517, 790"
251774,FULL MATCH,752
251778,FULL MATCH,504
251780,FULL MATCH,504
251781,FULL MATCH,790
251782,FULL MATCH,504
251786,FULL MATCH,753
251787,FULL MATCH,511
251789,FULL MATCH,511
251792,FULL MATCH,511
251795,AMBIGUOUS MATCH,755
251797,FULL MATCH,502
251799,FULL MATCH,502
251809,FULL MATCH,527
251810,FULL MATCH,527
251811,NO MATCH,
251812,FULL MATCH,527
251813,FULL MATCH,527
251814,FULL MATCH,527
251815,FULL MATCH,527
251816,AMBIGUOUS MATCH,"524, 527"
251818,NO MATCH,
251819,FULL MATCH,527
251820,FULL MATCH,527
251824,NO MATCH,
251825,FULL MATCH,527
251827,FULL MATCH,527
251828,FULL MATCH,527
251829,FULL MATCH,527
251830,FULL MATCH,524
251831,FULL MATCH,524
251832,FULL MATCH,524
251833,FULL MATCH,524
251834,FULL MATCH,524
251835,FULL MATCH,524
251836,FULL MATCH,527
251837,FULL MATCH,524
251838,FULL MATCH,524
251839,FULL MATCH,524
251840,FULL MATCH,524
251841,FULL MATCH,524
251842,NO MATCH,
251843,FULL MATCH,530
251844,FULL MATCH,530
251845,FULL MATCH,530
251846,FULL MATCH,530
251847,FULL MATCH,530
251848,FULL MATCH,538
251849,FULL MATCH,538
251852,FULL MATCH,538
251853,FULL MATCH,538
251854,FULL MATCH,538
251855,FULL MATCH,538
251856,FULL MATCH,538
251858,FULL MATCH,538
251859,FULL MATCH,635
251860,FULL MATCH,635
251861,FULL MATCH,635
251862,FULL MATCH,"538, 635"
251863,AMBIGUOUS MATCH,635
251864,FULL MATCH,529
251865,FULL MATCH,529
251866,FULL MATCH,529
251867,FULL MATCH,529
251868,FULL MATCH,529
251869,FULL MATCH,529
251870,FULL MATCH,546
251871,FULL MATCH,546
251872,FULL MATCH,546
251873,FULL MATCH,546
251874,FULL MATCH,546
251876,NO MATCH,
251877,FULL MATCH,546
251878,FULL MATCH,546
251879,FULL MATCH,543
251880,FULL MATCH,543
251881,FULL MATCH,543
251882,FULL MATCH,543
251884,FULL MATCH,537
251885,FULL MATCH,537
251886,FULL MATCH,537
251887,FULL MATCH,537
251888,NO MATCH,
251889,FULL MATCH,537
251890,FULL MATCH,537
251891,FULL MATCH,537
251892,FULL MATCH,537
251893,FULL MATCH,536
251894,FULL MATCH,536
251895,FULL MATCH,536
251896,FULL MATCH,536
251897,FULL MATCH,536
251898,FULL MATCH,536
251899,FULL MATCH,550
251900,FULL MATCH,550
251901,FULL MATCH,550
251903,FULL MATCH,550
251904,FULL MATCH,550
251905,FULL MATCH,550
251906,FULL MATCH,550
251907,FULL MATCH,550
251908,FULL MATCH,550
251909,FULL MATCH,550
251911,FULL MATCH,550
251912,FULL MATCH,540
251913,FULL MATCH,540
251914,FULL MATCH,540
251915,FULL MATCH,540
251916,FULL MATCH,540
251917,FULL MATCH,540
251918,FULL MATCH,540
251919,FULL MATCH,540
251921,FULL MATCH,738
251922,FULL MATCH,738
251924,FULL MATCH,"528, 738"
251925,FULL MATCH,528
251926,FULL MATCH,528
251927,FULL MATCH,528
251929,FULL MATCH,528
251930,FULL MATCH,738
251931,FULL MATCH,"528, 738"
251932,FULL MATCH,533
251933,FULL MATCH,533
251934,FULL MATCH,533
251935,FULL MATCH,533
251936,FULL MATCH,533
251937,FULL MATCH,533
251938,FULL MATCH,535
251939,FULL MATCH,738
251940,FULL MATCH,535
251941,FULL MATCH,535
251942,FULL MATCH,535
251943,FULL MATCH,535
251945,FULL MATCH,547
251946,FULL MATCH,547
251947,FULL MATCH,547
251948,FULL MATCH,547
251949,FULL MATCH,547
251950,FULL MATCH,547
251951,FULL MATCH,547
251952,FULL MATCH,547
251953,FULL MATCH,549
251954,FULL MATCH,549
251955,AMBIGUOUS MATCH,549
251958,FULL MATCH,549
251959,FULL MATCH,532
251960,FULL MATCH,532
251961,FULL MATCH,532
251962,FULL MATCH,532
251963,FULL MATCH,532
251964,FULL MATCH,532
251965,FULL MATCH,532
251967,FULL MATCH,532
251968,FULL MATCH,548
251969,FULL MATCH,548
251970,FULL MATCH,548
251971,FULL MATCH,548
251972,FULL MATCH,548
251973,FULL MATCH,548
251974,FULL MATCH,548
251975,FULL MATCH,548
251976,FULL MATCH,548
251977,FULL MATCH,548
251978,FULL MATCH,630
251979,FULL MATCH,630
251980,FULL MATCH,630
251981,FULL MATCH,630
251982,NO MATCH,
251983,FULL MATCH,630
251984,FULL MATCH,542
251985,FULL MATCH,542
251986,FULL MATCH,542
251988,NO MATCH,
251989,FULL MATCH,542
251990,FULL MATCH,"525, 526"
251992,FULL MATCH,526
251993,NO MATCH,
251994,FULL MATCH,526
251995,FULL MATCH,526
251996,FULL MATCH,631
252001,FULL MATCH,544
252002,FULL MATCH,544
252003,FULL MATCH,544
252004,FULL MATCH,544
252005,FULL MATCH,544
252006,FULL MATCH,544
252007,FULL MATCH,544
252008,FULL MATCH,539
252009,FULL MATCH,539
252010,FULL MATCH,539
252012,FULL MATCH,539
252013,FULL MATCH,539
252014,FULL MATCH,539
252015,FULL MATCH,539
252016,FULL MATCH,539
252017,FULL MATCH,534
252018,FULL MATCH,534
252021,FULL MATCH,534
252027,FULL MATCH,534
252029,FULL MATCH,534
252033,FULL MATCH,534
252034,FULL MATCH,534
252035,FULL MATCH,534
252036,FULL MATCH,534
252037,FULL MATCH,541
252038,FULL MATCH,541
252039,FULL MATCH,541
252040,FULL MATCH,541
252042,FULL MATCH,545
252043,FULL MATCH,545
252045,AMBIGUOUS MATCH,545
252049,FULL MATCH,545
252050,FULL MATCH,545
252051,FULL MATCH,545
252052,FULL MATCH,"531, 545"
252053,FULL MATCH,531
252054,FULL MATCH,531
252055,FULL MATCH,531
252056,FULL MATCH,531
252057,FULL MATCH,551
252061,FULL MATCH,551
252071,AMBIGUOUS MATCH,551
252075,FULL MATCH,551
252077,FULL MATCH,551
252079,FULL MATCH,551
252082,FULL MATCH,552
252084,FULL MATCH,552
252087,FULL MATCH,552
252095,FULL MATCH,"552, 793"
252096,FULL MATCH,"552, 793"
252097,FULL MATCH,"552, 793"
252099,FULL MATCH,793
252100,FULL MATCH,793
252108,AMBIGUOUS MATCH,"555, 558"
252110,AMBIGUOUS MATCH,"555, 558"
252111,AMBIGUOUS MATCH,"555, 557"
252112,AMBIGUOUS MATCH,"555, 557"
252125,AMBIGUOUS MATCH,"555, 557"
252139,AMBIGUOUS MATCH,"555, 557"
252144,AMBIGUOUS MATCH,"555, 557"
252149,AMBIGUOUS MATCH,555
252155,AMBIGUOUS MATCH,555
252157,AMBIGUOUS MATCH,"555, 561"
252159,AMBIGUOUS MATCH,"555, 561"
252160,AMBIGUOUS MATCH,"555, 561"
252169,AMBIGUOUS MATCH,"555, 562"
252170,AMBIGUOUS MATCH,"555, 562"
252171,AMBIGUOUS MATCH,"555, 562"
252172,AMBIGUOUS MATCH,"555, 562"
252173,AMBIGUOUS MATCH,555
252174,AMBIGUOUS MATCH,555
252175,AMBIGUOUS MATCH,"555, 563"
252176,AMBIGUOUS MATCH,"555, 563"
252178,AMBIGUOUS MATCH,555
252180,AMBIGUOUS MATCH,"555, 566"
252181,AMBIGUOUS MATCH,"555, 566"
252184,AMBIGUOUS MATCH,555
252194,AMBIGUOUS MATCH,555
252200,AMBIGUOUS MATCH,555
252204,AMBIGUOUS MATCH,"555, 566"
252205,AMBIGUOUS MATCH,555
252207,AMBIGUOUS MATCH,555
252208,AMBIGUOUS MATCH,555
252211,AMBIGUOUS MATCH,555
252215,AMBIGUOUS MATCH,"555, 559"
252218,AMBIGUOUS MATCH,555
252220,FULL MATCH,555
252224,AMBIGUOUS MATCH,555
252226,AMBIGUOUS MATCH,555
252227,AMBIGUOUS MATCH,555
252230,AMBIGUOUS MATCH,555
252231,AMBIGUOUS MATCH,555
252233,AMBIGUOUS MATCH,555
252234,AMBIGUOUS MATCH,555
252236,AMBIGUOUS MATCH,555
252238,AMBIGUOUS MATCH,555
252239,AMBIGUOUS MATCH,555
252242,AMBIGUOUS MATCH,"554, 555"
252247,AMBIGUOUS MATCH,"554, 555"
252248,AMBIGUOUS MATCH,"554, 555"
252249,AMBIGUOUS MATCH,"554, 555"
252250,AMBIGUOUS MATCH,"554, 555"
252251,AMBIGUOUS MATCH,555
252252,AMBIGUOUS MATCH,"555, 564"
252253,AMBIGUOUS MATCH,555
252254,AMBIGUOUS MATCH,555
252255,AMBIGUOUS MATCH,"555, 559"
252256,AMBIGUOUS MATCH,555
252257,AMBIGUOUS MATCH,555
252258,AMBIGUOUS MATCH,555
252259,AMBIGUOUS MATCH,"555, 565"
252260,AMBIGUOUS MATCH,"555, 565"
252261,AMBIGUOUS MATCH,"555, 565"
252262,FULL MATCH,589
252263,FULL MATCH,589
252264,FULL MATCH,589
252265,FULL MATCH,589
252268,FULL MATCH,589
252269,FULL MATCH,589
252270,FULL MATCH,589
252271,FULL MATCH,589
252273,FULL MATCH,589
252275,FULL MATCH,589
252276,FULL MATCH,589
252277,FULL MATCH,"568, 589"
252278,FULL MATCH,"574, 589"
252279,FULL MATCH,589
252283,FULL MATCH,"568, 589"
252294,AMBIGUOUS MATCH,"568, 589, 730"
252295,FULL MATCH,574
252298,FULL MATCH,"574, 589"
252299,FULL MATCH,"574, 589"
252319,AMBIGUOUS MATCH,"589, 730"
252329,FULL MATCH,"574, 730"
252330,FULL MATCH,730
252332,FULL MATCH,730
252333,FULL MATCH,730
252336,FULL MATCH,574
252340,FULL MATCH,586
252341,FULL MATCH,574
252342,FULL MATCH,"574, 730"
252343,FULL MATCH,730
252344,FULL MATCH,730
252346,FULL MATCH,730
252347,FULL MATCH,730
252348,FULL MATCH,730
252349,FULL MATCH,730
252350,FULL MATCH,595
252351,FULL MATCH,595
252359,FULL MATCH,"595, 731"
252360,FULL MATCH,731
252361,FULL MATCH,731
252363,FULL MATCH,584
252364,FULL MATCH,731
252365,FULL MATCH,731
252366,FULL MATCH,731
252367,AMBIGUOUS MATCH,731
252369,FULL MATCH,731
252370,FULL MATCH,731
252371,FULL MATCH,731
252372,AMBIGUOUS MATCH,731
252373,FULL MATCH,731
252374,FULL MATCH,731
252375,FULL MATCH,"593, 731"
252376,FULL MATCH,"593, 731"
252377,FULL MATCH,595
252381,FULL MATCH,595
252388,FULL MATCH,595
252389,FULL MATCH,595
252391,FULL MATCH,"595, 732"
252392,FULL MATCH,732
252394,FULL MATCH,"595, 732"
252395,FULL MATCH,732
252396,FULL MATCH,732
252397,FULL MATCH,732
252398,FULL MATCH,732
252399,FULL MATCH,577
252401,FULL MATCH,577
252402,FULL MATCH,577
252404,FULL MATCH,577
252405,FULL MATCH,577
252406,FULL MATCH,577
252407,FULL MATCH,"571, 577"
252408,FULL MATCH,"571, 577"
252409,FULL MATCH,571
252410,FULL MATCH,577
252411,FULL MATCH,577
252412,FULL MATCH,571
252413,FULL MATCH,571
252414,FULL MATCH,571
252415,FULL MATCH,571
252416,FULL MATCH,"571, 584"
252417,FULL MATCH,571
252419,FULL MATCH,571
252420,FULL MATCH,"593, 595"
252422,FULL MATCH,593
252424,FULL MATCH,"593, 731"
252425,FULL MATCH,593
252426,FULL MATCH,593
252427,FULL MATCH,593
252428,FULL MATCH,593
252429,FULL MATCH,593
252430,FULL MATCH,593
252431,FULL MATCH,593
252432,FULL MATCH,593
252433,FULL MATCH,593
252434,FULL MATCH,593
252435,FULL MATCH,593
252436,FULL MATCH,596
252437,FULL MATCH,596
252438,FULL MATCH,596
252439,FULL MATCH,"596, 730"
252440,FULL MATCH,596
252441,FULL MATCH,596
252442,FULL MATCH,596
252443,FULL MATCH,596
252444,FULL MATCH,729
252445,FULL MATCH,596
252446,FULL MATCH,729
252447,FULL MATCH,596
252448,FULL MATCH,729
252449,FULL MATCH,729
252450,FULL MATCH,"596, 729"
252451,FULL MATCH,729
252452,FULL MATCH,729
252453,FULL MATCH,"570, 596, 729"
252454,FULL MATCH,584
252455,FULL MATCH,584
252456,FULL MATCH,584
252457,NO MATCH,
252458,NO MATCH,
252459,FULL MATCH,584
252460,FULL MATCH,584
252462,FULL MATCH,584
252463,FULL MATCH,584
252464,FULL MATCH,584
252465,FULL MATCH,584
252466,FULL MATCH,584
252467,FULL MATCH,584
252468,FULL MATCH,584
252469,FULL MATCH,584
252470,FULL MATCH,584
252471,FULL MATCH,584
252472,NO MATCH,
252473,FULL MATCH,584
252474,NO MATCH,
252475,FULL MATCH,584
252481,FULL MATCH,584
252483,FULL MATCH,584
252484,FULL MATCH,584
252485,FULL MATCH,"580, 584"
252486,FULL MATCH,584
252487,FULL MATCH,584
252488,FULL MATCH,584
252489,FULL MATCH,584
252490,FULL MATCH,584
252491,FULL MATCH,584
252493,FULL MATCH,584
252494,FULL MATCH,584
252495,FULL MATCH,584
252496,FULL MATCH,584
252497,FULL MATCH,"580, 584"
252498,FULL MATCH,584
252499,FULL MATCH,580
252500,FULL MATCH,580
252501,FULL MATCH,580
252502,FULL MATCH,580
252505,FULL MATCH,634
252506,FULL MATCH,"573, 580"
252508,FULL MATCH,580
252509,FULL MATCH,580
252510,FULL MATCH,580
252511,FULL MATCH,580
252512,FULL MATCH,580
252513,FULL MATCH,580
252514,FULL MATCH,580
252515,FULL MATCH,580
252516,FULL MATCH,580
252517,FULL MATCH,733
252518,FULL MATCH,580
252520,FULL MATCH,584
252521,FULL MATCH,580
252522,FULL MATCH,580
252523,FULL MATCH,580
252524,FULL MATCH,580
252525,FULL MATCH,580
252526,FULL MATCH,580
252527,FULL MATCH,573
252528,FULL MATCH,573
252529,FULL MATCH,573
252530,FULL MATCH,573
252531,FULL MATCH,"569, 573, 634"
252532,FULL MATCH,573
252533,FULL MATCH,573
252534,FULL MATCH,573
252535,FULL MATCH,573
252536,FULL MATCH,573
252537,FULL MATCH,573
252538,FULL MATCH,"573, 634"
252539,FULL MATCH,573
252540,FULL MATCH,"573, 634"
252541,FULL MATCH,"573, 634"
252542,FULL MATCH,573
252543,FULL MATCH,573
252544,FULL MATCH,573
252545,FULL MATCH,573
252546,FULL MATCH,573
252547,FULL MATCH,573
252548,FULL MATCH,733
252549,FULL MATCH,573
252550,FULL MATCH,"573, 634"
252551,FULL MATCH,573
252552,FULL MATCH,576
252553,FULL MATCH,573
252554,FULL MATCH,573
252555,FULL MATCH,573
252556,FULL MATCH,"574, 589"
252558,FULL MATCH,573
252560,FULL MATCH,"573, 634"
252562,FULL MATCH,"573, 634"
252564,FULL MATCH,573
252565,FULL MATCH,573
252568,FULL MATCH,573
252572,FULL MATCH,573
252573,FULL MATCH,"573, 634"
252574,FULL MATCH,573
252575,FULL MATCH,573
252576,NO MATCH,
252577,FULL MATCH,573
252578,FULL MATCH,573
252579,FULL MATCH,733
252580,FULL MATCH,573
252581,FULL MATCH,573
252582,FULL MATCH,573
252583,FULL MATCH,573
252584,FULL MATCH,573
252585,FULL MATCH,634
252587,FULL MATCH,634
252588,FULL MATCH,634
252589,AMBIGUOUS MATCH,"576, 634"
252590,FULL MATCH,634
252591,FULL MATCH,634
252592,FULL MATCH,634
252593,FULL MATCH,634
252594,FULL MATCH,587
252595,FULL MATCH,587
252596,AMBIGUOUS MATCH,"587, 588"
252597,FULL MATCH,587
252598,FULL MATCH,587
252599,FULL MATCH,587
252600,FULL MATCH,587
252601,FULL MATCH,587
252602,FULL MATCH,587
252603,FULL MATCH,587
252605,FULL MATCH,587
252607,FULL MATCH,587
252608,FULL MATCH,587
252609,FULL MATCH,587
252610,FULL MATCH,587
252611,FULL MATCH,"569, 573"
252612,AMBIGUOUS MATCH,"569, 573"
252613,FULL MATCH,"569, 582"
252614,FULL MATCH,"569, 573"
252615,FULL MATCH,634
252616,FULL MATCH,634
252617,FULL MATCH,569
252621,NO MATCH,
252626,FULL MATCH,588
252627,FULL MATCH,569
252628,FULL MATCH,569
252629,FULL MATCH,569
252630,FULL MATCH,634
252632,FULL MATCH,569
252633,AMBIGUOUS MATCH,"569, 573, 576, 634"
252634,FULL MATCH,569
252636,FULL MATCH,634
252638,FULL MATCH,569
252639,AMBIGUOUS MATCH,"587, 588"
252641,FULL MATCH,569
252642,FULL MATCH,569
252653,FULL MATCH,569
252655,FULL MATCH,569
252656,FULL MATCH,569
252657,FULL MATCH,569
252658,FULL MATCH,569
252659,FULL MATCH,569
252660,FULL MATCH,578
252661,FULL MATCH,569
252664,FULL MATCH,578
252665,FULL MATCH,569
252666,FULL MATCH,569
252667,FULL MATCH,569
252668,FULL MATCH,569
252670,FULL MATCH,569
252671,FULL MATCH,569
252673,FULL MATCH,569
252674,FULL MATCH,569
252676,FULL MATCH,569
252677,FULL MATCH,569
252678,FULL MATCH,569
252679,NO MATCH,
252680,FULL MATCH,569
252681,AMBIGUOUS MATCH,"569, 588"
252682,FULL MATCH,634
252683,FULL MATCH,634
252685,FULL MATCH,634
252686,FULL MATCH,634
252687,FULL MATCH,634
252688,FULL MATCH,634
252689,NO MATCH,
252690,FULL MATCH,572
252691,FULL MATCH,572
252692,FULL MATCH,572
252693,FULL MATCH,572
252694,FULL MATCH,572
252695,FULL MATCH,572
252696,FULL MATCH,572
252697,FULL MATCH,572
252698,FULL MATCH,572
252699,FULL MATCH,572
252700,FULL MATCH,572
252701,FULL MATCH,572
252702,FULL MATCH,572
252703,FULL MATCH,572
252704,FULL MATCH,572
252705,FULL MATCH,572
252707,AMBIGUOUS MATCH,572
252709,FULL MATCH,572
252710,FULL MATCH,572
252711,FULL MATCH,572
252712,FULL MATCH,572
252713,FULL MATCH,572
252714,FULL MATCH,572
252715,FULL MATCH,572
252716,FULL MATCH,572
252717,FULL MATCH,572
252718,FULL MATCH,572
252719,FULL MATCH,"576, 634"
252720,AMBIGUOUS MATCH,"576, 588"
252723,FULL MATCH,576
252725,FULL MATCH,576
252726,FULL MATCH,576
252727,FULL MATCH,576
252729,FULL MATCH,576
252730,FULL MATCH,576
252731,FULL MATCH,576
252732,FULL MATCH,576
252733,FULL MATCH,576
252734,FULL MATCH,591
252735,FULL MATCH,591
252736,FULL MATCH,591
252737,FULL MATCH,591
252738,FULL MATCH,591
252739,FULL MATCH,591
252740,FULL MATCH,591
252741,FULL MATCH,591
252742,FULL MATCH,591
252743,FULL MATCH,591
252744,FULL MATCH,"591, 610"
252745,FULL MATCH,591
252747,FULL MATCH,591
252748,FULL MATCH,591
252749,AMBIGUOUS MATCH,591
252752,FULL MATCH,591
252754,FULL MATCH,591
252757,FULL MATCH,591
252758,FULL MATCH,"582, 591"
252759,FULL MATCH,"581, 584, 591"
252760,FULL MATCH,"581, 591"
252761,FULL MATCH,581
252762,FULL MATCH,581
252763,FULL MATCH,581
252764,FULL MATCH,610
252765,FULL MATCH,610
252766,FULL MATCH,610
252767,FULL MATCH,"581, 610"
252768,FULL MATCH,"570, 596"
252769,FULL MATCH,570
252770,FULL MATCH,570
252771,FULL MATCH,570
252773,FULL MATCH,570
252775,FULL MATCH,570
252776,FULL MATCH,570
252777,FULL MATCH,570
252778,FULL MATCH,570
252779,FULL MATCH,570
252780,FULL MATCH,570
252781,FULL MATCH,570
252782,FULL MATCH,570
252783,FULL MATCH,"570, 610"
252784,FULL MATCH,570
252785,FULL MATCH,570
252786,FULL MATCH,"570, 729"
252787,FULL MATCH,570
252788,FULL MATCH,570
252789,FULL MATCH,570
252790,FULL MATCH,570
252791,FULL MATCH,735
252792,FULL MATCH,735
252793,FULL MATCH,735
252794,FULL MATCH,735
252795,FULL MATCH,"586, 735"
252796,FULL MATCH,735
252797,FULL MATCH,579
252799,FULL MATCH,579
252800,FULL MATCH,579
252801,FULL MATCH,579
252802,FULL MATCH,579
252803,FULL MATCH,"586, 590"
252804,FULL MATCH,590
252805,FULL MATCH,590
252806,FULL MATCH,590
252807,FULL MATCH,590
252808,FULL MATCH,590
252809,FULL MATCH,590
252810,FULL MATCH,590
252811,FULL MATCH,590
252812,FULL MATCH,590
252813,FULL MATCH,"586, 590"
252814,FULL MATCH,586
252815,FULL MATCH,586
252816,FULL MATCH,586
252817,FULL MATCH,586
252818,FULL MATCH,586
252819,AMBIGUOUS MATCH,"576, 586"
252822,FULL MATCH,"586, 590"
252823,FULL MATCH,586
252824,FULL MATCH,586
252826,FULL MATCH,"586, 590"
252828,FULL MATCH,"586, 590"
252829,FULL MATCH,586
252830,FULL MATCH,586
252831,FULL MATCH,586
252832,FULL MATCH,586
252833,AMBIGUOUS MATCH,586
252836,FULL MATCH,586
252837,FULL MATCH,586
252838,FULL MATCH,586
252839,FULL MATCH,586
252840,FULL MATCH,586
252841,FULL MATCH,586
252842,FULL MATCH,586
252843,AMBIGUOUS MATCH,"576, 582"
252844,FULL MATCH,582
252845,AMBIGUOUS MATCH,"576, 582, 634"
252848,AMBIGUOUS MATCH,582
252849,FULL MATCH,582
252850,FULL MATCH,582
252851,FULL MATCH,582
252852,AMBIGUOUS MATCH,"582, 586, 590"
252853,FULL MATCH,582
252854,FULL MATCH,"582, 586"
252855,FULL MATCH,585
252856,FULL MATCH,585
252857,FULL MATCH,585
252858,FULL MATCH,585
252859,FULL MATCH,585
252860,FULL MATCH,585
252861,FULL MATCH,585
252862,FULL MATCH,585
252863,NO MATCH,
252864,FULL MATCH,585
252865,FULL MATCH,585
252866,FULL MATCH,585
252867,FULL MATCH,585
252868,FULL MATCH,585
252869,FULL MATCH,585
252870,FULL MATCH,578
252871,FULL MATCH,578
252872,FULL MATCH,578
252880,FULL MATCH,578
252881,FULL MATCH,578
252882,FULL MATCH,578
252883,FULL MATCH,578
252884,FULL MATCH,"578, 588"
252885,FULL MATCH,578
252886,FULL MATCH,578
252887,AMBIGUOUS MATCH,"578, 588"
252888,FULL MATCH,578
252889,FULL MATCH,578
252895,FULL MATCH,588
252896,FULL MATCH,588
252897,FULL MATCH,588
252898,FULL MATCH,588
252899,FULL MATCH,588
252900,FULL MATCH,588
252901,FULL MATCH,588
252902,FULL MATCH,588
252903,AMBIGUOUS MATCH,"569, 588"
252904,NO MATCH,
252905,FULL MATCH,588
252906,FULL MATCH,588
252908,FULL MATCH,588
252909,FULL MATCH,588
252910,FULL MATCH,588
252911,FULL MATCH,588
252912,FULL MATCH,588
252913,FULL MATCH,588
252914,FULL MATCH,588
252915,FULL MATCH,588
252916,FULL MATCH,588
252917,FULL MATCH,588
252918,FULL MATCH,588
252919,FULL MATCH,588
252920,FULL MATCH,588
252921,FULL MATCH,588
252922,FULL MATCH,588
252923,FULL MATCH,597
252924,FULL MATCH,597
252926,FULL MATCH,"597, 733"
252928,FULL MATCH,597
252930,FULL MATCH,597
252931,FULL MATCH,597
252932,FULL MATCH,597
252938,FULL MATCH,597
252943,FULL MATCH,597
252945,FULL MATCH,597
252946,FULL MATCH,597
252947,FULL MATCH,597
252948,FULL MATCH,597
252950,FULL MATCH,583
252951,FULL MATCH,583
252952,NO MATCH,
252953,FULL MATCH,583
252954,FULL MATCH,583
252955,FULL MATCH,583
252956,FULL MATCH,583
252957,NO MATCH,
252958,FULL MATCH,583
252959,FULL MATCH,583
252961,FULL MATCH,"592, 594, 733"
252962,AMBIGUOUS MATCH,"582, 591"
252964,FULL MATCH,594
252965,FULL MATCH,594
252966,FULL MATCH,594
252967,FULL MATCH,594
252968,FULL MATCH,594
252970,FULL MATCH,594
252973,FULL MATCH,594
252974,AMBIGUOUS MATCH,"583, 594"
252975,FULL MATCH,594
252976,FULL MATCH,594
252977,FULL MATCH,594
252978,FULL MATCH,594
252979,FULL MATCH,576
252980,FULL MATCH,594
252981,FULL MATCH,594
252982,FULL MATCH,594
252983,FULL MATCH,594
252984,FULL MATCH,594
252985,FULL MATCH,594
252986,FULL MATCH,594
252987,AMBIGUOUS MATCH,"573, 733"
252988,FULL MATCH,733
252989,FULL MATCH,733
252990,FULL MATCH,733
252991,FULL MATCH,733
252992,FULL MATCH,733
252993,FULL MATCH,733
252994,FULL MATCH,733
252995,FULL MATCH,733
252996,FULL MATCH,733
252997,FULL MATCH,733
252998,FULL MATCH,733
252999,FULL MATCH,733
253000,FULL MATCH,733
253001,FULL MATCH,733
253002,FULL MATCH,733
253003,FULL MATCH,733
253004,FULL MATCH,733
253005,FULL MATCH,733
253006,FULL MATCH,733
253007,FULL MATCH,733
253008,FULL MATCH,733
253009,FULL MATCH,592
253010,FULL MATCH,592
253011,FULL MATCH,592
253012,FULL MATCH,733
253013,FULL MATCH,592
253014,FULL MATCH,592
253015,FULL MATCH,592
253017,FULL MATCH,592
253018,FULL MATCH,592
253019,FULL MATCH,592
253020,NO MATCH,
253021,FULL MATCH,592
253022,FULL MATCH,592
253023,FULL MATCH,592
253024,FULL MATCH,592
253026,FULL MATCH,592
253027,FULL MATCH,592
253028,FULL MATCH,583
253029,FULL MATCH,592
253030,FULL MATCH,592
253031,FULL MATCH,592
253032,FULL MATCH,575
253033,FULL MATCH,575
253034,FULL MATCH,575
253035,FULL MATCH,575
253036,FULL MATCH,575
253037,FULL MATCH,575
253038,FULL MATCH,575
253039,FULL MATCH,575
253041,FULL MATCH,575
253042,FULL MATCH,575
253044,FULL MATCH,575
253045,FULL MATCH,575
253046,FULL MATCH,575
253048,FULL MATCH,575
253049,FULL MATCH,575
253050,FULL MATCH,575
253051,FULL MATCH,575
253052,FULL MATCH,592
253053,NO MATCH,
253054,NO MATCH,
253055,FULL MATCH,594
253056,FULL MATCH,575
253057,FULL MATCH,575
253058,FULL MATCH,575
253059,FULL MATCH,575
253060,NO MATCH,
253061,FULL MATCH,575
253062,FULL MATCH,575
253064,FULL MATCH,575
253065,FULL MATCH,575
253066,FULL MATCH,575
253067,FULL MATCH,575
253068,FULL MATCH,575
253069,FULL MATCH,575
253070,FULL MATCH,575
253071,FULL MATCH,575
253072,FULL MATCH,575
253073,AMBIGUOUS MATCH,"575, 592"
253074,FULL MATCH,575
253075,FULL MATCH,575
253076,FULL MATCH,575
253077,FULL MATCH,575
253078,FULL MATCH,575
253079,FULL MATCH,575
253081,FULL MATCH,575
253082,FULL MATCH,575
253083,FULL MATCH,575
253085,FULL MATCH,575
253087,FULL MATCH,575
253088,FULL MATCH,575
253089,FULL MATCH,575
253090,FULL MATCH,575
253091,FULL MATCH,575
253092,FULL MATCH,"746, 747"
253093,NO MATCH,
253094,AMBIGUOUS MATCH,"570, 596, 600"
253095,FULL MATCH,600
253096,FULL MATCH,598
253098,AMBIGUOUS MATCH,602
253100,AMBIGUOUS MATCH,371
253101,FULL MATCH,504
253102,FULL MATCH,504
253103,FULL MATCH,"441, 789"
253104,FULL MATCH,681
253105,FULL MATCH,385
253106,FULL MATCH,377
253107,FULL MATCH,377
253108,FULL MATCH,377
253109,FULL MATCH,377
253110,FULL MATCH,"375, 383"
253111,FULL MATCH,383
253112,FULL MATCH,388
253113,FULL MATCH,142
253114,AMBIGUOUS MATCH,"378, 388, 648"
253115,FULL MATCH,648
253116,FULL MATCH,649
253117,FULL MATCH,649
253118,AMBIGUOUS MATCH,"649, 650"
253119,FULL MATCH,649
253120,FULL MATCH,389
253121,FULL MATCH,389
253122,FULL MATCH,31
253123,FULL MATCH,648
253124,FULL MATCH,"28, 37"
253125,AMBIGUOUS MATCH,"409, 421"
253126,FULL MATCH,"443, 676"
253127,FULL MATCH,672
253128,FULL MATCH,458
253130,FULL MATCH,531
253131,FULL MATCH,129
253132,FULL MATCH,545
253134,FULL MATCH,419
253135,FULL MATCH,673
253136,FULL MATCH,2
253137,FULL MATCH,"457, 460"
253138,FULL MATCH,460
253139,FULL MATCH,478
253140,FULL MATCH,478
253142,FULL MATCH,10
253143,FULL MATCH,674
253144,FULL MATCH,"377, 381"
253145,FULL MATCH,"381, 637"
253146,FULL MATCH,381
253147,AMBIGUOUS MATCH,"439, 450"
253148,FULL MATCH,"375, 379"
253149,FULL MATCH,650
253150,FULL MATCH,"378, 650"
253151,FULL MATCH,650
253152,FULL MATCH,"378, 650"
253153,FULL MATCH,378
253154,FULL MATCH,"378, 646"
253155,FULL MATCH,"378, 646"
253156,FULL MATCH,646
253157,FULL MATCH,646
253158,FULL MATCH,646
253159,FULL MATCH,646
253160,FULL MATCH,650
253162,FULL MATCH,392
253164,FULL MATCH,441
253166,FULL MATCH,341
253167,FULL MATCH,751
253169,FULL MATCH,"511, 755"
253170,FULL MATCH,415
253171,FULL MATCH,415
253172,FULL MATCH,647
253174,FULL MATCH,"375, 379"
253176,FULL MATCH,"375, 647"
253177,FULL MATCH,"377, 387, 645"
253178,FULL MATCH,"377, 387, 645"
253179,FULL MATCH,387
253180,FULL MATCH,645
253181,FULL MATCH,645
253182,FULL MATCH,"377, 645"
253183,FULL MATCH,763
253184,FULL MATCH,644
253185,FULL MATCH,631
253186,FULL MATCH,631
253188,FULL MATCH,631
253189,FULL MATCH,525
253191,FULL MATCH,648
253193,FULL MATCH,"390, 429"
253194,FULL MATCH,390
253195,FULL MATCH,390
253196,FULL MATCH,390
253197,FULL MATCH,390
253198,FULL MATCH,380
253199,FULL MATCH,"380, 386"
253200,FULL MATCH,380
253201,FULL MATCH,615
253202,FULL MATCH,"614, 765"
253203,FULL MATCH,"247, 615"
253204,FULL MATCH,613
253205,FULL MATCH,613
253206,FULL MATCH,"246, 615"
253207,FULL MATCH,246
253209,FULL MATCH,"251, 757"
253210,FULL MATCH,248
253211,FULL MATCH,295
253212,FULL MATCH,295
253213,FULL MATCH,"613, 758"
253214,FULL MATCH,"300, 708"
253215,FULL MATCH,"374, 376"
253216,FULL MATCH,642
253217,FULL MATCH,642
253218,FULL MATCH,642
253219,AMBIGUOUS MATCH,"208, 218"
253220,FULL MATCH,760
253222,FULL MATCH,31
253223,FULL MATCH,"442, 461"
253224,FULL MATCH,450
253225,FULL MATCH,450
253226,FULL MATCH,450
253227,FULL MATCH,752
253228,FULL MATCH,328
253229,FULL MATCH,"317, 318"
253230,FULL MATCH,"440, 450"
253231,AMBIGUOUS MATCH,"326, 338"
253241,FULL MATCH,676
253244,FULL MATCH,"376, 636"
253245,FULL MATCH,636
253246,FULL MATCH,636
253247,FULL MATCH,461
253248,FULL MATCH,381
253249,FULL MATCH,"377, 381"
253250,FULL MATCH,307
253251,FULL MATCH,"393, 414"
253252,AMBIGUOUS MATCH,"502, 517, 790"
253253,AMBIGUOUS MATCH,"517, 754, 790"
253254,AMBIGUOUS MATCH,"517, 754, 790"
253255,FULL MATCH,696
253257,FULL MATCH,696
253264,FULL MATCH,292
253265,FULL MATCH,508
253266,FULL MATCH,"508, 686"
253267,FULL MATCH,"508, 692"
253268,FULL MATCH,682
253269,FULL MATCH,683
253270,FULL MATCH,755
253272,AMBIGUOUS MATCH,"517, 755, 790"
253273,AMBIGUOUS MATCH,"517, 755, 790"
253274,AMBIGUOUS MATCH,"517, 790"
253275,FULL MATCH,"522, 688"
253276,FULL MATCH,763
253277,FULL MATCH,763
253278,FULL MATCH,386
253279,FULL MATCH,"380, 386"
253280,FULL MATCH,386
253281,FULL MATCH,"189, 611"
253283,FULL MATCH,650
253284,FULL MATCH,762
253285,FULL MATCH,762
253286,FULL MATCH,762
253287,FULL MATCH,379
253288,FULL MATCH,379
253289,FULL MATCH,762
253291,FULL MATCH,"687, 720"
253295,FULL MATCH,790
253296,FULL MATCH,67
253297,FULL MATCH,504
253298,FULL MATCH,73
254922,AMBIGUOUS MATCH,"517, 749, 790"
254923,AMBIGUOUS MATCH,"510, 517, 790"
254924,AMBIGUOUS MATCH,"517, 749, 790"
254925,FULL MATCH,518
254926,FULL MATCH,"4, 620"
254930,FULL MATCH,692
257826,FULL MATCH,182
257831,FULL MATCH,"515, 752"
257864,FULL MATCH,518
257865,FULL MATCH,518
257868,AMBIGUOUS MATCH,"517, 790"
257869,FULL MATCH,790
257876,FULL MATCH,509
257906,FULL MATCH,748
257967,FULL MATCH,790
257970,FULL MATCH,686
257971,FULL MATCH,688
257989,FULL MATCH,694
257993,FULL MATCH,695
258020,FULL MATCH,485
258024,FULL MATCH,485
258029,FULL MATCH,694
258033,AMBIGUOUS MATCH,"515, 755"
258044,FULL MATCH,518
258054,FULL MATCH,744
259201,FULL MATCH,368
259672,FULL MATCH,484
259680,FULL MATCH,"344, 352"
259684,FULL MATCH,492
259685,FULL MATCH,"384, 760"
259688,FULL MATCH,69
259696,FULL MATCH,470
259697,FULL MATCH,466
259699,FULL MATCH,493
259701,FULL MATCH,474
259703,FULL MATCH,500
259704,FULL MATCH,500
259705,FULL MATCH,347
259707,AMBIGUOUS MATCH,"555, 559"
259708,AMBIGUOUS MATCH,555
259709,AMBIGUOUS MATCH,555
259710,AMBIGUOUS MATCH,"555, 562"
259711,AMBIGUOUS MATCH,"555, 558"
259820,FULL MATCH,47
259826,FULL MATCH,53
259861,FULL MATCH,302
259921,FULL MATCH,46
260112,FULL MATCH,47
260288,FULL MATCH,575
260289,FULL MATCH,584
260290,FULL MATCH,569
260291,FULL MATCH,588
260292,FULL MATCH,575
260293,FULL MATCH,591
260469,FULL MATCH,221
260558,FULL MATCH,"513, 691"
260663,FULL MATCH,733
260677,FULL MATCH,597
260678,FULL MATCH,597
260709,FULL MATCH,692
260770,FULL MATCH,28
260771,FULL MATCH,28
260778,FULL MATCH,28
260779,FULL MATCH,28
260780,FULL MATCH,28
260781,FULL MATCH,28
260782,FULL MATCH,28
261446,FULL MATCH,42
261450,FULL MATCH,42
261687,FULL MATCH,272
261688,FULL MATCH,270
261689,FULL MATCH,271
261690,FULL MATCH,653
261691,FULL MATCH,653
261692,FULL MATCH,272
261762,FULL MATCH,"30, 41"
262094,FULL MATCH,759
262119,FULL MATCH,66
262120,FULL MATCH,61
262832,FULL MATCH,55
262841,FULL MATCH,57
262842,FULL MATCH,"55, 57"
262843,FULL MATCH,52
262847,FULL MATCH,50
262858,AMBIGUOUS MATCH,50
262882,FULL MATCH,52
262883,FULL MATCH,53
262892,FULL MATCH,"280, 739"
262901,FULL MATCH,54
262902,FULL MATCH,54
262903,NO MATCH,
262906,FULL MATCH,"28, 37"
262908,FULL MATCH,422
262922,FULL MATCH,"48, 56"
262977,FULL MATCH,391
262987,FULL MATCH,367
262988,FULL MATCH,38
262989,FULL MATCH,"31, 38"
262992,FULL MATCH,422
262993,FULL MATCH,437
262994,FULL MATCH,367
263000,FULL MATCH,361
263005,FULL MATCH,359
263006,FULL MATCH,345
263007,AMBIGUOUS MATCH,"98, 109, 112, 117"
263008,AMBIGUOUS MATCH,"91, 98, 112, 117"
263009,FULL MATCH,358
263010,FULL MATCH,430
263017,FULL MATCH,290
263020,FULL MATCH,"409, 418"
263068,FULL MATCH,515
263072,FULL MATCH,"399, 785"
263154,FULL MATCH,419
263155,FULL MATCH,419
263205,FULL MATCH,435
263211,FULL MATCH,432
263214,FULL MATCH,694
263216,FULL MATCH,512
263217,FULL MATCH,"394, 399"
263218,FULL MATCH,394
263222,FULL MATCH,700
263293,FULL MATCH,547
263324,FULL MATCH,355
263336,FULL MATCH,"350, 355"
263345,FULL MATCH,364
263348,FULL MATCH,156
263350,FULL MATCH,659
263351,FULL MATCH,162
263352,FULL MATCH,156
263353,FULL MATCH,156
263354,FULL MATCH,156
263355,FULL MATCH,156
263356,FULL MATCH,123
263358,FULL MATCH,152
263359,FULL MATCH,"131, 182"
263361,FULL MATCH,394
263362,FULL MATCH,484
263363,FULL MATCH,484
263364,FULL MATCH,484
263834,FULL MATCH,495
263884,FULL MATCH,495
265121,FULL MATCH,643
265437,AMBIGUOUS MATCH,"212, 218"
265438,FULL MATCH,218
265713,FULL MATCH,473
265791,FULL MATCH,473
265847,FULL MATCH,"390, 429"
266073,AMBIGUOUS MATCH,"488, 500"
270654,FULL MATCH,168
271990,FULL MATCH,297
272842,FULL MATCH,500
272845,FULL MATCH,500
272866,FULL MATCH,58
272880,AMBIGUOUS MATCH,"554, 555"
272881,AMBIGUOUS MATCH,555
272882,AMBIGUOUS MATCH,555
272883,AMBIGUOUS MATCH,555
272884,AMBIGUOUS MATCH,"555, 557"
272885,AMBIGUOUS MATCH,"555, 557"
272889,AMBIGUOUS MATCH,"555, 559"
272890,AMBIGUOUS MATCH,"555, 557"
272891,AMBIGUOUS MATCH,"555, 560"
272892,AMBIGUOUS MATCH,555
272896,AMBIGUOUS MATCH,555
272897,AMBIGUOUS MATCH,"555, 561"
272898,AMBIGUOUS MATCH,"555, 561"
272899,AMBIGUOUS MATCH,"555, 561, 562"
272900,AMBIGUOUS MATCH,"555, 561"
272901,AMBIGUOUS MATCH,"555, 562"
272902,AMBIGUOUS MATCH,555
272903,AMBIGUOUS MATCH,"555, 562"
272904,AMBIGUOUS MATCH,"555, 562"
272905,AMBIGUOUS MATCH,555
272906,AMBIGUOUS MATCH,555
272907,AMBIGUOUS MATCH,555
272908,AMBIGUOUS MATCH,"555, 564"
272909,AMBIGUOUS MATCH,"555, 566"
272910,AMBIGUOUS MATCH,"555, 567"
272911,AMBIGUOUS MATCH,"555, 567"
272912,AMBIGUOUS MATCH,"555, 562"
272915,AMBIGUOUS MATCH,"555, 557"
273006,AMBIGUOUS MATCH,320
273007,FULL MATCH,319
273379,FULL MATCH,412
273465,FULL MATCH,382
273466,FULL MATCH,382
273467,FULL MATCH,382
273468,FULL MATCH,382
273471,FULL MATCH,"43, 737"
274218,FULL MATCH,"34, 35"
274350,FULL MATCH,402
274457,FULL MATCH,45
274458,FULL MATCH,"58, 76"
274461,FULL MATCH,57
274794,FULL MATCH,22
274797,FULL MATCH,18
274814,AMBIGUOUS MATCH,"326, 607"
274815,FULL MATCH,328
274820,FULL MATCH,145
274822,FULL MATCH,"144, 145"
274823,FULL MATCH,144
275535,FULL MATCH,18
275633,NO MATCH,
275661,FULL MATCH,56
275665,FULL MATCH,47
275670,FULL MATCH,50
275691,AMBIGUOUS MATCH,"97, 112, 117"
275726,FULL MATCH,470
275728,FULL MATCH,466
275729,AMBIGUOUS MATCH,"466, 491"
275730,FULL MATCH,466
275731,FULL MATCH,470
275732,FULL MATCH,470
275734,FULL MATCH,"479, 489"
276024,FULL MATCH,459
276026,FULL MATCH,"442, 459"
276216,FULL MATCH,247
276217,FULL MATCH,"244, 250, 613, 758, 764"
276218,FULL MATCH,249
276219,FULL MATCH,250
276220,FULL MATCH,"248, 251"
276221,FULL MATCH,246
276222,FULL MATCH,788
276223,FULL MATCH,"249, 736, 765"
276224,FULL MATCH,"614, 765"
276225,FULL MATCH,"249, 736, 765"
276226,FULL MATCH,613
276227,FULL MATCH,247
276228,FULL MATCH,247
276267,FULL MATCH,491
276268,FULL MATCH,491
276270,FULL MATCH,491
276272,FULL MATCH,478
276273,FULL MATCH,478
276274,FULL MATCH,472
276275,FULL MATCH,472
276276,FULL MATCH,487
276277,FULL MATCH,487
276278,FULL MATCH,487
276279,FULL MATCH,487
276280,FULL MATCH,487
276281,FULL MATCH,487
276283,FULL MATCH,475
276284,FULL MATCH,475
276286,FULL MATCH,475
276287,FULL MATCH,475
276288,FULL MATCH,475
276289,FULL MATCH,468
276290,FULL MATCH,468
276291,FULL MATCH,468
276292,FULL MATCH,468
276293,AMBIGUOUS MATCH,"467, 490, 499"
276294,FULL MATCH,499
276295,FULL MATCH,492
276296,FULL MATCH,480
276297,FULL MATCH,489
276301,FULL MATCH,496
276302,FULL MATCH,496
276303,FULL MATCH,496
276305,FULL MATCH,484
276308,FULL MATCH,500
276309,FULL MATCH,500
276310,FULL MATCH,500
276312,FULL MATCH,488
276313,AMBIGUOUS MATCH,"488, 500"
276315,FULL MATCH,665
276316,FULL MATCH,665
276317,FULL MATCH,665
276318,FULL MATCH,"497, 665"
276319,FULL MATCH,471
276320,FULL MATCH,466
276321,FULL MATCH,495
276323,FULL MATCH,471
276324,FULL MATCH,471
276325,FULL MATCH,471
276327,FULL MATCH,475
276329,FULL MATCH,475
276330,FULL MATCH,475
276331,FULL MATCH,466
276332,FULL MATCH,"467, 499"
276333,FULL MATCH,485
276339,FULL MATCH,474
276345,FULL MATCH,486
276346,FULL MATCH,493
276348,AMBIGUOUS MATCH,"490, 493"
276349,FULL MATCH,493
276350,FULL MATCH,493
276352,AMBIGUOUS MATCH,326
276353,FULL MATCH,469
276355,FULL MATCH,473
276356,FULL MATCH,473
276357,FULL MATCH,473
276358,FULL MATCH,473
276359,FULL MATCH,473
276361,FULL MATCH,473
276362,FULL MATCH,473
276363,FULL MATCH,476
276364,FULL MATCH,476
276365,FULL MATCH,476
276366,FULL MATCH,476
276368,FULL MATCH,476
276369,FULL MATCH,479
276370,FULL MATCH,479
276371,FULL MATCH,479
276372,FULL MATCH,479
276373,FULL MATCH,481
276374,FULL MATCH,481
276375,FULL MATCH,481
276376,FULL MATCH,481
276377,FULL MATCH,481
276378,FULL MATCH,498
276379,FULL MATCH,498
276380,FULL MATCH,498
276381,FULL MATCH,494
276383,FULL MATCH,494
276386,AMBIGUOUS MATCH,608
276399,FULL MATCH,61
276400,AMBIGUOUS MATCH,"78, 80, 81"
276401,AMBIGUOUS MATCH,"82, 84, 85, 794"
276402,AMBIGUOUS MATCH,"83, 84, 85, 670"
276405,FULL MATCH,215
276406,FULL MATCH,201
276409,FULL MATCH,518
276410,FULL MATCH,"518, 700"
276411,FULL MATCH,700
276412,FULL MATCH,700
276414,FULL MATCH,494
276415,FULL MATCH,494
276416,FULL MATCH,494
276417,FULL MATCH,494
276421,FULL MATCH,478
276425,FULL MATCH,640
276429,FULL MATCH,209
276434,FULL MATCH,367
276440,NO MATCH,
276447,NO MATCH,
276459,FULL MATCH,47
276463,FULL MATCH,525
276464,FULL MATCH,"525, 526"
276470,FULL MATCH,738
276474,FULL MATCH,738
276477,FULL MATCH,527
276483,FULL MATCH,527
276496,FULL MATCH,543
276497,FULL MATCH,543
276498,FULL MATCH,259
276500,FULL MATCH,"253, 711"
276501,FULL MATCH,"252, 714"
276502,FULL MATCH,259
276503,FULL MATCH,"713, 714, 715"
276505,NO MATCH,
276506,FULL MATCH,256
276508,FULL MATCH,"255, 717"
276509,FULL MATCH,"256, 712"
276510,FULL MATCH,"253, 711"
276511,FULL MATCH,259
276513,FULL MATCH,"255, 259, 717"
276514,NO MATCH,
276515,FULL MATCH,256
276516,FULL MATCH,635
276519,FULL MATCH,546
276521,FULL MATCH,540
276522,FULL MATCH,546
276523,FULL MATCH,546
276524,FULL MATCH,546
276525,FULL MATCH,256
276526,FULL MATCH,631
276527,FULL MATCH,"255, 259, 717"
276529,FULL MATCH,524
276530,NO MATCH,
276532,FULL MATCH,528
276533,FULL MATCH,525
276534,FULL MATCH,528
276535,FULL MATCH,738
276536,FULL MATCH,"253, 711"
276537,FULL MATCH,525
276538,FULL MATCH,528
276539,FULL MATCH,525
276540,FULL MATCH,530
276541,FULL MATCH,530
276542,FULL MATCH,533
276543,FULL MATCH,530
276544,FULL MATCH,530
276545,FULL MATCH,"256, 712"
276546,FULL MATCH,259
276547,FULL MATCH,"255, 256"
276548,FULL MATCH,"255, 256, 259"
276549,FULL MATCH,256
276550,FULL MATCH,256
276551,FULL MATCH,256
276552,FULL MATCH,"256, 259"
276553,FULL MATCH,"256, 712"
276554,FULL MATCH,534
276555,FULL MATCH,534
276556,FULL MATCH,535
276557,FULL MATCH,530
276558,FULL MATCH,530
276559,FULL MATCH,530
276560,FULL MATCH,635
276562,FULL MATCH,28
276563,FULL MATCH,527
276564,FULL MATCH,527
276565,FULL MATCH,527
276567,FULL MATCH,527
276568,FULL MATCH,527
276569,FULL MATCH,527
276571,AMBIGUOUS MATCH,478
276572,FULL MATCH,550
276574,FULL MATCH,527
276575,FULL MATCH,527
276576,FULL MATCH,527
276577,FULL MATCH,527
276578,FULL MATCH,527
276579,FULL MATCH,527
276581,NO MATCH,
276583,FULL MATCH,527
276584,FULL MATCH,7
276585,FULL MATCH,7
276586,FULL MATCH,7
276587,FULL MATCH,14
276588,FULL MATCH,14
276589,FULL MATCH,14
276590,FULL MATCH,627
276591,FULL MATCH,627
276592,FULL MATCH,12
276593,FULL MATCH,12
276594,FULL MATCH,7
276597,FULL MATCH,524
276599,FULL MATCH,543
276600,AMBIGUOUS MATCH,525
276601,FULL MATCH,543
276602,FULL MATCH,544
276604,FULL MATCH,543
276605,FULL MATCH,546
276606,FULL MATCH,485
276611,FULL MATCH,738
276616,FULL MATCH,54
276618,FULL MATCH,527
276621,FULL MATCH,237
276622,FULL MATCH,232
276623,FULL MATCH,485
276625,FULL MATCH,22
276626,FULL MATCH,18
276627,FULL MATCH,16
276628,FULL MATCH,347
276631,FULL MATCH,348
276632,FULL MATCH,348
276633,FULL MATCH,498
276634,FULL MATCH,468
276635,FULL MATCH,480
276636,FULL MATCH,491
276637,FULL MATCH,490
276639,FULL MATCH,26
276642,FULL MATCH,195
276643,NO MATCH,
276644,FULL MATCH,212
276645,FULL MATCH,212
276646,FULL MATCH,215
276647,FULL MATCH,"31, 38"
276648,FULL MATCH,200
277098,FULL MATCH,212
277103,FULL MATCH,"209, 219"
277125,FULL MATCH,224
277126,FULL MATCH,213
277127,FULL MATCH,213
277128,FULL MATCH,213
277129,FULL MATCH,191
277130,FULL MATCH,191
277131,FULL MATCH,222
277133,FULL MATCH,"188, 214"
277134,FULL MATCH,192
277135,FULL MATCH,"332, 334"
277136,FULL MATCH,191
277137,FULL MATCH,340
277138,FULL MATCH,329
277139,FULL MATCH,164
277143,FULL MATCH,"291, 756"
277144,FULL MATCH,288
277145,FULL MATCH,297
277146,FULL MATCH,300
277147,FULL MATCH,"291, 756"
277148,FULL MATCH,292
277149,FULL MATCH,"288, 706"
277150,FULL MATCH,293
277151,FULL MATCH,"301, 705"
277152,FULL MATCH,282
277162,FULL MATCH,"51, 56"
277163,FULL MATCH,55
277164,FULL MATCH,55
277165,FULL MATCH,438
277167,FULL MATCH,444
277169,AMBIGUOUS MATCH,"449, 450"
277170,FULL MATCH,"448, 675"
277171,FULL MATCH,675
277183,FULL MATCH,"55, 57"
277185,FULL MATCH,126
277186,AMBIGUOUS MATCH,"129, 170"
277188,FULL MATCH,143
277189,FULL MATCH,"123, 168"
277190,FULL MATCH,45
277192,FULL MATCH,174
277194,NO MATCH,
277196,FULL MATCH,42
277197,FULL MATCH,31
277198,FULL MATCH,651
277199,FULL MATCH,37
277200,FULL MATCH,34
277201,FULL MATCH,"34, 35"
277202,FULL MATCH,"32, 662"
277203,FULL MATCH,608
277231,AMBIGUOUS MATCH,"98, 110, 112, 117, 768"
277232,AMBIGUOUS MATCH,"86, 112, 117"
277233,AMBIGUOUS MATCH,"98, 112, 117, 770"
277234,AMBIGUOUS MATCH,"98, 112, 115, 117"
277235,AMBIGUOUS MATCH,"92, 98, 112, 117"
277237,FULL MATCH,401
277315,FULL MATCH,790
277316,FULL MATCH,790
277317,FULL MATCH,790
277318,AMBIGUOUS MATCH,"261, 727"
277319,FULL MATCH,749
277411,FULL MATCH,484
277413,FULL MATCH,478
277475,FULL MATCH,490
277531,AMBIGUOUS MATCH,"170, 174"
277601,AMBIGUOUS MATCH,"98, 112, 114, 117"
277602,AMBIGUOUS MATCH,"88, 98, 112, 117"
279714,FULL MATCH,"275, 657"
281989,FULL MATCH,137
282009,FULL MATCH,658
289237,FULL MATCH,131
289244,FULL MATCH,310
289251,FULL MATCH,75
289253,FULL MATCH,68
289254,FULL MATCH,76
289259,FULL MATCH,415
289260,FULL MATCH,415
289549,FULL MATCH,681
289552,FULL MATCH,282
289553,FULL MATCH,293
289710,FULL MATCH,432
290025,FULL MATCH,189
290059,FULL MATCH,221
290060,FULL MATCH,695
290061,FULL MATCH,681
290062,FULL MATCH,695
290063,FULL MATCH,"508, 681, 682"
290064,FULL MATCH,508
290067,FULL MATCH,685
290068,FULL MATCH,509
290069,FULL MATCH,688
290070,FULL MATCH,688
290071,FULL MATCH,"522, 688"
290072,FULL MATCH,721
290073,FULL MATCH,"512, 693"
290074,FULL MATCH,"512, 698, 721"
290075,FULL MATCH,684
290076,FULL MATCH,684
290077,FULL MATCH,684
290078,FULL MATCH,513
290079,FULL MATCH,"513, 692"
290080,FULL MATCH,"513, 691"
290081,FULL MATCH,700
290082,FULL MATCH,700
290083,FULL MATCH,700
290084,FULL MATCH,700
290085,FULL MATCH,700
290086,FULL MATCH,700
290087,FULL MATCH,700
290088,FULL MATCH,700
290089,FULL MATCH,514
290090,FULL MATCH,514
290091,FULL MATCH,514
290092,FULL MATCH,680
290093,FULL MATCH,516
290094,FULL MATCH,"682, 687"
290095,FULL MATCH,682
290096,FULL MATCH,518
290097,FULL MATCH,518
290098,FULL MATCH,518
290099,FULL MATCH,518
290100,FULL MATCH,518
290102,FULL MATCH,518
290104,FULL MATCH,518
290131,FULL MATCH,"685, 691"
290132,FULL MATCH,"689, 692"
290133,FULL MATCH,"514, 696"
290134,FULL MATCH,"696, 697"
290135,FULL MATCH,"518, 698"
290136,FULL MATCH,"698, 721"
290137,FULL MATCH,"522, 686, 689"
290138,FULL MATCH,"512, 693"
290139,FULL MATCH,693
290140,FULL MATCH,"512, 693"
290141,FULL MATCH,697
290142,FULL MATCH,"512, 693, 721"
290143,FULL MATCH,697
290144,FULL MATCH,697
290145,FULL MATCH,697
290146,FULL MATCH,697
290147,FULL MATCH,684
290148,FULL MATCH,700
290149,AMBIGUOUS MATCH,518
290150,FULL MATCH,518
290151,AMBIGUOUS MATCH,"507, 691, 700"
290152,FULL MATCH,691
290153,FULL MATCH,691
290154,FULL MATCH,700
290201,FULL MATCH,"516, 685"
290250,FULL MATCH,"154, 171, 659"
290251,AMBIGUOUS MATCH,"132, 171"
290253,FULL MATCH,434
290256,FULL MATCH,434
290257,FULL MATCH,434
290258,FULL MATCH,434
290271,FULL MATCH,402
290272,FULL MATCH,402
290276,FULL MATCH,"420, 434"
290285,FULL MATCH,434
290306,FULL MATCH,434
290323,FULL MATCH,"434, 722"
290343,FULL MATCH,434
290358,AMBIGUOUS MATCH,"484, 493"
290364,FULL MATCH,329
290379,FULL MATCH,402
290381,FULL MATCH,416
290382,AMBIGUOUS MATCH,"415, 434, 722"
290383,FULL MATCH,427
290389,FULL MATCH,402
290390,FULL MATCH,404
290392,FULL MATCH,395
290394,FULL MATCH,403
290395,FULL MATCH,785
290429,FULL MATCH,418
290430,FULL MATCH,500
290431,FULL MATCH,58
290432,AMBIGUOUS MATCH,"87, 98, 112, 117, 782"
290433,FULL MATCH,480
290434,FULL MATCH,480
290447,FULL MATCH,583
290455,FULL MATCH,634
290460,AMBIGUOUS MATCH,741
290462,FULL MATCH,400
293808,FULL MATCH,399
293809,FULL MATCH,437
293817,FULL MATCH,419
293818,FULL MATCH,722
293819,FULL MATCH,"426, 784"
293820,FULL MATCH,418
293821,FULL MATCH,722
293822,FULL MATCH,414
293826,FULL MATCH,400
293827,FULL MATCH,"434, 722"
293842,FULL MATCH,109
293843,AMBIGUOUS MATCH,107
293844,FULL MATCH,102
294879,FULL MATCH,514
296250,AMBIGUOUS MATCH,"517, 754, 790"
296256,AMBIGUOUS MATCH,"517, 523, 790"
296257,FULL MATCH,503
296259,FULL MATCH,790
296260,AMBIGUOUS MATCH,"517, 755, 790"
296261,AMBIGUOUS MATCH,"517, 751, 790"
296262,AMBIGUOUS MATCH,"517, 751, 790"
296263,FULL MATCH,790
296264,FULL MATCH,749
296328,AMBIGUOUS MATCH,"515, 517, 790"
296874,FULL MATCH,378
296909,FULL MATCH,"477, 489"
296910,FULL MATCH,477
296912,FULL MATCH,490
296915,AMBIGUOUS MATCH,"87, 98, 112, 117"
296916,AMBIGUOUS MATCH,"87, 98, 112, 117"
296922,AMBIGUOUS MATCH,"102, 112, 117, 782"
296923,AMBIGUOUS MATCH,"98, 112, 117, 782"
296924,AMBIGUOUS MATCH,"98, 107, 112, 117"
296925,AMBIGUOUS MATCH,"97, 98, 102, 112, 117"
296926,AMBIGUOUS MATCH,"98, 112, 117"
296927,FULL MATCH,115
296930,AMBIGUOUS MATCH,"98, 112, 117"
296931,AMBIGUOUS MATCH,"98, 112, 117"
296932,AMBIGUOUS MATCH,"108, 112, 117"
296933,AMBIGUOUS MATCH,"98, 109, 112, 117"
296934,AMBIGUOUS MATCH,"89, 98, 112, 117"
296935,FULL MATCH,"100, 101"
296936,AMBIGUOUS MATCH,"98, 112, 113, 117"
296954,FULL MATCH,534
296955,FULL MATCH,540
296973,FULL MATCH,301
296975,FULL MATCH,"525, 526"
296976,FULL MATCH,635
296977,FULL MATCH,532
296978,FULL MATCH,538
296984,FULL MATCH,12
296985,FULL MATCH,"3, 8"
296986,FULL MATCH,177
296987,FULL MATCH,622
296988,FULL MATCH,622
296989,FULL MATCH,622
296990,FULL MATCH,1
296991,FULL MATCH,1
296992,FULL MATCH,"283, 617"
296999,FULL MATCH,281
297006,FULL MATCH,496
297009,FULL MATCH,26
297010,FULL MATCH,25
297011,FULL MATCH,20
297012,FULL MATCH,20
297013,FULL MATCH,23
297014,FULL MATCH,23
297015,FULL MATCH,18
297017,FULL MATCH,518
297020,FULL MATCH,160
297022,FULL MATCH,186
297023,FULL MATCH,124
297024,AMBIGUOUS MATCH,160
297025,FULL MATCH,181
297026,FULL MATCH,133
297027,FULL MATCH,154
297029,FULL MATCH,148
297031,FULL MATCH,"131, 178"
297032,FULL MATCH,118
297033,FULL MATCH,119
297034,FULL MATCH,152
297036,FULL MATCH,160
297037,FULL MATCH,156
297038,FULL MATCH,185
297039,FULL MATCH,162
297040,FULL MATCH,164
297041,FULL MATCH,"151, 153"
297042,FULL MATCH,174
297044,FULL MATCH,184
297045,AMBIGUOUS MATCH,"119, 183"
297046,FULL MATCH,173
297047,FULL MATCH,176
297048,FULL MATCH,180
297049,FULL MATCH,"173, 180"
297050,FULL MATCH,182
297051,FULL MATCH,182
297053,FULL MATCH,178
297054,FULL MATCH,174
297055,FULL MATCH,"151, 153"
297056,FULL MATCH,182
297057,AMBIGUOUS MATCH,"128, 165, 180"
297058,FULL MATCH,166
297059,FULL MATCH,178
297060,FULL MATCH,133
297061,FULL MATCH,"131, 182"
297062,FULL MATCH,164
297063,FULL MATCH,"133, 659"
297064,FULL MATCH,158
297065,FULL MATCH,137
297066,FULL MATCH,131
297067,FULL MATCH,182
297068,FULL MATCH,152
297070,FULL MATCH,125
297071,FULL MATCH,171
297073,FULL MATCH,131
297075,AMBIGUOUS MATCH,"123, 132"
297076,FULL MATCH,119
297077,FULL MATCH,160
297078,FULL MATCH,184
297079,FULL MATCH,169
297081,FULL MATCH,143
297083,FULL MATCH,126
297084,FULL MATCH,175
297085,FULL MATCH,159
297086,FULL MATCH,158
297087,FULL MATCH,174
297088,FULL MATCH,152
297089,FULL MATCH,156
297090,FULL MATCH,"171, 659"
297091,FULL MATCH,152
297092,FULL MATCH,469
297095,FULL MATCH,514
297099,FULL MATCH,449
297114,FULL MATCH,425
297116,FULL MATCH,425
297117,FULL MATCH,62
297118,FULL MATCH,393
297119,FULL MATCH,"393, 397, 414"
297128,FULL MATCH,45
297129,FULL MATCH,549
297131,FULL MATCH,530
297132,FULL MATCH,538
297133,FULL MATCH,548
297136,FULL MATCH,402
297495,FULL MATCH,148
297623,FULL MATCH,142
297651,FULL MATCH,"156, 157"
297714,FULL MATCH,154
297735,FULL MATCH,130
297756,FULL MATCH,140
297758,FULL MATCH,140
297802,FULL MATCH,180
297807,FULL MATCH,180
297820,FULL MATCH,124
297861,FULL MATCH,126
297864,FULL MATCH,122
297866,FULL MATCH,475
297922,FULL MATCH,186
297930,FULL MATCH,420
298093,FULL MATCH,"131, 178"
298095,FULL MATCH,"131, 182"
298096,FULL MATCH,131
298115,FULL MATCH,119
298888,FULL MATCH,490
298893,FULL MATCH,496
298902,FULL MATCH,473
298915,FULL MATCH,164
298917,FULL MATCH,425
298918,FULL MATCH,408
298919,FULL MATCH,394
298920,FULL MATCH,394
298921,FULL MATCH,432
298922,FULL MATCH,416
298923,FULL MATCH,431
298924,FULL MATCH,395
298925,FULL MATCH,424
298926,NO MATCH,
298927,FULL MATCH,390
298928,FULL MATCH,390
298931,FULL MATCH,"397, 414"
298932,FULL MATCH,428
298933,FULL MATCH,415
298934,FULL MATCH,425
298935,FULL MATCH,121
298972,AMBIGUOUS MATCH,312
298990,FULL MATCH,"387, 644"
298991,FULL MATCH,"377, 387, 645"
298994,AMBIGUOUS MATCH,"91, 98, 112, 117"
298995,AMBIGUOUS MATCH,"98, 112, 117, 767"
299009,FULL MATCH,158
299010,FULL MATCH,136
299012,FULL MATCH,174
299013,FULL MATCH,174
299017,FULL MATCH,125
299018,AMBIGUOUS MATCH,"134, 167"
299023,FULL MATCH,119
299027,FULL MATCH,"171, 659"
299053,FULL MATCH,184
299069,FULL MATCH,154
299071,FULL MATCH,168
299081,FULL MATCH,129
299082,FULL MATCH,"614, 765"
299083,FULL MATCH,"244, 250, 613, 758, 764"
299084,FULL MATCH,615
299085,FULL MATCH,251
299086,FULL MATCH,251
299087,FULL MATCH,251
299088,FULL MATCH,"245, 251"
299095,FULL MATCH,66
299096,FULL MATCH,"61, 63"
299112,FULL MATCH,188
299113,FULL MATCH,188
299114,FULL MATCH,188
299116,FULL MATCH,611
299117,FULL MATCH,189
299118,FULL MATCH,189
299120,FULL MATCH,"190, 192"
299121,FULL MATCH,190
299123,FULL MATCH,"190, 192, 207"
299126,FULL MATCH,"190, 192"
299127,FULL MATCH,224
299128,FULL MATCH,223
299129,AMBIGUOUS MATCH,"213, 223"
299130,FULL MATCH,192
299131,FULL MATCH,192
299132,FULL MATCH,222
299133,FULL MATCH,222
299134,FULL MATCH,222
299135,FULL MATCH,192
299136,FULL MATCH,222
299138,FULL MATCH,222
299139,FULL MATCH,222
299143,FULL MATCH,222
299145,FULL MATCH,220
299146,FULL MATCH,193
299148,FULL MATCH,204
299149,FULL MATCH,221
299150,FULL MATCH,219
299151,FULL MATCH,"204, 219"
299156,FULL MATCH,218
299157,FULL MATCH,218
299158,FULL MATCH,195
299159,FULL MATCH,218
299160,FULL MATCH,216
299161,FULL MATCH,221
299162,FULL MATCH,216
299163,FULL MATCH,216
299164,FULL MATCH,216
299169,FULL MATCH,"525, 526"
299170,FULL MATCH,195
299171,FULL MATCH,207
299173,FULL MATCH,217
299175,FULL MATCH,207
299176,FULL MATCH,212
299178,FULL MATCH,212
299179,FULL MATCH,549
299180,FULL MATCH,547
299181,FULL MATCH,547
299183,FULL MATCH,535
299185,FULL MATCH,196
299186,FULL MATCH,196
299187,FULL MATCH,196
299188,FULL MATCH,"190, 192"
299189,FULL MATCH,209
299195,FULL MATCH,217
299196,FULL MATCH,212
299198,FULL MATCH,198
299203,FULL MATCH,200
299204,FULL MATCH,"200, 215"
299205,FULL MATCH,212
299206,FULL MATCH,200
299209,FULL MATCH,"201, 214"
299210,FULL MATCH,201
299212,FULL MATCH,201
299214,FULL MATCH,202
299215,FULL MATCH,202
299216,FULL MATCH,202
299218,FULL MATCH,202
299223,FULL MATCH,"208, 220"
299224,FULL MATCH,205
299225,FULL MATCH,205
299226,FULL MATCH,205
299227,FULL MATCH,205
299228,FULL MATCH,208
299229,FULL MATCH,217
299230,FULL MATCH,208
299232,FULL MATCH,218
299233,FULL MATCH,214
299234,FULL MATCH,"188, 214"
299236,FULL MATCH,214
299237,AMBIGUOUS MATCH,"211, 214"
299238,FULL MATCH,214
299240,FULL MATCH,208
299252,FULL MATCH,391
299255,FULL MATCH,406
299271,AMBIGUOUS MATCH,"208, 222"
299272,FULL MATCH,192
299273,FULL MATCH,224
299278,FULL MATCH,390
299284,FULL MATCH,206
299285,FULL MATCH,209
299288,FULL MATCH,209
299289,FULL MATCH,407
299291,FULL MATCH,"206, 221"
299293,FULL MATCH,209
299296,FULL MATCH,209
299297,FULL MATCH,209
299298,FULL MATCH,203
299299,FULL MATCH,432
299300,FULL MATCH,209
299301,FULL MATCH,209
299304,FULL MATCH,215
299306,FULL MATCH,215
299307,FULL MATCH,215
299316,FULL MATCH,209
299317,FULL MATCH,524
299318,FULL MATCH,525
299319,FULL MATCH,525
299320,FULL MATCH,534
299321,FULL MATCH,534
299322,FULL MATCH,545
299323,FULL MATCH,545
299325,FULL MATCH,545
299326,FULL MATCH,631
299327,FULL MATCH,530
299328,FULL MATCH,550
299329,FULL MATCH,527
299330,FULL MATCH,527
299331,NO MATCH,
299332,FULL MATCH,527
299333,FULL MATCH,527
299334,FULL MATCH,545
299335,FULL MATCH,545
299337,FULL MATCH,209
299416,FULL MATCH,542
299417,FULL MATCH,527
299448,FULL MATCH,217
299454,FULL MATCH,209
299456,FULL MATCH,608
299457,FULL MATCH,"27, 609"
299458,FULL MATCH,41
299500,FULL MATCH,579
299524,FULL MATCH,50
299525,FULL MATCH,46
299526,FULL MATCH,50
299527,FULL MATCH,56
299528,FULL MATCH,56
299529,FULL MATCH,49
299531,FULL MATCH,49
299532,FULL MATCH,52
299534,AMBIGUOUS MATCH,"98, 112, 117, 768"
299535,AMBIGUOUS MATCH,"98, 112, 117, 770"
299536,AMBIGUOUS MATCH,"87, 102, 112, 117"
299582,FULL MATCH,241
299583,FULL MATCH,237
299584,FULL MATCH,237
299585,FULL MATCH,"236, 718, 786"
299586,FULL MATCH,229
299587,FULL MATCH,"231, 723, 787"
299588,FULL MATCH,628
299589,FULL MATCH,242
299590,FULL MATCH,229
299591,FULL MATCH,"231, 723, 787"
299592,FULL MATCH,232
299593,FULL MATCH,242
299594,FULL MATCH,"233, 677"
299595,FULL MATCH,725
299596,FULL MATCH,"237, 786"
299597,FULL MATCH,725
299612,FULL MATCH,510
299657,FULL MATCH,378
299713,AMBIGUOUS MATCH,"515, 517, 790"
299714,FULL MATCH,790
299715,AMBIGUOUS MATCH,"517, 748, 790"
299716,FULL MATCH,790
299749,FULL MATCH,50
299753,AMBIGUOUS MATCH,"93, 98, 100, 112, 117"
299757,AMBIGUOUS MATCH,"98, 112, 117, 775"
299764,AMBIGUOUS MATCH,"98, 110, 112, 117, 768"
299765,AMBIGUOUS MATCH,"98, 109, 112, 117, 770"
299774,FULL MATCH,664
299784,AMBIGUOUS MATCH,"98, 107, 112, 117, 772"
299804,NO MATCH,
299825,AMBIGUOUS MATCH,"98, 112, 113, 117"
299934,AMBIGUOUS MATCH,"98, 112, 117, 770"
299935,AMBIGUOUS MATCH,"112, 117, 782"
299936,AMBIGUOUS MATCH,"92, 98, 112, 117"
299937,AMBIGUOUS MATCH,"98, 100, 101, 112, 117"
299939,AMBIGUOUS MATCH,"98, 106, 112, 117"
299940,AMBIGUOUS MATCH,"98, 104, 112, 117"
299941,AMBIGUOUS MATCH,"98, 112, 114, 117"
299942,AMBIGUOUS MATCH,"98, 112, 117, 629"
299966,FULL MATCH,292
299967,FULL MATCH,288
299968,FULL MATCH,292
299969,FULL MATCH,292
299970,FULL MATCH,297
299971,FULL MATCH,292
299974,AMBIGUOUS MATCH,"98, 112, 117, 782"
299976,AMBIGUOUS MATCH,"98, 110, 112, 117"
299977,AMBIGUOUS MATCH,"98, 112, 117, 774"
300027,FULL MATCH,491
300050,AMBIGUOUS MATCH,"98, 112, 117, 777"
300085,FULL MATCH,425
300314,FULL MATCH,346
300321,AMBIGUOUS MATCH,"98, 102, 112, 117"
300322,AMBIGUOUS MATCH,"98, 111, 112, 117, 774"
300344,AMBIGUOUS MATCH,"87, 98, 112, 117"
300345,FULL MATCH,"117, 777"
300347,AMBIGUOUS MATCH,"87, 98, 112, 117"
300350,AMBIGUOUS MATCH,"98, 102, 112, 117"
300355,FULL MATCH,"377, 387, 645"
300370,NO MATCH,
300371,FULL MATCH,338
300374,FULL MATCH,338
300381,FULL MATCH,576
300382,FULL MATCH,496
300383,FULL MATCH,496
300384,FULL MATCH,496
300385,FULL MATCH,496
300386,FULL MATCH,638
300387,FULL MATCH,425
300388,FULL MATCH,405
300391,FULL MATCH,490
300392,NO MATCH,
300394,FULL MATCH,490
300395,FULL MATCH,638
300410,FULL MATCH,493
300431,FULL MATCH,50
300487,FULL MATCH,294
300488,FULL MATCH,285
300489,FULL MATCH,285
300491,FULL MATCH,285
300492,AMBIGUOUS MATCH,"282, 287"
300493,FULL MATCH,301
300494,FULL MATCH,288
300495,FULL MATCH,709
300509,FULL MATCH,121
300510,FULL MATCH,123
300511,FULL MATCH,125
300512,FULL MATCH,127
300532,FULL MATCH,"131, 178"
300544,FULL MATCH,191
300545,FULL MATCH,"193, 194"
300546,FULL MATCH,194
300547,FULL MATCH,194
300548,FULL MATCH,199
300549,FULL MATCH,207
300550,FULL MATCH,"190, 207"
300551,FULL MATCH,208
300552,FULL MATCH,208
300553,FULL MATCH,209
300554,FULL MATCH,210
300555,FULL MATCH,211
300556,FULL MATCH,213
300557,FULL MATCH,"188, 214"
300558,FULL MATCH,205
300559,FULL MATCH,217
300560,FULL MATCH,218
300561,FULL MATCH,218
300562,FULL MATCH,223
300563,FULL MATCH,"208, 224"
300564,FULL MATCH,208
300565,FULL MATCH,"190, 192"
300592,FULL MATCH,50
300593,FULL MATCH,592
300651,FULL MATCH,141
300652,FULL MATCH,141
300693,FULL MATCH,174
300705,FULL MATCH,160
300707,FULL MATCH,174
300713,FULL MATCH,"138, 633"
300719,FULL MATCH,159
300721,FULL MATCH,148
300729,FULL MATCH,137
300739,FULL MATCH,175
300750,FULL MATCH,148
300768,FULL MATCH,137
300772,FULL MATCH,174
300774,FULL MATCH,174
300776,FULL MATCH,174
300779,FULL MATCH,"137, 160"
300782,FULL MATCH,137
300789,FULL MATCH,137
300807,FULL MATCH,137
300833,FULL MATCH,142
300839,FULL MATCH,142
300865,FULL MATCH,140
300930,FULL MATCH,125
301012,FULL MATCH,147
301014,NO MATCH,
301016,FULL MATCH,"127, 147"
301061,FULL MATCH,527
301078,FULL MATCH,484
301079,FULL MATCH,524
301080,FULL MATCH,538
301085,FULL MATCH,484
301086,NO MATCH,
301103,FULL MATCH,314
301161,FULL MATCH,449
301176,FULL MATCH,525
301241,FULL MATCH,153
301242,FULL MATCH,187
301243,FULL MATCH,135
301244,AMBIGUOUS MATCH,170
301249,NO MATCH,
301253,FULL MATCH,141
301254,FULL MATCH,168
301272,FULL MATCH,195
301276,FULL MATCH,195
301277,FULL MATCH,195
301283,FULL MATCH,195
301284,FULL MATCH,195
301285,FULL MATCH,195
301286,FULL MATCH,195
301296,FULL MATCH,215
301330,FULL MATCH,192
301334,FULL MATCH,199
301353,FULL MATCH,211
301364,NO MATCH,
301385,FULL MATCH,201
301389,FULL MATCH,129
301400,FULL MATCH,"292, 710"
301404,FULL MATCH,113
301405,AMBIGUOUS MATCH,"98, 104, 112, 117"
301406,AMBIGUOUS MATCH,"97, 102, 112, 117, 774"
301407,AMBIGUOUS MATCH,"87, 112, 117, 770, 774"
301408,AMBIGUOUS MATCH,"87, 112, 117, 774"
301409,AMBIGUOUS MATCH,"87, 106, 112, 117, 774"
301410,AMBIGUOUS MATCH,"97, 112, 117, 774"
301411,AMBIGUOUS MATCH,"97, 98, 112, 117"
301412,AMBIGUOUS MATCH,"93, 98, 112, 117"
301413,AMBIGUOUS MATCH,"108, 112, 117, 774"
301414,AMBIGUOUS MATCH,"94, 98, 112, 117"
301415,AMBIGUOUS MATCH,"87, 112, 117, 774"
301416,AMBIGUOUS MATCH,"92, 112, 117, 774"
301417,AMBIGUOUS MATCH,"112, 117, 774"
301433,AMBIGUOUS MATCH,"95, 98, 112, 117"
301435,AMBIGUOUS MATCH,"97, 98, 112, 117"
301436,AMBIGUOUS MATCH,"98, 112, 117"
301437,FULL MATCH,"112, 117"
301438,AMBIGUOUS MATCH,"102, 112, 117, 774"
301439,AMBIGUOUS MATCH,"98, 112, 116, 117"
301440,AMBIGUOUS MATCH,"98, 102, 112, 117"
301442,AMBIGUOUS MATCH,"98, 100, 101, 112, 117"
301443,AMBIGUOUS MATCH,"98, 112, 117"
301445,AMBIGUOUS MATCH,"112, 117, 774"
301446,AMBIGUOUS MATCH,"98, 112, 117, 767"
301449,AMBIGUOUS MATCH,"98, 112, 117"
301451,AMBIGUOUS MATCH,"97, 112, 117, 774"
301453,AMBIGUOUS MATCH,"98, 112, 117"
301454,AMBIGUOUS MATCH,"98, 108, 112, 113, 117"
301455,AMBIGUOUS MATCH,"102, 112, 117"
301457,AMBIGUOUS MATCH,"94, 112, 117, 774"
301458,AMBIGUOUS MATCH,"87, 98, 112, 117"
301459,AMBIGUOUS MATCH,"98, 112, 117"
301460,AMBIGUOUS MATCH,"98, 112, 117"
301461,AMBIGUOUS MATCH,"98, 112, 117, 770"
301462,AMBIGUOUS MATCH,"98, 106, 112, 117"
301507,FULL MATCH,382
301508,FULL MATCH,650
301509,FULL MATCH,"387, 763"
301510,FULL MATCH,383
301511,FULL MATCH,"378, 650"
301512,FULL MATCH,"375, 379"
301513,FULL MATCH,734
301514,FULL MATCH,645
301515,FULL MATCH,760
301522,FULL MATCH,"375, 647"
301526,FULL MATCH,379
301527,FULL MATCH,"644, 763"
301528,FULL MATCH,644
301596,FULL MATCH,699
301630,FULL MATCH,647
301666,FULL MATCH,461
301667,FULL MATCH,673
301790,FULL MATCH,525
301808,FULL MATCH,388
301809,FULL MATCH,384
301812,FULL MATCH,645
301834,FULL MATCH,649
301867,FULL MATCH,648
301877,FULL MATCH,48
301879,FULL MATCH,53
301880,FULL MATCH,56
301881,FULL MATCH,54
301882,FULL MATCH,47
301900,AMBIGUOUS MATCH,"107, 112, 117, 774"
301901,AMBIGUOUS MATCH,"112, 117, 774"
301904,FULL MATCH,116
301905,AMBIGUOUS MATCH,"112, 117, 774, 782"
301906,AMBIGUOUS MATCH,"98, 110, 112, 117"
301909,AMBIGUOUS MATCH,"112, 116, 117, 774"
301910,AMBIGUOUS MATCH,"107, 112, 117, 774"
301911,AMBIGUOUS MATCH,"102, 112, 117"
301912,AMBIGUOUS MATCH,"106, 112, 117, 774"
301913,AMBIGUOUS MATCH,"106, 112, 117, 774"
301914,AMBIGUOUS MATCH,"112, 116, 117, 774"
301915,AMBIGUOUS MATCH,"92, 112, 117, 774"
301919,FULL MATCH,379
301920,FULL MATCH,"388, 759"
302180,AMBIGUOUS MATCH,"93, 112, 117, 774"
302181,AMBIGUOUS MATCH,"90, 112, 117, 774"
302182,AMBIGUOUS MATCH,"93, 112, 117, 774"
302204,AMBIGUOUS MATCH,"90, 98, 112, 117, 774, 775"
302205,AMBIGUOUS MATCH,"112, 113, 117, 774"
302206,AMBIGUOUS MATCH,"112, 117, 767, 774"
302222,AMBIGUOUS MATCH,"112, 117, 774, 782"
302223,AMBIGUOUS MATCH,"112, 117, 774"
302249,AMBIGUOUS MATCH,"112, 117, 774"
302253,AMBIGUOUS MATCH,"98, 107, 112, 117"
302254,AMBIGUOUS MATCH,"98, 112, 117"
302255,AMBIGUOUS MATCH,"98, 112, 114, 117"
302257,AMBIGUOUS MATCH,"90, 98, 112, 117, 775"
302258,AMBIGUOUS MATCH,"98, 106, 112, 117"
302259,AMBIGUOUS MATCH,"98, 112, 116, 117"
302261,AMBIGUOUS MATCH,"98, 112, 117"
302262,AMBIGUOUS MATCH,"98, 112, 113, 117"
302263,AMBIGUOUS MATCH,"98, 112, 117"
302289,FULL MATCH,690
302290,FULL MATCH,518
302291,FULL MATCH,"512, 721"
302292,FULL MATCH,"686, 689"
302293,FULL MATCH,509
302299,FULL MATCH,518
302301,FULL MATCH,721
302302,FULL MATCH,691
302303,FULL MATCH,"522, 688"
302612,AMBIGUOUS MATCH,"106, 112, 117, 774"
302656,FULL MATCH,456
302657,FULL MATCH,456
302660,FULL MATCH,439
302661,FULL MATCH,673
302662,FULL MATCH,"457, 673"
302675,FULL MATCH,449
302676,FULL MATCH,449
302710,FULL MATCH,700
302727,FULL MATCH,509
302728,FULL MATCH,685
302731,FULL MATCH,720
302736,FULL MATCH,"513, 691"
302800,FULL MATCH,102
302801,AMBIGUOUS MATCH,"98, 106"
302802,AMBIGUOUS MATCH,"98, 107"
302811,FULL MATCH,700
302813,FULL MATCH,102
302855,FULL MATCH,105
302856,FULL MATCH,105
302858,FULL MATCH,105
302860,AMBIGUOUS MATCH,"105, 111, 774"
302861,FULL MATCH,96
302862,NO MATCH,
302876,FULL MATCH,106
302889,FULL MATCH,629
302890,FULL MATCH,115
302896,NO MATCH,
302919,FULL MATCH,768
302921,FULL MATCH,102
302924,FULL MATCH,92
302942,FULL MATCH,"110, 768"
302948,FULL MATCH,114
302962,FULL MATCH,108
302998,FULL MATCH,92
303075,FULL MATCH,487
303088,FULL MATCH,102
303090,FULL MATCH,109
303111,FULL MATCH,98
303112,AMBIGUOUS MATCH,"94, 98"
303119,FULL MATCH,468
303133,FULL MATCH,474
303134,FULL MATCH,490
305270,FULL MATCH,215
305331,FULL MATCH,"507, 700"
